timestamp,device,event,x,y,dx,dy,distance,velocity,hold_time,flight_time
0.09658029999991413,mouse,move,1023,962,0,0,0,0,,
0.15242620000208262,mouse,move,1023,960,0,-2,2.0,35.8128349605314,,
0.16034050000598654,mouse,move,1023,960,0,0,0.0,0.0,,
0.16870829999970738,mouse,move,1023,959,0,-1,1.0,119.50572441387173,,
0.1764073000085773,mouse,move,1023,958,0,-1,1.0,129.88699816182793,,
0.19236580000142567,mouse,move,1023,957,0,-1,1.0,62.662530967706175,,
0.200488000002224,mouse,move,1024,956,1,-1,1.4142135623730951,174.1170572300722,,
0.32863309999811463,mouse,move,1025,955,1,-1,1.4142135623730951,11.036033078271789,,
0.34447399999771733,mouse,move,1025,955,0,0,0.0,0.0,,
0.3603604000090854,mouse,move,1026,955,1,0,1.0,62.946923109352234,,
0.3763480000052368,mouse,move,1027,955,1,0,1.0,62.54847508323475,,
0.4083627000072738,mouse,move,1027,955,0,0,0.0,0.0,,
0.4329640000069048,mouse,move,1028,955,1,0,1.0,40.64825842597744,,
0.4809804999968037,mouse,move,1028,956,0,1,1.0,20.82617434028652,,
0.488876600007643,mouse,move,1028,956,0,0,0.0,0.0,,
0.49689239999861456,mouse,move,1028,958,0,2,2.0,249.50722351513983,,
0.5044032000005245,mouse,move,1028,959,0,1,1.0,133.14160938191742,,
0.5204134000086924,mouse,move,1028,959,0,0,0.0,0.0,,
0.5284078999975463,mouse,move,1028,963,0,4,4.0,500.3439871883005,,
0.5364239000045927,mouse,move,1027,963,-1,0,1.0,124.7504988923353,,
0.5443805999966571,mouse,move,1021,965,-6,2,6.324555320336759,794.871658683192,,
0.5528500000073109,mouse,move,1016,968,-5,3,5.830951894845301,688.472841938091,,
0.5603486000036355,mouse,move,1010,970,-6,2,6.324555320336759,843.4314836685091,,
0.5688854000036372,mouse,move,1004,972,-6,2,6.324555320336759,740.857853098997,,
0.5764054000028409,mouse,move,997,975,-7,3,7.615773105863909,1012.7357854614802,,
0.5844138999964343,mouse,move,988,978,-9,3,9.486832980505138,1184.5954908028132,,
0.5924196999985725,mouse,move,979,982,-9,4,9.848857801796104,1230.2153187895954,,
0.6008545000076992,mouse,move,972,983,-7,1,7.0710678118654755,838.3207431372778,,
0.6083625000028405,mouse,move,965,984,-7,1,7.0710678118654755,941.8044507780274,,
0.6164759999956004,mouse,move,957,986,-8,2,8.246211251235321,1016.3568445915879,,
0.6248028999980306,mouse,move,949,989,-8,3,8.54400374531753,1026.072577168451,,
0.6328349999967031,mouse,move,943,989,-6,0,6.0,747.0026519828751,,
0.6403426000033505,mouse,move,932,990,-11,1,11.045361017187261,1471.2239607074744,,
0.6489678000070853,mouse,move,925,991,-7,1,7.0710678118654755,819.8149386453229,,
0.6564815000019735,mouse,move,918,992,-7,1,7.0710678118654755,941.089984518437,,
0.6643564999976661,mouse,move,911,994,-7,2,7.280109889280518,924.4583991444443,,
0.6723984999989625,mouse,move,906,994,-5,0,5.0,621.7358864951481,,
0.6804172999982256,mouse,move,899,994,-7,0,7.0,872.9485709386994,,
0.6891275999951176,mouse,move,893,994,-6,0,6.0,688.8396498560234,,
0.6964500000030966,mouse,move,887,994,-6,0,6.0,819.40347337785,,
0.7049218000029214,mouse,move,879,994,-8,0,8.0,944.309355764479,,
0.7128671999962535,mouse,move,864,993,-15,-1,15.033296378372908,1892.075463914853,,
0.7203702999977395,mouse,move,852,992,-12,-1,12.041594578792296,1604.8825920496076,,
0.728375100006815,mouse,move,837,989,-15,-3,15.297058540778355,1910.985723994991,,
0.7369618000084301,mouse,move,818,985,-19,-4,19.4164878389476,2261.228159280689,,
0.7443751999962842,mouse,move,793,983,-25,-2,25.079872407968907,3383.0458964927248,,
0.752481200004695,mouse,move,763,977,-30,-6,30.59411708155671,3774.2557426366025,,
0.7603728999965824,mouse,move,738,974,-25,-3,25.179356624028344,3190.612497929774,,
0.7684675000054995,mouse,move,710,972,-28,-2,28.071337695236398,3467.909181962408,,
0.7766473000083352,mouse,move,689,972,-21,0,21.0,2567.29993309371,,
0.7844264000013936,mouse,move,665,972,-24,0,24.0,3085.1898062007053,,
0.7923360999993747,mouse,move,647,972,-18,0,18.0,2275.686815504309,,
0.8005087000055937,mouse,move,630,970,-17,-2,17.11724276862369,2094.467214301226,,
0.8083778000000166,mouse,move,618,968,-12,-2,12.165525060596439,1545.986843377084,,
0.8163968000008026,mouse,move,613,967,-5,-1,5.0990195135927845,635.8672544074036,,
0.824283199995989,mouse,move,609,966,-4,-1,4.123105625617661,522.8121358457962,,
0.8330556000000797,mouse,move,608,966,-1,0,1.0,113.99388987434232,,
0.8563558000023477,mouse,move,608,965,0,-1,1.0,42.91808653585221,,
0.9603441000072053,mouse,move,608,964,0,-1,1.0,9.616466467413037,,
0.976867500008666,mouse,move,608,963,0,-1,1.0,60.52023190817864,,
0.9847821000003023,mouse,move,608,961,0,-2,2.0,252.69754657386017,,
0.9923804999998538,mouse,move,608,960,0,-1,1.0,131.60665404019647,,
1.0007651000050828,mouse,move,608,958,0,-2,2.0,238.53254761738336,,
1.0083894999988843,mouse,move,608,957,0,-1,1.0,131.1578617088536,,
1.0168835000076797,mouse,move,608,956,0,-1,1.0,117.73016234571638,,
1.0245133999997051,mouse,move,608,956,0,0,0.0,0.0,,
1.0490362999989884,mouse,move,608,954,0,-2,2.0,81.55642277456806,,
1.056369400001131,mouse,move,608,953,0,-1,1.0,136.36797530482576,,
1.072358899997198,mouse,move,608,952,0,-1,1.0,62.54104257456283,,
1.1043856000032974,mouse,move,608,950,0,-2,2.0,62.44789502568495,,
1.1764169000089169,mouse,move,608,949,0,-1,1.0,13.882853702792904,,
1.1843816000036895,mouse,move,609,948,1,-1,1.4142135623730951,177.56017970560853,,
1.2083980000024894,mouse,move,609,946,0,-2,2.0,83.27642777851553,,
1.2163352000061423,mouse,move,610,946,1,0,1.0,125.98901370001803,,
1.2325840999983484,mouse,move,610,945,0,-1,1.0,61.54262753045776,,
1.2483680000004824,mouse,move,610,944,0,-1,1.0,63.35569788612427,,
1.2567010000057053,mouse,scroll,610,944,0,-1,,,,
1.2643850000022212,mouse,move,611,943,1,-1,1.4142135623730951,88.29453469560907,,
1.3526912000088487,mouse,scroll,611,943,0,-1,,,,
1.424564000000828,mouse,scroll,611,943,0,-1,,,,
1.5928644000086933,mouse,move,611,942,0,-1,1.0,3.044330938196723,,
1.688404400003492,mouse,move,611,941,0,-1,1.0,10.466820180599147,,
1.7043468000047142,mouse,move,611,940,0,-1,1.0,62.72581292172648,,
1.7205440999969142,mouse,move,611,939,0,-1,1.0,61.738684872266525,,
2.5126448000082746,mouse,move,612,938,1,-1,1.4142135623730951,1.7853961779768812,,
3.878232500006561,keyboard,key_press,,,,,,,,
4.0141766000015195,keyboard,key_press,,,,,,,,0.13594409999495838
4.163466400001198,keyboard,key_release,,,,,,,0.2852338999946369,
4.2436508999962825,keyboard,key_release,,,,,,,0.229474299994763,
4.4246871000068495,mouse,move,613,937,1,-1,1.4142135623730951,0.7396350814906915,,
4.464618099998916,mouse,move,613,937,0,0,0.0,0.0,,
4.4724826000019675,mouse,move,613,935,0,-2,2.0,254.30733031011104,,
4.48059629999625,mouse,move,613,935,0,0,0.0,0.0,,
4.520534600000246,mouse,move,613,933,0,-2,2.0,50.07724414408939,,
4.5285815999959596,mouse,move,615,928,2,-5,5.385164807134504,669.2139691814766,,
4.536659200006397,mouse,move,622,920,7,-8,10.63014581273465,1316.002995815385,,
4.544390299997758,mouse,move,628,912,6,-8,10.0,1293.4769969570646,,
4.552555999995093,mouse,move,634,895,6,-17,18.027756377319946,2207.7416979810855,,
4.560660000002827,mouse,move,642,884,8,-11,13.601470508735444,1678.3650661100035,,
4.5687982000090415,mouse,move,652,873,10,-11,14.866068747318506,1826.702309597421,,
4.576365800006897,mouse,move,668,861,16,-12,20.0,2642.845817123922,,
4.584461799997371,mouse,move,679,850,11,-11,15.556349186104045,1921.4858207027023,,
4.59261449999758,mouse,move,684,844,5,-6,7.810249675906654,957.99547091218,,
4.60056110000005,mouse,move,687,840,3,-4,5.0,629.1999091996821,,
4.608520900001167,mouse,move,688,839,1,-1,1.4142135623730951,177.6694844310871,,
4.616587199998321,mouse,move,689,838,1,-1,1.4142135623730951,175.3237001936601,,
4.624530200002482,mouse,move,689,838,0,0,0.0,0.0,,
4.632496899997932,mouse,move,689,836,0,-2,2.0,251.0449748506055,,
4.6405773000005865,mouse,move,689,834,0,-2,2.0,247.51249929990382,,
4.648449200001778,mouse,move,689,833,0,-1,1.0,127.03413405259651,,
4.656551000007312,mouse,move,690,830,1,-3,3.1622776601683795,390.317911823109,,
4.6645082000031834,mouse,move,691,826,1,-4,4.123105625617661,518.1603614031087,,
4.6725336000090465,mouse,move,696,818,5,-8,9.433981132056603,1175.5153793162335,,
4.680873699995573,mouse,move,701,811,5,-7,8.602325267042627,1031.4415032122013,,
4.688400099999853,mouse,move,706,802,5,-9,10.295630140987,1367.9355515427344,,
4.696606500001508,mouse,move,711,794,5,-8,9.433981132056603,1149.588264056678,,
4.7044229000021005,mouse,move,717,788,6,-6,8.48528137423857,1085.5740972308424,,
4.71256899999571,mouse,move,722,783,5,-5,7.0710678118654755,868.0310599443104,,
4.720406499996898,mouse,move,731,777,9,-6,10.816653826391969,1380.1153205426692,,
4.728953300000285,mouse,move,742,769,11,-8,13.601470508735444,1591.4108793168532,,
4.7364149000059115,mouse,move,756,759,14,-10,17.204650534085253,2305.7588883230796,,
4.7445346000022255,mouse,move,772,750,16,-9,18.35755975068582,2260.866751113877,,
4.7525882000045385,mouse,move,799,733,27,-17,31.906112267087632,3961.720504857957,,
4.760685000001104,mouse,move,835,711,36,-22,42.190046219457976,5210.706234235285,,
4.7684750000044005,mouse,move,884,690,49,-21,53.31041174104736,6843.441812385795,,
4.776414699997986,mouse,move,916,665,32,-25,40.607881008493905,5114.535944847091,,
4.784458900001482,mouse,move,950,639,34,-26,42.80186911806539,5320.836018430891,,
4.792564100003801,mouse,move,983,606,33,-33,46.66904755831214,5757.914369165289,,
4.800441900006263,mouse,move,1019,570,36,-36,50.91168824543142,6462.678441890482,,
4.808633399996324,mouse,move,1065,524,46,-46,65.05382386916237,7941.625337006333,,
4.816482399997767,mouse,move,1132,455,67,-69,96.17692030835673,12253.397922114887,,
4.825547600004938,mouse,move,1204,393,72,-62,95.01578816175763,10481.378026584276,,
4.8326644000044325,mouse,move,1287,313,83,-80,115.27792503337315,16197.99980912315,,
4.840576200003852,mouse,move,1383,228,96,-85,128.22246293064254,16206.484357548065,,
4.8485279000015,mouse,move,1475,150,92,-78,120.61509026651682,15168.465900649939,,
4.856532599995262,mouse,move,1568,72,93,-78,121.37956994486346,15163.537676546375,,
4.864562600007048,mouse,move,1660,-4,92,-76,119.33147112141039,14860.70621995813,,
4.872732799994992,mouse,move,1738,-56,78,-52,93.74433316206373,11473.933722600548,,
4.880508999995072,mouse,move,1805,-44,67,12,68.06614430096654,8753.137046406193,,
4.888613600007375,mouse,move,1851,-23,46,21,50.566787519082126,6239.269975362651,,
4.896577499996056,mouse,move,1893,-18,42,5,42.2965719651132,5311.037560143701,,
4.90445770000224,mouse,move,1937,-13,44,5,44.28317965096906,5619.550216519481,,
4.912600499999826,mouse,move,1973,-14,36,-1,36.013886210738214,4422.788994131699,,
4.920529199996963,mouse,move,1987,-20,14,-6,15.231546211727817,1921.064766888298,,
4.928761800008942,mouse,move,1999,-16,12,4,12.649110640673518,1536.4660766061559,,
4.936475099995732,mouse,move,2010,-27,11,-11,15.556349186104045,2016.8214918058923,,
4.9449489999969956,mouse,move,2001,-2,-9,25,26.570660511172846,3135.5881597861467,,
4.9525235000037355,mouse,move,2004,-8,3,-6,6.708203932499369,885.6299328708483,,
4.960433300002478,mouse,move,1998,-5,-6,3,6.708203932499369,848.087680291008,,
4.968485100005637,mouse,move,1985,-10,-13,-5,13.92838827718412,1729.847769656446,,
4.976450700007263,mouse,move,1974,-2,-11,8,13.601470508735444,1707.52617580088,,
4.98443350000889,mouse,move,1970,0,-4,2,4.47213595499958,560.2214704223669,,
4.9928083999984665,mouse,move,1950,1,-20,1,20.024984394500787,2391.0714658593092,,
5.000468900005217,mouse,move,1946,16,-4,15,15.524174696260024,2026.5223787716911,,
5.008496299997205,mouse,move,1935,32,-11,16,19.4164878389476,2418.7766721885473,,
5.016427700000349,mouse,move,1935,56,0,24,24.0,3025.9474986111977,,
5.024481400003424,mouse,move,1942,102,7,46,46.52956049652737,5777.414167247949,,
5.032522299996344,mouse,move,1936,166,-6,64,64.28063471995279,7994.208953792252,,
5.040412999995169,mouse,move,1932,249,-4,83,83.09632964216891,10530.919899951114,,
5.048502599995118,mouse,move,1936,346,4,97,97.082439194738,12000.894876799495,,
5.056704800008447,mouse,move,1938,466,2,120,120.01666550941998,14632.252970469222,,
5.064443399998709,mouse,move,1925,591,-13,125,125.67418191498204,16239.911879814292,,
5.072564500005683,mouse,move,1909,707,-16,116,117.09824934643558,14419.013341280493,,
5.104446800003643,mouse,move,1879,795,-30,88,92.97311439335567,2916.135736734927,,
5.112659999998868,mouse,move,1804,991,-75,196,209.85947679340097,25551.48747326277,,
5.120557900008862,mouse,move,1685,1196,-119,205,237.0358622656074,30012.517500307473,,
5.12856670000474,mouse,move,1504,1321,-181,125,219.9681795169474,27465.810062701967,,
5.136488600008306,mouse,move,1230,1331,-274,10,274.18242102658587,34610.68946883325,,
5.144691000008606,mouse,move,866,1367,-364,36,365.7758876689386,44593.76373446173,,
5.152557699999306,mouse,move,479,1350,-387,-17,387.3732050619919,49242.14798072176,,
5.160535500006517,mouse,move,167,1285,-312,-65,318.6989174754128,39948.220961586456,,
5.1686365000059595,mouse,move,34,1096,-133,-189,231.10603626906848,28528.087431796474,,
5.31262300000526,mouse,move,32,1078,-2,-18,18.110770276274835,125.78103000185996,,
5.320348399996874,mouse,move,32,1078,0,0,0.0,0.0,,
5.32849189999979,mouse,move,32,1077,0,-1,1.0,122.79732297438774,,
5.336798200005433,mouse,move,16,1020,-16,-57,59.20304046246274,7127.486416604805,,
5.344639999995707,mouse,move,-21,895,-37,-125,130.36103712382777,16623.86662316194,,
5.352398899995023,mouse,move,-8,886,13,-9,15.811388300841896,2037.8389078650562,,
5.360466600002837,mouse,move,0,884,8,-2,8.246211251235321,1022.126658558008,,
5.368404799999553,mouse,move,0,883,0,-1,1.0,125.97314257813736,,
5.560393699997803,mouse,move,72,828,72,-55,90.60353193998566,471.92067843928123,,
5.56840089999605,mouse,move,220,718,148,-110,184.40173534975207,23029.490382422588,,
5.576421300007496,mouse,move,352,615,132,-103,167.4305826305338,20875.590044335066,,
5.5843443000048865,mouse,move,462,473,110,-142,179.62182495454164,22670.935884602164,,
5.592691099998774,mouse,move,549,351,87,-122,149.84325143295575,17952.179463110133,,
5.600361699995119,mouse,move,614,234,65,-117,133.843191832831,17448.85561711007,,
5.608434699999634,mouse,move,665,131,51,-103,114.93476410555685,14236.93348708985,,
5.616383300002781,mouse,move,698,59,33,-72,79.20227269466452,9964.304740874011,,
5.624324400007026,mouse,move,724,12,26,-47,53.71219600798314,6763.8231453157805,,
5.632572900009109,mouse,move,735,3,11,-9,14.212670403551895,1723.0612111248988,,
5.640719999995781,mouse,move,738,1,3,-2,3.605551275463989,442.55640428645813,,
5.808541499995044,mouse,move,741,1,3,0,3.0,17.87613625198898,,
5.816470999998273,mouse,move,749,1,8,0,8.0,1008.8908502102777,,
5.824459199997364,mouse,move,751,0,2,-1,2.23606797749979,279.92138125665844,,
5.928395599999931,mouse,move,751,0,0,0,0.0,0.0,,
5.936416600001394,mouse,move,753,-2,2,-2,2.8284271247461903,352.62774270418373,,
5.944348200006061,mouse,move,760,-6,7,-4,8.06225774829855,1016.4730626297653,,
5.952399600006174,mouse,move,777,-12,17,-6,18.027756377319946,2239.0834360566846,,
5.9604075999959605,mouse,move,802,-32,25,-20,32.01562118716424,3997.954698801025,,
5.968364200001815,mouse,move,836,-39,34,-7,34.713109915419565,4362.806964014274,,
5.976428800000576,mouse,move,886,-49,50,-10,50.99019513592785,6322.718441554683,,
5.984659000008833,mouse,move,940,-43,54,6,54.3323108288245,6601.578427537543,,
5.9924546999973245,mouse,move,987,-46,47,-3,47.095647357266465,6041.233940093897,,
6.000652700007777,mouse,move,1028,-32,41,14,43.32435804486894,5284.747254163397,,
6.008697400000528,mouse,move,1069,-27,41,5,41.30375285612676,5134.281314821132,,
6.016401200002292,mouse,move,1106,-24,37,3,37.12142238654117,4818.585941748545,,
6.024388899997575,mouse,move,1133,-18,27,6,27.65863337187866,3462.6530025178545,,
6.032495100007509,mouse,move,1157,-16,24,2,24.08318915758459,2970.9591581841128,,
6.040451900000335,mouse,move,1175,-15,18,1,18.027756377319946,2265.7043527013975,,
6.048395000005257,mouse,move,1191,-16,16,-1,16.0312195418814,2018.2572965147522,,
6.056405700001051,mouse,move,1208,-24,17,-8,18.788294228055936,2345.399807497733,,
6.064364599995315,mouse,move,1227,-36,19,-12,22.47220505424423,2823.5315270249657,,
6.072424400001182,mouse,move,1248,-34,21,2,21.095023109728988,2617.313468618679,,
6.080485200000112,mouse,move,1275,-41,27,-7,27.892651361962706,3460.28326787244,,
6.088395500002662,mouse,move,1301,-46,26,-5,26.476404589747453,3347.0797038308474,,
6.096598600008292,mouse,move,1326,-47,25,-1,25.019992006393608,3050.065461742574,,
6.104356600000756,mouse,move,1358,-56,32,-9,33.24154027718932,4284.8079800825935,,
6.112581099994713,mouse,move,1385,-56,27,0,27.0,3282.8743412774647,,
6.1205967999994755,mouse,move,1410,-59,25,-3,25.179356624028344,3141.2548634641475,,
6.128613799999584,mouse,move,1433,-52,23,7,24.041630560342615,2998.8313034820817,,
6.1365580999990925,mouse,move,1458,-59,25,-7,25.96150997149434,3267.9417913600846,,
6.1444363000046,mouse,move,1471,-48,13,11,17.029386365926403,2161.5834015412597,,
6.153107599995565,mouse,move,1479,-30,8,18,19.697715603592208,2271.5989095194473,,
6.160403500005486,mouse,move,1479,-20,0,10,10.0,1370.6328193096015,,
6.1689536000048975,mouse,move,1479,-12,0,8,8.0,935.6615712741459,,
6.176989300001878,mouse,move,1475,-9,-4,3,5.0,622.2233286308091,,
6.184429400003864,mouse,move,1462,-10,-13,-1,13.038404810405298,1752.4502099332924,,
6.192448000001605,mouse,move,1450,-10,-12,0,12.0,1496.5205900508543,,
6.200499500002479,mouse,move,1436,-9,-14,1,14.035668847618199,1743.2365206599661,,
6.208396000001812,mouse,move,1423,-10,-13,-1,13.038404810405298,1651.162516495452,,
6.21675089999917,mouse,move,1409,-8,-14,2,14.142135623730951,1692.6756308518618,,
6.224564300006023,mouse,move,1400,-7,-9,1,9.055385138137417,1158.9557849585383,,
6.232612899999367,mouse,move,1389,-5,-11,2,11.180339887498949,1389.1036822235262,,
6.240980999995372,mouse,move,1382,-2,-7,3,7.615773105863909,910.0958532402306,,
6.2484522000013385,mouse,move,1372,0,-10,2,10.198039027185569,1364.9800592999482,,
6.256409099994926,mouse,move,1371,0,-1,0,1.0,125.67708539832489,,
6.320791499994812,mouse,move,1368,0,-3,0,3.0,46.59658540230436,,
6.3288908999966225,mouse,move,1365,0,-3,0,3.0,370.39780716216757,,
6.33684699999867,mouse,move,1360,0,-5,0,5.0,628.4486115952772,,
6.344769700008328,mouse,move,1355,0,-5,0,5.0,631.0979835037115,,
6.352738600005978,mouse,move,1354,0,-1,0,1.0,125.48783399150852,,
6.424532999997609,mouse,move,1353,0,-1,0,1.0,13.928662961408715,,
6.43278650000866,mouse,move,1351,0,-2,0,2.0,242.32143906489222,,
6.4404804000078,mouse,move,1350,2,-1,2,2.23606797749979,290.6286769713383,,
6.448359999994864,mouse,move,1348,3,-2,1,2.23606797749979,283.7793772743395,,
6.457152800008771,mouse,move,1348,4,0,1,1.0,113.72941479600766,,
6.464789799996652,mouse,move,1348,12,0,8,8.0,1047.5317549686201,,
6.472606800001813,mouse,move,1348,25,0,13,13.0,1663.0420866593822,,
6.480772099996102,mouse,move,1348,39,0,14,14.0,1714.5726439680136,,
6.488305100006983,mouse,move,1348,54,0,15,15.0,1991.2385475021965,,
6.496769699995639,mouse,move,1348,65,0,11,11.0,1299.5298082297702,,
6.504351199997473,mouse,move,1348,79,0,14,14.0,1846.6002765433955,,
6.512478500008001,mouse,move,1348,85,0,6,6.0,738.2525552431152,,
6.520500099999481,mouse,move,1348,87,0,2,2.0,249.32681785732177,,
7.821086700001615,keyboard,key_press,,,,,,,,3.8069101000000956
7.96467549999943,keyboard,key_release,,,,,,,0.14358879999781493,
7.994081099997857,keyboard,key_press,,,,,,,,0.17299439999624155
8.180299600004219,keyboard,key_press,,,,,,,,0.18621850000636186
8.219663099996978,keyboard,key_release,,,,,,,0.22558199999912176,
8.279288000005181,keyboard,key_release,,,,,,,0.09898840000096243,
8.32207140000537,keyboard,key_press,,,,,,,,0.14177180000115186
8.421361700005946,keyboard,key_release,,,,,,,0.09929030000057537,
8.524074600005406,keyboard,key_press,,,,,,,,0.20200320000003558
8.612077300000237,keyboard,key_press,,,,,,,,0.08800269999483135
8.634245900000678,keyboard,key_release,,,,,,,0.11017129999527242,
8.754327000002377,keyboard,key_press,,,,,,,,0.14224970000213943
8.794213700006367,keyboard,key_release,,,,,,,0.1821364000061294,
8.865329200009,keyboard,key_release,,,,,,,0.11100220000662375,
8.931240599995363,keyboard,key_press,,,,,,,,0.17691359999298584
9.041943899996113,keyboard,key_release,,,,,,,0.11070330000075046,
9.094840500009013,keyboard,key_press,,,,,,,,0.16359990001365077
9.216081899998244,keyboard,key_release,,,,,,,0.12124139998923056,
9.505009600004996,mouse,move,1293,89,-55,2,55.036351623268054,18.440668935101847,,
9.512866200006101,mouse,move,1147,87,-146,-2,146.01369798755184,18584.845603316142,,
9.52054379999754,mouse,move,1013,87,-134,0,134.0,17453.37086451754,,
9.528918299998622,mouse,move,881,84,-132,-3,132.03408650799233,15766.20532460806,,
9.536839100008365,mouse,move,789,81,-92,-3,92.04890004774636,11621.16199557224,,
9.544415099997423,mouse,move,732,81,-57,0,57.0,7523.759250570986,,
9.552442200001678,mouse,move,695,91,-37,10,38.3275357934736,4774.767446917726,,
9.560904700003448,mouse,move,676,99,-19,8,20.615528128088304,2436.1037664729793,,
9.568379600008484,mouse,move,667,104,-9,5,10.295630140987,1377.360250177336,,
9.576813100007712,mouse,move,666,104,-1,0,1.0,118.57473173552471,,
9.584405800007517,mouse,move,666,105,0,1,1.0,131.70545392623626,,
9.656776300005731,mouse,move,678,105,12,0,12.0,165.8134184549787,,
9.664690799996606,mouse,move,717,101,39,-4,39.20459156782532,4953.514639336235,,
9.672534500001348,mouse,move,791,101,74,0,74.0,9434.323081615397,,
9.680380200006766,mouse,move,865,101,74,0,74.0,9431.918114239903,,
9.688394800003152,mouse,move,954,99,89,-2,89.02246907382428,11107.537383520807,,
9.696263899997575,mouse,move,1047,83,93,-16,94.36630754670864,11992.007677318836,,
9.704866000000038,mouse,move,1131,62,84,-21,86.58521813797087,10065.590741002728,,
9.712943599995924,mouse,move,1220,49,89,-13,89.94442728707543,11135.043494711952,,
9.720446499995887,mouse,move,1297,33,77,-16,78.64477096412705,10481.91645423951,,
9.728435199998785,mouse,move,1354,19,57,-14,58.69412236331676,7347.1431324280775,,
9.736440499997116,mouse,move,1388,9,34,-10,35.4400902933387,4427.078348185328,,
9.744374500005506,mouse,move,1432,-2,44,-11,45.35416188179427,5716.430783190293,,
9.75287379999645,mouse,move,1466,-10,34,-8,34.92849839314596,4109.573544922516,,
9.760492800007341,mouse,move,1502,-6,36,4,36.22154055254967,4754.106903894636,,
9.769268000003649,mouse,move,1525,-5,23,1,23.021728866442675,2623.4990514324422,,
9.776503000000957,mouse,move,1551,-3,26,2,26.076809620810597,3604.2584147217053,,
9.78476640000008,mouse,move,1569,-2,18,1,18.027756377319946,2181.6390806729796,,
9.792413800008944,mouse,move,1584,0,15,2,15.132745950421556,1978.8092597329612,,
9.800425199995516,mouse,move,1599,0,15,0,15.0,1872.3319301423423,,
9.80841209999926,mouse,move,1612,0,13,0,13.0,1627.6653011690476,,
9.816657999996096,mouse,move,1621,0,9,0,9.0,1091.4515096536002,,
9.824463900004048,mouse,move,1626,0,5,0,5.0,640.5411284933722,,
9.83281249999709,mouse,move,1628,0,2,0,2.0,239.56112422046021,,
9.840411299999687,mouse,move,1628,1,0,1,1.0,131.59972622758852,,
9.848864600004163,mouse,move,1628,2,0,1,1.0,118.29699637662596,,
9.856411200002185,mouse,move,1622,5,-6,3,6.708203932499369,888.9041335511674,,
9.864495999994688,mouse,move,1605,6,-17,1,17.029386365926403,2106.346029798929,,
9.872356499996386,mouse,move,1570,6,-35,0,35.0,4452.642960681928,,
9.880732200006605,mouse,move,1516,6,-54,0,54.0,6447.222313849832,,
9.888392100008787,mouse,move,1435,-9,-81,-15,82.37718130647589,10754.341607986393,,
9.89638940000441,mouse,move,1364,-4,-71,5,71.17583859709698,8899.983573963187,,
9.904433100004098,mouse,move,1274,-14,-90,-10,90.55385138137417,11257.736039990792,,
9.912447800001246,mouse,move,1193,-21,-81,-7,81.30190649671138,10144.098534648454,,
9.92042140000558,mouse,move,1134,-7,-59,14,60.63827174318213,7604.880068002228,,
9.928466900004423,mouse,move,1084,-11,-50,-4,50.15974481593781,6234.509331073182,,
9.936908500007121,mouse,move,1033,-16,-51,-5,51.24451190127583,6070.473830186185,,
9.944357900007162,mouse,move,1018,-4,-15,12,19.209372712298546,2578.646966492861,,
9.952533500007121,mouse,move,1009,-3,-9,1,9.055385138137417,1107.6110790869438,,
9.960477600005106,mouse,move,1006,-1,-3,2,3.605551275463989,453.86529328412877,,
10.008500700001605,mouse,move,1007,0,1,1,1.4142135623730951,29.448610407828752,,
10.016712500000722,mouse,move,1020,-5,13,-5,13.92838827718412,1696.143145069528,,
10.024395400003414,mouse,move,1046,-1,26,4,26.30589287593181,3423.9535678864604,,
10.032662900004652,mouse,move,1090,0,44,1,44.01136216933077,5323.418465405125,,
10.040414100003545,mouse,move,1152,6,62,6,62.289646009589745,8036.129375901408,,
10.049051499998313,mouse,move,1208,33,56,27,62.16912416947821,7197.666451378302,,
10.056540000005043,mouse,move,1265,70,57,37,67.95586803212802,9074.696931435896,,
10.06472070000018,mouse,move,1317,112,52,42,66.84309986827361,8170.828890927405,,
10.073324700002559,mouse,move,1364,140,47,28,54.70831746635972,6358.474831617325,,
10.080480300006457,mouse,move,1395,163,31,23,38.600518131237564,5394.448838701049,,
10.088677100007772,mouse,move,1419,179,24,16,28.844410203711913,3518.984262039455,,
10.096440399996936,mouse,move,1432,192,13,13,18.384776310850235,2368.165127781969,,
10.104506500007119,mouse,move,1438,198,6,6,8.48528137423857,1051.9682825066245,,
10.112506200006464,mouse,move,1443,203,5,5,7.0710678118654755,883.9166234288822,,
10.120539399998961,mouse,move,1443,204,0,1,1.0,124.48339403152649,,
10.176487799995812,mouse,move,1443,204,0,0,0.0,0.0,,
10.208387999999104,mouse,move,1442,204,-1,0,1.0,31.34776584149285,,
10.296681200008607,mouse,move,1441,204,-1,0,1.0,11.325900521131594,,
10.304372900005546,mouse,move,1441,198,0,-6,6.0,780.0616251787118,,
10.312940500007244,mouse,move,1441,165,0,-33,33.0,3851.7204343645803,,
10.320374800008722,mouse,move,1441,118,0,-47,47.0,6322.047804185618,,
10.32880760000262,mouse,move,1439,63,-2,-55,55.036351623268054,6526.4623450210975,,
10.336400200001663,mouse,move,1436,37,-3,-26,26.1725046566048,3447.107006809674,,
10.344793399999617,mouse,move,1436,19,0,-18,18.0,2144.5932426711724,,
10.352440700007719,mouse,move,1436,6,0,-13,13.0,1699.9463845051835,,
10.360458800001652,mouse,move,1436,-6,0,-12,12.0,1496.6139121587369,,
10.36846530000912,mouse,move,1436,-8,0,-2,2.0,249.7970396720723,,
10.376606300007552,mouse,move,1436,-5,0,3,3.0,368.50509772484264,,
10.384391500003403,mouse,move,1436,-1,0,4,4.0,513.795406942874,,
10.472635199999786,mouse,move,1435,-1,-1,0,1.0,11.332253747757512,,
10.616458999997121,mouse,move,1434,0,-1,1,1.4142135623730951,9.832959234836634,,
10.624788600005559,mouse,move,1429,0,-5,0,5.0,600.2689198683352,,
10.632414299994707,mouse,move,1419,0,-10,0,10.0,1311.355025011511,,
10.640794100007042,mouse,move,1409,0,-10,0,10.0,1193.3459014868924,,
10.648393199997372,mouse,move,1394,0,-15,0,15.0,1973.9179664813423,,
10.656760400001076,mouse,move,1384,0,-10,0,10.0,1195.1429385664408,,
10.664409799996065,mouse,move,1374,0,-10,0,10.0,1307.292076051839,,
10.672876600001473,mouse,move,1364,0,-10,0,10.0,1181.0837617060395,,
10.680478099995526,mouse,move,1354,0,-10,0,10.0,1315.5298306681598,,
10.688869300007354,mouse,move,1347,0,-7,0,7.0,834.2072635775853,,
10.696416000006138,mouse,move,1340,0,-7,0,7.0,927.5577406188165,,
10.704450599994743,mouse,move,1337,0,-3,0,3.0,373.38510993139204,,
10.712371200002963,mouse,move,1336,0,-1,0,1.0,126.25306150572753,,
10.72043109999504,mouse,move,1332,0,-4,0,4.0,496.2840734912614,,
10.728485400002683,mouse,move,1331,0,-1,0,1.0,124.15728232758201,,
10.736837999997078,mouse,move,1329,0,-2,0,2.0,239.44640008403266,,
10.744422899995698,mouse,move,1328,0,-1,0,1.0,131.8408944326284,,
10.752794100000756,mouse,move,1325,0,-3,0,3.0,358.3715594164857,,
10.760428900000989,mouse,move,1323,0,-2,0,2.0,261.958400997938,,
10.768787900000461,mouse,move,1320,0,-3,0,3.0,358.89460464040957,,
10.776824200002011,mouse,move,1316,0,-4,0,4.0,497.7414978570651,,
10.784339000005275,mouse,move,1311,0,-5,0,5.0,665.3537017389976,,
10.792365900008008,mouse,move,1307,0,-4,0,4.0,498.324384088271,,
10.800405500005581,mouse,move,1301,0,-6,0,6.0,746.3057865827761,,
10.808418400003575,mouse,move,1294,0,-7,0,7.0,873.5913341927358,,
10.816455499996664,mouse,move,1287,0,-7,0,7.0,870.9609194882513,,
10.824447599996347,mouse,move,1277,0,-10,0,10.0,1251.2355951998436,,
10.832394900004147,mouse,move,1266,0,-11,0,11.0,1384.1178751531186,,
10.840456300007645,mouse,move,1254,0,-12,0,12.0,1488.5751848056589,,
10.848473300007754,mouse,move,1239,0,-15,0,15.0,1871.024073817653,,
10.856429899999057,mouse,move,1226,0,-13,0,13.0,1633.8637124160841,,
10.864422600003309,mouse,move,1212,0,-14,0,14.0,1751.5983325475465,,
10.872507000007317,mouse,move,1202,0,-10,0,10.0,1236.9501750335626,,
10.880579500008025,mouse,move,1192,0,-10,0,10.0,1238.7736140134023,,
10.88845769999898,mouse,move,1184,0,-8,0,8.0,1015.4603855175872,,
10.896524099996896,mouse,move,1177,0,-7,0,7.0,867.7972827790879,,
10.904494200003683,mouse,move,1170,0,-7,0,7.0,878.282580399117,,
10.912488300004043,mouse,move,1164,0,-6,0,6.0,750.5535331969533,,
10.921114600001602,mouse,move,1157,0,-7,0,7.0,811.4718943209663,,
10.928518000000622,mouse,move,1150,0,-7,0,7.0,945.5115218583372,,
10.936662799998885,mouse,move,1142,0,-8,0,8.0,982.2217858886922,,
10.944699100000435,mouse,move,1137,0,-5,0,5.0,622.1768723213314,,
10.952694000006886,mouse,move,1131,0,-6,0,6.0,750.4784293935109,,
10.960379700001795,mouse,move,1127,1,-4,1,4.123105625617661,536.4645547378888,,
10.968481899995822,mouse,move,1125,1,-2,0,2.0,246.84653569083244,,
10.976441200007685,mouse,move,1124,1,-1,0,1.0,125.63918918870493,,
10.984591500004171,mouse,move,1121,2,-3,1,3.1622776601683795,387.9952469886334,,
11.176452200001222,mouse,move,1121,3,0,1,1.0,5.212114831309237,,
11.224476500006858,mouse,move,1121,4,0,1,1.0,20.822791792543338,,
11.248445000004722,mouse,move,1121,5,0,1,1.0,41.72142604206087,,
11.25637679999636,mouse,move,1119,7,-2,2,2.8284271247461903,356.59334926849914,,
11.272420799999963,mouse,move,1117,11,-2,4,4.47213595499958,278.7419567436545,,
11.28036420000717,mouse,move,1116,11,-1,0,1.0,125.89067642227668,,
11.288360699996701,mouse,move,1115,14,-1,3,3.1622776601683795,395.45772079139937,,
11.296361100001377,mouse,move,1113,16,-2,2,2.8284271247461903,353.53571360096925,,
11.304403400004958,mouse,move,1112,16,-1,0,1.0,124.34253877059555,,
11.312435100000584,mouse,move,1111,18,-1,2,2.23606797749979,278.40531627393216,,
11.320417499999166,mouse,move,1109,20,-2,2,2.8284271247461903,354.3329230868718,,
11.328414500007057,mouse,move,1108,20,-1,0,1.0,125.04689246134294,,
11.352567399997497,mouse,move,1108,21,0,1,1.0,41.40289573491371,,
11.593369299996994,mouse,click_press,1108,21,,,,,,
11.793370900006266,mouse,click_release,1108,21,,,,,,
11.816465399999288,mouse,move,1108,23,0,2,2.0,4.311292568608355,,
11.824378300007083,mouse,move,1108,23,0,0,0.0,0.0,,
11.83240709999518,mouse,move,1115,23,7,0,7.0,871.8613006150522,,
11.840417200000957,mouse,move,1122,21,7,-2,7.280109889280518,908.8662918103821,,
11.848398300004192,mouse,move,1127,20,5,-1,5.0990195135927845,638.8868090270713,,
11.856350500005647,mouse,move,1133,18,6,-2,6.324555320336759,795.321460624687,,
11.864429000008386,mouse,move,1138,16,5,-2,5.385164807134504,666.6045435797067,,
11.872503200007486,mouse,move,1142,15,4,-1,4.123105625617661,510.65190682383115,,
11.880381900002249,mouse,move,1148,14,6,-1,6.082762530298219,772.0515483952803,,
11.888447899997118,mouse,move,1152,13,4,-1,4.123105625617661,511.1710424299905,,
11.896502400006284,mouse,move,1157,13,5,0,5.0,620.7709968725514,,
11.904656800004886,mouse,move,1157,13,0,0,0.0,0.0,,
11.91247550000844,mouse,move,1159,12,2,-1,2.23606797749979,285.98973953257575,,
11.928401600001962,mouse,move,1160,12,1,0,1.0,62.7900113905347,,
11.944404299996677,mouse,move,1160,12,0,0,0.0,0.0,,
11.952456600003643,mouse,move,1161,12,1,0,1.0,124.18812005698898,,
11.960510999997496,mouse,move,1163,12,2,0,2.0,248.31148211244067,,
11.968508999998448,mouse,move,1163,12,0,0,0.0,0.0,,
11.976437899997109,mouse,move,1165,11,2,-1,2.23606797749979,282.0149047002275,,
11.984499099999084,mouse,move,1168,11,3,0,3.0,372.1530292344569,,
11.992412699997658,mouse,move,1171,11,3,0,3.0,379.09421761785717,,
12.000785099997302,mouse,move,1174,11,3,0,3.0,358.32019494143594,,
12.008407800007262,mouse,move,1176,10,2,-1,2.23606797749979,293.3433002188058,,
12.056425899994792,mouse,move,1176,10,0,0,0.0,0.0,,
12.136454599996796,mouse,move,1177,10,1,0,1.0,12.495517232879775,,
12.144597599995905,mouse,move,1178,10,1,0,1.0,122.80486308601904,,
12.153401100003975,mouse,move,1181,11,3,1,3.1622776601683795,359.20686741287875,,
12.160663600006956,mouse,move,1187,13,6,2,6.324555320336759,870.8509903946879,,
12.16853130000527,mouse,move,1190,14,3,1,3.1622776601683795,401.9316523057359,,
12.176548200004618,mouse,move,1193,16,3,2,3.605551275463989,449.7438256380197,,
12.184613899997203,mouse,move,1195,17,2,1,2.23606797749979,277.2317318466425,,
12.193393099994864,mouse,move,1199,18,4,1,4.123105625617661,469.64479983550456,,
12.200497900004848,mouse,move,1203,20,4,2,4.47213595499958,629.4527571100355,,
12.20876560000761,mouse,move,1208,23,5,3,5.830951894845301,705.268925202615,,
12.21653960000549,mouse,move,1214,28,6,5,7.810249675906654,1004.6629377458487,,
12.225747600008617,mouse,move,1218,30,4,2,4.47213595499958,485.67940415732784,,
12.23266799999692,mouse,move,1225,35,7,5,8.602325267042627,1243.0387378738944,,
12.240612000008696,mouse,move,1231,38,6,3,6.708203932499369,844.4365461424454,,
12.248658700002125,mouse,move,1237,42,6,4,7.211102550927978,896.1565059983378,,
12.256525300006615,mouse,move,1246,47,9,5,10.295630140987,1308.7776339346071,,
12.264557500006049,mouse,move,1250,50,4,3,5.0,622.4944598431772,,
12.27252060000319,mouse,move,1255,52,5,2,5.385164807134504,676.264872859524,,
12.280592399998568,mouse,move,1260,56,5,4,6.4031242374328485,793.2709235981586,,
12.288427499996033,mouse,move,1264,58,4,2,4.47213595499958,570.7822435510408,,
12.296579500005464,mouse,move,1267,59,3,1,3.1622776601683795,387.9143347043381,,
12.304607300000498,mouse,move,1270,61,3,2,3.605551275463989,449.13317193930885,,
12.312686599994777,mouse,move,1273,62,3,1,3.1622776601683795,391.404906663662,,
12.328493599998183,mouse,move,1274,62,1,0,1.0,63.26311126618179,,
12.496641799996723,mouse,move,1276,62,2,0,2.0,11.894269460020126,,
12.528520699997898,mouse,move,1277,62,1,0,1.0,31.368710964404322,,
12.552412999997614,mouse,move,1277,62,0,0,0.0,0.0,,
12.568442999996478,mouse,move,1278,62,1,0,1.0,62.383031819767965,,
12.680487400008133,mouse,move,1278,62,0,0,0.0,0.0,,
12.744419599999674,mouse,move,1278,61,0,-1,1.0,15.641570290593977,,
12.760421500002849,mouse,move,1278,61,0,0,0.0,0.0,,
12.768499600002542,mouse,move,1279,60,1,-1,1.4142135623730951,175.06759787905597,,
12.784380600001896,mouse,move,1279,59,0,-1,1.0,62.96832693411616,,
12.792426700005308,mouse,move,1280,58,1,-1,1.4142135623730951,175.7638560014653,,
12.800472300004913,mouse,move,1280,58,0,0,0.0,0.0,,
12.824508100005914,mouse,move,1280,57,0,-1,1.0,41.60460646029321,,
12.84041810000781,mouse,move,1281,56,1,-1,1.4142135623730951,88.88834457602955,,
12.864359500003047,mouse,move,1281,56,0,0,0.0,0.0,,
12.888692000007723,mouse,move,1281,55,0,-1,1.0,41.09729784476976,,
12.896649700007401,mouse,move,1282,54,1,-1,1.4142135623730951,177.71637061338873,,
12.912368500008597,mouse,move,1282,53,0,-1,1.0,63.6180878899112,,
12.920489199997974,mouse,move,1282,52,0,-1,1.0,123.14209382296957,,
12.936600900007761,mouse,move,1282,51,0,-1,1.0,62.06669683475518,,
12.944533600006253,mouse,move,1282,51,0,0,0.0,0.0,,
12.976502100005746,mouse,move,1282,50,0,-1,1.0,31.280792030149932,,
13.00043139999616,mouse,move,1282,48,0,-2,2.0,83.5795447757025,,
13.024400800000876,mouse,move,1282,48,0,0,0.0,0.0,,
13.04839969999739,mouse,move,1283,47,1,-1,1.4142135623730951,58.92826598629723,,
13.064686300000176,mouse,move,1284,46,1,-1,1.4142135623730951,86.83295237380214,,
13.104406300000846,mouse,move,1285,44,1,-2,2.23606797749979,56.295769825328314,,
13.136408699996537,mouse,move,1285,43,0,-1,1.0,31.247656429976214,,
13.15246610000031,mouse,move,1285,42,0,-1,1.0,62.276582744713494,,
13.160550000000512,mouse,move,1286,40,1,-2,2.23606797749979,276.6075752352259,,
13.17650460000732,mouse,move,1287,38,1,-2,2.23606797749979,140.1519296344435,,
13.184457199997269,mouse,move,1288,36,1,-2,2.23606797749979,281.17445619368914,,
13.192462200007867,mouse,move,1289,36,1,0,1.0,124.92192363223249,,
13.200476400001207,mouse,move,1289,35,0,-1,1.0,124.77851823400809,,
13.208468600001652,mouse,move,1289,33,0,-2,2.0,250.24398787427552,,
13.216452799999388,mouse,move,1289,33,0,0,0.0,0.0,,
13.232559199997922,mouse,move,1290,31,1,-2,2.23606797749979,138.83102230810428,,
13.31349250000494,mouse,click_press,1290,31,,,,,,
13.560733300007996,mouse,click_release,1290,31,,,,,,
13.928458800000953,mouse,move,1286,32,-4,1,4.123105625617661,5.924857013281373,,
13.936555200009025,mouse,move,1282,34,-4,2,4.47213595499958,552.3610432465485,,
13.944449999995413,mouse,move,1274,39,-8,5,9.433981132056603,1194.9613857630059,,
13.95278849999886,mouse,move,1267,46,-7,7,9.899494936611665,1187.203325840329,,
13.960444800002733,mouse,move,1259,52,-8,6,10.0,1306.113918595298,,
13.968415900002583,mouse,move,1248,59,-11,7,13.038404810405298,1635.7096022695953,,
13.97648680000566,mouse,move,1224,80,-24,21,31.89043743820395,3951.286402513684,,
13.984403399997973,mouse,move,1195,104,-29,24,37.64306044943742,4754.952945202073,,
13.992437100008829,mouse,move,1157,133,-38,29,47.80167361086848,5950.14421079647,,
14.000467899997602,mouse,move,1115,168,-42,35,54.67174773134658,6807.758605341043,,
14.008478600007948,mouse,move,1083,196,-32,28,42.5205832509386,5307.973484967098,,
14.01639669999713,mouse,move,1052,221,-31,25,39.824615503479755,5029.567138313906,,
14.024542300001485,mouse,move,1032,241,-20,20,28.284271247461902,3472.3373640175846,,
14.032434100008686,mouse,move,1017,254,-15,13,19.849433241279208,2515.197194957776,,
14.040527999997721,mouse,move,1008,264,-9,10,13.45362404707371,1662.193017618168,,
14.048425100001623,mouse,move,1002,269,-6,5,7.810249675906654,989.0022504524062,,
14.056486000001314,mouse,move,1000,270,-2,1,2.23606797749979,277.3968139519728,,
14.064448599994648,mouse,move,998,271,-2,1,2.23606797749979,280.82133717274536,,
14.072467300007702,mouse,move,996,273,-2,2,2.8284271247461903,352.72888624612557,,
14.080556600005366,mouse,move,996,273,0,0,0.0,0.0,,
14.088482999999542,mouse,move,995,274,-1,1,1.4142135623730951,178.41814233601934,,
14.10452960000839,mouse,move,994,274,-1,0,1.0,62.31849734202512,,
14.184396600001492,mouse,move,993,274,-1,0,1.0,12.5208158574428,,
14.19271089999529,mouse,move,991,275,-2,1,2.23606797749979,268.9424219919276,,
14.20841950000613,mouse,move,990,275,-1,0,1.0,63.65939671962984,,
14.224403500003973,mouse,move,989,275,-1,0,1.0,62.562562571004996,,
14.23247810000612,mouse,move,988,276,-1,1,1.4142135623730951,175.14348227741067,,
14.248420300005819,mouse,move,987,278,-1,2,2.23606797749979,140.26094124662572,,
14.256757399998605,mouse,move,987,278,0,0,0.0,0.0,,
14.272388199999114,mouse,move,986,279,-1,1,1.4142135623730951,90.47608326682605,,
14.280459000001429,mouse,move,985,281,-1,2,2.23606797749979,277.05654666927455,,
14.288548600001377,mouse,move,983,282,-2,1,2.23606797749979,276.41267522671717,,
14.296429000009084,mouse,move,983,283,0,1,1.0,126.89711169762899,,
14.304371300007915,mouse,move,979,288,-4,5,6.4031242374328485,806.2052854179897,,
14.312434699997539,mouse,move,976,298,-3,10,10.44030650891055,1294.7772059361694,,
14.320400800002972,mouse,move,971,309,-5,11,12.083045973594572,1516.80822050361,,
14.328661599996849,mouse,move,966,319,-5,10,11.180339887498949,1353.4209635611007,,
14.336402500004624,mouse,move,960,333,-6,14,15.231546211727817,1967.6712263986187,,
14.344469300005585,mouse,move,953,351,-7,18,19.313207915827967,2394.159755234706,,
14.352480700006709,mouse,move,942,373,-11,22,24.596747752497688,3070.218407400473,,
14.360501400005887,mouse,move,935,392,-7,19,20.248456731316587,2524.524883537575,,
14.368757799995365,mouse,move,927,410,-8,18,19.697715603592208,2385.751129874596,,
14.376460400002543,mouse,move,920,426,-7,16,17.46424919657298,2267.3187209899997,,
14.384449999997742,mouse,move,914,439,-6,13,14.317821063276353,1792.0573084861107,,
14.392411599998013,mouse,move,911,450,-3,11,11.40175425099138,1432.0933293059763,,
14.400349400006235,mouse,move,905,459,-6,9,10.816653826391969,1362.676536973555,,
14.408386800001608,mouse,move,900,471,-5,12,13.0,1617.4384760597927,,
14.416426700001466,mouse,move,899,477,-1,6,6.082762530298219,756.5719138802402,,
14.424368899999536,mouse,move,894,486,-5,9,10.295630140987,1296.3196776068942,,
14.432394300005399,mouse,move,891,494,-3,8,8.54400374531753,1064.6202979384966,,
14.440392699994845,mouse,move,886,500,-5,6,7.810249675906654,976.4765060776876,,
14.448453600009088,mouse,move,884,508,-2,8,8.246211251235321,1022.9889015698991,,
14.456427700002678,mouse,move,879,514,-5,6,7.810249675906654,979.4521867277303,,
14.464374800008954,mouse,move,874,521,-5,7,8.602325267042627,1082.4483472270863,,
14.472334400008549,mouse,move,869,529,-5,8,9.433981132056603,1185.2330685633967,,
14.48046950000571,mouse,move,864,536,-5,7,8.602325267042627,1057.433254667274,,
14.490124899995863,mouse,move,861,542,-3,6,6.708203932499369,694.7618886158665,,
14.496390800006338,mouse,move,857,546,-4,4,5.656854249492381,902.7999553192277,,
14.504516100001638,mouse,move,856,549,-1,3,3.1622776601683795,389.18903449691584,,
14.512442000006558,mouse,move,856,550,0,1,1.0,126.16863692188659,,
14.520447200004128,mouse,move,854,551,-2,1,2.23606797749979,279.32693476474196,,
14.528405000004568,mouse,move,854,552,0,1,1.0,125.6628716409896,,
14.536387900006957,mouse,move,853,553,-1,1,1.4142135623730951,177.1553648360662,,
14.54481659999874,mouse,move,853,554,0,1,1.0,118.64225811512793,,
14.552393200006918,mouse,move,853,555,0,1,1.0,131.98532308958605,,
14.560837800003355,mouse,move,853,556,0,1,1.0,118.41887128127901,,
14.568388400002732,mouse,move,852,556,-1,0,1.0,132.43980611905897,,
14.576826000004075,mouse,move,851,558,-1,2,2.23606797749979,265.0123230709845,,
14.584439300000668,mouse,move,851,559,0,1,1.0,131.34908652589863,,
14.592829800007166,mouse,move,850,560,-1,1,1.4142135623730951,168.5493786160219,,
14.600459299996146,mouse,move,849,561,-1,1,1.4142135623730951,185.36123788136038,,
14.608421900004032,mouse,move,848,563,-1,2,2.23606797749979,280.82133665953506,,
14.616379600003711,mouse,move,847,565,-1,2,2.23606797749979,280.9942543184617,,
14.624837299998035,mouse,move,847,566,0,1,1.0,118.23545416261288,,
14.632407900004182,mouse,move,846,567,-1,1,1.4142135623730951,186.80336581311403,,
14.648471199994674,mouse,move,845,568,-1,1,1.4142135623730951,88.04003929517502,,
14.976527999999234,mouse,move,845,568,0,0,0.0,0.0,,
15.160825400002068,mouse,move,845,568,0,0,0.0,0.0,,
15.184816599998157,mouse,move,845,567,0,-1,1.0,41.681950055144995,,
15.192413700002362,mouse,move,845,566,0,-1,1.0,131.62917421734065,,
15.200471999996807,mouse,move,847,563,2,-3,3.605551275463989,447.43324000711056,,
15.208782300003804,mouse,move,849,559,2,-4,4.47213595499958,538.1437434550226,,
15.21647880000819,mouse,move,852,554,3,-5,5.830951894845301,757.6108479858019,,
15.224478200005251,mouse,move,855,549,3,-5,5.830951894845301,728.9236563976699,,
15.233084499996039,mouse,move,858,546,3,-3,4.242640687119285,492.9691843952066,,
15.240393900006893,mouse,move,860,542,2,-4,4.47213595499958,611.8335223628116,,
15.248840900007053,mouse,move,865,537,5,-5,7.0710678118654755,837.1099575862887,,
15.256782700002077,mouse,move,868,533,3,-4,5.0,629.5801963198448,,
15.26441750000231,mouse,move,870,529,2,-4,4.47213595499958,585.756791908538,,
15.272966600008658,mouse,move,873,524,3,-5,5.830951894845301,682.0544724608801,,
15.280382400000235,mouse,move,874,522,1,-2,2.23606797749979,301.52754659505064,,
15.288500199996633,mouse,move,878,519,4,-3,5.0,615.9304247725174,,
15.296413300005952,mouse,move,879,518,1,-1,1.4142135623730951,178.71801957611072,,
15.304451600008179,mouse,move,880,517,1,-1,1.4142135623730951,175.93440926332167,,
15.312464700007695,mouse,move,883,514,3,-3,4.242640687119285,529.463090111867,,
15.320479400004842,mouse,move,884,513,1,-1,1.4142135623730951,176.45246395703117,,
15.328466300008586,mouse,move,887,511,3,-2,3.605551275463989,451.4331309737337,,
15.336463400002685,mouse,move,889,509,2,-2,2.8284271247461903,353.6816004342847,,
15.344452599994838,mouse,move,891,508,2,-1,2.23606797749979,279.8863440264478,,
15.352436000001035,mouse,move,892,507,1,-1,1.4142135623730951,177.1442695186797,,
15.368475299997954,mouse,move,893,507,1,0,1.0,62.34686053581458,,
15.376790700000129,mouse,move,894,507,1,0,1.0,120.25879689954012,,
15.384860200007097,mouse,move,894,506,0,-1,1.0,123.92341522231642,,
15.560842200007755,mouse,move,894,506,0,0,0.0,0.0,,
15.568544599998859,mouse,move,891,510,-3,4,5.0,649.1483181573512,,
15.576474000001326,mouse,move,881,517,-10,7,12.206555615733702,1539.4046979513334,,
15.584474700008286,mouse,move,876,525,-5,8,9.433981132056603,1179.1444653405083,,
15.592825500003528,mouse,move,875,535,-1,10,10.04987562112089,1203.4626175752433,,
15.600702900002943,mouse,move,874,542,-1,7,7.0710678118654755,897.6398065846782,,
15.608458700007759,mouse,move,870,552,-4,10,10.770329614269007,1388.680678663911,,
15.617593999995734,mouse,move,868,559,-2,7,7.280109889280518,796.9207249749683,,
15.624443799999426,mouse,move,865,565,-3,6,6.708203932499369,979.3284371635948,,
15.632417700006044,mouse,move,864,571,-1,6,6.082762530298219,762.8340617827557,,
15.640817899999092,mouse,move,864,573,0,2,2.0,238.0895694930158,,
15.64839600000414,mouse,move,864,574,0,1,1.0,131.95919812800395,,
16.072462500000256,mouse,move,864,575,0,1,1.0,2.3581207192955826,,
16.080730500005302,mouse,move,866,573,2,-2,2.8284271247461903,342.0932659675883,,
16.088421599997673,mouse,move,866,571,0,-2,2.0,260.040826667682,,
16.096538900004816,mouse,move,868,569,2,-2,2.8284271247461903,348.44432536154045,,
16.10495799999626,mouse,move,870,565,2,-4,4.47213595499958,531.1893147183381,,
16.11252229999809,mouse,move,871,563,1,-2,2.23606797749979,295.6080505741863,,
16.120403399996576,mouse,move,872,561,1,-2,2.23606797749979,283.72536548572526,,
16.128362000003108,mouse,move,874,559,2,-2,2.8284271247461903,355.39254673243954,,
16.13681140000699,mouse,move,875,558,1,-1,1.4142135623730951,167.3744362585711,,
16.144383200007724,mouse,move,875,557,0,-1,1.0,132.06899282907955,,
16.153037099997164,mouse,move,875,556,0,-1,1.0,115.55483668868912,,
16.176434000008157,mouse,move,876,555,1,-1,1.4142135623730951,60.44448459875395,,
16.25699799999711,mouse,move,877,554,1,-1,1.4142135623730951,17.553914435318543,,
16.280454399995506,mouse,move,877,553,0,-1,1.0,42.63228799254935,,
16.296463100006804,mouse,move,878,553,1,0,1.0,62.46603404987631,,
16.34442449999915,mouse,move,878,552,0,-1,1.0,20.85010029230986,,
16.352380399999674,mouse,move,879,549,1,-3,3.1622776601683795,397.4757928028031,,
16.360419500007993,mouse,move,883,545,4,-4,5.656854249492381,703.6676050352816,,
16.36840099999972,mouse,move,884,544,1,-1,1.4142135623730951,177.18643912029287,,
16.376379799999995,mouse,move,886,542,2,-2,2.8284271247461903,354.4927964918525,,
16.384551199997077,mouse,move,887,541,1,-1,1.4142135623730951,173.06869849452696,,
16.39238099999784,mouse,move,887,540,0,-1,1.0,127.71718305735628,,
16.408419200000935,mouse,move,888,540,1,0,1.0,62.35113664918912,,
16.464398600001005,mouse,move,889,538,1,-2,2.23606797749979,39.94447917442884,,
16.47239759999502,mouse,move,892,536,3,-2,3.605551275463989,450.75025355189206,,
16.480566700003692,mouse,move,892,536,0,0,0.0,0.0,,
16.48843029999989,mouse,move,894,535,2,-1,2.23606797749979,284.356780428895,,
16.496475799998734,mouse,move,897,534,3,-1,3.1622776601683795,393.04924002523404,,
16.504784999997355,mouse,move,898,533,1,-1,1.4142135623730951,170.19852243390656,,
16.512554400003864,mouse,move,900,531,2,-2,2.8284271247461903,364.0470464098216,,
16.520386400006828,mouse,move,902,530,2,-1,2.23606797749979,285.50408282095344,,
16.528407000005245,mouse,move,905,528,3,-2,3.605551275463989,449.53635341189755,,
16.536381800004165,mouse,move,906,527,1,-1,1.4142135623730951,177.3353015203779,,
16.552453700001934,mouse,move,907,527,1,0,1.0,62.220397099211574,,
16.664428899995983,mouse,move,906,527,-1,0,1.0,8.930548907732653,,
16.67239989999507,mouse,move,899,529,-7,2,7.280109889280518,913.3245377133678,,
16.680421099998057,mouse,move,893,533,-6,4,7.211102550927978,899.0054540771383,,
16.688428900000872,mouse,move,890,534,-3,1,3.1622776601683795,394.8996801938931,,
16.696443000008003,mouse,move,889,535,-1,1,1.4142135623730951,176.46567438823573,,
16.704452000005404,mouse,move,885,537,-4,2,4.47213595499958,558.3888071483345,,
16.712459000002127,mouse,move,883,539,-2,2,2.8284271247461903,353.24430197371765,,
16.720428400003584,mouse,move,882,541,-1,2,2.23606797749979,280.5817222238805,,
16.72861040000862,mouse,move,881,543,-1,2,2.23606797749979,273.2911239456842,,
16.73653280000144,mouse,move,880,546,-1,3,3.1622776601683795,399.1565261831806,,
16.744411399995442,mouse,move,879,548,-1,2,2.23606797749979,283.8153960351337,,
16.752428699997836,mouse,move,879,549,0,1,1.0,124.73027075218359,,
16.760402600004454,mouse,move,879,550,0,1,1.0,125.4091472391174,,
16.768705299997237,mouse,move,879,551,0,1,1.0,120.44274764465814,,
16.776513200005866,mouse,move,879,552,0,1,1.0,128.07541066033474,,
17.048745599997346,mouse,click_press,879,552,,,,,,
17.257367500002147,mouse,click_release,879,552,,,,,,
17.712452100007795,mouse,move,878,552,-1,0,1.0,1.0684458141422895,,
17.72047329999623,mouse,move,876,555,-2,3,3.605551275463989,449.5027278540488,,
17.728463599996758,mouse,move,871,559,-5,4,6.4031242374328485,801.3621812709265,,
17.73644750000676,mouse,move,866,564,-5,5,7.0710678118654755,885.6658779550761,,
17.744408600003226,mouse,move,860,570,-6,6,8.48528137423857,1065.8428330264715,,
17.752424200007226,mouse,move,854,578,-6,8,10.0,1247.5672432517836,,
17.760405000008177,mouse,move,849,584,-5,6,7.810249675906654,978.6299211828734,,
17.768392500001937,mouse,move,844,593,-5,9,10.295630140987,1288.967780786226,,
17.776428700002725,mouse,move,841,597,-3,4,5.0,622.184614557834,,
17.784427000005962,mouse,move,836,605,-5,8,9.433981132056603,1179.4982844152457,,
17.792631300006178,mouse,move,831,612,-5,7,8.602325267042627,1048.5142262979502,,
17.800430400006007,mouse,move,824,620,-7,8,10.63014581273465,1362.9964756148088,,
17.80873089999659,mouse,move,818,627,-6,7,9.219544457292887,1110.7215791522372,,
17.817448000001605,mouse,move,813,632,-5,5,7.0710678118654755,811.1720420549965,,
17.824517300003208,mouse,move,810,638,-3,6,6.708203932499369,948.9205339959723,,
17.832395699995686,mouse,move,807,641,-3,3,4.242640687119285,538.5155223357478,,
17.84038419999706,mouse,move,803,647,-4,6,7.211102550927978,902.685429015099,,
17.848395499997423,mouse,move,801,649,-2,2,2.8284271247461903,353.0547008123962,,
17.85649239999475,mouse,move,799,652,-2,3,3.605551275463989,445.3002107787522,,
17.864381000006688,mouse,move,796,656,-3,4,5.0,633.8260264727868,,
17.872462400002405,mouse,move,792,661,-4,5,6.4031242374328485,792.3285867332662,,
17.88044190000801,mouse,move,790,665,-2,4,4.47213595499958,560.4531551925472,,
17.88847030000761,mouse,move,785,672,-5,7,8.602325267042627,1071.4868800095076,,
17.896447499995702,mouse,move,784,674,-1,2,2.23606797749979,280.30737361958194,,
17.90441180000198,mouse,move,780,678,-4,4,5.656854249492381,710.2763890150677,,
17.912398200001917,mouse,move,779,681,-1,3,3.1622776601683795,395.95783584514635,,
17.920515000005253,mouse,move,777,684,-2,3,3.605551275463989,444.2084656492945,,
17.928401800003485,mouse,move,776,685,-1,1,1.4142135623730951,179.31398827028616,,
17.936449900007574,mouse,move,776,685,0,0,0.0,0.0,,
17.944444699998712,mouse,move,775,686,-1,1,1.4142135623730951,176.89167508138536,,
17.968450100001064,mouse,move,775,687,0,1,1.0,41.65729377148573,,
17.984442600005423,mouse,move,775,688,0,1,1.0,62.529310597308765,,
17.992408599995542,mouse,move,773,691,-2,3,3.605551275463989,452.6175345136872,,
18.000410499997088,mouse,move,772,692,-1,1,1.4142135623730951,176.73472076631336,,
18.0085825999995,mouse,move,771,693,-1,1,1.4142135623730951,173.0538737846737,,
18.016470400005346,mouse,move,770,694,-1,1,1.4142135623730951,179.29125501722163,,
18.02441500000714,mouse,move,770,696,0,2,2.0,251.7433224515733,,
18.032361300007324,mouse,move,770,697,0,1,1.0,125.8447327657778,,
18.04047740000533,mouse,move,769,698,-1,1,1.4142135623730951,174.24792236672832,,
18.0565598999965,mouse,move,768,698,-1,0,1.0,62.179387567167915,,
18.06434330000775,mouse,move,768,699,0,1,1.0,128.47855674316614,,
18.07235440000659,mouse,move,766,701,-2,2,2.8284271247461903,353.06351501741665,,
18.080429699999513,mouse,move,764,703,-2,2,2.8284271247461903,350.25660064943855,,
18.08867029999965,mouse,move,762,705,-2,2,2.8284271247461903,343.23072648831976,,
18.096970900005545,mouse,move,758,708,-4,3,5.0,602.3660935894455,,
18.104922900005477,mouse,move,754,711,-4,3,5.0,628.7726358202651,,
18.11242669999774,mouse,move,750,714,-4,3,5.0,666.3290606298883,,
18.120916100000613,mouse,move,744,719,-6,5,7.810249675906654,920.0001971003708,,
18.128461900007096,mouse,move,735,725,-9,6,10.816653826391969,1433.4668049907448,,
18.136512500001118,mouse,move,729,729,-6,4,7.211102550927978,895.7223755102829,,
18.144444100005785,mouse,move,723,731,-6,2,6.324555320336759,797.3870740600915,,
18.152447300002677,mouse,move,717,736,-6,5,7.810249675906654,975.8908535260107,,
18.160405700007686,mouse,move,708,741,-9,5,10.295630140987,1293.6809075325343,,
18.16886059999524,mouse,move,702,743,-6,2,6.324555320336759,748.0343149707228,,
18.176424200006295,mouse,move,695,748,-7,5,8.602325267042627,1137.3321241830783,,
18.184417399999802,mouse,move,686,753,-9,5,10.295630140987,1288.048609987276,,
18.192379300002358,mouse,move,683,755,-3,2,3.605551275463989,452.85061031996617,,
18.200870600005146,mouse,move,675,761,-8,6,10.0,1177.6759738457492,,
18.20834979999927,mouse,move,671,764,-4,3,5.0,668.5206979261361,,
18.21686139999656,mouse,move,665,768,-6,4,7.211102550927978,847.2088154075353,,
18.224740000005113,mouse,move,663,771,-2,3,3.605551275463989,457.63857430886895,,
18.23280500000692,mouse,move,661,771,-2,0,2.0,247.98512083719143,,
18.241221300006146,mouse,move,658,774,-3,3,4.242640687119285,504.09808199678184,,
18.2490431000042,mouse,move,656,776,-2,2,2.8284271247461903,361.60821364001146,,
18.25690210000903,mouse,move,655,777,-1,1,1.4142135623730951,179.94828368804036,,
18.27238429999852,mouse,move,654,778,-1,1,1.4142135623730951,91.34448355743604,,
18.312920600001235,mouse,move,654,778,0,0,0.0,0.0,,
18.33692470000824,mouse,move,654,779,0,1,1.0,41.6595498147472,,
18.417069899995113,mouse,move,654,780,0,1,1.0,12.477353605253812,,
18.424524300004123,mouse,move,654,781,0,1,1.0,134.1489588419349,,
18.432892800003174,mouse,move,652,783,-2,2,2.8284271247461903,337.98495848323404,,
18.44066950000706,mouse,move,652,784,0,1,1.0,128.58924730285415,,
18.44890060000762,mouse,move,650,786,-2,2,2.8284271247461903,343.6268693801098,,
18.45677710000018,mouse,move,650,788,0,2,2.0,253.91988851501807,,
18.464907700006734,mouse,move,647,790,-3,2,3.605551275463989,443.45451412666864,,
18.472636599995894,mouse,move,646,791,-1,1,1.4142135623730951,182.97734015919985,,
18.488750899996376,mouse,move,646,792,0,1,1.0,62.056682572009436,,
18.51239770000393,mouse,move,646,794,0,2,2.0,84.57804013063239,,
19.009101600007853,mouse,move,644,795,-2,1,2.23606797749979,4.501812805339625,,
19.016562100005103,mouse,move,642,797,-2,2,2.8284271247461903,379.12031710857076,,
19.024437900006888,mouse,move,638,803,-4,6,7.211102550927978,915.6025482229531,,
19.032927100008237,mouse,move,635,806,-3,3,4.242640687119285,499.76919927022095,,
19.04035369999474,mouse,move,632,807,-3,1,3.1622776601683795,425.80422614869497,,
19.048913100006757,mouse,move,627,811,-5,4,6.4031242374328485,748.0809669418759,,
19.05639169999631,mouse,move,624,814,-3,3,4.242640687119285,567.3041335337354,,
19.06492520000029,mouse,move,622,815,-2,1,2.23606797749979,262.0340981376343,,
19.07257010000467,mouse,move,621,816,-1,1,1.4142135623730951,184.98784308008607,,
19.08094600000186,mouse,move,620,817,-1,1,1.4142135623730951,168.8431765956432,,
19.08905650000088,mouse,move,619,819,-1,2,2.23606797749979,275.70038564452346,,
19.096958299996913,mouse,move,618,819,-1,0,1.0,126.55344358271284,,
19.105185799999163,mouse,move,618,820,0,1,1.0,121.54360373462545,,
19.112937700003386,mouse,move,617,822,-1,2,2.23606797749979,288.45418236582657,,
19.120928600008483,mouse,move,617,822,0,0,0.0,0.0,,
19.128903000004357,mouse,move,617,823,0,1,1.0,125.40128417403761,,
19.136893400005647,mouse,move,617,824,0,1,1.0,125.15018019605081,,
19.14497750000737,mouse,move,617,826,0,2,2.0,247.39921569171284,,
19.15286339999875,mouse,move,617,828,0,2,2.0,253.61721581384543,,
19.160428700008197,mouse,move,617,830,0,2,2.0,264.3649290183801,,
19.1689175000065,mouse,move,617,834,0,4,4.0,471.2091227027648,,
19.176455499997246,mouse,move,617,837,0,3,3.0,397.9835505018784,,
19.184401899998193,mouse,move,617,841,0,4,4.0,503.3725963358891,,
19.192794000002323,mouse,move,617,846,0,5,5.0,595.7984291821268,,
19.20114740000281,mouse,move,617,849,0,3,3.0,359.13520241158545,,
19.208562800005893,mouse,move,617,853,0,4,4.0,539.4179677882444,,
19.2168679000024,mouse,move,617,856,0,3,3.0,361.22382647558334,,
19.224454199997126,mouse,move,617,861,0,5,5.0,659.0828208052609,,
19.232946899996023,mouse,move,617,864,0,3,3.0,353.2445512486937,,
19.24038479999581,mouse,move,617,871,0,7,7.0,941.1258554432357,,
19.24840419999964,mouse,move,617,876,0,5,5.0,623.4880412014487,,
19.256380699996953,mouse,move,617,881,0,5,5.0,626.8413466664355,,
19.26443300000392,mouse,move,617,885,0,4,4.0,496.7524802279559,,
19.272440100001404,mouse,move,617,890,0,5,5.0,624.4458045447723,,
19.280426800003625,mouse,move,617,894,0,4,4.0,500.8326341152067,,
19.288425599996117,mouse,move,617,897,0,3,3.0,375.0562587907891,,
19.296386300004087,mouse,move,617,900,0,3,3.0,376.8512815451314,,
19.304459599996335,mouse,move,617,904,0,4,4.0,495.46034506844336,,
19.31240450000041,mouse,move,617,906,0,2,2.0,251.733816533089,,
19.320466400007717,mouse,move,617,909,0,3,3.0,372.12071562304294,,
19.32840749999741,mouse,move,617,911,0,2,2.0,251.85427744213118,,
19.33635100000538,mouse,move,615,912,-2,1,2.23606797749979,281.49656640734105,,
19.384621699995478,mouse,move,615,913,0,1,1.0,20.716500904381483,,
19.68074389999674,mouse,click_press,615,913,,,,,,
19.833013199997367,mouse,click_release,615,913,,,,,,
20.08055470000545,mouse,move,615,913,0,0,0.0,0.0,,
20.089543099995353,mouse,move,615,913,0,0,0.0,0.0,,
20.096450600001845,mouse,move,615,912,0,-1,1.0,144.77017720741958,,
20.104716999994707,mouse,move,615,911,0,-1,1.0,120.9716443510366,,
20.112724000005983,mouse,move,615,909,0,-2,2.0,249.7814408871717,,
20.120997000005445,mouse,move,615,908,0,-1,1.0,120.87513599237943,,
20.128442600005656,mouse,move,615,907,0,-1,1.0,134.30751047219582,,
20.136403299999074,mouse,move,615,906,0,-1,1.0,125.61709407800133,,
20.144804299998214,mouse,move,615,904,0,-2,2.0,238.0668968223862,,
20.15280769999663,mouse,move,615,903,0,-1,1.0,124.94689759327387,,
20.160541899997042,mouse,move,615,900,0,-3,3.0,387.8875643039401,,
20.168525600005523,mouse,move,615,897,0,-3,3.0,375.7656220565907,,
20.177211999995052,mouse,move,616,896,1,-1,1.4142135623730951,162.80778735470662,,
20.184665000007953,mouse,move,616,892,0,-4,4.0,536.6966312995771,,
20.1931162999972,mouse,move,617,889,1,-3,3.1622776601683795,374.1764774877223,,
20.200620799994795,mouse,move,617,885,0,-4,4.0,533.0135253890627,,
20.2084743000014,mouse,move,619,880,2,-5,5.385164807134504,685.7025278673354,,
20.216515499996603,mouse,move,619,875,0,-5,5.0,621.7977420013979,,
20.22458779999579,mouse,move,620,871,1,-4,4.123105625617661,510.77210039691136,,
20.232688999996753,mouse,move,620,866,0,-5,5.0,617.1925146156602,,
20.240455499995733,mouse,move,621,860,1,-6,6.082762530298219,783.2051157017523,,
20.24877330000163,mouse,move,621,855,0,-5,5.0,601.1204881644983,,
20.257045699996524,mouse,move,622,848,1,-7,7.0710678118654755,854.7782767068846,,
20.264524099999107,mouse,move,623,843,1,-5,5.0990195135927845,681.8329471319611,,
20.272590000007767,mouse,move,625,837,2,-6,6.324555320336759,784.110305551335,,
20.280494200007524,mouse,move,626,830,1,-7,7.0710678118654755,894.5962668053393,,
20.288676600001054,mouse,move,626,822,0,-8,8.0,977.7082526307952,,
20.296436799995718,mouse,move,627,813,1,-9,9.055385138137417,1166.901000536628,,
20.304446299996926,mouse,move,627,803,0,-10,10.0,1248.5173854163036,,
20.31254590000026,mouse,move,627,793,0,-10,10.0,1234.628870053341,,
20.320544900008827,mouse,move,627,782,0,-11,11.0,1375.171895014199,,
20.328607799994643,mouse,move,627,770,0,-12,12.0,1488.2982575884027,,
20.336499199998798,mouse,move,627,757,0,-13,13.0,1647.3629512070358,,
20.344551500005764,mouse,move,627,743,0,-14,14.0,1738.6336807978457,,
20.35255569999572,mouse,move,627,730,0,-13,13.0,1624.1473246938676,,
20.36056180000014,mouse,move,627,715,0,-15,15.0,1873.5714007711833,,
20.368697500001872,mouse,move,627,699,0,-16,16.0,1966.6408540871178,,
20.376536199997645,mouse,move,627,684,0,-15,15.0,1913.5826103931622,,
20.38504809999722,mouse,move,627,672,0,-12,12.0,1409.7909985547515,,
20.392563600005815,mouse,move,627,661,0,-11,11.0,1463.6418052586127,,
20.400665399996797,mouse,move,627,651,0,-10,10.0,1234.293615138745,,
20.408536200004164,mouse,move,627,639,0,-12,12.0,1524.6226544655349,,
20.416545700005372,mouse,move,627,630,0,-9,9.0,1123.6656468746733,,
20.424444699994638,mouse,move,627,620,0,-10,10.0,1265.98303754774,,
20.432438400006504,mouse,move,627,612,0,-8,8.0,1000.7881191593981,,
20.440495000002556,mouse,move,627,607,0,-5,5.0,620.6091902849516,,
20.448475700002746,mouse,move,627,602,0,-5,5.0,626.5114588797269,,
20.45647540000209,mouse,move,627,593,0,-9,9.0,1125.0421891741412,,
20.46440120000625,mouse,move,627,591,0,-2,2.0,252.34045761317353,,
20.47237469999527,mouse,move,627,586,0,-5,5.0,627.0771940659569,,
20.480552399996668,mouse,move,627,582,0,-4,4.0,489.1350867990505,,
20.488478200000827,mouse,move,627,577,0,-5,5.0,630.8511440329338,,
20.496494300008635,mouse,move,627,573,0,-4,4.0,498.9957705248092,,
20.50437680000323,mouse,move,627,572,0,-1,1.0,126.8633048761008,,
20.512507200008258,mouse,move,627,568,0,-4,4.0,491.980714051655,,
20.520492299998295,mouse,move,627,564,0,-4,4.0,500.9329883145684,,
20.528498700005002,mouse,move,627,560,0,-4,4.0,499.60031932569785,,
20.536646599997766,mouse,move,627,559,0,-1,1.0,122.7310105534042,,
20.54445869999472,mouse,move,627,556,0,-3,3.0,384.0196619564069,,
20.55255059999763,mouse,move,627,553,0,-3,3.0,370.7411113485348,,
20.56039939999755,mouse,move,627,551,0,-2,2.0,254.81602283412198,,
20.56847500000731,mouse,move,627,549,0,-2,2.0,247.65961632357215,,
20.576428000000305,mouse,move,627,548,0,-1,1.0,125.73871506109029,,
20.584684300003573,mouse,move,627,545,0,-3,3.0,363.35888943141686,,
20.592453300007037,mouse,move,627,542,0,-3,3.0,386.15008349369737,,
20.60047200000554,mouse,move,627,541,0,-1,1.0,124.70849391882128,,
20.608416999995825,mouse,move,627,537,0,-4,4.0,503.46129702837874,,
20.61654410000483,mouse,move,627,534,0,-3,3.0,369.13536152818904,,
20.624444900007802,mouse,move,627,529,0,-5,5.0,632.8473063638354,,
20.632420000009006,mouse,move,627,527,0,-2,2.0,250.78055443795105,,
20.64044859999558,mouse,move,627,522,0,-5,5.0,622.7735854771139,,
20.64857970000594,mouse,move,627,516,0,-6,6.0,737.9075392450627,,
20.656563700002152,mouse,move,625,512,-2,-4,4.47213595499958,560.1372691784424,,
20.664394300009008,mouse,move,624,507,-1,-5,5.0990195135927845,651.165876066838,,
20.672515700003714,mouse,move,623,501,-1,-6,6.082762530298219,748.9795520800313,,
20.68058810000366,mouse,move,620,496,-3,-5,5.830951894845301,722.3318833164919,,
20.688537499998347,mouse,move,618,491,-2,-5,5.385164807134504,677.4303482947395,,
20.69663780000701,mouse,move,616,484,-2,-7,7.280109889280518,898.7457108371132,,
20.704880699995556,mouse,move,612,478,-4,-6,7.211102550927978,874.8259181779492,,
20.712988600003882,mouse,move,611,474,-1,-4,4.123105625617661,508.52941222553847,,
20.720637400008854,mouse,move,608,469,-3,-5,5.830951894845301,762.3355155128723,,
20.728508000000147,mouse,move,606,463,-2,-6,6.324555320336759,803.5671139854223,,
20.73646010000084,mouse,move,603,460,-3,-3,4.242640687119285,533.5245641716409,,
20.744479700006195,mouse,move,601,456,-2,-4,4.47213595499958,557.6507496650094,,
20.752566399998614,mouse,move,597,450,-4,-6,7.211102550927978,891.7237634249781,,
20.760523300006753,mouse,move,593,446,-4,-4,5.656854249492381,710.9369532991394,,
20.768622100003995,mouse,move,591,444,-2,-2,2.8284271247461903,349.24027333794345,,
20.77647199999774,mouse,move,589,441,-2,-3,3.605551275463989,459.3117464346755,,
20.785376900006668,mouse,move,587,439,-2,-2,2.8284271247461903,317.62592751295585,,
20.792456099996343,mouse,move,583,435,-4,-4,5.656854249492381,799.0810060095007,,
20.800867099998868,mouse,move,577,430,-6,-5,7.810249675906654,928.5756359008645,,
20.80848419999529,mouse,move,576,430,-1,0,1.0,131.28355942150628,,
20.816520599997602,mouse,move,573,428,-3,-2,3.605551275463989,448.652540245279,,
20.824511200000416,mouse,move,571,426,-2,-2,2.8284271247461903,353.9693044014743,,
20.8324380999984,mouse,move,569,425,-2,-1,2.23606797749979,282.0860586192233,,
20.84056199999759,mouse,move,569,424,0,-1,1.0,123.0935880672554,,
20.856532100006007,mouse,move,568,424,-1,0,1.0,62.617015514803136,,
20.888977700000396,mouse,move,567,424,-1,0,1.0,30.820820085710395,,
20.89710240000568,mouse,move,566,423,-1,-1,1.4142135623730951,174.0634806766501,,
20.9047578000027,mouse,move,565,423,-1,0,1.0,130.6267471835893,,
20.912813000002643,mouse,move,563,423,-2,0,2.0,248.28682093726138,,
20.920490100004827,mouse,move,562,423,-1,0,1.0,130.2575190782421,,
20.92837839999993,mouse,move,560,423,-2,0,2.0,253.54005314729943,,
20.936503500008257,mouse,move,559,423,-1,0,1.0,123.07540817651146,,
20.94449270000041,mouse,move,557,423,-2,0,2.0,250.33795648681175,,
20.95264010000392,mouse,move,555,423,-2,0,2.0,245.47708460842762,,
20.960444900003495,mouse,move,554,423,-1,0,1.0,128.12628126977214,,
20.96854770000209,mouse,move,552,423,-2,0,2.0,246.8282569416091,,
20.976456799995503,mouse,move,548,424,-4,1,4.123105625617661,521.311606763331,,
20.984526000000187,mouse,move,546,425,-2,1,2.23606797749979,277.1114826998777,,
20.99260189999768,mouse,move,541,428,-5,3,5.830951894845301,722.0188334000198,,
21.001109300006647,mouse,move,537,430,-4,2,4.47213595499958,525.6759938743043,,
21.008537200003047,mouse,move,530,435,-7,5,8.602325267042627,1158.110000297646,,
21.016705999994883,mouse,move,525,438,-5,3,5.830951894845301,713.8076462482788,,
21.024516200006474,mouse,move,521,440,-4,2,4.47213595499958,572.6019754120047,,
21.03262349999568,mouse,move,515,445,-6,5,7.810249675906654,963.3601428719019,,
21.040572500001872,mouse,move,511,447,-4,2,4.47213595499958,562.6035918374303,,
21.049333999995724,mouse,move,508,450,-3,3,4.242640687119285,484.2367962216753,,
21.05684150000161,mouse,move,504,452,-4,2,4.47213595499958,595.6891044280223,,
21.064577099998132,mouse,move,500,455,-4,3,5.0,646.362273417447,,
21.072431900000083,mouse,move,499,456,-1,1,1.4142135623730951,180.0445029818506,,
21.080569099998684,mouse,move,498,457,-1,1,1.4142135623730951,173.79609234335382,,
21.088552200002596,mouse,move,497,458,-1,1,1.4142135623730951,177.15092654232825,,
21.104594400007045,mouse,move,496,459,-1,1,1.4142135623730951,88.15583660475993,,
21.17651649999607,mouse,move,496,460,0,1,1.0,13.903932173179172,,
21.27255029999651,mouse,move,497,460,1,0,1.0,10.413000422719971,,
21.432960100006312,mouse,click_press,497,460,,,,,,
21.624663199996576,mouse,click_release,497,460,,,,,,
22.12043569999514,mouse,move,498,460,1,0,1.0,1.1794046695480476,,
23.744436599998153,mouse,move,503,460,5,0,5.0,3.0788160277440295,,
23.752481700008502,mouse,move,508,460,5,0,5.0,621.4963137273467,,
23.76043419999769,mouse,move,513,460,5,0,5.0,628.7331036527223,,
23.76836370000092,mouse,move,524,464,11,4,11.704699910719626,1476.0955805477606,,
23.776526000001468,mouse,move,537,468,13,4,13.601470508735444,1666.377186310245,,
23.78443719999632,mouse,move,561,479,24,11,26.40075756488817,3337.1369175436607,,
23.79243869999482,mouse,move,596,494,35,15,38.07886552931954,4758.965885953848,,
23.800403700006427,mouse,move,645,515,49,21,53.31041174104736,6693.083699102044,,
23.808667300007073,mouse,move,690,535,45,20,49.24428900898052,5959.181108128551,,
23.816406500001904,mouse,move,730,555,40,20,44.721359549995796,5778.550700313793,,
23.82440559999668,mouse,move,773,578,43,23,48.76474136094644,6096.278505430449,,
23.83240189999924,mouse,move,812,597,39,19,43.382023926967726,5425.26217288983,,
23.840362999995705,mouse,move,849,619,37,22,43.04648650006177,5407.102852517807,,
23.848496400009026,mouse,move,884,636,35,17,38.91015291668744,4783.995973757525,,
23.856389100008528,mouse,move,926,651,42,15,44.598206241955516,5650.56396984174,,
23.864373200005502,mouse,move,971,671,45,20,49.24428900898052,6167.794620262773,,
23.872383299996727,mouse,move,1014,694,43,23,48.76474136094644,6087.906694594276,,
23.880414800005383,mouse,move,1050,711,36,17,39.81205847478876,4956.989159171076,,
23.888420300005237,mouse,move,1085,725,35,14,37.69615364994153,4708.781918759607,,
23.896394299998065,mouse,move,1115,741,30,16,34.0,4263.857540830309,,
23.90446079999674,mouse,move,1134,751,19,10,21.470910553583888,2661.738121503311,,
23.912422699999297,mouse,move,1148,759,14,8,16.1245154965971,2025.2094966554241,,
23.92042510000465,mouse,move,1162,766,14,7,15.652475842498529,1955.972687197444,,
23.928420399999595,mouse,move,1179,772,17,6,18.027756377319946,2254.794240205714,,
23.9366136000026,mouse,move,1188,774,9,2,9.219544457292887,1125.2678384403864,,
23.944591599996784,mouse,move,1192,776,4,2,4.47213595499958,560.5585307421526,,
23.952457300008973,mouse,move,1194,777,2,1,2.23606797749979,284.2808617204565,,
23.96045779999986,mouse,move,1198,778,4,1,4.123105625617661,515.3559940397545,,
23.968674100004137,mouse,move,1200,779,2,1,2.23606797749979,272.1502350614567,,
23.976582999996026,mouse,move,1202,781,2,2,2.8284271247461903,357.62585538402567,,
24.008465799997794,mouse,move,1203,782,1,1,1.4142135623730951,44.35662997900738,,
24.112531300008413,mouse,move,1203,784,0,2,2.0,19.218665165649522,,
24.120380499996827,mouse,move,1198,788,-5,4,6.4031242374328485,815.7677530047213,,
24.128479000006337,mouse,move,1194,792,-4,4,5.656854249492381,698.5064200592418,,
24.136871700000484,mouse,move,1191,793,-3,1,3.1622776601683795,376.7890741208184,,
24.144421000004513,mouse,move,1188,796,-3,3,4.242640687119285,561.9912687076495,,
24.15240310000081,mouse,move,1185,801,-3,5,5.830951894845301,730.5034887498155,,
24.160467399997287,mouse,move,1184,806,-1,5,5.0990195135927845,632.2953654775494,,
24.168476399994688,mouse,move,1184,811,0,5,5.0,624.2976653293482,,
24.17645519999496,mouse,move,1184,816,0,5,5.0,626.6606507029292,,
24.184422100006486,mouse,move,1184,822,0,6,6.0,753.1160164330757,,
24.192468699999154,mouse,move,1184,827,0,5,5.0,621.38045939358,,
24.20052260000375,mouse,move,1187,836,3,9,9.486832980505138,1177.917900034741,,
24.208459200002835,mouse,move,1192,843,5,7,8.602325267042627,1083.8804107596845,,
24.216419100004714,mouse,move,1200,854,8,11,13.601470508735444,1708.748917137773,,
24.224498600000516,mouse,move,1207,863,7,9,11.40175425099138,1411.1955265692363,,
24.232423199995537,mouse,move,1215,874,8,11,13.601470508735444,1716.3605124902188,,
24.2404627000069,mouse,move,1227,891,12,17,20.808652046684813,2588.3017622080174,,
24.24845149999601,mouse,move,1239,905,12,14,18.439088914585774,2308.1174819407106,,
24.25695799999812,mouse,move,1252,921,13,16,20.615528128088304,2423.5029827739995,,
24.264441000006627,mouse,move,1267,939,15,18,23.430749027719962,3131.197247238637,,
24.272461800006568,mouse,move,1283,955,16,16,22.627416997969522,2821.092284826725,,
24.280418900001678,mouse,move,1298,967,15,12,19.209372712298546,2414.1172945046733,,
24.288925600005314,mouse,move,1317,984,19,17,25.495097567963924,2997.0608528649655,,
24.29690670000855,mouse,move,1338,1000,21,16,26.40075756488817,3307.9096307760765,,
24.305024300003424,mouse,move,1352,1010,14,10,17.204650534085253,2119.4257594543055,,
24.312438000008115,mouse,move,1364,1018,12,8,14.422205101855956,1945.3451168420158,,
24.32095069999923,mouse,move,1381,1028,17,10,19.72308292331602,2316.9009766467548,,
24.328481200005626,mouse,move,1395,1037,14,9,16.64331697709324,2210.1211025770654,,
24.336421900006826,mouse,move,1409,1045,14,8,16.1245154965971,2030.6163806919928,,
24.344477599996026,mouse,move,1421,1050,12,5,13.0,1613.7641691509411,,
24.352726700002677,mouse,move,1431,1052,10,2,10.198039027185569,1236.2608065077443,,
24.360485199998948,mouse,move,1443,1053,12,1,12.041594578792296,1552.0518894863596,,
24.368838800000958,mouse,move,1451,1053,8,0,8.0,957.6709440330808,,
24.376433800003724,mouse,move,1461,1053,10,0,10.0,1316.655694056365,,
24.38444399999571,mouse,move,1468,1053,7,0,7.0,873.8857964848798,,
24.39242180000292,mouse,move,1475,1050,7,-3,7.615773105863909,954.6207098423245,,
24.400439899996854,mouse,move,1480,1047,5,-3,5.830951894845301,727.2236439128188,,
24.40845650000847,mouse,move,1484,1044,4,-3,5.0,623.7058095396559,,
24.416431999998167,mouse,move,1486,1042,2,-2,2.8284271247461903,354.6394744404475,,
24.424523900001077,mouse,move,1488,1040,2,-2,2.8284271247461903,349.5380718655811,,
24.48893580000731,mouse,move,1488,1040,0,0,0.0,0.0,,
24.496469999998226,mouse,move,1486,1040,-2,0,2.0,265.4561867765497,,
24.504458299998078,mouse,move,1484,1040,-2,0,2.0,250.36616051439242,,
24.51283809999586,mouse,move,1482,1040,-2,0,2.0,238.66918071183872,,
24.520844400001806,mouse,move,1482,1040,0,0,0.0,0.0,,
24.528863100000308,mouse,move,1481,1040,-1,0,1.0,124.70849391882128,,
24.536368600005517,mouse,move,1480,1040,-1,0,1.0,133.2356271142483,,
24.58467820000078,mouse,move,1481,1040,1,0,1.0,20.699819499603336,,
24.592461599997478,mouse,move,1482,1040,1,0,1.0,128.47855698337082,,
24.600677199996426,mouse,move,1486,1040,4,0,4.0,486.8786212220795,,
24.608841599998414,mouse,move,1489,1040,3,0,3.0,367.4489245100166,,
24.616345100002945,mouse,move,1490,1040,1,0,1.0,133.27114005411337,,
24.624404500005767,mouse,move,1494,1040,4,0,4.0,496.31486197480245,,
24.633068700000877,mouse,move,1497,1041,3,1,3.1622776601683795,364.98207127642604,,
24.64041819999693,mouse,move,1499,1042,2,1,2.23606797749979,304.24763299552876,,
24.64842199999839,mouse,move,1505,1044,6,2,6.324555320336759,790.1940727132411,,
24.657032100003562,mouse,move,1510,1045,5,1,5.0990195135927845,592.2137385779831,,
24.664370500002406,mouse,move,1516,1047,6,2,6.324555320336759,861.843906210255,,
24.672932800007402,mouse,move,1523,1051,7,4,8.06225774829855,941.599540263011,,
24.680745500008925,mouse,move,1527,1053,4,2,4.47213595499958,572.4187482084099,,
24.689807000002475,mouse,move,1533,1055,6,2,6.324555320336759,697.9589830424137,,
24.696709499999997,mouse,move,1539,1058,6,3,6.708203932499369,971.8513487731915,,
24.70467570000619,mouse,move,1541,1059,2,1,2.23606797749979,280.6944309408567,,
24.71249040000839,mouse,move,1545,1062,4,3,5.0,639.8198265566708,,
24.72122799999488,mouse,move,1548,1062,3,0,3.0,343.34371047415084,,
24.72853049999685,mouse,move,1552,1064,4,2,4.47213595499958,612.4116335218464,,
24.73647640000854,mouse,move,1555,1065,3,1,3.1622776601683795,397.97601977315804,,
24.744394399996963,mouse,move,1558,1066,3,1,3.1622776601683795,399.37833604350374,,
24.75291809999908,mouse,move,1562,1068,4,2,4.47213595499958,524.6707361697133,,
24.760375400001067,mouse,move,1569,1071,7,3,7.615773105863909,1021.2507346939872,,
24.76838839999982,mouse,move,1573,1073,4,2,4.47213595499958,558.1100656052073,,
24.77691820000473,mouse,move,1580,1075,7,2,7.280109889280518,853.4912758906049,,
24.78435430000536,mouse,move,1586,1079,6,4,7.211102550927978,969.7425465385222,,
24.792415500007337,mouse,move,1593,1082,7,3,7.615773105863909,944.7443437698539,,
24.800365100003546,mouse,move,1599,1083,6,1,6.082762530298219,765.1658615777967,,
24.808410300000105,mouse,move,1605,1082,6,-1,6.082762530298219,756.073501329974,,
24.81633000000147,mouse,move,1609,1082,4,0,4.0,505.0696363889862,,
24.824445200007176,mouse,move,1614,1082,5,0,5.0,616.1277598192622,,
24.832614400002058,mouse,move,1619,1081,5,-1,5.0990195135927845,624.1761147710356,,
24.84041089999664,mouse,move,1624,1082,5,1,5.0990195135927845,654.0139186988133,,
24.848446799995145,mouse,move,1625,1080,1,-2,2.23606797749979,278.25980635848373,,
24.85643759999948,mouse,move,1629,1081,4,1,4.123105625617661,515.981581741545,,
24.86443319999671,mouse,move,1631,1081,2,0,2.0,250.13757575327838,,
24.87249530000554,mouse,move,1634,1081,3,0,3.0,372.1114841932982,,
24.88045470000361,mouse,move,1636,1081,2,0,2.0,251.27522181126193,,
24.88847469999746,mouse,move,1640,1081,4,0,4.0,498.75311758952904,,
24.896529000005103,mouse,move,1645,1081,5,0,5.0,620.7864116379101,,
24.904818199996953,mouse,move,1648,1081,3,0,3.0,361.9167112567624,,
24.912457500002347,mouse,move,1651,1081,3,0,3.0,392.706137719651,,
24.920407700003125,mouse,move,1654,1080,3,-1,3.1622776601683795,397.76076826482165,,
24.92900920000102,mouse,move,1655,1081,1,1,1.4142135623730951,164.41476053238466,,
24.936450299996068,mouse,move,1658,1079,3,-2,3.605551275463989,484.5454674528109,,
24.94443109999702,mouse,move,1659,1080,1,1,1.4142135623730951,177.20198002764513,,
24.952988300006837,mouse,move,1660,1079,1,-1,1.4142135623730951,165.26592352060055,,
24.968952499999432,mouse,move,1661,1079,1,0,1.0,62.64015738112998,,
24.98444300000847,mouse,move,1662,1079,1,0,1.0,64.55569538856942,,
25.016375200008042,mouse,move,1662,1079,0,0,0.0,0.0,,
25.024407200005953,mouse,move,1662,1079,0,0,0.0,0.0,,
25.032447699995828,mouse,move,1662,1076,0,-3,3.0,373.1111253998976,,
25.04040199999872,mouse,move,1662,1073,0,-3,3.0,377.1544949157976,,
25.048444300002302,mouse,move,1660,1067,-2,-6,6.324555320336759,786.4112651257498,,
25.05640709999716,mouse,move,1659,1061,-1,-6,6.082762530298219,763.8974398737762,,
25.064333999995142,mouse,move,1656,1054,-3,-7,7.615773105863909,960.7504961336234,,
25.07233969999652,mouse,move,1649,1045,-7,-9,11.40175425099138,1424.2045353973674,,
25.0803767000034,mouse,move,1643,1037,-6,-8,10.0,1244.2453641209395,,
25.08889860000636,mouse,move,1636,1028,-7,-9,11.40175425099138,1337.9357006101561,,
25.096398800000316,mouse,move,1630,1020,-6,-8,10.0,1333.2977798003494,,
25.10438449999492,mouse,move,1623,1011,-7,-9,11.40175425099138,1427.7714237565683,,
25.112721400000737,mouse,move,1618,1005,-5,-6,7.810249675906654,936.8289976440257,,
25.120517300005304,mouse,move,1613,998,-5,-7,8.602325267042627,1103.4422275816257,,
25.128478200000245,mouse,move,1610,993,-3,-5,5.830951894845301,732.4488309802215,,
25.13647199999832,mouse,move,1607,987,-3,-6,6.708203932499369,839.1758530503884,,
25.144413600006374,mouse,move,1606,986,-1,-1,1.4142135623730951,178.07665469667123,,
25.15241860000242,mouse,move,1605,982,-1,-4,4.123105625617661,515.0662870273525,,
25.168467900002724,mouse,move,1604,981,-1,-1,1.4142135623730951,88.11683764066197,,
25.184507300000405,mouse,move,1604,980,0,-1,1.0,62.34647182217638,,
25.20043510000687,mouse,move,1604,979,0,-1,1.0,62.78330965946609,,
25.216883700006292,mouse,move,1605,977,1,-2,2.23606797749979,135.94275364337773,,
25.22443000000203,mouse,move,1606,977,1,0,1.0,132.51527245998295,,
25.232834499998717,mouse,move,1608,975,2,-2,2.8284271247461903,336.53722718321796,,
25.24054500000784,mouse,move,1610,974,2,-1,2.23606797749979,290.00297968400025,,
25.24884139999631,mouse,move,1612,972,2,-2,2.8284271247461903,340.9222227325213,,
25.256518099995446,mouse,move,1612,971,0,-1,1.0,130.26430629206772,,
25.264753900002688,mouse,move,1612,970,0,-1,1.0,121.42111259631065,,
25.272475100005977,mouse,move,1608,966,-4,-4,5.656854249492381,732.6392590637414,,
25.28091640000639,mouse,move,1606,965,-2,-1,2.23606797749979,264.89616260413715,,
25.288779700000305,mouse,move,1600,963,-6,-2,6.324555320336759,804.3131160239803,,
25.296547100006137,mouse,move,1595,963,-5,0,5.0,643.7160434953325,,
25.304458900005557,mouse,move,1590,963,-5,0,5.0,631.9674410837981,,
25.31245850000414,mouse,move,1583,963,-7,0,7.0,875.043752342498,,
25.32046950000222,mouse,move,1578,963,-5,0,5.0,624.1418051678637,,
25.328444300001138,mouse,move,1573,963,-5,0,5.0,626.9749712441013,,
25.336429899994982,mouse,move,1569,963,-4,0,4.0,500.90162330736473,,
25.344584100006614,mouse,move,1564,963,-5,0,5.0,613.1809365563515,,
25.35251260000223,mouse,move,1559,963,-5,0,5.0,630.6363123876796,,
25.360457000002498,mouse,move,1552,965,-7,2,7.280109889280518,916.3825951655922,,
25.368455500007258,mouse,move,1546,968,-6,3,6.708203932499369,838.6827440779207,,
25.376448800001526,mouse,move,1540,971,-6,3,6.708203932499369,839.2283459033747,,
25.38445880000654,mouse,move,1535,973,-5,2,5.385164807134504,672.3052189466639,,
25.39246469999489,mouse,move,1527,978,-8,5,9.433981132056603,1178.3785890140355,,
25.40045210000244,mouse,move,1520,982,-7,4,8.06225774829855,1009.3719784507074,,
25.408362100002705,mouse,move,1515,987,-5,5,7.0710678118654755,893.9403048834639,,
25.416399000008823,mouse,move,1503,996,-12,9,15.0,1866.3912688450755,,
25.4245923999988,mouse,move,1493,1006,-10,10,14.142135623730951,1726.0399395892086,,
25.432450200009043,mouse,move,1481,1018,-12,12,16.97056274847714,2159.709171314658,,
25.44042860000627,mouse,move,1469,1033,-12,15,19.209372712298546,2407.672305095387,,
25.448410400000284,mouse,move,1458,1045,-11,12,16.278820596099706,2039.49242129715,,
25.456405300006736,mouse,move,1446,1060,-12,15,19.209372712298546,2402.703310460063,,
25.4644435000082,mouse,move,1438,1076,-8,16,17.88854381999832,2225.44149395856,,
25.47252500000468,mouse,move,1429,1090,-9,14,16.64331697709324,2059.434137764671,,
25.480419400002575,mouse,move,1419,1095,-10,5,11.180339887498949,1416.2368122315338,,
25.488425200004713,mouse,move,1409,1092,-10,-3,10.44030650891055,1304.0928459519637,,
25.49643840000499,mouse,move,1399,1093,-10,1,10.04987562112089,1254.1650802142194,,
25.504419000004418,mouse,move,1390,1091,-9,-2,9.219544457292887,1155.2445252178939,,
25.51238050000393,mouse,move,1381,1090,-9,-1,9.055385138137417,1137.3968647484269,,
25.520754500001203,mouse,move,1375,1090,-6,0,6.0,716.5034633332348,,
25.528412100000423,mouse,move,1368,1091,-7,1,7.0710678118654755,923.405219988721,,
25.53641939999943,mouse,move,1363,1088,-5,-3,5.830951894845301,728.2045003394044,,
25.544460400007665,mouse,move,1360,1090,-3,2,3.605551275463989,448.3958800860561,,
25.552438800004893,mouse,move,1355,1088,-5,-2,5.385164807134504,674.9680147655712,,
25.560429400007706,mouse,move,1351,1089,-4,1,4.123105625617661,515.9944965542123,,
25.568513799997163,mouse,move,1349,1086,-2,-3,3.605551275463989,445.988728930546,,
25.576538399996934,mouse,move,1347,1090,-2,4,4.47213595499958,557.3032867840078,,
25.584472400005325,mouse,move,1343,1089,-4,-1,4.123105625617661,519.675525744572,,
25.592456800004584,mouse,move,1343,1084,0,-5,5.0,626.2211312639654,,
25.60062939999625,mouse,move,1343,1089,0,5,5.0,611.8004068592713,,
25.608418600008008,mouse,move,1343,1086,0,-3,3.0,385.14866680425837,,
25.616473500005668,mouse,move,1343,1087,0,1,1.0,124.1480341519462,,
25.624418399995193,mouse,move,1343,1089,0,2,2.0,251.7338169941658,,
25.632444400005625,mouse,move,1343,1088,0,-1,1.0,124.59506587344333,,
25.640461500006495,mouse,move,1343,1089,0,1,1.0,124.73338238158814,,
25.64859989999968,mouse,move,1343,1091,0,2,2.0,245.74855028931472,,
25.65642719999596,mouse,move,1343,1087,0,-4,4.0,511.0319014093567,,
25.664486699999543,mouse,move,1343,1091,0,4,4.0,496.30870379326586,,
25.672434499996598,mouse,move,1343,1092,0,1,1.0,125.82098195356531,,
25.680447799997637,mouse,move,1343,1091,0,-1,1.0,124.79253239867712,,
25.68847989999631,mouse,move,1342,1092,-1,1,1.4142135623730951,176.07021359380855,,
25.696556700000656,mouse,move,1341,1091,-1,-1,1.4142135623730951,175.09577575426866,,
25.704426299998886,mouse,move,1337,1092,-4,1,4.123105625617661,523.9282335245697,,
25.71279069999582,mouse,move,1335,1091,-2,-1,2.23606797749979,267.3315453970466,,
25.72042430000147,mouse,move,1334,1091,-1,0,1.0,130.99979030342462,,
25.728464700005134,mouse,move,1331,1091,-3,0,3.0,373.1157652147261,,
25.73643920000177,mouse,move,1329,1094,-2,3,3.605551275463989,452.1350902232572,,
25.744585100008408,mouse,move,1325,1090,-4,-4,5.656854249492381,694.4418965224336,,
25.752577300008852,mouse,move,1322,1091,-3,1,3.1622776601683795,395.67048622313416,,
25.76045729999896,mouse,move,1318,1089,-4,-2,4.47213595499958,567.5299442402053,,
25.768558499999926,mouse,move,1314,1091,-4,2,4.47213595499958,552.0337671538596,,
25.776557400007732,mouse,move,1309,1091,-5,0,5.0,625.0859487080364,,
25.78443860000698,mouse,move,1305,1087,-4,-4,5.656854249492381,717.7656004203726,,
25.792540900001768,mouse,move,1301,1085,-4,-2,4.47213595499958,551.9588213070118,,
25.80044469999848,mouse,move,1295,1086,-6,1,6.082762530298219,769.5997536411842,,
25.808423099995707,mouse,move,1289,1087,-6,1,6.082762530298219,762.4038068299077,,
25.816418900009012,mouse,move,1284,1085,-5,-2,5.385164807134504,673.4991868448194,,
25.82436630000302,mouse,move,1280,1085,-4,0,4.0,503.3092587532071,,
25.83252110000467,mouse,move,1277,1082,-3,-3,4.242640687119285,520.2629967947416,,
25.84050030000799,mouse,move,1271,1086,-6,4,7.211102550927978,903.7375360848323,,
25.848692700004904,mouse,move,1265,1084,-6,-2,6.324555320336759,772.002749221042,,
25.856779800000368,mouse,move,1259,1084,-6,0,6.0,741.9223211491505,,
25.86444639999536,mouse,move,1252,1083,-7,-1,7.0710678118654755,922.3212136390846,,
25.872480899997754,mouse,move,1246,1083,-6,0,6.0,746.7795131260431,,
25.880415000006906,mouse,move,1238,1086,-8,3,8.54400374531753,1076.8711933883228,,
25.88850070000626,mouse,move,1229,1087,-9,1,9.055385138137417,1119.925935770431,,
25.896548500008066,mouse,move,1223,1084,-6,-3,6.708203932499369,833.5450596430151,,
25.904494999995222,mouse,move,1215,1084,-8,0,8.0,1006.7325253797699,,
25.912421700006234,mouse,move,1209,1083,-6,-1,6.082762530298219,767.3764015098035,,
25.920480500004487,mouse,move,1203,1086,-6,3,6.708203932499369,832.4072981031759,,
25.928436400005012,mouse,move,1195,1085,-8,-1,8.06225774829855,1013.3684118411277,,
25.9366638000065,mouse,move,1188,1083,-7,-2,7.280109889280518,884.8615465352498,,
25.94446020000032,mouse,move,1180,1084,-8,1,8.06225774829855,1034.1000660160128,,
25.952520399994683,mouse,move,1175,1082,-5,-2,5.385164807134504,668.1180133125732,,
25.96041050000349,mouse,move,1170,1082,-5,0,5.0,633.7055290070181,,
25.968657500008703,mouse,move,1169,1081,-1,-1,1.4142135623730951,171.4821827912241,,
25.984547800006112,mouse,move,1168,1080,-1,-1,1.4142135623730951,88.99854392954832,,
26.080452099995455,mouse,move,1167,1078,-1,-2,2.23606797749979,23.31561752443083,,
26.08843770000385,mouse,move,1166,1078,-1,0,1.0,125.22540559864674,,
26.10443320000195,mouse,move,1164,1072,-2,-6,6.324555320336759,395.39591266848225,,
26.112570199999027,mouse,move,1163,1066,-1,-6,6.082762530298219,747.5436318646808,,
26.120870900005684,mouse,move,1161,1059,-2,-7,7.280109889280518,877.0477048251071,,
26.128454699995928,mouse,move,1160,1051,-1,-8,8.06225774829855,1063.0894483861412,,
26.13640370000212,mouse,move,1157,1039,-3,-12,12.36931687685298,1556.084648033355,,
26.144824200004223,mouse,move,1152,1026,-5,-13,13.92838827718412,1654.104658120736,,
26.152552600004128,mouse,move,1147,1011,-5,-15,15.811388300841896,2045.8812045229909,,
26.160407100003795,mouse,move,1143,994,-4,-17,17.46424919657298,2223.4705197420985,,
26.16843510000035,mouse,move,1139,973,-4,-21,21.37755832643195,2662.8747303936834,,
26.176830500000506,mouse,move,1137,951,-2,-22,22.090722034374522,2631.2888050562447,,
26.184673499999917,mouse,move,1132,925,-5,-26,26.476404589747453,3375.800661957725,,
26.192404300003545,mouse,move,1128,896,-4,-29,29.274562336608895,3786.744233826985,,
26.200439899999765,mouse,move,1126,868,-2,-28,28.071337695236398,3493.371709448389,,
26.208842399995774,mouse,move,1118,831,-8,-37,37.8549864614954,4505.205174587849,,
26.216513999999734,mouse,move,1112,792,-6,-39,39.45883931389772,5143.495397769889,,
26.225198100000853,mouse,move,1108,750,-4,-42,42.190046219457976,4858.3095788879855,,
26.23236409999663,mouse,move,1106,715,-2,-35,35.05709628591621,4892.1429397954025,,
26.240476300008595,mouse,move,1106,661,0,-54,54.0,6656.640605551397,,
26.248648599997978,mouse,move,1106,617,0,-44,44.0,5384.041219383012,,
26.256427000000258,mouse,move,1106,566,0,-51,51.0,6556.61832575456,,
26.264410600007977,mouse,move,1106,515,0,-51,51.0,6388.095589795079,,
26.272389699995983,mouse,move,1106,461,0,-54,54.0,6767.6805756502845,,
26.280354800008354,mouse,move,1106,410,0,-51,51.0,6402.932784370975,,
26.28847690000839,mouse,move,1106,359,0,-51,51.0,6279.164255521161,,
26.296490799999447,mouse,move,1106,301,0,-58,58.0,7237.42498218494,,
26.305110500004957,mouse,move,1106,251,0,-50,50.0,5800.665912738676,,
26.313064200003282,mouse,move,1106,196,0,-55,55.0,6915.020683654711,,
26.32127319999563,mouse,move,1106,145,0,-51,51.0,6212.693391099763,,
26.328578400003607,mouse,move,1106,95,0,-50,50.0,6844.439569813579,,
26.33661430000211,mouse,move,1106,50,0,-45,45.0,5599.87058181148,,
26.34447640000144,mouse,move,1106,-4,0,-54,54.0,6868.39394113636,,
26.352386200000183,mouse,move,1106,-44,0,-40,40.0,5057.01787736214,,
26.360491500003263,mouse,move,1106,-37,0,7,7.0,863.6324377061268,,
26.369442700000945,mouse,move,1106,-34,0,3,3.0,335.1505944205065,,
26.3764899999951,mouse,move,1106,-34,0,0,0.0,0.0,,
26.384483000001637,mouse,move,1106,-38,0,-4,4.0,500.4378827385371,,
26.39261130000523,mouse,move,1106,-37,0,1,1.0,123.02695515153366,,
26.40082340000663,mouse,move,1106,-34,0,3,3.0,365.31459669123564,,
26.408493299997644,mouse,move,1106,-31,0,3,3.0,391.13938949848085,,
26.416496100006043,mouse,move,1106,-27,0,4,4.0,499.8250607040322,,
26.424517100007506,mouse,move,1106,-24,0,3,3.0,374.0182021509501,,
26.432495100001688,mouse,move,1106,-21,0,3,3.0,376.0340940320576,,
26.441001300001517,mouse,move,1106,-21,0,0,0.0,0.0,,
26.448829200002365,mouse,move,1106,-16,0,5,5.0,638.7409138413146,,
26.45650850000675,mouse,move,1106,-15,0,1,1.0,130.2202022878613,,
26.464499299996532,mouse,move,1106,-17,0,-2,2.0,250.28783132563777,,
26.472448300002725,mouse,move,1106,-13,0,4,4.0,503.20795029361597,,
26.480493499999284,mouse,move,1106,-12,0,1,1.0,124.29771794706343,,
26.48852130000887,mouse,move,1106,-10,0,2,2.0,249.13425815439095,,
26.496436000001268,mouse,move,1106,-6,0,4,4.0,505.3887075747743,,
26.50474960000429,mouse,move,1106,-10,0,-4,4.0,481.1393377774437,,
26.512993299998925,mouse,move,1106,-7,0,3,3.0,363.9142620366803,,
26.520628099999158,mouse,move,1106,-5,0,2,2.0,261.958400997938,,
26.528887599997688,mouse,move,1106,-5,0,0,0.0,0.0,,
26.536828299998888,mouse,move,1106,-6,0,-1,1.0,125.93348191581521,,
26.544665099994745,mouse,move,1106,-3,0,3,3.0,382.80931012477896,,
26.552911000006134,mouse,move,1106,-2,0,1,1.0,121.27238974749622,,
26.560653000007733,mouse,move,1106,-3,0,-1,1.0,129.16559026006894,,
26.576473699999042,mouse,move,1106,0,0,3,3.0,189.6249850921903,,
26.74440589999722,mouse,move,1106,0,0,0,0.0,0.0,,
26.752510699996492,mouse,move,1106,5,0,5,5.0,616.9183694166745,,
26.7609025999991,mouse,move,1106,9,0,4,4.0,476.650102927502,,
26.76847560000897,mouse,move,1106,10,0,1,1.0,132.0480653237376,,
26.77643939999689,mouse,move,1106,15,0,5,5.0,627.8409813888536,,
26.78446779999649,mouse,move,1106,21,0,6,6.0,747.3469184765237,,
26.79304069999489,mouse,move,1106,26,0,5,5.0,583.2332117409569,,
26.800942900008522,mouse,move,1106,31,0,5,5.0,632.7351865777356,,
26.808394699997734,mouse,move,1106,36,0,5,5.0,670.9788248796688,,
26.81647950000479,mouse,move,1106,40,0,4,4.0,494.75559030646474,,
26.824918700003764,mouse,move,1106,45,0,5,5.0,592.4732202824206,,
26.832909000004292,mouse,move,1106,52,0,7,7.0,876.0622253903775,,
26.84039979999943,mouse,move,1106,57,0,5,5.0,667.4854492503451,,
26.848385799996322,mouse,move,1106,62,0,5,5.0,626.0956676617782,,
26.856763999996474,mouse,move,1106,66,0,4,4.0,477.42951945852747,,
26.864419000005,mouse,move,1106,71,0,5,5.0,653.1678634135757,,
26.87250440000207,mouse,move,1106,75,0,4,4.0,494.71887617790736,,
26.880715399995097,mouse,move,1106,78,0,3,3.0,365.3635370293864,,
26.888543000008212,mouse,move,1106,81,0,3,3.0,383.2592359054353,,
26.8968223999982,mouse,move,1106,84,0,3,3.0,362.34509790901507,,
26.904457900003763,mouse,move,1106,84,0,0,0.0,0.0,,
26.912437499995576,mouse,move,1106,87,0,3,3.0,375.95869505712824,,
26.92075509999995,mouse,move,1106,88,0,1,1.0,120.2269884911524,,
26.92862099999911,mouse,move,1106,88,0,0,0.0,0.0,,
26.93667959999584,mouse,move,1106,89,0,1,1.0,124.09103323229944,,
26.944480200007092,mouse,move,1106,90,0,1,1.0,128.19526684584307,,
26.98485520000395,mouse,move,1106,91,0,1,1.0,24.767801859513327,,
27.128395799998543,mouse,move,1107,92,1,1,1.4142135623730951,9.852359279718454,,
27.136866000000737,mouse,move,1108,92,1,0,1.0,118.06096665262203,,
27.144874000005075,mouse,move,1115,92,7,0,7.0,874.125873652342,,
27.152612999998382,mouse,move,1125,92,10,0,10.0,1292.1566104984802,,
27.160424900008366,mouse,move,1138,90,13,-2,13.152946437965905,1683.7064505635115,,
27.168451899997308,mouse,move,1153,89,15,-1,15.033296378372908,1872.841210798807,,
27.176438299997244,mouse,move,1176,89,23,0,23.0,2879.8958229219666,,
27.18449959999998,mouse,move,1204,87,28,-2,28.071337695236398,3482.234588181264,,
27.19242089999898,mouse,move,1245,85,41,-2,41.048751503547585,5182.0725775745805,,
27.200352900006692,mouse,move,1298,78,53,-7,53.46026561849464,6739.821680094422,,
27.20846249999886,mouse,move,1326,76,28,-2,28.071337695236398,3461.4947373914347,,
27.216410199995153,mouse,move,1356,71,30,-5,30.4138126514911,3826.743921596794,,
27.224408800000674,mouse,move,1375,68,19,-3,19.235384061671343,2404.8438537235447,,
27.232365999996546,mouse,move,1389,62,14,-6,15.231546211727817,1914.1841627243593,,
27.24045070000284,mouse,move,1398,59,9,-3,9.486832980505138,1173.4304269942713,,
27.248461499999394,mouse,move,1410,52,12,-7,13.892443989449804,1734.214310109406,,
27.256466000006185,mouse,move,1416,48,6,-4,7.211102550927978,900.8810724979587,,
27.2644433999958,mouse,move,1425,42,9,-6,10.816653826391969,1355.9121819734974,,
27.27244260000589,mouse,move,1434,38,9,-4,9.848857801796104,1231.2303467062736,,
27.28142260000459,mouse,move,1441,33,7,-5,8.602325267042627,957.9426802101538,,
27.288367000001017,mouse,move,1445,31,4,-2,4.47213595499958,643.9916993980811,,
27.296433499999694,mouse,move,1449,26,4,-5,6.4031242374328485,793.7921327072908,,
27.30456440000853,mouse,move,1450,26,1,0,1.0,122.98761501349024,,
27.312456400002702,mouse,move,1454,22,4,-4,5.656854249492381,716.7833570286301,,
27.32057710000663,mouse,move,1457,21,3,-1,3.1622776601683795,389.40949162493166,,
27.32842289999826,mouse,move,1459,20,2,-1,2.23606797749979,285.0019092872341,,
27.336464699998032,mouse,move,1461,18,2,-2,2.8284271247461903,351.71567619511217,,
27.344697799999267,mouse,move,1462,17,1,-1,1.4142135623730951,171.77169743608513,,
27.35292930000287,mouse,move,1463,16,1,-1,1.4142135623730951,171.8050855559779,,
27.36866320000263,mouse,move,1464,16,1,0,1.0,63.5570329044488,,
27.456534400000237,mouse,move,1464,16,0,0,0.0,0.0,,
27.464479999995092,mouse,move,1465,15,1,-1,1.4142135623730951,177.98700705910667,,
27.472566700002062,mouse,move,1466,14,1,-1,1.4142135623730951,174.88141777908615,,
27.480442900006892,mouse,move,1467,14,1,0,1.0,126.96477989217604,,
27.48864440000034,mouse,move,1468,14,1,0,1.0,121.92891553971518,,
27.496444899996277,mouse,move,1469,13,1,-1,1.4142135623730951,181.29780951344205,,
27.504900800006,mouse,move,1470,12,1,-1,1.4142135623730951,167.24577641022393,,
27.512436600009096,mouse,move,1472,10,2,-2,2.8284271247461903,375.3320315804081,,
27.520665400006692,mouse,move,1473,10,1,0,1.0,121.52440213544334,,
27.53658310000901,mouse,move,1474,9,1,-1,1.4142135623730951,88.8453458833278,,
27.544450700006564,mouse,move,1474,9,0,0,0.0,0.0,,
27.55250839999644,mouse,move,1475,8,1,-1,1.4142135623730951,175.51082370277402,,
27.568517799998517,mouse,move,1477,7,2,-1,2.23606797749979,139.6721911633034,,
27.5847145000007,mouse,move,1477,7,0,0,0.0,0.0,,
27.896457399998326,mouse,move,1478,7,1,0,1.0,3.2077715322710376,,
27.904510899999877,mouse,move,1479,7,1,0,1.0,124.16961567111697,,
27.912391200006823,mouse,move,1482,7,3,0,3.0,380.69616605406264,,
27.920598900003824,mouse,move,1483,7,1,0,1.0,121.83681181882241,,
27.92848960000265,mouse,move,1484,7,1,0,1.0,126.73146870986447,,
27.936585000003106,mouse,move,1486,7,2,0,2.0,247.05388243782463,,
27.953112899995176,mouse,move,1488,8,2,1,2.23606797749979,135.29050747963274,,
28.240437300002668,mouse,move,1489,10,1,2,2.23606797749979,7.782381090646965,,
28.38485970000329,mouse,click_press,1489,10,,,,,,
28.608891399999266,mouse,click_release,1489,10,,,,,,
28.784476000000723,mouse,move,1489,14,0,4,4.0,7.352418127633756,,
28.792438500007847,mouse,move,1485,19,-4,5,6.4031242374328485,804.1600290993426,,
28.800574299995787,mouse,move,1482,26,-3,7,7.615773105863909,936.0816535746876,,
28.80844779999461,mouse,move,1474,36,-8,10,12.806248474865697,1626.5000923071568,,
28.816668100000243,mouse,move,1464,47,-10,11,14.866068747318506,1808.4581751435412,,
28.824474299995927,mouse,move,1451,61,-13,14,19.1049731745428,2447.4101592458237,,
28.83263910000096,mouse,move,1434,80,-17,19,25.495097567963924,3122.5624084173714,,
28.841527500000666,mouse,move,1416,102,-18,22,28.42534080710379,3198.02673237554,,
28.84843600000022,mouse,move,1389,128,-27,26,37.48332962798263,5425.682800955786,,
28.856560800006264,mouse,move,1361,152,-28,24,36.87817782917155,4538.964380875543,,
28.864606200004346,mouse,move,1332,177,-29,25,38.28837943815329,4759.039879593538,,
28.87267320000683,mouse,move,1302,209,-30,32,43.86342439892262,5437.38990770014,,
28.88058070000261,mouse,move,1276,235,-26,26,36.76955262170047,4649.959233805645,,
28.888690100007807,mouse,move,1246,268,-30,33,44.598206241955516,5499.569168295871,,
28.896719700001995,mouse,move,1216,297,-30,29,41.72529209005013,5196.43470661688,,
28.9046348999982,mouse,move,1197,317,-19,20,27.586228448267445,3485.2219099319914,,
28.913194100008695,mouse,move,1171,343,-26,26,36.76955262170047,4295.909965489038,,
28.920612500005518,mouse,move,1149,371,-22,28,35.608987629529715,4800.089998487685,,
28.928838299994823,mouse,move,1128,396,-21,25,32.64965543462902,3969.176916176096,,
28.936680400001933,mouse,move,1110,417,-18,21,27.65863337187866,3526.9421898217483,,
28.9448565000057,mouse,move,1092,439,-18,22,28.42534080710379,3476.638103008908,,
28.953828600002453,mouse,move,1078,455,-14,16,21.2602916254693,2369.6003871068197,,
28.961123200002476,mouse,move,1067,467,-11,12,16.278820596099706,2231.6262161117234,,
28.969798300007824,mouse,move,1054,484,-13,17,21.400934559032695,2466.9380809257514,,
28.97814649999782,mouse,move,1046,498,-8,14,16.1245154965971,1931.4960729163101,,
28.984597600006964,mouse,move,1037,509,-9,11,14.212670403551895,2203.139058983083,,
28.992534899996826,mouse,move,1029,518,-8,9,12.041594578792296,1517.0895133322404,,
29.000515000007,mouse,move,1022,527,-7,9,11.40175425099138,1428.773353273422,,
29.00864420000289,mouse,move,1016,533,-6,6,8.48528137423857,1043.8027577776884,,
29.016829800006235,mouse,move,1009,541,-7,8,10.63014581273465,1298.6397830815076,,
29.024763000008534,mouse,move,1006,547,-3,6,6.708203932499369,845.586135551307,,
29.032930500005023,mouse,move,1005,547,-1,0,1.0,122.43648612548333,,
29.04057019999891,mouse,move,1002,552,-3,5,5.830951894845301,763.2435697095841,,
29.048542300006375,mouse,move,1001,554,-1,2,2.23606797749979,280.48669427204715,,
29.05649020000419,mouse,move,1000,556,-1,2,2.23606797749979,281.3407287603165,,
29.064646900005755,mouse,move,998,557,-2,1,2.23606797749979,274.13880332377926,,
29.072457400005078,mouse,move,996,560,-2,3,3.605551275463989,461.6287402569035,,
29.08058660000097,mouse,move,995,561,-1,1,1.4142135623730951,173.9671262962814,,
29.088427599999704,mouse,move,994,563,-1,2,2.23606797749979,285.17637774017703,,
29.096616900002118,mouse,move,993,564,-1,1,1.4142135623730951,172.69040845447776,,
29.10611350000545,mouse,move,992,565,-1,1,1.4142135623730951,148.91788238707056,,
29.120461800004705,mouse,move,992,566,0,1,1.0,69.69466766459264,,
29.136507899995195,mouse,move,992,568,0,2,2.0,124.64087854278287,,
29.144602000000305,mouse,move,990,570,-2,2,2.8284271247461903,349.4430663026906,,
29.160553299996536,mouse,move,989,570,-1,0,1.0,62.69081518347965,,
29.168502900007297,mouse,move,988,571,-1,1,1.4142135623730951,177.89744898595276,,
29.184483300006832,mouse,move,988,571,0,0,0.0,0.0,,
29.200436400002218,mouse,move,987,573,-1,2,2.23606797749979,140.1651076058278,,
29.20956560000195,mouse,move,985,574,-2,1,2.23606797749979,244.93580790923463,,
29.216549600008875,mouse,move,984,574,-1,0,1.0,143.18442139299393,,
29.22458209999604,mouse,move,982,577,-2,3,3.605551275463989,448.8703742576562,,
29.236746599999606,mouse,move,976,579,-6,2,6.324555320336759,519.9190528573865,,
29.24075929999526,mouse,move,973,582,-3,3,4.242640687119285,1057.303235156545,,
29.248749100006535,mouse,move,969,585,-4,3,5.0,625.7978914297083,,
29.256711399997585,mouse,move,963,593,-6,8,10.0,1255.918517418424,,
29.26449980000325,mouse,move,960,595,-3,2,3.605551275463989,462.93863602808796,,
29.272517300007166,mouse,move,956,598,-4,3,5.0,623.6357963901104,,
29.280440999995335,mouse,move,953,601,-3,3,4.242640687119285,535.4368153077751,,
29.28861240000697,mouse,move,950,604,-3,3,4.242640687119285,519.2060945589603,,
29.29651480000757,mouse,move,947,606,-3,2,3.605551275463989,456.26028487407524,,
29.304553900001338,mouse,move,944,607,-3,1,3.1622776601683795,393.3621503178822,,
29.31285570000182,mouse,move,944,608,0,1,1.0,120.45580475824805,,
30.128481200008537,mouse,move,944,608,0,0,0.0,0.0,,
30.168451400008053,mouse,move,944,608,0,0,0.0,0.0,,
30.19282939999539,mouse,move,944,607,0,-1,1.0,41.02059235866157,,
30.200448799994774,mouse,move,944,605,0,-2,2.0,262.48785995767264,,
30.208505200003856,mouse,move,944,605,0,0,0.0,0.0,,
30.22492219999549,mouse,move,945,603,1,-2,2.23606797749979,136.20442094409975,,
30.23245440000028,mouse,move,946,601,1,-2,2.23606797749979,296.8678441993144,,
30.240886800005683,mouse,move,946,601,0,0,0.0,0.0,,
30.248480800000834,mouse,move,947,600,1,-1,1.4142135623730951,186.2277539209921,,
30.257007899999735,mouse,move,948,598,1,-2,2.23606797749979,262.23076752800705,,
30.272855300005176,mouse,move,948,596,0,-2,2.0,126.20366743524526,,
30.280376599999727,mouse,move,949,595,1,-1,1.4142135623730951,188.02780947412353,,
30.352811799995834,mouse,click_press,949,595,,,,,,
30.577189300005557,mouse,click_release,949,595,,,,,,
31.235002300003543,keyboard,key_press,,,,,,,,22.14016179999453
31.454794699995546,keyboard,key_release,,,,,,,0.21979239999200217,
31.521265800009132,keyboard,key_press,,,,,,,,0.28626350000558887
31.652916999999434,keyboard,key_release,,,,,,,0.1316511999903014,
31.767895600001793,keyboard,key_press,,,,,,,,0.246629799992661
31.904257000001962,keyboard,key_press,,,,,,,,0.13636140000016894
32.003199400001904,keyboard,key_release,,,,,,,0.23530380000011064,
32.00632640000549,keyboard,key_release,,,,,,,0.10206940000352915,
32.09555120000732,keyboard,key_press,,,,,,,,0.19129420000535902
32.223297000004095,keyboard,key_release,,,,,,,0.1277457999967737,
33.07241999999678,mouse,move,951,593,2,-2,2.8284271247461903,1.0130312174764808,,
33.08042260000366,mouse,move,953,588,2,-5,5.385164807134504,672.9268990712693,,
33.088419499996235,mouse,move,953,582,0,-6,6.0,750.2907383573082,,
33.09638930000074,mouse,move,955,577,2,-5,5.385164807134504,675.6963542487899,,
33.104441799994675,mouse,move,956,573,1,-4,4.123105625617661,512.0280197109023,,
33.11240539999562,mouse,move,956,572,0,-1,1.0,125.57134962590754,,
33.12067200000456,mouse,move,956,571,0,-1,1.0,120.96871735887045,,
33.34475260000909,mouse,move,956,571,0,0,0.0,0.0,,
33.35246239999833,mouse,move,956,573,0,2,2.0,259.410101791287,,
33.36046690000512,mouse,move,953,578,-3,5,5.830951894845301,728.4592279215673,,
33.36844960000599,mouse,move,952,581,-1,3,3.1622776601683795,396.1413631760176,,
33.37662989999808,mouse,move,949,586,-3,5,5.830951894845301,712.8041637205057,,
33.38448239999707,mouse,move,946,592,-3,6,6.708203932499369,854.2762092789052,,
33.392463600001065,mouse,move,945,598,-1,6,6.082762530298219,762.136336296841,,
33.40043599999626,mouse,move,942,603,-3,5,5.830951894845301,731.392290697715,,
33.408473300005426,mouse,move,940,608,-2,5,5.385164807134504,670.0216243009975,,
33.41647710000689,mouse,move,936,613,-4,5,6.4031242374328485,800.0105245338447,,
33.42554199999722,mouse,move,934,619,-2,6,6.324555320336759,697.6971976613011,,
33.43249900000228,mouse,move,931,625,-3,6,6.708203932499369,964.238023231471,,
33.44091040000785,mouse,move,929,630,-2,5,5.385164807134504,640.2221750919078,,
33.448540900004446,mouse,move,926,635,-3,5,5.830951894845301,764.1638028239205,,
33.45673600000737,mouse,move,925,638,-1,3,3.1622776601683795,385.874200319802,,
33.464433500004816,mouse,move,923,643,-2,5,5.385164807134504,699.5991957024693,,
33.47248039999977,mouse,move,919,650,-4,7,8.06225774829855,1001.908530410035,,
33.48086559999501,mouse,move,919,653,0,3,3.0,357.77321968479356,,
33.48851860000286,mouse,move,915,658,-4,5,6.4031242374328485,836.6815929525126,,
33.49643700000888,mouse,move,914,661,-1,3,3.1622776601683795,399.3581604572185,,
33.50457089999691,mouse,move,914,665,0,4,4.0,491.7690168171704,,
33.512644200003706,mouse,move,914,666,0,1,1.0,123.86508604384721,,
33.52050880000752,mouse,move,914,668,0,2,2.0,254.3040967156929,,
33.60045300000638,mouse,move,914,669,0,1,1.0,12.50872483575071,,
33.88909609999973,mouse,move,914,669,0,0,0.0,0.0,,
33.89695779999602,mouse,move,907,669,-7,0,7.0,890.3926635854003,,
33.90504900000815,mouse,move,900,669,-7,0,7.0,865.137431963677,,
33.912943500006804,mouse,move,895,669,-5,0,5.0,633.3523340111674,,
33.92094930000894,mouse,move,891,669,-4,0,4.0,499.6377624886594,,
33.928945000006934,mouse,move,889,669,-2,0,2.0,250.13444732824382,,
33.93705829999817,mouse,move,886,669,-3,0,3.0,369.763228678865,,
33.944933300008415,mouse,move,884,671,-2,2,2.8284271247461903,359.165348706883,,
33.95305039999948,mouse,move,883,672,-1,1,1.4142135623730951,174.22645574518526,,
34.200878799994825,mouse,click_press,883,672,,,,,,
34.39283979999891,mouse,click_release,883,672,,,,,,
34.95259600000281,mouse,move,883,672,0,0,0.0,0.0,,
34.99250710000342,mouse,move,882,672,-1,0,1.0,25.05568626233675,,
35.00062950000574,mouse,move,879,672,-3,0,3.0,369.34896079270374,,
35.00848820000829,mouse,move,876,672,-3,0,3.0,381.7425272664676,,
35.01649989999714,mouse,move,871,671,-5,-1,5.0990195135927845,636.4466368792339,,
35.024498600003426,mouse,move,862,668,-9,-3,9.486832980505138,1186.046854245482,,
35.032729800004745,mouse,move,856,665,-6,-3,6.708203932499369,814.972778139818,,
35.04062949999934,mouse,move,846,659,-10,-6,11.661903789690601,1476.246414125682,,
35.04859619999479,mouse,move,840,657,-6,-2,6.324555320336759,793.8739156676024,,
35.0572489000042,mouse,move,831,653,-9,-4,9.848857801796104,1138.2409873321842,,
35.066466600008425,mouse,move,825,651,-6,-2,6.324555320336759,686.1316073896445,,
35.07298660000379,mouse,move,816,647,-9,-4,9.848857801796104,1510.5610136199487,,
35.08086299999559,mouse,move,811,644,-5,-3,5.830951894845301,740.3067265394177,,
35.0885072999954,mouse,move,806,640,-5,-4,6.4031242374328485,837.6338235798394,,
35.098010800007614,mouse,move,799,634,-7,-6,9.219544457292887,970.1209496967053,,
35.10461320000468,mouse,move,798,634,-1,0,1.0,151.46007519155157,,
35.11262949999946,mouse,move,793,630,-5,-4,6.4031242374328485,798.7630504850536,,
35.121114800000214,mouse,move,787,625,-6,-5,7.810249675906654,920.4447309122714,,
35.12896689999616,mouse,move,776,619,-11,-6,12.529964086141668,1595.7468820588717,,
35.139086600000155,mouse,move,767,612,-9,-7,11.40175425099138,1126.6889578236041,,
35.14454239999759,mouse,move,756,604,-11,-8,13.601470508735444,2493.0295309817416,,
35.15530050000234,mouse,move,742,594,-14,-10,17.204650534085253,1599.2276077084648,,
35.1610451000015,mouse,move,730,586,-12,-8,14.422205101855956,2510.567333489055,,
35.16847269999562,mouse,move,715,573,-15,-13,19.849433241279208,2672.3885584848813,,
35.176766600008705,mouse,move,700,559,-15,-14,20.518284528683193,2473.900637373102,,
35.18463509999856,mouse,move,686,549,-14,-10,17.204650534085253,2186.522279502997,,
35.19329700000526,mouse,move,671,536,-15,-13,19.849433241279208,2291.5795871488845,,
35.20162780000828,mouse,move,655,522,-16,-14,21.2602916254693,2552.0108054154293,,
35.2087426000071,mouse,move,645,512,-10,-10,14.142135623730951,1987.7066995674286,,
35.21671310000238,mouse,move,634,501,-11,-11,15.556349186104045,1951.7406932205422,,
35.224548300000606,mouse,move,626,492,-8,-9,12.041594578792296,1536.8586100570064,,
35.232514899995294,mouse,move,618,482,-8,-10,12.806248474865697,1607.4923409489897,,
35.240726899995934,mouse,move,612,473,-6,-9,10.816653826391969,1317.1765496284966,,
35.24867630000517,mouse,move,610,466,-2,-7,7.280109889280518,915.8062093768275,,
35.25652189999528,mouse,move,608,462,-2,-4,4.47213595499958,570.018349219915,,
35.26447989999724,mouse,move,606,456,-2,-6,6.324555320336759,794.7418093461297,,
35.27255019999575,mouse,move,605,454,-1,-2,2.23606797749979,277.07371199499767,,
35.2804873999994,mouse,move,603,451,-2,-3,3.605551275463989,454.25984904055,,
35.288592199998675,mouse,move,602,450,-1,-1,1.4142135623730951,174.49086498123128,,
35.296574399995734,mouse,move,601,449,-1,-1,1.4142135623730951,177.1709006156376,,
35.488731400007964,mouse,move,601,449,0,0,0.0,0.0,,
35.50457030000689,mouse,move,601,448,0,-1,1.0,63.13569755903701,,
35.52855840000848,mouse,move,601,447,0,-1,1.0,41.687336634989066,,
35.71314069999789,mouse,click_press,601,447,,,,,,
35.93687140000111,mouse,click_release,601,447,,,,,,
37.304958499997156,mouse,move,601,449,0,2,2.0,1.1258724878549307,,
37.31270389999554,mouse,move,604,455,3,6,6.708203932499369,866.0887667387755,,
37.3207459999976,mouse,move,606,459,2,4,4.47213595499958,556.0905676198043,,
37.32890370000678,mouse,move,609,462,3,3,4.242640687119285,520.0780467957654,,
37.33684099999664,mouse,move,611,467,2,5,5.385164807134504,678.4630559525925,,
37.344590100008645,mouse,move,614,472,3,5,5.830951894845301,752.4682719039614,,
37.35252899999614,mouse,move,616,477,2,5,5.385164807134504,678.3263192152434,,
37.36052820000623,mouse,move,621,483,5,6,7.810249675906654,976.3788461414716,,
37.368666700000176,mouse,move,625,491,4,8,8.94427190999916,1099.007423560986,,
37.37695600000734,mouse,move,629,500,4,9,9.848857801796104,1188.14107262191,,
37.384704399999464,mouse,move,634,507,5,7,8.602325267042627,1110.2066588955677,,
37.392914299998665,mouse,move,640,516,6,9,10.816653826391969,1317.5134687930754,,
37.40093469999556,mouse,move,647,529,7,13,14.7648230602334,1840.9085663994942,,
37.408510399996885,mouse,move,654,541,7,12,13.892443989449804,1833.8165432922576,,
37.41665100000682,mouse,move,661,552,7,11,13.038404810405298,1601.6515729170396,,
37.42478899999696,mouse,move,667,562,6,10,11.661903789690601,1433.0184079405306,,
37.432570500008296,mouse,move,676,576,9,14,16.64331697709324,2138.831453171406,,
37.44062180000765,mouse,move,683,590,7,14,15.652475842498529,1944.0929842086437,,
37.44861239999591,mouse,move,690,604,7,14,15.652475842498529,1958.8611450320543,,
37.456630500004394,mouse,move,700,618,10,14,17.204650534085253,2145.726608034193,,
37.464599400002044,mouse,move,705,634,5,16,16.76305461424021,2103.5594146223666,,
37.472601000001305,mouse,move,711,646,6,12,13.416407864998739,1676.71564015168,,
37.48058160000073,mouse,move,716,660,5,14,14.866068747318506,1862.775824923489,,
37.488606300001265,mouse,move,721,672,5,12,13.0,1619.9982552789136,,
37.49662900000112,mouse,move,727,682,6,10,11.661903789690601,1453.6133458686186,,
37.50472450000234,mouse,move,729,691,2,9,9.219544457292887,1138.8480582923323,,
37.51265800000692,mouse,move,734,700,5,9,10.295630140987,1297.741240945283,,
37.52059860000736,mouse,move,736,706,2,6,6.324555320336759,796.4833035271486,,
37.52857049999875,mouse,move,739,711,3,5,5.830951894845301,731.4381641946649,,
37.53659669999615,mouse,move,740,715,1,4,4.123105625617661,513.7058168189049,,
37.544604199996684,mouse,move,740,716,0,1,1.0,124.88292225210184,,
37.552580600007786,mouse,move,740,718,0,2,2.0,250.7396817130686,,
37.70461179999984,mouse,move,741,718,1,0,1.0,6.577597230386111,,
37.76868370000739,mouse,move,741,718,0,0,0.0,0.0,,
37.77662610000698,mouse,move,743,714,2,-4,4.47213595499958,563.0711063694926,,
37.784742799995,mouse,move,744,710,1,-4,4.123105625617661,507.978073811031,,
37.79273450000619,mouse,move,745,706,1,-4,4.123105625617661,515.9234730839426,,
37.800575600005686,mouse,move,749,700,4,-6,7.211102550927978,919.6544555472682,,
37.808574800001225,mouse,move,751,694,2,-6,6.324555320336759,790.6484803310905,,
37.816617100004805,mouse,move,754,687,3,-7,7.615773105863909,946.964562683942,,
37.824585299997125,mouse,move,756,682,2,-5,5.385164807134504,675.8320338753025,,
37.83259580000595,mouse,move,758,676,2,-6,6.324555320336759,789.5331519095147,,
37.840579499999876,mouse,move,762,670,4,-6,7.211102550927978,903.2281469007568,,
37.84906300000148,mouse,move,764,664,2,-6,6.324555320336759,745.5125029930862,,
37.85659609999857,mouse,move,766,659,2,-5,5.385164807134504,714.8670280780344,,
37.864525299999514,mouse,move,768,653,2,-6,6.324555320336759,797.6284265226456,,
37.87258799999836,mouse,move,769,649,1,-4,4.123105625617661,511.3802604844689,,
37.88050729999668,mouse,move,773,642,4,-7,8.06225774829855,1018.0518164494622,,
37.8886274999968,mouse,move,775,636,2,-6,6.324555320336759,778.8669392677908,,
37.89657389999775,mouse,move,779,629,4,-7,8.06225774829855,1014.579903772545,,
37.90458020000369,mouse,move,781,623,2,-6,6.324555320336759,789.9473309319192,,
37.912540400007856,mouse,move,785,616,4,-7,8.06225774829855,1012.8210024976728,,
37.92055180000898,mouse,move,787,610,2,-6,6.324555320336759,789.4444565805952,,
37.92872880000505,mouse,move,789,606,2,-4,4.47213595499958,546.9164677938838,,
37.936838499997975,mouse,move,792,600,3,-6,6.708203932499369,827.1827488499778,,
37.944563500001095,mouse,move,792,597,0,-3,3.0,388.3495144062623,,
37.95300930000667,mouse,move,796,592,4,-5,6.4031242374328485,758.1430099228517,,
37.96183369999926,mouse,move,796,592,0,0,0.0,0.0,,
37.968510999999125,mouse,move,796,590,0,-2,2.0,299.52226199818847,,
37.976579199996195,mouse,move,796,589,0,-1,1.0,123.94338270782072,,
38.30499150000105,mouse,click_press,796,589,,,,,,
38.52073279999604,mouse,click_release,796,589,,,,,,
39.88049710000632,keyboard,key_press,,,,,,,,7.784945899999002
39.88096840000071,mouse,move,794,583,-2,-6,6.324555320336759,3.3210413713340534,,
39.88647430000128,mouse,move,790,573,-4,-10,10.770329614269007,1956.143339536046,,
39.894539000000805,mouse,move,787,560,-3,-13,13.341664064126334,1654.328625356977,,
39.90191689999483,mouse,move,782,554,-5,-6,7.810249675906654,1058.6006427615987,,
39.90974509999796,mouse,move,782,549,0,-5,5.0,638.7164351957534,,
39.91699169999629,mouse,move,782,548,0,-1,1.0,137.99574976280294,,
39.94018600000709,mouse,move,781,548,-1,0,1.0,43.11404092964016,,
39.94798369999626,mouse,move,780,549,-1,1,1.4142135623730951,181.36291013214847,,
40.03202510000847,keyboard,key_release,,,,,,,0.15152800000214484,
40.479922200000146,keyboard,key_press,,,,,,,,0.5994250999938231
40.725851399998646,keyboard,key_release,,,,,,,0.24592919999849983,
40.940027100004954,keyboard,key_press,,,,,,,,0.46010490000480786
41.05563279999478,keyboard,key_release,,,,,,,0.11560569998982828,
41.2682141999976,keyboard,key_press,,,,,,,,0.32818709999264684
41.373589099996025,keyboard,key_release,,,,,,,0.10537489999842364,
41.44551200000569,keyboard,key_press,,,,,,,,0.17729780000809114
41.55687640000542,keyboard,key_release,,,,,,,0.11136439999972936,
41.65238800000225,keyboard,key_press,,,,,,,,0.20687599999655504
41.80092180000793,keyboard,key_press,,,,,,,,0.14853380000567995
41.83981040000799,keyboard,key_release,,,,,,,0.18742240000574384,
41.89997270000458,keyboard,key_release,,,,,,,0.09905089999665506,
42.27109170000767,keyboard,key_press,,,,,,,,0.4701698999997461
42.424691100008204,keyboard,key_release,,,,,,,0.1535994000005303,
44.91854159999639,keyboard,key_press,,,,,,,,2.6474498999887146
45.00721189999604,keyboard,key_release,,,,,,,0.0886702999996487,
45.011682099997415,keyboard,key_press,,,,,,,,0.09314050000102725
45.18744419999712,keyboard,key_press,,,,,,,,0.1757620999997016
45.20459269999992,keyboard,key_release,,,,,,,0.19291060000250582,
45.253043899996555,keyboard,key_release,,,,,,,0.0655996999994386,
45.334545899997465,keyboard,key_press,,,,,,,,0.1471017000003485
45.41136300000653,keyboard,key_press,,,,,,,,0.07681710000906605
45.4622939999972,keyboard,key_release,,,,,,,0.12774809999973513,
45.55563570000231,keyboard,key_release,,,,,,,0.1442726999957813,
45.6748510000034,keyboard,key_press,,,,,,,,0.2634879999968689
45.85476240000571,keyboard,key_press,,,,,,,,0.17991140000231098
45.876624299999094,keyboard,key_release,,,,,,,0.20177329999569338,
45.98014240000339,keyboard,key_press,,,,,,,,0.12537999999767635
45.99238850000256,keyboard,key_release,,,,,,,0.13762609999685083,
46.0520886000013,keyboard,key_release,,,,,,,0.0719461999979103,
49.50493920000736,mouse,move,784,548,4,-1,4.123105625617661,0.43142459181827014,,
49.512531400003354,mouse,move,806,548,22,0,22.0,2897.710809989,,
49.52190000000701,mouse,move,833,553,27,5,27.459060435491963,2930.96731899983,,
49.52863179999986,mouse,move,854,559,21,6,21.840329667841555,3244.352133313754,,
49.53655430000799,mouse,move,871,565,17,6,18.027756377319946,2275.5135826832957,,
49.54470620000211,mouse,move,905,573,34,8,34.92849839314596,4284.706438787031,,
49.55279080000764,mouse,move,939,585,34,12,36.05551275463989,4459.776949999978,,
49.56088250000903,mouse,move,968,598,29,13,31.78049716414141,3927.5426867894507,,
49.56857309999759,mouse,move,991,609,23,11,25.495097567963924,3315.0986406620636,,
49.57643929999904,mouse,move,1016,620,25,11,27.313000567495326,3472.197574747547,,
49.58459420000145,mouse,move,1042,635,26,15,30.01666203960727,3680.8130118992995,,
49.59248170000501,mouse,move,1072,653,30,18,34.9857113690718,4435.589395026416,,
49.60050850000698,mouse,move,1106,671,34,18,38.47076812334269,4792.790167176717,,
49.608580800006166,mouse,move,1142,693,36,22,42.190046219457976,5226.521093581517,,
49.616488100000424,mouse,move,1173,713,31,20,36.89173349139343,4665.528501281337,,
49.624614800006384,mouse,move,1206,734,33,21,39.11521443121589,4813.17317023278,,
49.63246059999801,mouse,move,1243,756,37,22,43.04648650006177,5486.564346018817,,
49.64049069999601,mouse,move,1279,775,36,19,40.70626487409524,5069.21020712779,,
49.64872440000181,mouse,move,1310,795,31,20,36.89173349139343,4480.577804072469,,
49.65664339999785,mouse,move,1340,811,30,16,34.0,4293.471400052794,,
49.664614399996935,mouse,move,1373,830,33,19,38.07886552931954,4777.175452725531,,
49.672560399994836,mouse,move,1396,844,23,14,26.92582403567252,3388.601062520246,,
49.681062000003294,mouse,move,1418,853,22,9,23.769728648009426,2795.9123723019056,,
49.68850440000824,mouse,move,1436,860,18,7,19.313207915827967,2595.0241727116163,,
49.696647000004305,mouse,move,1455,863,19,3,19.235384061671343,2362.3147484798405,,
49.70448050000414,mouse,move,1482,869,27,6,27.65863337187866,3530.814242990652,,
49.71258980000857,mouse,move,1508,874,26,5,26.476404589747453,3264.9432842869514,,
49.720723599995836,mouse,move,1534,877,26,3,26.1725046566048,3217.746280654686,,
49.72863929999585,mouse,move,1550,880,16,3,16.278820596099706,2056.5231875986237,,
49.73654310000711,mouse,move,1564,886,14,6,15.231546211727817,1927.1168539211847,,
49.744538200000534,mouse,move,1576,891,12,5,13.0,1625.9959238401998,,
49.75257510000665,mouse,move,1587,894,11,3,11.40175425099138,1418.6756389045022,,
49.76052229999914,mouse,move,1597,895,10,1,10.04987562112089,1264.5806863577864,,
49.76857119999477,mouse,move,1611,898,14,3,14.317821063276353,1778.8543864443814,,
49.77663530000427,mouse,move,1621,898,10,0,10.0,1240.0639858400073,,
49.78460559999803,mouse,move,1634,898,13,0,13.0,1631.0552940517798,,
49.79249870000058,mouse,move,1644,898,10,0,10.0,1266.9293429415834,,
49.800961600005394,mouse,move,1653,897,9,-1,9.055385138137417,1070.0097050638656,,
49.808563700004015,mouse,move,1663,896,10,-1,10.04987562112089,1321.9867698324874,,
49.816562299994985,mouse,move,1676,893,13,-3,13.341664064126334,1667.9999098828755,,
49.82457540000905,mouse,move,1684,890,8,-3,8.54400374531753,1066.254474587521,,
49.8325998000073,mouse,move,1684,889,0,-1,1.0,124.6199093039062,,
49.856586199995945,mouse,move,1684,888,0,-1,1.0,41.69029118473144,,
49.87258120000479,mouse,move,1684,884,0,-4,4.0,250.07814928343745,,
49.88088090000383,mouse,move,1684,872,0,-12,12.0,1445.8353918074115,,
49.88850670000829,mouse,move,1681,855,-3,-17,17.26267650163207,2263.7200676036414,,
49.89651350000349,mouse,move,1669,825,-12,-30,32.31098884280702,4035.443480813095,,
49.90448979999928,mouse,move,1651,786,-18,-39,42.95346318982906,5385.136368053387,,
49.912530100002186,mouse,move,1637,748,-14,-38,40.496913462633174,5036.741595215117,,
49.92062920000171,mouse,move,1616,714,-21,-34,39.96248240537617,4934.18804653757,,
49.92857319999894,mouse,move,1609,700,-7,-14,15.652475842498529,1970.3519446083537,,
49.93677590000152,mouse,move,1607,698,-2,-2,2.8284271247461903,344.81659988235276,,
49.94453999999678,mouse,move,1607,696,0,-2,2.0,257.59585801598786,,
49.952561900005094,mouse,move,1607,695,0,-1,1.0,124.65874655172951,,
49.96051030000672,mouse,move,1607,695,0,0,0.0,0.0,,
49.9684688999987,mouse,move,1610,693,3,-2,3.605551275463989,453.03838352189496,,
49.97677740000654,mouse,move,1612,692,2,-1,2.23606797749979,269.1301649382068,,
49.984758400009014,mouse,move,1613,691,1,-1,1.4142135623730951,177.19753939791764,,
49.99252010000055,mouse,move,1615,689,2,-2,2.8284271247461903,364.40820024368895,,
50.00054629999795,mouse,move,1616,689,1,0,1.0,124.59196136697307,,
50.01659769999969,mouse,move,1617,688,1,-1,1.4142135623730951,88.10530933249052,,
50.02455460000783,mouse,move,1616,684,-1,-4,4.123105625617661,518.1798968693952,,
50.032494800005225,mouse,move,1574,675,-42,-9,42.95346318982906,5409.619808560834,,
50.04047680000076,mouse,move,1474,653,-100,-22,102.39140588936164,12827.788266928424,,
50.04847249999875,mouse,move,1356,625,-118,-28,121.27654348636426,15167.720589420727,,
50.05674010000075,mouse,move,1246,609,-110,-16,111.15754585272202,13444.959338360666,,
50.064558099998976,mouse,move,1143,593,-103,-16,104.23531071570709,13332.733530236179,,
50.072445400001016,mouse,move,1051,587,-92,-6,92.19544457292888,11689.100775815552,,
50.0805049000046,mouse,move,994,587,-57,0,57.0,7072.399029054039,,
50.08856649999507,mouse,move,933,601,-61,14,62.5859409132754,7763.463950985641,,
50.09647190000396,mouse,move,899,613,-34,12,36.05551275463989,4560.871393487137,,
50.10452940000687,mouse,move,885,621,-14,8,16.1245154965971,2001.180948282,,
50.112634599994635,mouse,move,879,626,-6,5,7.810249675906654,963.6097428433891,,
50.12053780000133,mouse,move,876,629,-3,3,4.242640687119285,536.8256761217592,,
50.128596099995775,mouse,move,874,631,-2,2,2.8284271247461903,350.99551105020015,,
50.76455669999996,keyboard,key_press,,,,,,,,4.78441429999657
50.96685640000214,keyboard,key_press,,,,,,,,0.202299700002186
51.11002449999796,keyboard,key_release,,,,,,,0.3454677999980049,
51.11259129999962,mouse,move,874,633,0,2,2.0,2.032530239976965,,
51.12048880000657,mouse,move,873,634,-1,1,1.4142135623730951,179.07104287799547,,
51.128501200000755,mouse,move,873,635,0,1,1.0,124.80654993829684,,
51.14462160000403,mouse,move,871,636,-2,1,2.23606797749979,138.710452410961,,
51.160610999999335,mouse,move,869,637,-2,1,2.23606797749979,139.8468972041659,,
51.19668950000778,mouse,move,867,639,-2,2,2.8284271247461903,78.3964722503502,,
51.197397900003125,keyboard,key_release,,,,,,,0.23054150000098161,
51.200656400003936,mouse,move,866,640,-1,1,1.4142135623730951,356.50345704274764,,
51.217491700008395,mouse,move,864,642,-2,2,2.8284271247461903,168.00574530878896,,
51.23387110000476,mouse,move,861,643,-3,1,3.1622776601683795,193.0643162063157,,
51.24912590000895,mouse,move,861,643,0,0,0.0,0.0,,
51.25669490000291,mouse,move,858,644,-3,1,3.1622776601683795,417.79332311932075,,
51.264618700006395,mouse,move,857,644,-1,0,1.0,126.20207470665095,,
51.275061000007554,mouse,move,852,646,-5,2,5.385164807134504,515.7067702073911,,
51.28287150000688,mouse,move,843,649,-9,3,9.486832980505138,1214.6255657547565,,
51.29378560000623,mouse,move,833,650,-10,1,10.04987562112089,920.8157907400091,,
51.296773800000665,mouse,move,822,653,-11,3,11.40175425099138,3815.5927555820303,,
51.304784100007964,mouse,move,814,654,-8,1,8.06225774829855,1006.4863664221916,,
51.31259460000729,mouse,move,802,657,-12,3,12.36931687685298,1583.6779819378073,,
51.32088680000743,mouse,move,786,662,-16,5,16.76305461424021,2021.5448992973713,,
51.32853709999472,mouse,move,767,668,-19,6,19.924858845171276,2604.4545806404653,,
51.33675509999739,mouse,move,745,676,-22,8,23.40939982143925,2848.5519364602915,,
51.34470850000798,mouse,move,721,683,-24,7,25.0,3143.3097752791396,,
51.352756399996,mouse,move,693,693,-28,10,29.732137494637012,3694.3969903847124,,
51.360651700000744,mouse,move,671,703,-22,10,24.166091947189145,3060.819972978519,,
51.36868690000847,mouse,move,659,710,-12,7,13.892443989449804,1728.9481252604544,,
51.376934300002176,mouse,move,648,718,-11,8,13.601470508735444,1649.1828356954416,,
51.385324800008675,mouse,move,643,724,-5,6,7.810249675906654,930.844368018272,,
51.392579200008186,mouse,move,641,733,-2,9,9.219544457292887,1270.8900057778717,,
51.40067170000111,mouse,move,641,735,0,2,2.0,247.14241603313388,,
51.40859210000781,mouse,move,641,740,0,5,5.0,631.2812478880578,,
51.41657299999497,mouse,move,641,749,0,9,9.0,1127.692367336931,,
51.42466499999864,mouse,move,642,754,1,5,5.0990195135927845,630.1309331783739,,
51.4327992000035,mouse,move,646,760,4,6,7.211102550927978,886.516503973204,,
51.44085120000818,mouse,move,650,766,4,6,7.211102550927978,895.5666352130094,,
51.44869590000599,mouse,move,655,771,5,5,7.0710678118654755,901.3815459921724,,
51.45661710000422,mouse,move,661,777,6,6,8.48528137423857,1071.211606338422,,
51.46459830000822,mouse,move,667,782,6,5,7.810249675906654,978.5808740534962,,
51.47262440000486,mouse,move,676,788,9,6,10.816653826391969,1347.68490685619,,
51.4805800000031,mouse,move,685,793,9,5,10.295630140987,1294.1362239509547,,
51.488907899998594,mouse,move,696,799,11,6,12.529964086141668,1504.5766751429699,,
51.49658350000391,mouse,move,710,803,14,4,14.560219778561036,1896.9487425714103,,
51.50479120000091,mouse,move,725,810,15,7,16.55294535724685,2016.7580885381344,,
51.512551499996334,mouse,move,740,817,15,7,16.55294535724685,2133.0290539032153,,
51.52067939999688,mouse,move,758,824,18,7,19.313207915827967,2376.1620977783305,,
51.52859960000205,mouse,move,783,833,25,9,26.570660511172846,3354.796658394509,,
51.53657559999556,mouse,move,797,840,14,7,15.652475842498529,1962.4468223727065,,
51.54471790000389,mouse,move,809,845,12,5,13.0,1596.6004675214042,,
51.55288580000342,mouse,move,816,849,7,4,8.06225774829855,987.0661674062881,,
51.60864710000169,mouse,move,816,852,0,3,3.0,53.80075428824753,,
51.616574200001196,mouse,move,814,856,-2,4,4.47213595499958,564.1578831197107,,
51.625962300007814,mouse,move,810,859,-4,3,5.0,532.5891284152848,,
51.63267160000396,mouse,move,802,867,-8,8,11.313708498984761,1686.2725627835473,,
51.6406977000006,mouse,move,797,876,-5,9,10.295630140987,1282.7687351634622,,
51.64858890000323,mouse,move,789,887,-8,11,13.601470508735444,1723.6251145831666,,
51.65689650000422,mouse,move,784,896,-5,9,10.295630140987,1239.3025831480281,,
51.66457969999465,mouse,move,781,903,-3,7,7.615773105863909,991.2241143476085,,
51.672623200007365,mouse,move,777,912,-4,9,9.848857801796104,1224.4492803162038,,
51.680789999998524,mouse,move,773,924,-4,12,12.649110640673518,1548.8454050995763,,
51.688667700000224,mouse,move,772,931,-1,7,7.0710678118654755,897.6056222424921,,
51.69654309999896,mouse,move,771,938,-1,7,7.0710678118654755,897.8677670973154,,
51.70461509999586,mouse,move,771,948,0,10,10.0,1238.850347353784,,
51.71251979999943,mouse,move,771,955,0,7,7.0,885.5491032984916,,
51.72070320000057,mouse,move,771,962,0,7,7.0,855.3901800011489,,
51.728584199998295,mouse,move,771,967,0,5,5.0,634.4372543387991,,
51.73664469999494,mouse,move,771,972,0,5,5.0,620.3089140972525,,
51.74455509999825,mouse,move,771,975,0,3,3.0,379.24757265678426,,
51.75272380000388,mouse,move,771,978,0,3,3.0,367.25549939815494,,
51.76091130000714,mouse,move,771,980,0,2,2.0,244.27480906305402,,
51.76950470000156,mouse,move,770,983,-1,3,3.1622776601683795,367.9891151604821,,
51.77680269999837,mouse,move,768,985,-2,2,2.8284271247461903,387.56195203934635,,
51.78466469999694,mouse,move,766,988,-2,3,3.605551275463989,458.60484305785843,,
51.79265000000305,mouse,move,766,990,0,2,2.0,250.4602204637479,,
51.80072709999513,mouse,move,765,994,-1,4,4.123105625617661,510.46856293239165,,
51.80864620000648,mouse,move,763,996,-2,2,2.8284271247461903,357.1652234082772,,
51.8166629000043,mouse,move,762,997,-1,1,1.4142135623730951,176.4084427204275,,
51.96059129999776,mouse,move,761,998,-1,1,1.4142135623730951,9.82581312956578,,
52.000634099997114,mouse,move,759,998,-2,0,2.0,49.946557184617426,,
52.00862429999688,mouse,move,755,998,-4,0,4.0,500.6132512473361,,
52.01658500000485,mouse,move,750,998,-5,0,5.0,628.0854692418857,,
52.02449730000808,mouse,move,745,998,-5,0,5.0,631.9275050188778,,
52.032504500006326,mouse,move,738,998,-7,0,7.0,874.2132083041422,,
52.04045280000719,mouse,move,729,998,-9,0,9.0,1132.3176023833644,,
52.04852510000637,mouse,move,721,998,-8,0,8.0,991.0434449670842,,
52.056472700001905,mouse,move,714,998,-7,0,7.0,880.7690376887629,,
52.06453899999906,mouse,move,706,998,-8,0,8.0,991.780618477234,,
52.07249849999789,mouse,move,697,998,-9,0,9.0,1130.7242918926434,,
52.08053099999961,mouse,move,689,998,-8,0,8.0,995.953936917356,,
52.088630099999136,mouse,move,684,998,-5,0,5.0,617.3525453806358,,
52.09655570000177,mouse,move,680,998,-4,0,4.0,504.69365078600055,,
52.104502400005,mouse,move,678,998,-2,0,2.0,251.67679655540618,,
52.1124845000013,mouse,move,675,998,-3,0,3.0,375.8409442867799,,
52.120755399999325,mouse,move,674,998,-1,0,1.0,120.90582648066076,,
52.972555000000284,keyboard,key_press,,,,,,,,2.0056985999981407
53.15977230000135,keyboard,key_release,,,,,,,0.18721730000106618,
