timestamp,device,event,x,y,dx,dy,distance,velocity,hold_time,flight_time
0.28608960000565276,mouse,move,1054,832,0,0,0,0,,
0.83821970000281,mouse,scroll,1054,832,0,-1,,,,
7.7422707000077935,mouse,move,1052,832,-2,0,2.0,0.2682338281723637,,
7.750386600004276,mouse,move,1051,829,-1,-3,3.1622776601683795,389.6398010742904,,
7.758316300009028,mouse,move,1051,816,0,-13,13.0,1639.40628172691,,
7.766221800004132,mouse,move,1051,801,0,-15,15.0,1897.413194521493,,
7.77429430000484,mouse,move,1051,786,0,-15,15.0,1858.1604210201033,,
7.782356000010623,mouse,move,1051,768,0,-18,18.0,2232.7796850649806,,
7.791038800001843,mouse,move,1051,743,0,-25,25.0,2879.2555425990677,,
7.798251300002448,mouse,move,1050,726,-1,-17,17.029386365926403,2361.093430086252,,
7.806416800012812,mouse,move,1050,708,0,-18,18.0,2204.3965436475623,,
7.814490500008105,mouse,move,1050,696,0,-12,12.0,1486.3073940071627,,
7.823509000008926,mouse,move,1050,692,0,-4,4.0,443.53273821989063,,
7.846198900006129,mouse,move,1050,692,0,0,0.0,0.0,,
9.58289310001419,mouse,move,1050,691,0,-1,1.0,0.5758066100499207,,
9.5902700000006,mouse,move,1049,690,-1,-1,1.4142135623730951,191.70838224432148,,
9.798502200006624,mouse,move,1049,690,0,0,0.0,0.0,,
10.238952200001222,mouse,move,1049,689,0,-1,1.0,2.2704052673680644,,
10.246284500011825,mouse,move,1048,688,-1,-1,1.4142135623730951,192.87448144893992,,
13.726913500009687,mouse,move,1046,687,-2,-1,2.23606797749979,0.6424321516315481,,
13.734335800007102,mouse,move,1046,687,0,0,0.0,0.0,,
13.750271600001724,mouse,move,1044,686,-2,-1,2.23606797749979,140.31727169356833,,
13.758723800012376,mouse,move,1042,684,-2,-2,2.8284271247461903,334.6379784176569,,
13.76672340001096,mouse,move,1041,683,-1,-1,1.4142135623730951,176.78553460465778,,
13.77419420001388,mouse,move,1040,683,-1,0,1.0,133.854473364176,,
13.790261500005727,mouse,move,1039,681,-1,-2,2.23606797749979,139.16886960687614,,
13.806236100004753,mouse,move,1036,679,-3,-2,3.605551275463989,225.70526183339408,,
13.814870200003497,mouse,move,1036,677,0,-2,2.0,231.63966137650618,,
13.82233830000041,mouse,move,1036,677,0,0,0.0,0.0,,
13.8788796000008,mouse,move,1035,676,-1,-1,1.4142135623730951,25.01204539625618,,
13.886264600005234,mouse,move,1034,675,-1,-1,1.4142135623730951,191.49811259636638,,
13.894309800001793,mouse,move,1033,675,-1,0,1.0,124.29771794706343,,
13.902869400000782,mouse,move,1032,673,-1,-2,2.23606797749979,261.23510184633176,,
13.91899900000135,mouse,move,1031,672,-1,-1,1.4142135623730951,87.678154593004,,
13.926724600009038,mouse,move,1030,672,-1,0,1.0,129.4397844833781,,
16.166211800009478,mouse,move,1030,670,0,-2,2.0,0.8930615901710031,,
16.182200000010198,mouse,move,1030,673,0,3,3.0,187.6383832992383,,
16.19018980000692,mouse,move,1033,681,3,8,8.54400374531753,1069.363907585093,,
16.19842470000731,mouse,move,1037,702,4,21,21.37755832643195,2595.970603823095,,
16.206204200003413,mouse,move,1043,732,6,30,30.59411708155671,3932.658538065076,,
16.21425880001334,mouse,move,1057,753,14,21,25.238858928247925,3133.471419703065,,
16.22222770001099,mouse,move,1066,764,9,11,14.212670403551895,1783.5172241769467,,
16.230281800002558,mouse,move,1082,781,16,17,23.345235059857504,2898.552921406122,,
16.238470700001926,mouse,move,1100,802,18,21,27.65863337187866,3377.576154796526,,
16.246248800001922,mouse,move,1126,826,26,24,35.38361202590826,4549.133082105772,,
16.25424930000736,mouse,move,1155,853,29,27,39.6232255123179,4952.593648570758,,
16.262238000010257,mouse,move,1200,891,45,38,58.89821729050889,7372.691084800567,,
16.270278900003177,mouse,move,1230,912,30,21,36.61966684720111,4554.175139529479,,
16.286354200012283,mouse,move,1243,924,13,12,17.69180601295413,1100.558372343417,,
16.29420640000899,mouse,move,1256,934,13,10,16.401219466856727,2088.7419415881895,,
16.302416500009713,mouse,move,1265,942,9,8,12.041594578792296,1466.6806223712417,,
16.310195100013516,mouse,move,1269,946,4,4,5.656854249492381,727.2329528098379,,
16.31835790000332,mouse,move,1274,951,5,5,7.0710678118654755,866.2551845809369,,
16.326191600004677,mouse,move,1280,954,6,3,6.708203932499369,856.3263759574692,,
16.334377700011828,mouse,move,1282,956,2,2,2.8284271247461903,345.5158283279363,,
16.342221800005063,mouse,move,1282,957,0,1,1.0,127.48435140581796,,
16.470271300000604,mouse,move,1283,958,1,1,1.4142135623730951,11.04427242919608,,
16.486681000009412,mouse,move,1284,958,1,0,1.0,60.939566199459,,
16.49463870000909,mouse,move,1284,959,0,1,1.0,125.66445078858884,,
16.598240000006626,mouse,move,1285,960,1,1,1.4142135623730951,13.650538771296658,,
19.806346500001382,mouse,move,1281,958,-4,-2,4.47213595499958,1.3940110638493113,,
19.814369000014267,mouse,move,1259,950,-22,-8,23.40939982143925,2917.968187452998,,
19.822452700012946,mouse,move,1214,932,-45,-18,48.46648326421054,5995.581636148405,,
19.830275700005586,mouse,move,1186,923,-28,-9,29.410882339705484,3759.540121100998,,
19.83848280001257,mouse,move,1165,916,-21,-7,22.135943621178654,2697.169962878501,,
19.846312500012573,mouse,move,1156,912,-9,-4,9.848857801796104,1257.884440245926,,
19.854251200013096,mouse,move,1156,910,0,-2,2.0,251.93041680228833,,
19.870444200001657,mouse,move,1156,909,0,-1,1.0,61.75507939889988,,
19.878310600004625,mouse,move,1154,904,-2,-5,5.385164807134504,684.5780541420438,,
19.886250800002017,mouse,move,1154,901,0,-3,3.0,377.82423628941126,,
19.89429390001169,mouse,move,1154,900,0,-1,1.0,124.33017105313074,,
19.91034290000971,mouse,move,1154,897,0,-3,3.0,186.92753444888248,,
19.91834220000601,mouse,move,1149,891,-5,-6,7.810249675906654,976.3666420211185,,
19.9262912000122,mouse,move,1144,883,-5,-8,9.433981132056603,1186.8135771427126,,
19.934289100012393,mouse,move,1143,870,-1,-13,13.038404810405298,1630.228536252447,,
19.942430100010824,mouse,move,1139,854,-4,-16,16.492422502470642,2025.8472553307793,,
19.950269800014212,mouse,move,1149,834,10,-20,22.360679774997898,2852.236662797838,,
19.958435300010024,mouse,move,1159,799,10,-35,36.40054944640259,4457.846973862318,,
19.96625660000427,mouse,move,1171,739,12,-60,61.18823416311342,7823.2818339806945,,
19.974296300002607,mouse,move,1186,698,15,-41,43.657759905886145,5430.2722632595305,,
19.982465700013563,mouse,move,1192,696,6,-2,6.324555320336759,774.1762322636343,,
19.998233900012565,mouse,move,1198,652,6,-44,44.40720662234904,2816.250848236336,,
20.006360700004734,mouse,move,1186,586,-12,-66,67.08203932499369,8254.422329777031,,
20.014204400009476,mouse,move,1174,548,-12,-38,39.84971769034255,5080.474478403461,,
20.022392200000468,mouse,move,1140,500,-34,-48,58.82176467941097,7184.074445409593,,
20.030287600005977,mouse,move,1102,452,-38,-48,61.220911460055866,7753.9974437442015,,
20.03829830000177,mouse,move,1064,410,-38,-42,56.639209034025185,7070.444413567816,,
20.046244300014223,mouse,move,1018,363,-46,-47,65.76473218982953,8276.457599643238,,
20.05452890000015,mouse,move,975,318,-43,-45,62.24146527838174,7512.911351677614,,
20.062235800010967,mouse,move,932,275,-43,-43,60.81118318204309,7890.48555147902,,
20.070198100002017,mouse,move,896,239,-36,-36,50.91168824543142,6394.093202047124,,
20.078227000005427,mouse,move,853,196,-43,-43,60.81118318204309,7574.036686995235,,
20.08621400000993,mouse,move,815,154,-38,-42,56.639209034025185,7091.424690381831,,
20.094687400007388,mouse,move,776,114,-39,-40,55.86591089385369,6593.092608708018,,
20.102231400000164,mouse,move,750,88,-26,-26,36.76955262170047,4874.012812421409,,
20.11034230000223,mouse,move,731,73,-19,-15,24.20743687382041,2984.5561981597825,,
20.118316500011133,mouse,move,716,59,-15,-14,20.518284528683193,2573.0837583426305,,
20.126482800013036,mouse,move,704,51,-12,-8,14.422205101855956,1766.063590425819,,
20.134370100000524,mouse,move,696,45,-8,-6,10.0,1267.8609937322171,,
20.1424529000069,mouse,move,688,40,-8,-5,9.433981132056603,1167.167457392609,,
20.150562900002114,mouse,move,684,36,-4,-4,5.656854249492381,697.5159374637963,,
20.158404500005418,mouse,move,680,33,-4,-3,5.0,637.6249742264215,,
20.19865310000023,mouse,move,677,34,-3,1,3.1622776601683795,78.56863743275677,,
20.206406900004367,mouse,move,675,39,-2,5,5.385164807134504,694.5194361809897,,
20.21424100000877,mouse,move,671,45,-4,6,7.211102550927978,920.4761934205654,,
20.222279100009473,mouse,move,671,46,0,1,1.0,124.40750922636612,,
20.230241400000523,mouse,move,670,46,-1,0,1.0,125.59185174184239,,
20.23835530001088,mouse,move,667,46,-3,0,3.0,369.73588486059964,,
20.246398700008285,mouse,move,664,46,-3,0,3.0,372.97660205484715,,
20.254377100005513,mouse,move,660,46,-4,0,4.0,501.3536550423443,,
20.26225830000476,mouse,move,649,41,-11,-5,12.083045973594572,1533.1479945629374,,
20.270708500000183,mouse,move,632,35,-17,-6,18.027756377319946,2133.4117993757704,,
20.278616600000532,mouse,move,602,28,-30,-7,30.805843601498726,3895.4797739199134,,
20.286354300013045,mouse,move,571,18,-31,-10,32.57299494980466,4209.648202583638,,
20.294372000003932,mouse,move,542,15,-29,-3,29.154759474226502,3636.2996254990076,,
20.302244600010454,mouse,move,520,13,-22,-2,22.090722034374522,2806.02621955574,,
20.310321200013277,mouse,move,495,15,-25,2,25.079872407968907,3105.251268999523,,
20.31865370000014,mouse,move,465,34,-30,19,35.510561809129406,4261.693593172795,,
20.326379900012398,mouse,move,429,67,-36,33,48.83646178829912,6320.8901802725695,,
20.334364200010896,mouse,move,398,102,-31,35,46.75467891024384,5855.8269252209575,,
20.342453100005514,mouse,move,375,145,-23,43,48.76474136094644,6028.599858249057,,
20.350436700013233,mouse,move,361,181,-14,36,38.62641583165593,4838.220325956707,,
20.358417000010377,mouse,move,353,199,-8,18,19.697715603592208,2468.292621911835,,
20.36633730000176,mouse,move,349,213,-4,14,14.560219778561036,1838.3419560372245,,
20.37439670000458,mouse,move,348,226,-1,13,13.038404810405298,1617.7885209619765,,
20.382765900008962,mouse,move,348,231,0,5,5.0,597.4286667044148,,
20.39059820001421,mouse,move,348,233,0,2,2.0,255.35283360698074,,
20.398373400006676,mouse,move,348,234,0,1,1.0,128.61405506855203,,
20.494389000014053,mouse,move,348,234,0,0,0.0,0.0,,
20.502394200011622,mouse,move,342,234,-6,0,6.0,749.5128168967346,,
20.510354600002756,mouse,move,334,234,-8,0,8.0,1004.9746255100149,,
20.518298900002264,mouse,move,325,234,-9,0,9.0,1132.8877308960255,,
20.526496800011955,mouse,move,320,234,-5,0,5.0,609.912293891054,,
20.534420400013914,mouse,move,313,235,-7,1,7.0710678118654755,892.4059531169084,,
20.542297600011807,mouse,move,303,236,-10,1,10.04987562112089,1275.8182633181264,,
20.550245700011146,mouse,move,291,237,-12,1,12.041594578792296,1515.0280670592022,,
20.558618800001568,mouse,move,281,241,-10,4,10.770329614269007,1286.3013252665467,,
20.566294000003836,mouse,move,267,243,-14,2,14.142135623730951,1842.5755184949016,,
20.57440700000734,mouse,move,257,244,-10,1,10.04987562112089,1238.7372879057873,,
20.582265900011407,mouse,move,250,244,-7,0,7.0,890.7098953260513,,
20.590329500002554,mouse,move,243,240,-7,-4,8.06225774829855,999.8335429771566,,
20.598264300002484,mouse,move,242,237,-1,-3,3.1622776601683795,398.5327494324105,,
20.606334700001753,mouse,move,242,236,0,-1,1.0,123.9095955702992,,
20.622672000012244,mouse,move,242,235,0,-1,1.0,61.20962456206594,,
20.630309700005455,mouse,move,242,233,0,-2,2.0,261.858936823625,,
20.646223800009466,mouse,move,242,233,0,0,0.0,0.0,,
20.66224110001349,mouse,move,242,233,0,0,0.0,0.0,,
20.670195600003353,mouse,move,242,234,0,1,1.0,125.71500424592305,,
20.67824360000668,mouse,move,244,236,2,2,2.8284271247461903,351.44472211440325,,
20.686375700010103,mouse,move,247,237,3,1,3.1622776601683795,388.86359720583806,,
20.69425400000182,mouse,move,252,237,5,0,5.0,634.6546850535115,,
20.70270110000274,mouse,move,259,239,7,2,7.280109889280518,861.8472479888018,,
20.71032230000128,mouse,move,266,243,7,4,8.06225774829855,1057.8724806912512,,
20.718643000000156,mouse,move,273,243,7,0,7.0,841.2753735798101,,
20.726358000014443,mouse,move,282,248,9,5,10.295630140987,1334.4951551421584,,
20.73475600000529,mouse,move,290,252,8,4,8.94427190999916,1065.047858983876,,
20.742760200009798,mouse,move,297,257,7,5,8.602325267042627,1074.7264264010132,,
20.750656500007608,mouse,move,304,266,7,9,11.40175425099138,1443.9363061374572,,
20.758222000004025,mouse,move,310,276,6,10,11.661903789690601,1541.4584356900846,,
20.766336000000592,mouse,move,317,290,7,14,15.652475842498529,1929.070230357499,,
20.774254500007373,mouse,move,323,301,6,11,12.529964086141668,1582.365861641941,,
20.782444300013594,mouse,move,326,308,3,7,7.615773105863909,929.9095338199829,,
20.79038470001251,mouse,move,333,321,7,13,14.7648230602334,1859.4558287051282,,
20.798271200008458,mouse,move,336,328,3,7,7.615773105863909,965.6721118084056,,
20.80631820000417,mouse,move,338,340,2,12,12.165525060596439,1511.8087569376635,,
20.81438720000733,mouse,move,338,347,0,7,7.0,867.5176598411025,,
20.8222620000015,mouse,move,338,353,0,6,6.0,761.9241129225148,,
20.830238000009558,mouse,move,338,362,0,9,9.0,1128.385154326573,,
20.83854200001224,mouse,move,336,369,-2,7,7.280109889280518,876.6991675011855,,
20.846410400001332,mouse,move,330,380,-6,11,12.529964086141668,1592.4411701884583,,
20.854407600010745,mouse,move,329,388,-1,8,8.06225774829855,1008.135064623732,,
20.862283000009484,mouse,move,328,395,-1,7,7.0710678118654755,897.8677670973154,,
20.870467600005213,mouse,move,327,404,-1,9,9.055385138137417,1106.3931215773837,,
20.878234100004192,mouse,move,324,413,-3,9,9.486832980505138,1221.5068540207258,,
20.886318000004394,mouse,move,322,422,-2,9,9.219544457292887,1140.4822495408202,,
20.894205300006433,mouse,move,321,427,-1,5,5.0990195135927845,646.4847935636196,,
20.90254450000066,mouse,move,318,431,-3,4,5.0,599.5778975756103,,
20.910297300011734,mouse,move,316,435,-2,4,4.47213595499958,576.841392607892,,
20.9183170000033,mouse,move,314,441,-2,6,6.324555320336759,788.6274208498335,,
20.926656900002854,mouse,move,311,447,-3,6,6.708203932499369,804.3506436356724,,
20.93422590001137,mouse,move,305,456,-6,9,10.816653826391969,1429.0730366259695,,
20.942324300005566,mouse,move,303,460,-2,4,4.47213595499958,552.2246318043672,,
20.950383300005342,mouse,move,300,466,-3,6,6.708203932499369,832.3866401149271,,
20.958219900014228,mouse,move,295,473,-5,7,8.602325267042627,1097.7114127667644,,
20.966259200009517,mouse,move,293,477,-2,4,4.47213595499958,556.2842483325827,,
20.97424630000023,mouse,move,290,482,-3,5,5.830951894845301,730.0461871798601,,
20.982379800014314,mouse,move,288,485,-2,3,3.605551275463989,443.2963999780236,,
20.990277600008994,mouse,move,287,486,-1,1,1.4142135623730951,179.0642410957101,,
21.006309000003967,mouse,move,287,487,0,1,1.0,62.37758401097997,,
21.01431510000839,mouse,move,286,488,-1,1,1.4142135623730951,176.64200566966434,,
21.030294000011054,mouse,move,285,488,-1,0,1.0,62.582530701939724,,
21.054264400008833,mouse,move,285,490,0,2,2.0,83.43623803463012,,
21.17471160000423,mouse,move,286,494,1,4,4.123105625617661,34.231643622892356,,
21.1824159000098,mouse,move,294,508,8,14,16.1245154965971,2092.924144300903,,
21.19039590000466,mouse,move,301,522,7,14,15.652475842498529,1961.4631394213302,,
21.19826840001042,mouse,move,310,540,9,18,20.12461179749811,2556.317787586298,,
21.206328400003258,mouse,move,323,558,13,18,22.20360331117452,2754.7894951493754,,
21.214313900010893,mouse,move,328,571,5,13,13.92838827718412,1744.2099134515192,,
21.222279100009473,mouse,move,336,589,8,18,19.697715603592208,2472.9718785597383,,
21.230232700007036,mouse,move,343,604,7,15,16.55294535724685,2081.1890668776537,,
21.238247000001138,mouse,move,351,618,8,14,16.1245154965971,2011.9680456763776,,
21.246335800009547,mouse,move,361,628,10,10,14.142135623730951,1748.360153425659,,
21.254291900011594,mouse,move,367,634,6,6,8.48528137423857,1066.512659727099,,
21.262302200004342,mouse,move,373,640,6,6,8.48528137423857,1059.2963287169027,,
21.270301400014432,mouse,move,376,642,3,2,3.605551275463989,450.73898276277276,,
21.278244100001757,mouse,move,376,643,0,1,1.0,125.90177163884061,,
24.532647700005327,keyboard,key_press,,,,,,,,
25.05212950000714,keyboard,key_press,,,,,,,,0.5194818000018131
25.087511200006702,keyboard,key_press,,,,,,,,0.03538169999956153
25.11973730000318,keyboard,key_press,,,,,,,,0.0322260999964783
25.153466900010244,keyboard,key_press,,,,,,,,0.03372960000706371
25.18706400001247,keyboard,key_press,,,,,,,,0.03359710000222549
25.219999400011147,keyboard,key_press,,,,,,,,0.032935399998677894
25.253239200013923,keyboard,key_press,,,,,,,,0.033239800002775155
25.286339500002214,keyboard,key_press,,,,,,,,0.033100299988291226
25.320091300003696,keyboard,key_press,,,,,,,,0.03375180000148248
25.354276600002777,keyboard,key_press,,,,,,,,0.0341852999990806
25.387226100006956,keyboard,key_press,,,,,,,,0.032949500004178844
25.4208423000091,keyboard,key_press,,,,,,,,0.03361620000214316
25.45371060000616,keyboard,key_press,,,,,,,,0.03286829999706242
25.486869700005627,keyboard,key_press,,,,,,,,0.03315909999946598
25.520265600003768,keyboard,key_press,,,,,,,,0.03339589999814052
25.553741000010632,keyboard,key_press,,,,,,,,0.03347540000686422
25.587807900010375,keyboard,key_press,,,,,,,,0.03406689999974333
25.622017700006836,keyboard,key_press,,,,,,,,0.03420979999646079
25.655619600001955,keyboard,key_press,,,,,,,,0.03360189999511931
25.68811010000354,keyboard,key_press,,,,,,,,0.03249050000158604
25.721418500004802,keyboard,key_press,,,,,,,,0.03330840000126045
25.75492900000245,keyboard,key_press,,,,,,,,0.03351049999764655
25.78857620000781,keyboard,key_press,,,,,,,,0.03364720000536181
25.821985600006883,keyboard,key_press,,,,,,,,0.033409399999072775
25.85457110000425,keyboard,key_press,,,,,,,,0.03258549999736715
25.889266600002884,keyboard,key_press,,,,,,,,0.03469549999863375
25.92296160000842,keyboard,key_press,,,,,,,,0.03369500000553671
25.955524400007562,keyboard,key_press,,,,,,,,0.032562799999141134
25.9883242000069,keyboard,key_press,,,,,,,,0.032799799999338575
26.02236110001104,keyboard,key_press,,,,,,,,0.03403690000413917
26.05575930001214,keyboard,key_press,,,,,,,,0.03339820000110194
26.089084800012643,keyboard,key_press,,,,,,,,0.03332550000050105
26.122673700010637,keyboard,key_press,,,,,,,,0.033588899997994304
26.157328600005712,keyboard,key_press,,,,,,,,0.03465489999507554
26.189698400005,keyboard,key_press,,,,,,,,0.03236979999928735
26.22319660001085,keyboard,key_press,,,,,,,,0.033498200005851686
26.256105200009188,keyboard,key_press,,,,,,,,0.032908599998336285
26.288988100001006,keyboard,key_press,,,,,,,,0.032882899991818704
26.322434800007613,keyboard,key_press,,,,,,,,0.03344670000660699
26.355835200010915,keyboard,key_press,,,,,,,,0.03340040000330191
26.390661800003727,keyboard,key_press,,,,,,,,0.03482659999281168
26.42341300001135,keyboard,key_press,,,,,,,,0.03275120000762399
26.456335300012142,keyboard,key_press,,,,,,,,0.03292230000079144
26.490054600013536,keyboard,key_press,,,,,,,,0.033719300001394004
26.523011700002826,keyboard,key_press,,,,,,,,0.03295709998928942
26.556297800008906,keyboard,key_press,,,,,,,,0.03328610000608023
26.590472500000033,keyboard,key_press,,,,,,,,0.034174699991126545
26.62342110001191,keyboard,key_press,,,,,,,,0.032948600011877716
26.657102600001963,keyboard,key_press,,,,,,,,0.033681499990052544
26.690617800006294,keyboard,key_press,,,,,,,,0.033515200004330836
26.724088500006474,keyboard,key_press,,,,,,,,0.03347070000017993
26.757148100004997,keyboard,key_press,,,,,,,,0.03305959999852348
26.790241500013508,keyboard,key_press,,,,,,,,0.0330934000085108
26.824017600010848,keyboard,key_press,,,,,,,,0.03377609999733977
26.85716300000786,keyboard,key_press,,,,,,,,0.03314539999701083
26.8906990000105,keyboard,key_press,,,,,,,,0.03353600000264123
26.924928500011447,keyboard,key_press,,,,,,,,0.034229500000947155
26.95853070000885,keyboard,key_press,,,,,,,,0.03360219999740366
26.991382800013525,keyboard,key_press,,,,,,,,0.03285210000467487
27.024448100011796,keyboard,key_press,,,,,,,,0.03306529999827035
27.057680000012624,keyboard,key_press,,,,,,,,0.03323190000082832
27.091101800004253,keyboard,key_press,,,,,,,,0.033421799991629086
27.12453520001145,keyboard,key_press,,,,,,,,0.03343340000719763
27.158079700006056,keyboard,key_press,,,,,,,,0.03354449999460485
27.19264240001212,keyboard,key_press,,,,,,,,0.034562700006063096
27.225629400010803,keyboard,key_press,,,,,,,,0.03298699999868404
27.258473100009724,keyboard,key_press,,,,,,,,0.03284369999892078
27.292294700004277,keyboard,key_press,,,,,,,,0.03382159999455325
27.32597600000736,keyboard,key_press,,,,,,,,0.03368130000308156
27.359531600013725,keyboard,key_press,,,,,,,,0.03355560000636615
27.39221120000002,keyboard,key_press,,,,,,,,0.032679599986295216
27.426204300005338,keyboard,key_press,,,,,,,,0.03399310000531841
27.46074480000243,keyboard,key_press,,,,,,,,0.03454049999709241
27.49301470001228,keyboard,key_press,,,,,,,,0.03226990000985097
27.526653800014174,keyboard,key_press,,,,,,,,0.033639100001892075
27.528910200009705,keyboard,key_release,,,,,,,0.0022563999955309555,
28.582322100002784,mouse,move,376,644,0,1,1.0,0.13690981941866712,,
28.59024240000872,mouse,move,374,647,-2,3,3.605551275463989,455.2291292958782,,
28.966872100005276,mouse,move,374,648,0,1,1.0,2.6551278351365912,,
28.9742610000103,mouse,move,372,649,-2,1,2.23606797749979,302.62528603430263,,
28.982209300011164,mouse,move,367,654,-5,5,7.0710678118654755,889.6327278912997,,
28.99073540000245,mouse,move,362,657,-5,3,5.830951894845301,683.8943832238231,,
28.99823670000478,mouse,move,353,664,-9,7,11.40175425099138,1519.9704381169988,,
29.006835200008936,mouse,move,351,665,-2,1,2.23606797749979,260.053262361966,,
29.01426390001143,mouse,move,345,670,-6,5,7.810249675906654,1051.3615670691015,,
29.022235300013563,mouse,move,339,675,-6,5,7.810249675906654,979.7839368010341,,
29.03026860000682,mouse,move,336,677,-3,2,3.605551275463989,448.8256729476038,,
29.03885430000082,mouse,move,333,678,-3,1,3.1622776601683795,368.3191425717264,,
29.046300100002554,mouse,move,332,678,-1,0,1.0,134.3039028401583,,
29.086442600004375,mouse,move,331,680,-1,2,2.23606797749979,55.70325658338093,,
29.094272000002093,mouse,move,330,681,-1,1,1.4142135623730951,180.6286002484665,,
29.88959250001062,keyboard,key_press,,,,,,,,2.362938699996448
30.372603900003014,keyboard,key_press,,,,,,,,0.4830113999923924
30.516676300001564,keyboard,key_release,,,,,,,0.6270837999909418,
30.60495290000108,keyboard,key_release,,,,,,,0.23234899999806657,
30.846266600012314,mouse,move,328,681,-2,0,2.0,1.1415560299034782,,
30.8544649000105,mouse,move,318,663,-10,-18,20.591260281974,2511.6500111649348,,
30.862244400006603,mouse,move,299,627,-19,-36,40.70626487409524,5232.504003403769,,
30.870396700003766,mouse,move,281,600,-18,-27,32.449961479175904,3980.467044940049,,
30.878320200004964,mouse,move,269,590,-12,-10,15.620499351813308,1971.414065684632,,
30.886657500013825,mouse,move,263,587,-6,-3,6.708203932499369,804.6014807395098,,
30.894323100001202,mouse,move,259,587,-4,0,4.0,521.8117311870043,,
30.902234800014412,mouse,move,258,587,-1,0,1.0,126.3950855480254,,
30.910467300011078,mouse,move,257,587,-1,0,1.0,121.46978444032756,,
30.91832240000076,mouse,move,255,587,-2,0,2.0,254.6116539097828,,
30.926546300004702,mouse,move,255,587,0,0,0.0,0.0,,
31.006330200005323,mouse,move,253,587,-2,0,2.0,25.067714162687487,,
31.014317500012112,mouse,move,245,577,-8,-10,12.806248474865697,1603.3263385600221,,
31.02235960001417,mouse,move,232,556,-13,-21,24.698178070456937,3071.110538806661,,
31.030321400001412,mouse,move,214,526,-18,-30,34.9857113690718,4394.196215068265,,
31.03831170000194,mouse,move,191,483,-23,-43,48.76474136094644,6102.992548179561,,
31.046329800010426,mouse,move,162,427,-29,-56,63.06346010171025,7865.137630482943,,
31.05440130000352,mouse,move,127,370,-35,-57,66.88796603276258,8286.931312642982,,
31.06244130000414,mouse,move,89,306,-38,-64,74.43117626371358,9257.608987310954,,
31.070314500000677,mouse,move,50,233,-39,-73,82.76472678623425,10512.209371363953,,
31.07841910001298,mouse,move,15,173,-35,-60,69.46221994724903,8570.715376676044,,
31.090898100010236,mouse,move,-21,109,-36,-64,73.43023900274328,5884.304753496907,,
31.0944157000049,mouse,move,-26,57,-5,-52,52.23983154643591,14850.986930194427,,
31.102334700000938,mouse,move,-23,14,3,-43,43.104524124504614,5443.177692395478,,
31.110395200012135,mouse,move,-12,-6,11,-20,22.825424421026653,2831.762842170905,,
31.11825170001248,mouse,move,-6,-11,6,-5,7.810249675906654,994.1131134175548,,
31.126214300005813,mouse,move,-5,-7,1,4,4.123105625617661,517.8089605241123,,
31.1343571000034,mouse,move,-3,-5,2,2,2.8284271247461903,347.3531371990914,,
31.14278040001227,mouse,move,-1,0,2,5,5.385164807134504,639.317702261909,,
31.21455240000796,mouse,move,0,-3,1,-3,3.1622776601683795,44.06004654124569,,
31.222251200000755,mouse,move,0,-5,0,-2,2.0,259.7807452942918,,
31.23046050000994,mouse,move,2,-7,2,-2,2.8284271247461903,344.5393787024183,,
31.238369700004114,mouse,move,13,-10,11,-3,11.40175425099138,1441.5812293772155,,
31.246455800006515,mouse,move,32,-11,19,-1,19.026297590440446,2352.963429192044,,
31.254135600000154,mouse,move,66,-23,34,-12,36.05551275463989,4694.850488880491,,
31.262299300011364,mouse,move,109,-23,43,0,43.0,5267.219513328106,,
31.270218700010446,mouse,move,172,-35,63,-12,64.13267497929586,8098.173471062109,,
31.278283900013776,mouse,move,240,-44,68,-9,68.59300255857006,8504.811105769466,,
31.286999300005846,mouse,move,305,-49,65,-5,65.19202405202648,7480.095475978434,,
31.29426670000248,mouse,move,353,-39,48,10,49.03060268852505,6746.649793767252,,
31.302238900010707,mouse,move,384,-35,31,4,31.25699921617557,3920.749502511847,,
31.31027180000092,mouse,move,400,-25,16,10,18.867962264113206,2348.835699075453,,
31.318235800004913,mouse,move,418,-27,18,-2,18.110770276274835,2274.0796417869356,,
31.326290800003335,mouse,move,427,-19,9,8,12.041594578792296,1494.9217357110076,,
31.334263300013845,mouse,move,433,-15,6,4,7.211102550927978,904.4970262052979,,
31.34234540000034,mouse,move,434,-9,1,6,6.082762530298219,752.621539013627,,
31.350781500004814,mouse,move,434,-3,0,6,6.0,711.2291220846331,,
31.383130000001984,mouse,move,430,-3,-4,0,4.0,123.65333787810795,,
31.390414100009366,mouse,move,422,0,-8,3,8.54400374531753,1172.9662877580529,,
31.39828610001132,mouse,move,410,0,-12,0,12.0,1524.3902435242494,,
31.406396200007293,mouse,move,397,0,-13,0,13.0,1602.9395453142022,,
31.41436490000342,mouse,move,383,0,-14,0,14.0,1756.8737694736526,,
31.42296090000309,mouse,move,368,0,-15,0,15.0,1744.9976734033626,,
31.43026850000024,mouse,move,354,0,-14,0,14.0,1915.8136741835976,,
31.438254000007873,mouse,move,340,0,-14,0,14.0,1753.17763278624,,
31.446279200012214,mouse,move,328,1,-12,1,12.041594578792296,1500.4728321138439,,
31.45447039999999,mouse,move,321,2,-7,1,7.0710678118654755,863.2517607208422,,
31.462564100002055,mouse,move,313,3,-8,1,8.06225774829855,996.1152187803564,,
31.470322200009832,mouse,move,307,4,-6,1,6.082762530298219,784.0531217953569,,
31.478541800010134,mouse,move,305,6,-2,2,2.8284271247461903,344.1076359728167,,
31.486497200006852,mouse,move,303,8,-2,2,2.8284271247461903,355.5355011581127,,
31.494549900002312,mouse,move,300,10,-3,2,3.605551275463989,447.7443934949463,,
31.50236370001221,mouse,move,298,13,-2,3,3.605551275463989,461.43378009372253,,
31.510236600006465,mouse,move,297,14,-1,1,1.4142135623730951,179.63057620511276,,
31.518538300006185,mouse,move,297,16,0,2,2.0,240.91451149372904,,
31.526281000013114,mouse,move,297,19,0,3,3.0,387.46173780660365,,
31.53432540000358,mouse,move,297,21,0,2,2.0,248.62015841703644,,
31.542308500007493,mouse,move,297,25,0,4,4.0,501.058485806241,,
31.55028740000853,mouse,move,298,26,1,1,1.4142135623730951,177.24417678998793,,
31.566297600002144,mouse,move,300,26,2,0,2.0,124.92036331822808,,
31.582780300013837,mouse,move,301,26,1,0,1.0,60.66967179470554,,
31.598304400002235,mouse,move,302,26,1,0,1.0,64.41597263270688,,
31.60634180001216,mouse,move,303,25,1,-1,1.4142135623730951,175.9541096158791,,
31.61436850001337,mouse,move,305,23,2,-2,2.8284271247461903,352.3773311971075,,
31.622356200008653,mouse,move,308,20,3,-3,4.242640687119285,531.146724291684,,
31.630366800003685,mouse,move,315,18,7,-2,7.280109889280518,908.8095640520719,,
31.638244300003862,mouse,move,326,14,11,-4,11.704699910719626,1485.8394046914254,,
31.646374200005084,mouse,move,330,14,4,0,4.0,492.0109717707021,,
31.654312200000277,mouse,move,337,13,7,-1,7.0710678118654755,890.7870768641878,,
31.66240280000784,mouse,move,342,13,5,0,5.0,618.0011365443997,,
31.670501600005082,mouse,move,345,12,3,-1,3.1622776601683795,390.4624958321245,,
31.678410900000017,mouse,move,348,12,3,0,3.0,379.30031759081703,,
31.71031180000864,mouse,move,349,12,1,0,1.0,31.347077973653033,,
31.718305600006715,mouse,move,349,12,0,0,0.0,0.0,,
31.726317500011646,mouse,move,351,12,2,0,2.0,249.62867718882316,,
31.73425840001437,mouse,move,353,12,2,0,2.0,251.86062024635459,,
31.742324400009238,mouse,move,357,12,4,0,4.0,495.9087531049265,,
31.75028000000748,mouse,move,362,12,5,0,5.0,628.4881091439883,,
31.758412200011662,mouse,move,369,12,7,0,7.0,860.7756814144738,,
31.76666720000503,mouse,move,377,12,8,0,8.0,969.1096313054128,,
31.774302800011355,mouse,move,383,12,6,0,6.0,785.7928643499473,,
31.782360600001994,mouse,move,388,12,5,0,5.0,620.5167670839658,,
31.79030250001233,mouse,move,390,12,2,0,2.0,251.82890711250633,,
31.79836480000813,mouse,move,394,12,4,0,4.0,496.13633852424203,,
31.806368900011876,mouse,move,395,12,1,0,1.0,124.9359702567514,,
31.814303100007237,mouse,move,396,11,1,-1,1.4142135623730951,178.24274195254912,,
31.91906560001371,mouse,click_press,396,11,,,,,,
32.04693290000432,mouse,click_release,396,11,,,,,,
32.17443520000961,mouse,move,398,11,2,0,2.0,5.553517723043331,,
32.18292480001401,mouse,move,402,11,4,0,4.0,471.16471894188294,,
32.190468900007545,mouse,move,405,13,3,2,3.605551275463989,477.92994241225847,,
32.19841080000333,mouse,move,406,14,1,1,1.4142135623730951,178.06992824432731,,
32.206365200006985,mouse,move,409,16,3,2,3.605551275463989,453.2775914974496,,
32.21459630000754,mouse,move,415,20,6,4,7.211102550927978,876.0800561819893,,
32.222274100000504,mouse,move,421,26,6,6,8.48528137423857,1105.1709320400341,,
32.2302791000111,mouse,move,432,37,11,11,15.556349186104045,1943.3290650228316,,
32.238437900014105,mouse,move,444,46,12,9,15.0,1838.50566192088,,
32.24694380001165,mouse,move,458,54,14,8,16.1245154965971,1895.6859945745898,,
32.254545500007225,mouse,move,470,61,12,7,13.892443989449804,1827.5443647520717,,
32.26302640000358,mouse,move,479,65,9,4,9.848857801796104,1161.298660051017,,
32.270585700011,mouse,move,483,66,4,1,4.123105625617661,545.4348447043059,,
32.27842980000423,mouse,move,484,66,1,0,1.0,127.48435140581796,,
32.28646670001035,mouse,move,486,66,2,0,2.0,248.8521691793434,,
32.2946673000115,mouse,move,489,66,3,0,3.0,365.8268906641869,,
32.3026358000061,mouse,move,498,66,9,0,9.0,1129.4471991083128,,
32.31081310000445,mouse,move,509,62,11,-4,11.704699910719626,1431.3648653075481,,
32.31849370000418,mouse,move,516,57,7,-5,8.602325267042627,1120.0069353103268,,
32.32677520001016,mouse,move,525,51,9,-6,10.816653826391969,1306.1225404315353,,
32.33422920000157,mouse,move,534,46,9,-5,10.295630140987,1381.2221831028385,,
32.34285620000446,mouse,move,539,40,5,-6,7.810249675906654,905.3262632770604,,
32.3502703000122,mouse,move,543,38,4,-2,4.47213595499958,603.1933680869156,,
32.35883240000112,mouse,move,545,36,2,-2,2.8284271247461903,330.342687939393,,
32.36639530000684,mouse,move,547,35,2,-1,2.23606797749979,295.6627716626702,,
32.37461200001417,mouse,move,551,34,4,-1,4.123105625617661,501.79580877267693,,
32.38237380000646,mouse,move,553,33,2,-1,2.23606797749979,288.08626603616426,,
32.390901100006886,mouse,move,556,33,3,0,3.0,351.81124152439634,,
32.40638780000154,mouse,move,558,33,2,0,2.0,129.14307119595964,,
32.41436270000122,mouse,move,561,33,3,0,3.0,376.1802655983183,,
32.42232940001122,mouse,move,562,33,1,0,1.0,125.5224871960243,,
32.430366000000504,mouse,move,564,33,2,0,2.0,248.86145915776638,,
32.438272600003984,mouse,move,564,33,0,0,0.0,0.0,,
32.44624680001289,mouse,move,563,35,-1,2,2.23606797749979,280.4128282465149,,
32.45425080000132,mouse,move,558,43,-5,8,9.433981132056603,1178.658314054382,,
32.46219250001013,mouse,move,552,49,-6,6,8.48528137423857,1068.446474283975,,
32.47029400001338,mouse,move,550,50,-2,1,2.23606797749979,276.006662544336,,
32.47829680000723,mouse,move,549,50,-1,0,1.0,124.95626540322264,,
32.486208400005125,mouse,move,548,51,-1,1,1.4142135623730951,178.75190388152382,,
32.510279600013746,mouse,move,547,51,-1,0,1.0,41.543421168943574,,
32.518251500005135,mouse,move,544,49,-3,-2,3.605551275463989,452.2825523850562,,
32.52626310000778,mouse,move,536,38,-8,-11,13.601470508735444,1697.722115962169,,
32.53421310000704,mouse,move,521,21,-15,-17,22.67156809750927,2851.7695722810067,,
32.5422191000107,mouse,move,491,-9,-30,-30,42.42640687119285,5299.326361702706,,
32.55117690000043,mouse,move,456,-31,-35,-22,41.340053217188775,4614.978372433416,,
32.558534800002235,mouse,move,413,-40,-43,-9,43.93176527297759,5970.693440001593,,
32.566266400011955,mouse,move,374,-34,-39,6,39.45883931389772,5103.580017627882,,
32.57425220000732,mouse,move,330,-35,-44,-1,44.01136216933077,5511.202659077599,,
32.582256900001084,mouse,move,289,-28,-41,7,41.593268686170845,5196.105877619796,,
32.590306600002805,mouse,move,245,-27,-44,1,44.01136216933077,5467.4537137936695,,
32.598722300012014,mouse,move,205,-25,-40,2,40.049968789001575,4758.958701614343,,
32.60637320000387,mouse,move,175,-18,-30,7,30.805843601498726,4026.433966497919,,
32.61456570000155,mouse,move,141,-23,-34,-5,34.36568055487916,4194.7733371530485,,
32.62237100000493,mouse,move,117,-15,-24,8,25.298221281347036,3241.1593750888746,,
32.63079790001211,mouse,move,101,-9,-16,6,17.08800749063506,2027.7928391313096,,
32.638378600007854,mouse,move,94,-5,-7,4,8.06225774829855,1063.5241801979823,,
32.646438800002215,mouse,move,92,0,-2,5,5.385164807134504,668.1180133125732,,
32.65427150001051,mouse,move,89,-2,-3,-2,3.605551275463989,460.32035845190927,,
32.678690900007496,mouse,move,88,-1,-1,1,1.4142135623730951,57.9135262351905,,
32.742517700011376,mouse,move,88,3,0,4,4.0,62.669599600117856,,
32.75059280000278,mouse,move,105,19,17,16,23.345235059857504,2891.014982441758,,
32.75867670000298,mouse,move,148,44,43,25,49.73932046178355,6152.886658734461,,
32.766373900012695,mouse,move,214,75,66,31,72.91776189653656,9473.284025944053,,
32.774427300013485,mouse,move,317,122,103,47,113.21660655575224,14058.2370855346,,
32.78328610000608,mouse,move,467,195,150,73,166.82026255823962,18831.022564871746,,
32.79040320000786,mouse,move,611,275,144,80,164.730082255792,23145.6748134252,,
32.798462900012964,mouse,move,752,375,141,100,172.86121600868137,21447.599277786572,,
32.80639830000291,mouse,move,908,495,156,120,196.8146336022807,24802.10623933546,,
32.81436560000293,mouse,move,1031,615,123,120,171.84004189943624,21568.165112276245,,
32.826335300007486,mouse,move,1153,761,122,146,190.26297590440447,15895.38383016965,,
32.83035550000204,mouse,move,1279,910,126,149,195.13328778042973,48538.204080553776,,
32.83876950001286,mouse,move,1382,1049,103,139,173.0028901492689,20561.313278686703,,
32.847257800007355,mouse,move,1480,1207,98,158,185.9247159470736,21903.645732080335,,
32.85487370000919,mouse,move,1582,1240,102,33,107.20541031123382,14076.525464536426,,
32.86242080001102,mouse,move,1681,1247,99,7,99.24716620639605,13150.371160092634,,
32.870662000001175,mouse,move,1761,1249,80,2,80.02499609497022,9710.357252656666,,
32.87841860001208,mouse,move,1838,1242,77,-7,77.31752712031083,9967.966249592277,,
32.8866154000134,mouse,move,1918,1236,80,-6,80.22468448052632,9787.317546805773,,
32.89481810000143,mouse,move,1937,1163,19,-73,75.43208866258443,9196.007262564264,,
33.02224620000925,mouse,move,1919,1077,-18,-86,87.86353054595519,689.51456186323,,
33.03022580000106,mouse,move,1927,1034,8,-43,43.73785545725808,5481.209020769347,,
33.03826920001302,mouse,move,1927,965,0,-69,69.0,8578.46183174155,,
33.046351200013305,mouse,move,1926,896,-1,-69,69.00724599634447,8538.387279621777,,
33.054489100002684,mouse,move,1926,834,0,-62,62.0,7618.673132002197,,
33.062267500004964,mouse,move,1924,765,-2,-69,69.02897942168927,8874.444538909456,,
33.07031540000753,mouse,move,1919,708,-5,-57,57.21887800367987,7109.789881265295,,
33.07824420000543,mouse,move,1918,649,-1,-59,59.00847396772772,7442.295679467995,,
33.08631830000377,mouse,move,1906,586,-12,-63,64.13267497929586,7943.012223342363,,
33.09426490000624,mouse,move,1883,525,-23,-61,65.19202405202648,8203.763122815712,,
33.10226290000719,mouse,move,1860,472,-23,-53,57.77542730261716,7223.734345553238,,
33.11029850000341,mouse,move,1828,416,-32,-56,64.4980619863884,8026.539650646326,,
33.11839910001436,mouse,move,1788,361,-40,-55,68.00735254367721,8395.347560892133,,
33.126230600013514,mouse,move,1747,300,-41,-61,73.49829930005184,9384.958093337249,,
33.13425930000085,mouse,move,1698,235,-49,-65,81.40024569987489,10138.658291912721,,
33.14250830000674,mouse,move,1647,177,-51,-58,77.23341245859851,9362.760625949182,,
33.15027120000741,mouse,move,1593,121,-54,-56,77.79460135510689,10021.332407783602,,
33.158225700011826,mouse,move,1541,73,-52,-48,70.76722405181653,8896.501855871094,,
33.16678780000075,mouse,move,1493,37,-48,-36,60.0,7007.626642720089,,
33.17453450000903,mouse,move,1450,12,-43,-25,49.73932046178355,6420.710807001488,,
33.182681500009494,mouse,move,1414,-5,-36,-17,39.81205847478876,4886.713940410809,,
33.19032240001252,mouse,move,1399,-4,-15,1,15.033296378372908,1967.4771783979222,,
34.782287200010614,mouse,move,1399,0,0,4,4.0,2.5126183694543913,,
34.79043900000397,mouse,move,1403,2,4,2,4.47213595499958,548.6071737093829,,
34.79820890001429,mouse,move,1408,5,5,3,5.830951894845301,750.4539166659987,,
34.80648910001037,mouse,move,1412,8,4,3,5.0,603.8501488330601,,
34.81478200000129,mouse,move,1420,15,8,7,10.63014581273465,1281.8369719125708,,
34.82235680001031,mouse,move,1426,21,6,6,8.48528137423857,1120.198733184972,,
34.83053680000012,mouse,move,1433,27,7,6,9.219544457292887,1127.0836758901733,,
34.83844060001138,mouse,move,1438,35,5,8,9.433981132056603,1193.6006881010153,,
34.846552900009556,mouse,move,1445,49,7,14,15.652475842498529,1929.474482701692,,
34.854295000011916,mouse,move,1453,58,8,9,12.041594578792296,1555.3395816536688,,
34.86219770000025,mouse,move,1468,71,15,13,19.849433241279208,2511.728051245471,,
34.870375800004695,mouse,move,1500,99,32,28,42.5205832509386,5199.322975732527,,
34.87823440000648,mouse,move,1534,123,34,24,41.617304093369626,5295.765668685469,,
34.88627190000261,mouse,move,1572,152,38,29,47.80167361086848,5947.331089748659,,
34.894308500006446,mouse,move,1610,181,38,29,47.80167361086848,5947.997111721941,,
34.90241850000166,mouse,move,1646,212,36,31,47.50789408087881,5857.940087413164,,
34.91052750000381,mouse,move,1694,250,48,38,61.220911460055866,7549.748605724591,,
34.91835430001083,mouse,move,1736,285,42,35,54.67174773134658,6985.197996918741,,
34.92622290000145,mouse,move,1776,312,40,27,48.25971404805462,6133.202107822346,,
34.93434810001054,mouse,move,1810,336,34,24,41.617304093369626,5122.00364874848,,
34.942264100012835,mouse,move,1835,355,25,19,31.400636936215164,3966.730283868748,,
34.95037650001177,mouse,move,1849,364,14,9,16.64331697709324,2051.5897859174097,,
34.9583135000139,mouse,move,1863,374,14,10,17.204650534085253,2167.6515723155217,,
34.96622560000105,mouse,move,1874,382,11,8,13.601470508735444,1719.0721212853764,,
34.97459830000298,mouse,move,1878,384,4,2,4.47213595499958,534.1330698543788,,
34.9822669000132,mouse,move,1880,385,2,1,2.23606797749979,291.5875093915156,,
34.990243500011275,mouse,move,1880,386,0,1,1.0,125.3666976207281,,
39.92354150000028,keyboard,key_press,,,,,,,,9.550937599997269
40.02626670000609,keyboard,key_press,,,,,,,,0.10272520000580698
40.03177080000751,keyboard,key_press,,,,,,,,0.0055041000014171
40.04894450001302,keyboard,key_release,,,,,,,0.12540300001273863,
40.12474940001266,keyboard,key_press,,,,,,,,0.09297860000515357
40.212383800011594,keyboard,key_press,,,,,,,,0.08763439999893308
40.250665300001856,keyboard,key_press,,,,,,,,0.03828149999026209
40.274271600006614,keyboard,key_release,,,,,,,0.24800490000052378,
40.284243400004925,keyboard,key_release,,,,,,,0.15949399999226443,
40.33866750000743,keyboard,key_release,,,,,,,0.30689669999992475,
40.34607940001297,keyboard,key_release,,,,,,,0.13369560000137426,
40.36009390000254,keyboard,key_press,,,,,,,,0.10942860000068322
40.36244940001052,keyboard,key_release,,,,,,,0.11178410000866279,
40.40390700001444,keyboard,key_press,,,,,,,,0.04381310001190286
40.486975400010124,keyboard,key_press,,,,,,,,0.08306839999568183
40.49907030000759,keyboard,key_release,,,,,,,0.13897640000504907,
40.50166040001204,keyboard,key_release,,,,,,,0.09775339999760035,
40.569072800004506,keyboard,key_release,,,,,,,0.0820973999943817,
40.57404290001432,keyboard,key_press,,,,,,,,0.08706750000419561
40.62331580001046,keyboard,key_press,,,,,,,,0.04927289999614004
40.629960700011,keyboard,key_press,,,,,,,,0.006644900000537746
40.734445000009146,keyboard,key_press,,,,,,,,0.10448429999814834
40.76673000000301,keyboard,key_release,,,,,,,0.14341419999254867,
40.78283450000163,keyboard,key_press,,,,,,,,0.04838949999248143
40.788028000009945,keyboard,key_press,,,,,,,,0.005193500008317642
40.795888900000136,keyboard,key_release,,,,,,,0.2218459999858169,
40.80650050000986,keyboard,key_release,,,,,,,0.1765397999988636,
40.82716150001215,keyboard,key_release,,,,,,,0.09271650000300724,
40.91527060000226,keyboard,key_press,,,,,,,,0.12724259999231435
40.92615340001066,keyboard,key_release,,,,,,,0.1381254000007175,
40.95377810001082,keyboard,key_release,,,,,,,0.1709436000091955,
41.012905000010505,keyboard,key_press,,,,,,,,0.0976344000082463
41.041828400004306,keyboard,key_release,,,,,,,0.12655780000204686,
41.139503900005366,keyboard,key_press,,,,,,,,0.1265988999948604
41.16283320001094,keyboard,key_release,,,,,,,0.1499282000004314,
41.22125230000529,keyboard,key_press,,,,,,,,0.081748399999924
41.22679970000172,keyboard,key_press,,,,,,,,0.005547399996430613
41.23961250000866,keyboard,key_release,,,,,,,0.10010860000329558,
41.35872420000669,keyboard,key_release,,,,,,,0.13192450000497047,
41.363566300002276,keyboard,key_press,,,,,,,,0.13676660000055563
41.37582480000856,keyboard,key_press,,,,,,,,0.012258500006282702
41.39255000000412,keyboard,key_release,,,,,,,0.17129769999883138,
41.475287800014485,keyboard,key_release,,,,,,,0.11172150001220871,
41.628595300004235,keyboard,key_release,,,,,,,0.2527704999956768,
41.744667800012394,keyboard,key_press,,,,,,,,0.3688430000038352
41.82176760000584,keyboard,key_press,,,,,,,,0.07709979999344796
41.84243140000035,keyboard,key_press,,,,,,,,0.020663799994508736
41.8710512000107,keyboard,key_release,,,,,,,0.1263833999983035,
41.95263080000586,keyboard,key_press,,,,,,,,0.11019940000551287
41.957883900002344,keyboard,key_press,,,,,,,,0.0052530999964801595
41.980109600001015,keyboard,key_release,,,,,,,0.15834199999517296,
42.09080850001192,keyboard,key_release,,,,,,,0.13817770000605378,
42.09693200000038,keyboard,key_release,,,,,,,0.2545006000000285,
42.232535600007395,keyboard,key_press,,,,,,,,0.2746517000050517
42.239088800008176,keyboard,key_press,,,,,,,,0.006553200000780635
42.24687250000716,keyboard,key_release,,,,,,,0.28898860000481363,
42.35388120000425,keyboard,key_press,,,,,,,,0.11479239999607671
42.375509500008775,keyboard,key_release,,,,,,,0.13642070000059903,
42.44733730000735,keyboard,key_release,,,,,,,0.09345610000309534,
42.53526810000767,keyboard,key_release,,,,,,,0.30273250000027474,
42.566072200002964,keyboard,key_press,,,,,,,,0.21219099999871105
42.6706062000012,keyboard,key_press,,,,,,,,0.10453399999823887
42.69197010000062,keyboard,key_press,,,,,,,,0.02136389999941457
42.792162600002484,keyboard,key_release,,,,,,,0.22609039999952074,
42.83534170000348,keyboard,key_release,,,,,,,0.16473550000227988,
42.84081920000608,keyboard,key_release,,,,,,,0.1488491000054637,
42.940360700013116,keyboard,key_press,,,,,,,,0.2483906000124989
43.01716680001118,keyboard,key_press,,,,,,,,0.0768060999980662
43.07195810000121,keyboard,key_press,,,,,,,,0.054791299990029074
43.09582980000414,keyboard,key_release,,,,,,,0.15546909999102354,
43.29158920000191,keyboard,key_release,,,,,,,0.2196311000006972,
43.30247390001023,keyboard,key_release,,,,,,,0.285307099999045,
43.31345440000587,keyboard,key_press,,,,,,,,0.2414963000046555
43.325036700000055,keyboard,key_press,,,,,,,,0.011582299994188361
43.3842214000033,keyboard,key_press,,,,,,,,0.05918470000324305
43.44510660000378,keyboard,key_release,,,,,,,0.12006990000372753,
43.45184320000408,keyboard,key_release,,,,,,,0.13838879999821074,
43.477283300002455,keyboard,key_press,,,,,,,,0.0930618999991566
43.566704600001685,keyboard,key_release,,,,,,,0.08942129999923054,
43.56866010000522,keyboard,key_release,,,,,,,0.18443870000191964,
43.87035450000258,mouse,move,1880,386,0,0,0.0,0.0,,
43.87831080000615,mouse,move,1874,383,-6,-3,6.708203932499369,843.1310947914188,,
43.88638530000753,mouse,move,1859,371,-15,-12,19.209372712298546,2379.016992879299,,
43.89427350000187,mouse,move,1852,365,-7,-6,9.219544457292887,1168.7767125462758,,
44.64852790000441,keyboard,key_press,,,,,,,,1.1712446000019554
44.747970900003565,keyboard,key_press,,,,,,,,0.09944299999915529
44.763421500014374,keyboard,key_press,,,,,,,,0.015450600010808557
44.86787890001142,keyboard,key_release,,,,,,,0.21935100000700913,
44.89023300001281,keyboard,key_press,,,,,,,,0.1268114999984391
44.89545060000091,keyboard,key_release,,,,,,,0.13202909998653922,
45.028365400008624,keyboard,key_release,,,,,,,0.13813239999581128,
45.03813880000962,keyboard,key_release,,,,,,,0.29016790000605397,
45.073450300013064,keyboard,key_press,,,,,,,,0.18321730000025127
45.11218720000761,keyboard,key_press,,,,,,,,0.03873689999454655
45.22133250000479,keyboard,key_press,,,,,,,,0.1091452999971807
45.25511370001186,keyboard,key_release,,,,,,,0.14292650000425056,
45.29923720000079,keyboard,key_release,,,,,,,0.2257868999877246,
45.326175200010766,keyboard,key_press,,,,,,,,0.10484270000597462
45.359776300014346,keyboard,key_release,,,,,,,0.13844380000955425,
45.45869100000709,keyboard,key_press,,,,,,,,0.13251579999632668
45.484769600006985,keyboard,key_press,,,,,,,,0.026078599999891594
45.512931000004755,keyboard,key_release,,,,,,,0.18675579999398906,
45.58330260000366,keyboard,key_press,,,,,,,,0.09853299999667797
45.62823220000428,keyboard,key_release,,,,,,,0.16954119999718387,
45.683479200000875,keyboard,key_release,,,,,,,0.10017659999721218,
45.74810900000739,keyboard,key_release,,,,,,,0.26333940000040457,
45.75850490000448,keyboard,key_press,,,,,,,,0.17520230000081938
45.75952680000046,keyboard,key_press,,,,,,,,0.0010218999959761277
45.86958920001052,keyboard,key_release,,,,,,,0.11006240001006518,
45.902337400009856,keyboard,key_release,,,,,,,0.14383250000537373,
46.03648360000807,keyboard,key_press,,,,,,,,0.2769568000076106
46.21644980000565,keyboard,key_press,,,,,,,,0.17996619999757968
46.31095160001132,keyboard,key_release,,,,,,,0.09450180000567343,
46.32189780000772,keyboard,key_release,,,,,,,0.28541419999965,
46.43746750001446,keyboard,key_press,,,,,,,,0.22101770000881515
46.53047600001446,keyboard,key_press,,,,,,,,0.09300849999999627
46.60263800001121,keyboard,key_release,,,,,,,0.16517049999674782,
46.94402110000374,keyboard,key_release,,,,,,,0.41354509998927824,
47.158667600000626,mouse,scroll,1852,365,0,1,,,,
47.455002800008515,mouse,move,1851,365,-1,0,1.0,0.2808413433725879,,
47.46286530001089,mouse,move,1850,365,-1,0,1.0,127.18600950053411,,
47.606245700008,mouse,move,1854,361,4,-4,5.656854249492381,39.45346957887042,,
47.61426030000439,mouse,move,1855,356,1,-5,5.0990195135927845,636.2163446575013,,
47.62228950001008,mouse,move,1857,350,2,-6,6.324555320336759,787.6943301762813,,
47.630356300011044,mouse,move,1860,345,3,-5,5.830951894845301,722.8333284760627,,
47.63853990001371,mouse,move,1860,341,0,-4,4.0,488.7824427753616,,
47.646370600006776,mouse,move,1861,337,1,-4,4.123105625617661,526.530914128922,,
47.65473710000515,mouse,move,1861,334,0,-3,3.0,358.5728800075386,,
47.662347600009525,mouse,move,1861,332,0,-2,2.0,262.7948227909046,,
47.670752400008496,mouse,move,1861,329,0,-3,3.0,356.93889210539174,,
47.6787949000136,mouse,move,1861,327,0,-2,2.0,248.67889322111662,,
47.68672670000524,mouse,move,1861,327,0,0,0.0,0.0,,
47.77454710000893,mouse,move,1858,326,-3,-1,3.1622776601683795,36.00846340981592,,
47.782327200009604,mouse,move,1837,336,-21,10,23.259406699226016,2989.6025368843707,,
47.79081120000046,mouse,move,1806,348,-31,12,33.24154027718932,3918.1447799397056,,
47.79831930001092,mouse,move,1771,362,-35,14,37.69615364994153,5020.731423056634,,
47.80633570000646,mouse,move,1719,384,-52,22,56.462376853972415,7043.358226309054,,
47.81428780000715,mouse,move,1664,403,-55,19,58.18934610390462,7317.481683936346,,
47.8222858000081,mouse,move,1613,416,-51,13,52.630789467763066,6580.493806138228,,
47.83061380000436,mouse,move,1573,427,-40,11,41.48493702538308,4981.380528823515,,
47.83831880000071,mouse,move,1542,437,-31,10,32.57299494980466,4227.513947467671,,
47.84629760000098,mouse,move,1528,439,-14,2,14.142135623730951,1772.4639824592628,,
47.85430870001437,mouse,move,1527,441,-1,2,2.23606797749979,279.1212160330099,,
47.90225740001188,mouse,move,1527,441,0,0,0.0,0.0,,
47.91031270001258,mouse,move,1537,431,10,-10,14.142135623730951,1755.6311524700388,,
47.918303300000844,mouse,move,1549,415,12,-16,20.0,2502.940959299856,,
47.92625980000594,mouse,move,1568,390,19,-25,31.400636936215164,3946.5389198911394,,
47.9343055000063,mouse,move,1585,363,17,-27,31.906112267087632,3965.6104833184736,,
47.9422770000092,mouse,move,1604,338,19,-25,31.400636936215164,3939.1127046113697,,
47.950317700000596,mouse,move,1624,311,20,-27,33.60059523282288,4178.814688866752,,
47.95828410000831,mouse,move,1641,287,17,-24,29.410882339705484,3691.8661266336367,,
47.96632970000792,mouse,move,1657,263,16,-24,28.844410203711913,3585.1161137925005,,
47.974282000010135,mouse,move,1673,242,16,-21,26.40075756488817,3319.8895360499596,,
47.98235450001084,mouse,move,1681,229,8,-13,15.264337522473747,1890.9058558235186,,
47.990675000008196,mouse,move,1688,218,7,-11,13.038404810405298,1567.02179130496,,
47.99984650000988,mouse,move,1695,209,7,-9,11.40175425099138,1243.1722454229873,,
48.006745500009856,mouse,move,1698,203,3,-6,6.708203932499369,972.3443879580974,,
48.0147408000048,mouse,move,1699,201,1,-2,2.23606797749979,279.6728051371917,,
48.08628860001045,mouse,move,1693,204,-6,3,6.708203932499369,93.75835360374421,,
48.09438720000617,mouse,move,1681,214,-12,10,15.620499351813308,1928.790082245072,,
48.10242570000992,mouse,move,1659,233,-22,19,29.068883707497267,3616.207463325033,,
48.11061270000937,mouse,move,1624,259,-35,26,43.60045871318328,5325.57209186511,,
48.118627200004994,mouse,move,1591,277,-33,18,37.589892258425,4690.235483055268,,
48.12635850001243,mouse,move,1554,299,-37,22,43.04648650006177,5567.819960247602,,
48.134588800006895,mouse,move,1525,315,-29,16,33.12099032335839,4024.274977294771,,
48.142347800006974,mouse,move,1504,328,-21,13,24.698178070456937,3183.1651076437574,,
48.15031550001004,mouse,move,1490,337,-14,9,16.64331697709324,2088.8483465357017,,
48.158325700002024,mouse,move,1484,341,-6,4,7.211102550927978,900.2400137502636,,
48.16641570000502,mouse,move,1484,342,0,1,1.0,123.60939426821861,,
48.17432930000359,mouse,move,1484,343,0,1,1.0,126.36473920595239,,
48.19037080000271,mouse,move,1485,344,1,1,1.4142135623730951,88.15968347416181,,
48.19831660001364,mouse,move,1490,344,5,0,5.0,629.2632577112774,,
48.20673600000737,mouse,move,1498,344,8,0,8.0,950.1864748034938,,
48.2143677000131,mouse,move,1514,338,16,-6,17.08800749063506,2239.0827047449006,,
48.22240790000069,mouse,move,1530,325,16,-13,20.615528128088304,2564.056635395568,,
48.23038360000646,mouse,move,1549,311,19,-14,23.600847442411894,2959.0941767281183,,
48.23835670000699,mouse,move,1573,292,24,-19,30.610455730027933,3839.2163309133966,,
48.24629540000751,mouse,move,1599,268,26,-24,35.38361202590826,4457.104062828766,,
48.25432790000923,mouse,move,1618,251,19,-17,25.495097567963924,3173.9928493632224,,
48.26233300000604,mouse,move,1644,222,26,-29,38.948684188300895,4865.483779569474,,
48.270362600000226,mouse,move,1659,204,15,-18,23.430749027719962,2918.0468572132036,,
48.278374400004395,mouse,move,1674,185,15,-19,24.20743687382041,3021.472935073622,,
48.286508500008495,mouse,move,1688,165,14,-20,24.413111231467404,3001.3291229716906,,
48.29441100000986,mouse,move,1695,151,7,-14,15.652475842498529,1980.6992521095965,,
48.30279960000189,mouse,move,1700,142,5,-9,10.295630140987,1227.33592622933,,
48.311401800005115,mouse,move,1701,135,1,-7,7.0710678118654755,822.0069062815298,,
48.318337500008056,mouse,move,1702,132,1,-3,3.1622776601683795,455.9421051699635,,
48.32663710000634,mouse,move,1702,132,0,0,0.0,0.0,,
48.390329600006226,mouse,move,1701,132,-1,0,1.0,15.700435687117865,,
48.39844680001261,mouse,move,1690,137,-11,5,12.083045973594572,1488.5731488807817,,
48.406340700006695,mouse,move,1678,145,-12,8,14.422205101855956,1827.006310272274,,
48.41441970001324,mouse,move,1661,157,-17,12,20.808652046684813,2575.646989704659,,
48.42241620000277,mouse,move,1634,174,-27,17,31.906112267087632,3990.009667837058,,
48.430369800000335,mouse,move,1604,192,-30,18,34.9857113690718,4398.726536384811,,
48.438337200001115,mouse,move,1575,206,-29,14,32.202484376209235,4041.780803406016,,
48.44634790001146,mouse,move,1541,227,-34,21,39.96248240537617,4988.6379909080515,,
48.454392800005735,mouse,move,1518,241,-23,14,26.92582403567252,3346.943287652439,,
48.4623433000088,mouse,move,1494,258,-24,17,29.410882339705484,3699.2493966892253,,
48.470278000007966,mouse,move,1480,268,-14,10,17.204650534085253,2168.2799016835097,,
48.479258000006666,mouse,move,1467,280,-13,12,17.69180601295413,1970.1343001685657,,
48.4863280000136,mouse,move,1460,290,-7,10,12.206555615733702,1726.5283739409447,,
48.49495100000058,mouse,move,1454,300,-6,10,11.661903789690601,1352.4183935167762,,
48.50233980000485,mouse,move,1451,306,-3,6,6.708203932499369,907.888145385966,,
48.5102898000041,mouse,move,1450,311,-1,5,5.0990195135927845,641.3861023988245,,
48.51830750000954,mouse,move,1450,315,0,4,4.0,498.89619183636813,,
48.52632230000745,mouse,move,1450,317,0,2,2.0,249.53835411011954,,
48.53443280000647,mouse,move,1450,319,0,2,2.0,246.59392148962465,,
48.55830810000771,mouse,move,1450,320,0,1,1.0,41.8842904570081,,
48.622391200013226,mouse,move,1450,321,0,1,1.0,15.604738221370111,,
48.63081250000687,mouse,move,1450,322,0,1,1.0,118.74651191085917,,
48.63880890001019,mouse,move,1450,323,0,1,1.0,125.05627527195107,,
48.64680830000725,mouse,move,1450,325,0,2,2.0,250.0187514982093,,
48.65482380001049,mouse,move,1452,330,2,5,5.385164807134504,671.8439030576143,,
48.66239400001359,mouse,move,1453,333,1,3,3.1622776601683795,417.7270955685191,,
48.67029090000142,mouse,move,1458,339,5,6,7.810249675906654,989.0273003262076,,
48.6784134000045,mouse,move,1461,344,3,5,5.830951894845301,717.87650263248,,
48.6871123000019,mouse,move,1466,350,5,6,7.810249675906654,897.8433684997657,,
48.69429150001088,mouse,move,1471,356,5,6,7.810249675906654,1087.8997194869005,,
48.702291900001,mouse,move,1477,362,6,6,8.48528137423857,1060.6071427320444,,
48.71035180000763,mouse,move,1480,369,3,7,7.615773105863909,944.8967232348504,,
48.71841000000131,mouse,move,1485,374,5,5,7.0710678118654755,877.4996670978384,,
48.726432200011914,mouse,move,1491,379,6,5,7.810249675906654,973.5795250163577,,
48.73472050001146,mouse,move,1495,382,4,3,5.0,603.2600171654065,,
48.74254340000334,mouse,move,1503,387,8,5,9.433981132056603,1205.9442331935454,,
48.75031700001273,mouse,move,1507,388,4,1,4.123105625617661,530.3984795511878,,
48.75828690000344,mouse,move,1512,389,5,1,5.0990195135927845,639.7846296107751,,
48.76627700000245,mouse,move,1517,389,5,0,5.0,625.774395892677,,
48.774309500004165,mouse,move,1521,389,4,0,4.0,497.976968458678,,
48.78230130000156,mouse,move,1526,389,5,0,5.0,625.6412825180215,,
48.790333100012504,mouse,move,1531,389,5,0,5.0,622.5254604434291,,
48.798316200001864,mouse,move,1535,389,4,0,4.0,501.0584867195905,,
48.80670190000092,mouse,move,1539,389,4,0,4.0,477.00251624213917,,
48.81438190001063,mouse,move,1540,389,1,0,1.0,130.2083331686453,,
48.822320000006584,mouse,move,1541,389,1,0,1.0,125.9747295334776,,
48.83038590000069,mouse,move,1542,389,1,0,1.0,123.9787253413129,,
48.85436150000896,mouse,move,1543,388,1,-1,1.4142135623730951,58.985533704484695,,
48.99836530000903,mouse,move,1537,389,-6,1,6.082762530298219,42.24029178601893,,
49.00635900000634,mouse,move,1524,394,-13,5,13.92838827718412,1742.4206915275556,,
49.01443360000849,mouse,move,1504,400,-20,6,20.8806130178211,2585.962525979093,,
49.02234110000427,mouse,move,1478,405,-26,5,26.476404589747453,3348.2648882546214,,
49.030363100013346,mouse,move,1454,410,-24,5,24.515301344262525,3056.0086408029542,,
49.03859830000147,mouse,move,1427,419,-27,9,28.460498941515414,3455.9572302516217,,
49.046336600004,mouse,move,1394,423,-33,4,33.24154027718932,4295.716147774605,,
49.054555900002015,mouse,move,1365,428,-29,5,29.427877939124322,3580.3387084326764,,
49.062429900004645,mouse,move,1347,430,-18,2,18.110770276274835,2300.07242446349,,
49.07032790000085,mouse,move,1332,431,-15,1,15.033296378372908,1903.4307907825068,,
49.07836790000147,mouse,move,1324,434,-8,3,8.54400374531753,1062.687032917833,,
49.08639790001325,mouse,move,1324,434,0,0,0.0,0.0,,
49.16631290000805,mouse,move,1324,433,0,-1,1.0,12.513295377151813,,
49.17454240001098,mouse,move,1324,429,0,-4,4.0,486.05626083938205,,
49.18229890000657,mouse,move,1324,425,0,-4,4.0,515.6965128952754,,
49.1903011000104,mouse,move,1327,420,3,-5,5.830951894845301,728.6686026411058,,
49.198425900001894,mouse,move,1329,415,2,-5,5.385164807134504,662.8058306387277,,
49.20626670001366,mouse,move,1333,408,4,-7,8.06225774829855,1028.2442781607683,,
49.214567500006524,mouse,move,1334,404,1,-4,4.123105625617661,496.71183851686567,,
49.2223745000083,mouse,move,1337,398,3,-6,6.708203932499369,859.2550186977462,,
49.23037100001238,mouse,move,1338,397,1,-1,1.4142135623730951,176.85406886150372,,
49.238289700006135,mouse,move,1339,393,1,-4,4.123105625617661,520.6796101469807,,
49.246383200006676,mouse,move,1340,391,1,-2,2.23606797749979,276.27948073766544,,
49.2543519000028,mouse,move,1340,389,0,-2,2.0,250.98196706766467,,
49.42238000000361,mouse,move,1340,389,0,0,0.0,0.0,,
49.43030020000879,mouse,move,1338,393,-2,4,4.47213595499958,564.6493714903995,,
49.43836320000992,mouse,move,1336,395,-2,2,2.8284271247461903,350.7909121108649,,
49.44631010000012,mouse,move,1331,397,-5,2,5.385164807134504,677.6434601887659,,
49.45436560000235,mouse,move,1327,399,-4,2,4.47213595499958,555.1655333327922,,
49.4623156000016,mouse,move,1320,404,-7,5,8.602325267042627,1082.0534928111722,,
49.47041830001399,mouse,move,1311,406,-9,2,9.219544457292887,1137.8360846629846,,
49.478328300014255,mouse,move,1304,409,-7,3,7.615773105863909,962.8031739075037,,
49.486638300004415,mouse,move,1297,410,-7,1,7.0710678118654755,850.9106883559501,,
49.4943110000022,mouse,move,1296,410,-1,0,1.0,130.3322168583241,,
49.50230640001246,mouse,move,1294,410,-2,0,2.0,250.14383238284535,,
49.55834440000763,mouse,move,1294,410,0,0,0.0,0.0,,
49.56693170001381,mouse,move,1294,407,0,-3,3.0,349.35311423144316,,
49.57435350000742,mouse,move,1295,400,1,-7,7.0710678118654755,952.7429758219392,,
49.582799600000726,mouse,move,1296,395,1,-5,5.0990195135927845,603.7128991645077,,
49.59035720000975,mouse,move,1298,388,2,-7,7.280109889280518,963.283301655222,,
49.59880480001448,mouse,move,1301,380,3,-8,8.54400374531753,1011.411967959501,,
49.60633570000937,mouse,move,1303,373,2,-7,7.280109889280518,966.6985213215086,,
49.6149199000065,mouse,move,1307,367,4,-6,7.211102550927978,840.0436328764762,,
49.623132400010945,mouse,move,1308,363,1,-4,4.123105625617661,502.052435115373,,
49.63080990000162,mouse,move,1311,359,3,-4,5.0,651.2536640926522,,
49.63838950000354,mouse,move,1313,355,2,-4,4.47213595499958,590.0226864040089,,
49.64682160000666,mouse,move,1315,353,2,-2,2.8284271247461903,335.43567126810393,,
49.65480820000812,mouse,move,1316,352,1,-1,1.4142135623730951,177.07329303016846,,
49.66280310000002,mouse,move,1319,350,3,-2,3.605551275463989,450.98141053885115,,
49.670379600007436,mouse,move,1321,349,2,-1,2.23606797749979,295.1320498001425,,
49.67895220000355,mouse,move,1324,348,3,-1,3.1622776601683795,368.8819799829456,,
49.68679140000313,mouse,move,1328,346,4,-2,4.47213595499958,570.4837171189779,,
49.69480180001119,mouse,move,1333,346,5,0,5.0,624.1885542505287,,
49.702783000000636,mouse,move,1340,346,7,0,7.0,877.061094729834,,
49.71078560000751,mouse,move,1348,346,8,0,8.0,999.6751047317937,,
49.71842740000284,mouse,move,1360,347,12,1,12.041594578792296,1575.7536949614855,,
49.72631700000784,mouse,move,1374,353,14,6,15.231546211727817,1930.585353132388,,
49.734304100013105,mouse,move,1389,356,15,3,15.297058540778355,1915.2206095694698,,
49.742419200003496,mouse,move,1407,363,18,7,19.313207915827967,2379.91003668422,,
49.75071000000753,mouse,move,1417,370,10,7,12.206555615733702,1472.3012990055681,,
49.758368700000574,mouse,move,1435,377,18,7,19.313207915827967,2521.7344893217914,,
49.76672070000495,mouse,move,1446,382,11,5,12.083045973594572,1446.7248524017302,,
49.774234600001364,mouse,move,1452,386,6,4,7.211102550927978,959.7016934444556,,
49.782701700009056,mouse,move,1455,389,3,3,4.242640687119285,501.0736477973391,,
49.790359100006754,mouse,move,1456,392,1,3,3.1622776601683795,412.97015450666834,,
49.79831530000956,mouse,move,1456,395,0,3,3.0,377.0644276087586,,
49.806263700011186,mouse,move,1456,399,0,4,4.0,503.24593618626335,,
49.81472060001397,mouse,move,1456,406,0,7,7.0,827.7264716025412,,
49.82277310000791,mouse,move,1454,414,-2,8,8.246211251235321,1024.0560394218046,,
49.83081750001293,mouse,move,1448,424,-6,10,11.661903789690601,1449.6921811961372,,
49.83897720000823,mouse,move,1439,433,-9,9,12.727922061357855,1559.8517186518693,,
49.846375000008265,mouse,move,1431,441,-8,8,11.313708498984761,1529.3341938050396,,
49.85481340000115,mouse,move,1420,447,-11,6,12.529964086141668,1484.8743952300451,,
49.86290170000575,mouse,move,1408,454,-12,7,13.892443989449804,1717.5975151201508,,
49.87079250000534,mouse,move,1393,461,-15,7,16.55294535724685,2097.7524912701724,,
49.878322500007926,mouse,move,1377,467,-16,6,17.08800749063506,2269.3237031553263,,
49.886258700003964,mouse,move,1356,471,-21,4,21.37755832643195,2693.676865137393,,
49.89434130000882,mouse,move,1339,476,-17,5,17.72004514666935,2192.369427662664,,
49.90227900000173,mouse,move,1318,477,-21,1,21.02379604162864,2648.600483819252,,
49.91074710000248,mouse,move,1296,480,-22,3,22.20360331117452,2622.028945004791,,
49.91859210000257,mouse,move,1278,480,-18,0,18.0,2294.4550668957295,,
49.92640460000257,mouse,move,1259,480,-19,0,19.0,2432.0,,
49.93435070000123,mouse,move,1241,480,-18,0,18.0,2265.262204481489,,
49.94237950000388,mouse,move,1226,479,-15,-1,15.033296378372908,1872.4213298891252,,
49.950436200000695,mouse,move,1213,474,-13,-5,13.92838827718412,1728.7956958421978,,
49.95834600001399,mouse,move,1205,471,-8,-3,8.54400374531753,1080.1794901207547,,
49.96640840001055,mouse,move,1201,470,-4,-1,4.123105625617661,511.3992889680943,,
49.998427500002435,mouse,move,1201,469,0,-1,1.0,31.2313587906419,,
50.03859560001001,mouse,move,1201,468,0,-1,1.0,24.895377172715936,,
50.11033780001162,mouse,move,1203,467,2,-1,2.23606797749979,31.168098796101226,,
50.11834430000454,mouse,move,1208,467,5,0,5.0,624.492600315204,,
50.12634690001141,mouse,move,1217,471,9,4,9.848857801796104,1230.707244312383,,
50.13430610000796,mouse,move,1222,472,5,1,5.0990195135927845,640.6447275861693,,
50.142353200004436,mouse,move,1227,475,5,3,5.830951894845301,724.6028876738001,,
50.15042780000658,mouse,move,1229,477,2,2,2.8284271247461903,350.28696455482134,,
50.15833100001328,mouse,move,1231,478,2,1,2.23606797749979,282.9319738341042,,
50.16626180001185,mouse,move,1232,478,1,0,1.0,126.09068444287784,,
50.17432090001239,mouse,move,1233,478,1,0,1.0,124.0833343590931,,
50.18230010000116,mouse,move,1233,480,0,2,2.0,250.65169475830209,,
50.19028150000668,mouse,move,1233,483,0,3,3.0,375.87390657345895,,
50.19827870000154,mouse,move,1233,483,0,0,0.0,0.0,,
50.206358400013414,mouse,move,1233,485,0,2,2.0,247.53394272809447,,
50.21431870000379,mouse,move,1233,488,0,3,3.0,376.870218914894,,
50.22228420000465,mouse,move,1233,488,0,0,0.0,0.0,,
50.230423100001644,mouse,move,1233,491,0,3,3.0,368.6001795215978,,
50.23830210001324,mouse,move,1233,492,0,1,1.0,126.9196596684729,,
50.24625630000082,mouse,move,1233,496,0,4,4.0,502.87898295815074,,
50.25446240000019,mouse,move,1233,497,0,1,1.0,121.86056714843417,,
50.262362300010864,mouse,move,1232,498,-1,1,1.4142135623730951,179.01664077556575,,
50.27082030000747,mouse,move,1231,498,-1,0,1.0,118.23126039264908,,
50.286407700012205,mouse,move,1231,498,0,0,0.0,0.0,,
50.310726700001396,mouse,move,1230,498,-1,0,1.0,41.12011186498065,,
50.37479190000158,mouse,move,1230,498,0,0,0.0,0.0,,
50.38279140001396,mouse,move,1230,498,0,0,0.0,0.0,,
50.390791200014064,mouse,move,1230,497,0,-1,1.0,125.00312507645631,,
50.61494810000295,mouse,move,1230,498,0,1,1.0,4.461160910280209,,
50.62228880000475,mouse,move,1228,499,-2,1,2.23606797749979,304.61236352799284,,
50.630807100009406,mouse,move,1226,501,-2,2,2.8284271247461903,332.04126682569307,,
50.638259300001664,mouse,move,1226,502,0,1,1.0,134.18856190640003,,
50.798505300001125,mouse,move,1225,502,-1,0,1.0,6.240405376754272,,
50.814733600011095,mouse,move,1224,503,-1,1,1.4142135623730951,87.1448988189898,,
52.11845330000506,mouse,move,1223,503,-1,0,1.0,0.767036043103921,,
52.119321700010914,mouse,click_press,1223,503,,,,,,
52.246679000003496,mouse,click_release,1223,503,,,,,,
53.24665050000476,mouse,move,1221,503,-2,0,2.0,1.7727397302532968,,
53.25431030000618,mouse,move,1210,507,-11,4,11.704699910719626,1528.0686060405812,,
53.26296460001322,mouse,move,1193,513,-17,6,18.027756377319946,2083.098154981856,,
53.27077930000087,mouse,move,1152,515,-41,2,41.048751503547585,5252.761023254815,,
53.278288300003624,mouse,move,1101,515,-51,0,51.0,6791.849777771093,,
53.286816100007854,mouse,move,1057,515,-44,0,44.0,5159.595672760937,,
53.29468700000143,mouse,move,1009,500,-48,-15,50.28916384272063,6389.252040269669,,
53.3023005000141,mouse,move,975,490,-34,-10,35.4400902933387,4654.901193193071,,
53.31070410000393,mouse,move,942,474,-33,-16,36.6742416417845,4364.110819904929,,
53.31872170000861,mouse,move,931,466,-11,-8,13.601470508735444,1696.4516190381185,,
53.3263394000096,mouse,move,927,461,-4,-5,6.4031242374328485,840.558729878963,,
53.36672520000138,mouse,move,927,459,0,-2,2.0,49.52235687808545,,
53.37472840001283,mouse,move,936,438,9,-21,22.847319317591726,2854.7730014145477,,
53.382370900013484,mouse,move,953,400,17,-38,41.6293165929973,5447.081006139462,,
53.390703900004155,mouse,move,972,366,19,-34,38.948684188300895,4674.029068991382,,
53.39836400000786,mouse,move,992,336,20,-30,36.05551275463989,4706.924548922785,,
53.40683910000371,mouse,move,1010,314,18,-22,28.42534080710379,3353.982940735461,,
53.41433690000849,mouse,move,1025,296,15,-18,23.430749027719962,3125.016539887289,,
53.42271790000086,mouse,move,1036,285,11,-11,15.556349186104045,1856.1447560277727,,
53.43036050000228,mouse,move,1047,278,11,-7,13.038404810405298,1706.0169062866187,,
53.43830200000957,mouse,move,1054,273,7,-5,8.602325267042627,1083.2116425290662,,
53.44637960000546,mouse,move,1065,269,11,-4,11.704699910719626,1449.0318803457683,,
53.4543793000048,mouse,move,1072,269,7,0,7.0,875.0328138021099,,
53.46245200000703,mouse,move,1082,269,10,0,10.0,1238.7429233387506,,
53.470307700001285,mouse,move,1090,271,8,2,8.246211251235321,1049.7105614100578,,
53.47850600001402,mouse,move,1101,276,11,5,12.083045973594572,1473.847743412999,,
53.48630190000404,mouse,move,1110,283,9,7,11.40175425099138,1462.5321342750874,,
53.49429980000423,mouse,move,1118,292,8,9,12.041594578792296,1505.5945408800167,,
53.50229560000298,mouse,move,1127,308,9,16,18.35755975068582,2295.9003168600175,,
53.510268500001985,mouse,move,1133,329,6,21,21.840329667841555,2739.320657548735,,
53.518308500002604,mouse,move,1136,345,3,16,16.278820596099706,2024.7289297071807,,
53.526264800006174,mouse,move,1136,364,0,19,19.0,2388.0446930700796,,
53.534347200009506,mouse,move,1134,385,-2,21,21.095023109728988,2609.9949397497317,,
53.542393900002935,mouse,move,1124,407,-10,22,24.166091947189145,3003.2301399237012,,
53.55082560000301,mouse,move,1107,431,-17,24,29.410882339705484,3488.131970948705,,
53.55832830000145,mouse,move,1080,460,-27,29,39.6232255123179,5281.195505692004,,
53.566717900001095,mouse,move,1052,482,-28,22,35.608987629529715,4244.420190597098,,
53.57434170000488,mouse,move,1018,505,-34,23,41.048751503547585,5384.29018116551,,
53.5828421000042,mouse,move,986,519,-32,14,34.92849839314596,4109.041738734415,,
53.590726000009454,mouse,move,959,527,-27,8,28.160255680657446,3571.8687022781846,,
53.59833980000985,mouse,move,947,532,-12,5,13.0,1707.4259895608157,,
53.606723900011275,mouse,move,945,532,-2,0,2.0,238.5467730180752,,
53.614359400002286,mouse,move,943,532,-2,0,2.0,261.9343857448184,,
53.638301500002854,mouse,move,945,532,2,0,2.0,83.53486118396359,,
53.646484800003236,mouse,move,953,530,8,-2,8.246211251235321,1007.6877605427875,,
53.654305400006706,mouse,move,971,521,18,-9,20.12461179749811,2573.282329817341,,
53.66234440001426,mouse,move,996,512,25,-9,26.570660511172846,3305.219615150656,,
53.67034790001344,mouse,move,1031,497,35,-15,38.07886552931954,4757.776664363912,,
53.67842740000924,mouse,move,1064,492,33,-5,33.37663853655727,4131.027731159229,,
53.68629320000764,mouse,move,1110,483,46,-9,46.87216658103186,5958.982759614149,,
53.69434290000936,mouse,move,1150,476,40,-7,40.607881008493905,5044.645266260283,,
53.70235330000287,mouse,move,1184,475,34,-1,34.0147027033899,4246.317628452077,,
53.7104868000024,mouse,move,1209,473,25,-2,25.079872407968907,3083.5276829675136,,
53.7182645000139,mouse,move,1226,473,17,0,17.0,2185.7361398433495,,
53.72627780000039,mouse,move,1231,473,5,0,5.0,623.9626631264833,,
53.73439410001447,mouse,move,1232,473,1,0,1.0,123.20885111013149,,
53.74260860000504,mouse,move,1232,473,0,0,0.0,0.0,,
53.75831700001436,mouse,move,1232,474,0,1,1.0,63.66020723987908,,
53.766272400011076,mouse,move,1230,481,-2,7,7.280109889280518,915.1155054785958,,
53.77429270000721,mouse,move,1225,487,-5,6,7.810249675906654,973.8101666611492,,
53.78275450000365,mouse,move,1216,493,-9,6,10.816653826391969,1278.2923055311514,,
53.79035710000608,mouse,move,1205,499,-11,6,12.529964086141668,1648.1156554519757,,
53.798738000012236,mouse,move,1195,505,-10,6,11.661903789690601,1391.4858524884141,,
53.80639090000477,mouse,move,1172,513,-23,8,24.351591323771842,3182.0083037179265,,
53.8147367000056,mouse,move,1147,517,-25,4,25.317977802344327,3033.6190418943297,,
53.82275750000554,mouse,move,1107,523,-40,6,40.44749683231337,5042.825757108379,,
53.83033740000974,mouse,move,1070,523,-37,0,37.0,4881.3308855639525,,
53.838463200008846,mouse,move,1022,522,-48,-1,48.010415536631214,5908.392471130144,,
53.84633810000378,mouse,move,990,518,-32,-4,32.2490309931942,4095.1670515119995,,
53.85437910001201,mouse,move,966,511,-24,-7,25.0,3109.066033378995,,
53.86229520000052,mouse,move,955,506,-11,-5,12.083045973594572,1526.3887509175752,,
53.87073040001269,mouse,move,953,504,-2,-2,2.8284271247461903,335.3123957540516,,
53.87835780000023,mouse,move,953,503,0,-1,1.0,131.1062749604629,,
53.886342600002536,mouse,move,953,503,0,0,0.0,0.0,,
53.90234270000656,mouse,move,953,502,0,-1,1.0,62.49960936173425,,
53.926746600001934,mouse,move,953,501,0,-1,1.0,40.97705695357812,,
53.934364300002926,mouse,move,955,498,2,-3,3.605551275463989,473.3123219599672,,
53.94283680000808,mouse,move,956,497,1,-1,1.4142135623730951,166.91809519181515,,
53.95073280000361,mouse,move,956,496,0,-1,1.0,126.64640331390899,,
53.95876480000152,mouse,move,959,495,3,-1,3.1622776601683795,393.7098681512478,,
53.96627750000334,mouse,move,965,495,6,0,6.0,798.6476231637103,,
53.97434080000676,mouse,move,972,495,7,0,7.0,868.1309137742816,,
53.982329400008894,mouse,move,984,501,12,6,13.416407864998739,1679.4441906480872,,
53.990737200001604,mouse,move,999,513,15,12,19.209372712298546,2284.7085716778784,,
53.99832920001063,mouse,move,1016,524,17,11,20.248456731316587,2667.07806997399,,
54.00675860000774,mouse,move,1030,535,14,11,17.804493814764857,2112.1899329565736,,
54.01472290001402,mouse,move,1044,544,14,9,16.64331697709324,2089.7400856286426,,
54.02274080000643,mouse,move,1055,553,11,9,14.212670403551895,1772.6175703121637,,
54.03033100000175,mouse,move,1068,565,13,12,17.69180601295413,2330.8748154016953,,
54.038732200002414,mouse,move,1077,575,9,10,13.45362404707371,1601.3931397911033,,
54.04633540000941,mouse,move,1083,586,6,11,12.529964086141668,1647.9855948298562,,
54.05475360000855,mouse,move,1087,600,4,14,14.560219778561036,1729.612004947126,,
54.062335000009625,mouse,move,1089,610,2,10,10.198039027185569,1345.139291653671,,
54.07072340000013,mouse,move,1089,619,0,9,9.0,1072.9102105507257,,
54.07850350000081,mouse,move,1088,629,-1,10,10.04987562112089,1291.741188448938,,
54.08670950001397,mouse,move,1086,633,-2,4,4.47213595499958,544.9836641271401,,
54.094421800007694,mouse,move,1080,639,-6,6,8.48528137423857,1100.2270893429848,,
54.10231460000796,mouse,move,1069,644,-11,5,12.083045973594572,1530.894736112833,,
54.11051950001274,mouse,move,1068,645,-1,1,1.4142135623730951,172.36207163383048,,
54.11831170000369,mouse,move,1066,648,-2,3,3.605551275463989,462.71287693512534,,
54.126320400013356,mouse,move,1063,650,-3,2,3.605551275463989,450.2043116999392,,
54.13472830000683,mouse,move,1062,650,-1,0,1.0,118.93576288686073,,
54.14231240001391,mouse,move,1061,650,-1,0,1.0,131.85480136951364,,
54.15031940001063,mouse,move,1058,650,-3,0,3.0,374.6721620116864,,
54.19875320000574,mouse,move,1057,650,-1,0,1.0,20.646738436814253,,
54.2063499000069,mouse,move,1057,647,0,-3,3.0,394.9083153925256,,
54.21642490000522,mouse,move,1061,645,4,-2,4.47213595499958,443.88446210855574,,
54.22233810000762,mouse,move,1068,645,7,0,7.0,1183.7921932562854,,
54.29433450000943,mouse,move,1069,644,1,-1,1.4142135623730951,19.6428371743251,,
54.31038890000491,mouse,move,1072,644,3,0,3.0,186.86466020805238,,
54.318258800005424,mouse,move,1087,650,15,6,16.15549442140351,2052.820800816708,,
54.32654390000971,mouse,move,1109,668,22,18,28.42534080710379,3430.8989381416304,,
54.334286400000565,mouse,move,1126,687,17,19,25.495097567963924,3292.876667494894,,
54.34230970000499,mouse,move,1137,699,11,12,16.278820596099706,2028.9432760986865,,
54.35036480000417,mouse,move,1147,712,10,13,16.401219466856727,2036.1285978473927,,
54.35831960001087,mouse,move,1154,719,7,7,9.899494936611665,1244.468110860472,,
54.36632700001064,mouse,move,1156,727,2,8,8.246211251235321,1029.823819401153,,
54.3743286000099,mouse,move,1160,734,4,7,8.06225774829855,1007.5807024898847,,
54.38231340001221,mouse,move,1161,741,1,7,7.0710678118654755,885.5660517263287,,
54.39054320000287,mouse,move,1161,742,0,1,1.0,121.50963585203337,,
54.40632100000221,mouse,move,1161,742,0,0,0.0,0.0,,
54.43856190000952,mouse,move,1156,743,-5,1,5.0990195135927845,158.15375850043816,,
54.44633320000139,mouse,move,1145,750,-11,7,13.038404810405298,1677.7636719777036,,
54.45435630000429,mouse,move,1133,758,-12,8,14.422205101855956,1797.5851100746634,,
54.462289000002784,mouse,move,1121,768,-12,10,15.620499351813308,1969.1277061761882,,
54.47030080000695,mouse,move,1113,774,-8,6,10.0,1248.1589648763068,,
54.47833090000495,mouse,move,1103,776,-10,2,10.198039027185569,1269.976591789808,,
54.486328500002855,mouse,move,1093,782,-10,6,11.661903789690601,1458.1754267208464,,
54.49431050001294,mouse,move,1080,788,-13,6,14.317821063276353,1793.7635987447647,,
54.50230320000264,mouse,move,1070,788,-10,0,10.0,1251.1416683832824,,
54.510434300013,mouse,move,1066,788,-4,0,4.0,491.9383594967084,,
54.518286900012754,mouse,move,1065,789,-1,1,1.4142135623730951,180.09494465755867,,
54.52627770000254,mouse,move,1064,789,-1,0,1.0,125.14391566281888,,
54.534260400003404,mouse,move,1064,789,0,0,0.0,0.0,,
54.54231400000572,mouse,move,1064,787,0,-2,2.0,248.33614773835183,,
54.550279800008866,mouse,move,1068,785,4,-2,4.47213595499958,561.4170520515069,,
54.55832760001067,mouse,move,1073,778,5,-7,8.602325267042627,1068.9039569961428,,
54.56632240000181,mouse,move,1076,776,3,-2,3.605551275463989,450.98705151604923,,
54.57436930001131,mouse,move,1084,770,8,-6,10.0,1242.7145842734162,,
54.58231230000092,mouse,move,1084,769,0,-1,1.0,125.89701640540935,,
54.590350300000864,mouse,move,1087,765,3,-4,5.0,622.045284901209,,
54.59844850000809,mouse,move,1092,759,5,-6,7.810249675906654,964.4426747842956,,
54.606451300001936,mouse,move,1094,754,2,-5,5.385164807134504,672.9100828803934,,
54.614317200001096,mouse,move,1098,749,4,-5,6.4031242374328485,814.0358049449368,,
54.62229470000602,mouse,move,1099,747,1,-2,2.23606797749979,280.2968318544472,,
54.63034430000698,mouse,move,1101,743,2,-4,4.47213595499958,555.5724451484356,,
54.63834260001022,mouse,move,1104,742,3,-1,3.1622776601683795,395.36872321475,,
54.64631290000398,mouse,move,1109,742,5,0,5.0,627.3289592506845,,
54.654285300013726,mouse,move,1114,742,5,0,5.0,627.1637140492296,,
54.66235640000377,mouse,move,1128,742,14,0,14.0,1734.5838878546197,,
54.67037170000549,mouse,move,1140,746,12,4,12.649110640673518,1578.120673956693,,
54.67837180000788,mouse,move,1155,753,15,7,16.55294535724685,2069.0923053835704,,
54.68657240000903,mouse,move,1180,763,25,10,26.92582403567252,3283.396828513702,,
54.6942917000124,mouse,move,1185,768,5,5,7.0710678118654755,916.024485222192,,
54.710315900010755,mouse,move,1189,770,4,2,4.47213595499958,279.086379067819,,
54.73431540001184,mouse,move,1192,773,3,3,4.242640687119285,176.78037821321166,,
54.74243780001416,mouse,move,1196,777,4,4,5.656854249492381,696.4510794686003,,
54.75032550000469,mouse,move,1200,779,4,2,4.47213595499958,566.9759195160789,,
54.758359100000234,mouse,move,1202,780,2,1,2.23606797749979,278.3394715620069,,
54.766391800003476,mouse,move,1202,781,0,1,1.0,124.49114240498223,,
54.77433000000019,mouse,move,1204,783,2,2,2.8284271247461903,356.3058534575229,,
54.79034190000675,mouse,move,1204,785,0,2,2.0,124.90710029294046,,
54.798377000013716,mouse,move,1204,787,0,2,2.0,248.90791630055517,,
54.80639100000553,mouse,move,1205,790,1,3,3.1622776601683795,394.59416813042,,
54.814379300005385,mouse,move,1205,790,0,0,0.0,0.0,,
54.83032610001101,mouse,move,1205,792,0,2,2.0,125.41701151923141,,
54.838369100005366,mouse,move,1205,796,0,4,4.0,497.32686843285234,,
54.84637400000065,mouse,move,1205,801,0,5,5.0,624.6174221970315,,
54.854585500012035,mouse,move,1205,806,0,5,5.0,608.9021485804008,,
54.86234360000526,mouse,move,1205,810,0,4,4.0,515.5901578341382,,
54.8704327000014,mouse,move,1204,815,-1,5,5.0990195135927845,630.3568401954768,,
54.878382500013686,mouse,move,1203,822,-1,7,7.0710678118654755,889.4648671588375,,
54.886330799999996,mouse,move,1201,827,-2,5,5.385164807134504,677.5241015575159,,
54.89435200000298,mouse,move,1197,833,-4,6,7.211102550927978,899.0054540771383,,
54.902328500000294,mouse,move,1195,841,-2,8,8.246211251235321,1033.813233124052,,
54.910682200003066,mouse,move,1192,846,-3,5,5.830951894845301,698.0082948765888,,
54.918320300013875,mouse,move,1190,855,-2,9,9.219544457292887,1207.0468368110462,,
54.92629360000137,mouse,move,1189,862,-1,7,7.0710678118654755,886.8433174410874,,
54.934361200008425,mouse,move,1185,869,-4,7,8.06225774829855,999.3378131353421,,
54.94240920001175,mouse,move,1185,873,0,4,4.0,497.01789243863266,,
54.950442900008056,mouse,move,1184,877,-1,4,4.123105625617661,513.2262379121282,,
54.95846860000165,mouse,move,1184,880,0,3,3.0,373.7991704641345,,
54.96649140000227,mouse,move,1182,882,-2,2,2.8284271247461903,352.5486269791804,,
54.974377700011246,mouse,move,1181,883,-1,1,1.4142135623730951,179.32535672791062,,
54.982451100004255,mouse,move,1181,884,0,1,1.0,123.8635520184728,,
54.99040320000495,mouse,move,1181,886,0,2,2.0,251.5058915035764,,
54.99836490000598,mouse,move,1181,887,0,1,1.0,125.60131628549819,,
55.006334800011246,mouse,move,1180,888,-1,1,1.4142135623730951,177.44432946950292,,
55.01433990000805,mouse,move,1180,889,0,1,1.0,124.92036331822808,,
55.02233980000892,mouse,move,1180,890,0,1,1.0,125.00156250596295,,
55.03030100000615,mouse,move,1180,891,0,1,1.0,125.609204686287,,
55.0383933000121,mouse,move,1180,894,0,3,3.0,370.7227855853237,,
55.04638580000028,mouse,move,1180,895,0,1,1.0,125.11729765145816,,
55.05434880001121,mouse,move,1180,897,0,2,2.0,251.16162215927855,,
55.06234710001445,mouse,move,1180,899,0,2,2.0,250.05313619025983,,
55.07027690000541,mouse,move,1181,901,1,2,2.23606797749979,281.9828974310248,,
55.0782598000078,mouse,move,1188,903,7,2,7.280109889280518,911.9630569218758,,
55.086239400014165,mouse,move,1191,904,3,1,3.1622776601683795,396.29526011903783,,
55.09430810000049,mouse,move,1199,905,8,1,8.06225774829855,999.2015767054154,,
55.102235000013025,mouse,move,1204,906,5,1,5.0990195135927845,643.255182420562,,
55.11028720000468,mouse,move,1214,906,10,0,10.0,1241.8966258123783,,
55.11884110000392,mouse,move,1221,908,7,2,7.280109889280518,851.0866259747492,,
55.1263609000016,mouse,move,1228,908,7,0,7.0,930.8758214525477,,
55.134839900012594,mouse,move,1233,908,5,0,5.0,589.6921799171269,,
55.14234550000401,mouse,move,1237,908,4,0,4.0,532.9354088378581,,
55.1508143000101,mouse,move,1238,908,1,0,1.0,118.08048357281685,,
55.158359000008204,mouse,move,1240,908,2,0,2.0,265.0867497053376,,
55.16678250000405,mouse,move,1241,908,1,0,1.0,118.71549836689626,,
55.2547532000026,mouse,move,1241,908,0,0,0.0,0.0,,
55.270943500014255,mouse,move,1242,909,1,1,1.4142135623730951,87.34943523929549,,
55.302315900000394,mouse,move,1242,910,0,1,1.0,31.875151421051804,,
55.31831710001279,mouse,move,1242,911,0,1,1.0,62.495312803117535,,
55.32630400000198,mouse,move,1242,912,0,1,1.0,125.20502339496997,,
55.34234740000102,mouse,move,1242,913,0,1,1.0,62.33092736328801,,
55.35070800001267,mouse,move,1242,913,0,0,0.0,0.0,,
55.35833500001172,mouse,move,1242,915,0,2,2.0,262.2263013307768,,
55.366724500010605,mouse,move,1242,916,0,1,1.0,119.19661483199125,,
55.37426210001286,mouse,move,1242,918,0,2,2.0,265.33644653504797,,
55.38281890000508,mouse,move,1242,920,0,2,2.0,233.73223656253805,,
55.39051160000963,mouse,move,1241,924,-1,4,4.123105625617661,535.9763962167555,,
55.39872190001188,mouse,move,1241,926,0,2,2.0,243.59645804082868,,
55.407154600005015,mouse,move,1241,930,0,4,4.0,474.34392344750034,,
55.41481910001312,mouse,move,1241,933,0,3,3.0,391.4149646849538,,
55.422715700013214,mouse,move,1240,934,-1,1,1.4142135623730951,179.09145231569906,,
55.43079790000047,mouse,move,1240,937,0,3,3.0,371.186063785858,,
55.438812200009124,mouse,move,1240,939,0,2,2.0,249.55392209431196,,
55.45497130000149,mouse,move,1239,940,-1,1,1.4142135623730951,87.51808968577005,,
55.53507680000621,mouse,move,1239,941,0,1,1.0,12.483537334403735,,
55.55097530000785,mouse,move,1239,942,0,1,1.0,62.89901562391684,,
55.56698070000857,mouse,move,1239,943,0,1,1.0,62.47891336391974,,
55.5829747000098,mouse,move,1239,943,0,0,0.0,0.0,,
55.590406000002986,mouse,move,1239,945,0,2,2.0,269.1319152549077,,
55.59882270000526,mouse,move,1239,945,0,0,0.0,0.0,,
55.606962500009104,mouse,move,1239,946,0,1,1.0,122.85314129677451,,
55.61481560001266,mouse,move,1238,950,-1,4,4.123105625617661,525.0290488787226,,
55.623038900012034,mouse,move,1236,950,-2,0,2.0,243.21136285344227,,
55.630821200000355,mouse,move,1235,953,-1,3,3.1622776601683795,406.34229789574283,,
55.638828700000886,mouse,move,1231,959,-4,6,7.211102550927978,900.543559219472,,
55.6468074000004,mouse,move,1229,960,-2,1,2.23606797749979,280.2546752774895,,
55.65489590000652,mouse,move,1225,965,-4,5,6.4031242374328485,791.6330880366679,,
55.66282100000535,mouse,move,1222,967,-3,2,3.605551275463989,454.9534108082876,,
55.67080250001163,mouse,move,1219,970,-3,3,4.242640687119285,531.5593163917366,,
55.67882330001157,mouse,move,1216,971,-3,1,3.1622776601683795,394.25963247954724,,
55.686902900008135,mouse,move,1214,974,-2,3,3.605551275463989,446.253685454446,,
55.69482050000806,mouse,move,1213,975,-1,1,1.4142135623730951,178.6164446784342,,
55.70281020000402,mouse,move,1212,975,-1,0,1.0,125.16114503744038,,
55.718979400000535,mouse,move,1211,975,-1,0,1.0,61.84597878780352,,
55.8309728000022,mouse,move,1209,975,-2,0,2.0,17.858195214809584,,
55.83834840000782,mouse,move,1204,975,-5,0,5.0,677.9109491014369,,
55.84683110000333,mouse,move,1197,975,-7,0,7.0,825.208955132704,,
55.854236400002264,mouse,move,1190,976,-7,1,7.0710678118654755,954.8658140630657,,
55.862759700001334,mouse,move,1180,977,-10,1,10.04987562112089,1179.1061704056106,,
55.87031050000223,mouse,move,1166,981,-14,4,14.560219778561036,1928.301607356384,,
55.87872530000459,mouse,move,1153,983,-13,2,13.152946437965905,1563.0729707519147,,
55.88632260001032,mouse,move,1140,984,-13,1,13.038404810405298,1716.1892778455392,,
55.89490380001371,mouse,move,1129,987,-11,3,11.40175425099138,1328.6899555406721,,
55.90233350000926,mouse,move,1117,988,-12,1,12.041594578792296,1620.7376591243928,,
55.910745100001805,mouse,move,1112,989,-5,1,5.0990195135927845,606.189014945312,,
55.91830570000457,mouse,move,1110,989,-2,0,2.0,264.52927006710956,,
56.08697310001298,mouse,move,1111,988,1,-1,1.4142135623730951,8.38462893423699,,
56.094798300007824,mouse,move,1118,985,7,-3,7.615773105863909,973.2368643466198,,
56.10292360000312,mouse,move,1127,980,9,-5,10.295630140987,1267.1076941089104,,
56.11080270000093,mouse,move,1147,972,20,-8,21.540659228538015,2733.898444559671,,
56.11880910000764,mouse,move,1165,966,18,-6,18.973665961010276,2369.8123932249646,,
56.126340500006336,mouse,move,1185,960,20,-6,20.8806130178211,2772.474310411395,,
56.134909800006426,mouse,move,1202,958,17,-2,17.11724276862369,1997.5077040649307,,
56.14240170000994,mouse,move,1221,956,19,-2,19.1049731745428,2550.083845964146,,
56.15081880000071,mouse,move,1236,950,15,-6,16.15549442140351,1919.365867000246,,
56.15838620001159,mouse,move,1248,946,12,-4,12.649110640673518,1671.5266303458766,,
56.16695340001024,mouse,move,1257,945,9,-1,9.055385138137417,1056.9830445843006,,
56.1747999000072,mouse,move,1261,943,4,-2,4.47213595499958,569.9529671488186,,
56.18281370001205,mouse,move,1263,942,2,-1,2.23606797749979,279.02717514131973,,
56.294848800011096,mouse,move,1263,942,0,0,0.0,0.0,,
56.302755400000024,mouse,move,1265,942,2,0,2.0,252.95322930218828,,
56.31078670000716,mouse,move,1266,943,1,1,1.4142135623730951,176.08775181067747,,
56.32702300000528,mouse,move,1266,944,0,1,1.0,61.590386979506626,,
56.42236030001368,mouse,move,1267,944,1,0,1.0,10.489074055085858,,
56.43828340001346,mouse,move,1267,947,0,3,3.0,188.40552405254815,,
56.44668240001192,mouse,move,1267,947,0,0,0.0,0.0,,
56.45445850001124,mouse,move,1267,948,0,1,1.0,128.59916926063164,,
56.46278540001367,mouse,move,1267,951,0,3,3.0,360.2781346148572,,
56.470981400008895,mouse,move,1267,952,0,1,1.0,122.01073701596086,,
56.47878550000314,mouse,move,1267,953,0,1,1.0,128.1377738287971,,
56.486979200009955,mouse,move,1266,955,-1,2,2.23606797749979,272.90088429406904,,
56.49491440001293,mouse,move,1265,956,-1,1,1.4142135623730951,178.22027949424765,,
56.50281350000296,mouse,move,1265,957,0,1,1.0,126.59670104980893,,
56.51031870000588,mouse,move,1264,958,-1,1,1.4142135623730951,188.43116263684124,,
56.518316600006074,mouse,move,1264,959,0,1,1.0,125.0328211125523,,
56.526307100008125,mouse,move,1262,961,-2,2,2.8284271247461903,353.9737343119881,,
56.55030380000244,mouse,move,1261,961,-1,0,1.0,41.67239663107714,,
56.702676900007646,mouse,click_press,1261,961,,,,,,
56.91089870000724,mouse,click_release,1261,961,,,,,,
57.697019000013825,keyboard,key_press,,,,,,,,11.166542999999365
57.71869210001023,keyboard,key_press,,,,,,,,0.021673099996405654
57.83394340000814,keyboard,key_press,,,,,,,,0.11525129999790806
57.900933300014,keyboard,key_release,,,,,,,0.20391430000017863,
57.91766260001168,keyboard,key_release,,,,,,,0.08371920000354294,
57.95583990000887,keyboard,key_release,,,,,,,0.23714779999863822,
58.057387300010305,keyboard,key_press,,,,,,,,0.22344390000216663
58.069560500007356,keyboard,key_press,,,,,,,,0.012173199997050688
58.09553510000114,keyboard,key_press,,,,,,,,0.025974599993787706
58.183711800011224,keyboard,key_release,,,,,,,0.12632450000091922,
58.21639820000564,keyboard,key_release,,,,,,,0.14683769999828655,
58.2880589000124,keyboard,key_press,,,,,,,,0.19252380001125857
58.376419100008206,keyboard,key_release,,,,,,,0.28088400000706315,
58.442406500005745,keyboard,key_release,,,,,,,0.15434759999334347,
58.53238160000183,keyboard,key_press,,,,,,,,0.24432269998942502
58.55994660001306,keyboard,key_press,,,,,,,,0.027565000011236407
58.68812630001048,keyboard,key_release,,,,,,,0.15574470000865404,
58.83471760000975,keyboard,key_release,,,,,,,0.2747709999966901,
58.87163600001077,keyboard,key_press,,,,,,,,0.31168939999770373
58.949980300007155,keyboard,key_release,,,,,,,0.07834429999638814,
59.45317690000229,keyboard,key_press,,,,,,,,0.5815408999915235
59.575820800004294,keyboard,key_release,,,,,,,0.12264390000200365,
59.97280060000776,keyboard,key_press,,,,,,,,0.519623700005468
60.49192330001097,keyboard,key_press,,,,,,,,0.5191227000032086
60.52502650000679,keyboard,key_press,,,,,,,,0.03310319999582134
60.558798700003535,keyboard,key_press,,,,,,,,0.033772199996747077
60.59180660000129,keyboard,key_press,,,,,,,,0.033007899997755885
60.625419100004365,keyboard,key_press,,,,,,,,0.033612500003073364
60.65963200000988,keyboard,key_press,,,,,,,,0.0342129000055138
60.693181800001184,keyboard,key_press,,,,,,,,0.03354979999130592
60.726194400005625,keyboard,key_press,,,,,,,,0.033012600004440174
60.759444100011024,keyboard,key_press,,,,,,,,0.03324970000539906
60.79274730000179,keyboard,key_press,,,,,,,,0.03330319999076892
60.8262231000117,keyboard,key_press,,,,,,,,0.03347580000991002
60.859488100002636,keyboard,key_press,,,,,,,,0.033264999990933575
60.892739900009474,keyboard,key_press,,,,,,,,0.033251800006837584
60.927263900011894,keyboard,key_press,,,,,,,,0.03452400000242051
60.96017470001243,keyboard,key_press,,,,,,,,0.032910800000536256
60.99289840001438,keyboard,key_press,,,,,,,,0.03272370000195224
61.02621780001209,keyboard,key_release,,,,,,,0.03331939999770839,
61.415388900000835,keyboard,key_press,,,,,,,,0.42249049998645205
61.552434000012,keyboard,key_release,,,,,,,0.13704510001116432,
61.95083660000819,keyboard,key_press,,,,,,,,0.535447700007353
62.07147740000801,keyboard,key_release,,,,,,,0.12064079999981914,
62.119648600011715,keyboard,key_press,,,,,,,,0.16881200000352692
62.26190110000607,keyboard,key_press,,,,,,,,0.14225249999435619
62.27446950000012,keyboard,key_release,,,,,,,0.1548208999884082,
62.3890121000004,keyboard,key_release,,,,,,,0.12711099999432918,
62.39909120000084,keyboard,key_press,,,,,,,,0.1371900999947684
62.570407700011856,keyboard,key_release,,,,,,,0.17131650001101661,
62.651487100010854,keyboard,key_press,,,,,,,,0.2523959000100149
62.77195770000981,keyboard,key_press,,,,,,,,0.12047059999895282
62.81228510000801,keyboard,key_release,,,,,,,0.1607979999971576,
62.89879380000639,keyboard,key_release,,,,,,,0.12683609999658074,
63.11985260000802,keyboard,key_press,,,,,,,,0.34789489999820944
63.266883100004634,keyboard,key_press,,,,,,,,0.14703049999661744
63.28469200000109,keyboard,key_release,,,,,,,0.1648393999930704,
63.394611700001406,keyboard,key_release,,,,,,,0.12772859999677166,
63.67000410000037,keyboard,key_press,,,,,,,,0.4031209999957355
63.79757120000431,keyboard,key_release,,,,,,,0.12756710000394378,
64.60684830001264,keyboard,key_press,,,,,,,,0.9368442000122741
64.73910190000606,keyboard,key_release,,,,,,,0.1322535999934189,
64.88198780000675,keyboard,key_press,,,,,,,,0.27513949999411125
64.99776580001344,keyboard,key_release,,,,,,,0.11577800000668503,
65.40240660001291,keyboard,key_press,,,,,,,,0.5204188000061549
65.51809090000461,keyboard,key_release,,,,,,,0.11568429999169894,
65.65332070000295,keyboard,key_press,,,,,,,,0.250914099990041
65.77988620000542,keyboard,key_release,,,,,,,0.1265655000024708,
65.94055770001432,keyboard,key_press,,,,,,,,0.2872370000113733
66.08425090000674,keyboard,key_release,,,,,,,0.1436931999924127,
66.12594180001179,keyboard,key_press,,,,,,,,0.18538409999746364
66.25464200001443,keyboard,key_release,,,,,,,0.12870020000264049,
66.43008370000462,keyboard,key_press,,,,,,,,0.30414189999282826
66.61083010000584,keyboard,key_press,,,,,,,,0.180746400001226
66.61273050001182,keyboard,key_release,,,,,,,0.18264680000720546,
66.72043850000773,keyboard,key_release,,,,,,,0.1096084000018891,
66.84038490000239,keyboard,key_press,,,,,,,,0.22955479999654926
66.99533960000554,keyboard,key_release,,,,,,,0.15495470000314526,
67.0198068000027,keyboard,key_press,,,,,,,,0.17942190000030678
67.12378500000341,keyboard,key_release,,,,,,,0.10397820000071079,
67.35924140000134,keyboard,key_press,,,,,,,,0.3394345999986399
67.46384780001245,keyboard,key_release,,,,,,,0.10460640001110733,
67.82654240001284,keyboard,key_press,,,,,,,,0.46730100001150277
67.94800470001064,keyboard,key_release,,,,,,,0.12146229999780189,
68.17096140001377,keyboard,key_press,,,,,,,,0.34441900000092573
68.28737130000081,keyboard,key_release,,,,,,,0.11640989998704754,
68.61271270000725,keyboard,key_press,,,,,,,,0.4417512999934843
68.72272310001426,keyboard,key_release,,,,,,,0.11001040000701323,
68.92640930000925,mouse,move,1258,961,-3,0,3.0,0.24240258779293275,,
68.93445050000446,mouse,move,1238,961,-20,0,20.0,2487.1909680055915,,
68.94247670000186,mouse,move,1191,961,-47,0,47.0,5855.822184247734,,
68.95066920001409,mouse,move,1118,955,-73,-6,73.24616030891995,8940.635971875678,,
68.95198870000604,keyboard,key_press,,,,,,,,0.3392759999987902
68.95879400000558,mouse,move,1023,922,-95,-33,100.56838469419701,12377.952047989658,,
68.96664170001168,mouse,move,984,916,-39,-6,39.45883931389772,5028.076924863095,,
68.98235790000763,mouse,move,978,908,-6,-8,10.0,636.2861253087289,,
68.99029410000367,mouse,move,934,818,-44,-90,100.17983829094555,12623.149409157302,,
68.99836380001216,mouse,move,891,703,-43,-115,122.77621919573839,15214.471302099395,,
69.00631180001074,mouse,move,838,625,-53,-78,94.30270409696638,11864.960255893293,,
69.0142782000039,mouse,move,813,585,-25,-40,47.16990566028302,5921.10686141186,,
69.02230220001366,mouse,move,796,514,-17,-71,73.00684899377592,9098.560431832308,,
69.03033370000776,mouse,move,759,403,-37,-111,117.00427342623003,14568.17201171972,,
69.0389722000109,mouse,move,702,283,-57,-120,132.84953895290718,15378.773965914694,,
69.04677650000667,mouse,move,657,209,-45,-74,86.6083136886985,11097.5121068711,,
69.05451000000176,mouse,move,556,96,-101,-113,151.5585695366646,19597.66853727492,,
69.06280030000198,mouse,move,453,-39,-103,-135,169.80577139779436,20482.46401133406,,
69.07045730001118,mouse,move,338,-139,-115,-100,152.3975065412817,19903.030737639747,,
69.07835850000265,mouse,move,211,-121,-127,18,128.2692480682724,16234.147750572314,,
69.08644450000429,mouse,move,83,-153,-128,-32,131.93938001976514,16317.014592258753,,
69.09459050001169,mouse,move,-49,-149,-132,4,132.06059215375342,16211.710291404625,,
69.1026828000031,mouse,move,-131,-137,-82,12,82.87339742040264,10241.018932619581,,
69.11044710001443,mouse,move,-117,-126,14,11,17.804493814764857,2293.122855734707,,
69.11841220001224,mouse,move,-101,-107,16,19,24.839484696748443,3118.540219652187,,
69.12639580000541,mouse,move,-78,-62,23,45,50.53711507397311,6330.116127714813,,
69.13442950000172,mouse,move,-38,-24,40,38,55.17245689653489,6867.627235510317,,
69.14250820000598,mouse,move,-12,-5,26,19,32.202484376209235,3986.0973125899977,,
69.15038510000159,mouse,move,-9,-4,3,1,3.1622776601683795,401.46220745870824,,
69.15633380001236,keyboard,key_press,,,,,,,,0.20434510000632145
69.1583757000044,mouse,move,-10,-4,-1,0,1.0,125.14704773708385,,
69.16672890000336,mouse,move,-12,-5,-2,-1,2.23606797749979,267.68998441040173,,
69.1744122000091,mouse,move,-30,-9,-18,-4,18.439088914585774,2399.891830439516,,
69.1823771000054,mouse,move,-67,-41,-37,-32,48.91829923454004,6141.734266254649,,
69.19048150000162,mouse,move,-79,-63,-12,-22,25.059928172283335,3092.1386140797795,,
69.19835240000975,mouse,move,-78,-62,1,1,1.4142135623730951,179.6762201161894,,
69.20647130001453,mouse,move,-54,-56,24,6,24.73863375370596,3047.0425475321003,,
69.21477730000333,mouse,move,-23,-26,31,30,43.139309220245984,5193.752622006092,,
69.2224622000067,mouse,move,-10,-14,13,12,17.69180601295413,2302.1517528137333,,
69.22763070001383,keyboard,key_release,,,,,,,0.2756420000077924,
69.23028690001229,mouse,move,-2,-7,8,7,10.63014581273465,1358.5371714119103,,
69.2384044000064,mouse,move,-4,-6,-2,1,2.23606797749979,275.46263986709596,,
69.2467997000058,mouse,move,-1,-8,3,-2,3.605551275463989,429.4725948715179,,
69.2543766000017,mouse,move,0,-12,1,-4,4.123105625617661,544.1678823585897,,
69.26278520000051,mouse,move,0,-15,0,-3,3.0,356.77758490443574,,
69.27046570001403,mouse,move,2,-21,2,-6,6.324555320336759,823.4561954563969,,
69.27883100000327,mouse,move,11,-16,9,5,10.295630140987,1230.754444459159,,
69.28640790001373,mouse,move,14,-6,3,10,10.44030650891055,1377.912668042822,,
69.29280630001449,keyboard,key_release,,,,,,,,
69.29438030000892,mouse,move,15,0,1,6,6.082762530298219,762.977589428917,,
69.34239100001287,mouse,move,16,-1,1,-1,1.4142135623730951,29.456216265477586,,
70.71837030000461,mouse,move,16,0,0,1,1.0,0.7267551190675633,,
70.72643110000354,mouse,move,19,0,3,0,3.0,372.1714966750603,,
70.73449550000078,mouse,move,19,0,0,0,0.0,0.0,,
70.74232880001364,mouse,move,20,-1,1,-1,1.4142135623730951,180.5386695327577,,
70.75840200000675,mouse,move,21,0,1,1,1.4142135623730951,87.98581259355963,,
70.79061230001389,mouse,move,22,-1,1,-1,1.4142135623730951,43.90563149240339,,
70.83840110000165,mouse,move,22,0,0,1,1.0,20.925405121204072,,
70.84634910000023,mouse,move,27,1,5,1,5.0990195135927845,641.5474980504716,,
70.85439550000592,mouse,move,38,9,11,8,13.601470508735444,1690.3796106465581,,
70.86235890000535,mouse,move,50,19,12,10,15.620499351813308,1961.5364483687529,,
70.8704182000074,mouse,move,61,28,11,9,14.212670403551895,1763.5117690021762,,
70.87850760000583,mouse,move,74,39,13,11,17.029386365926403,2105.1482643015484,,
70.88645930000348,mouse,move,85,49,11,10,14.866068747318506,1869.545977805539,,
70.89488110000093,mouse,move,94,63,9,14,16.64331697709324,1976.2185022362069,,
70.90250990001368,mouse,move,103,75,9,12,15.0,1966.2332181894858,,
70.91071300000476,mouse,move,109,86,6,11,12.529964086141668,1527.4669453949095,,
70.918559800004,mouse,move,113,97,4,11,11.704699910719626,1491.6526369793203,,
70.92634110001381,mouse,move,119,109,6,12,13.416407864998739,1724.1859134185604,,
70.93472220000695,mouse,move,124,121,5,12,13.0,1551.1090442371312,,
70.94257020000077,mouse,move,125,130,1,9,9.055385138137417,1153.8462213632533,,
70.95039110000653,mouse,move,129,139,4,9,9.848857801796104,1259.2997985589877,,
70.95843530001002,mouse,move,130,141,1,2,2.23606797749979,277.97269791003384,,
70.96636640001088,mouse,move,130,145,0,4,4.0,504.3436597150684,,
70.97436300000118,mouse,move,131,148,1,3,3.1622776601683795,395.45277543046495,,
70.98238040000433,mouse,move,131,149,0,1,1.0,124.72871499569818,,
70.99846850000904,mouse,move,131,149,0,0,0.0,0.0,,
71.93583670000953,keyboard,key_press,,,,,,,,2.779502899997169
72.07168240001192,keyboard,key_release,,,,,,,0.13584570000239182,
73.35112130000198,keyboard,key_press,,,,,,,,1.4152845999924466
73.43811310001183,keyboard,key_release,,,,,,,0.08699180000985507,
73.5780492000049,keyboard,key_press,,,,,,,,0.22692790000292007
73.66653290000977,keyboard,key_release,,,,,,,0.08848370000487193,
73.6818934000039,keyboard,key_press,,,,,,,,0.10384419999900274
73.86297060000652,keyboard,key_press,,,,,,,,0.18107720000261907
73.87050100001215,keyboard,key_release,,,,,,,0.18860760000825394,
73.98458650000975,keyboard,key_release,,,,,,,0.12161590000323486,
74.1287055000139,keyboard,key_press,,,,,,,,0.26573490000737365
74.24367710000661,keyboard,key_release,,,,,,,0.11497159999271389,
74.26415760000236,keyboard,key_press,,,,,,,,0.13545209998846985
74.47173390000535,keyboard,key_press,,,,,,,,0.20757630000298377
74.53257320000557,keyboard,key_release,,,,,,,0.26841560000320897,
74.5932971000002,keyboard,key_release,,,,,,,0.12156319999485277,
74.73301070000161,keyboard,key_press,,,,,,,,0.2612767999962671
74.87087410000095,keyboard,key_release,,,,,,,0.13786339999933261,
74.95272740001383,keyboard,key_press,,,,,,,,0.21971670001221355
75.22726390000025,keyboard,key_release,,,,,,,0.27453649998642504,
75.29533210000955,keyboard,key_press,,,,,,,,0.34260469999571797
75.4066571000003,keyboard,key_release,,,,,,,0.11132499999075662,
75.60810120000679,keyboard,key_press,,,,,,,,0.3127690999972401
75.71238060000178,keyboard,key_release,,,,,,,0.10427939999499358,
75.89813900001172,keyboard,key_press,,,,,,,,0.2900378000049386
75.99219450000965,keyboard,key_release,,,,,,,0.09405549999792129,
76.12227940000594,keyboard,key_press,,,,,,,,0.2241403999942122
76.24272110000311,keyboard,key_release,,,,,,,0.12044169999717269,
76.37418880000769,keyboard,key_press,,,,,,,,0.2519094000017503
76.59359130001394,keyboard,key_press,,,,,,,,0.21940250000625383
76.59600910000154,keyboard,key_release,,,,,,,0.22182029999385122,
76.69998370000394,keyboard,key_release,,,,,,,0.10639239998999983,
76.96475900000951,keyboard,key_press,,,,,,,,0.3711676999955671
77.06338440001127,keyboard,key_release,,,,,,,0.09862540000176523,
77.20967770001153,keyboard,key_press,,,,,,,,0.24491870000201743
77.30850130000908,keyboard,key_release,,,,,,,0.09882359999755863,
77.41429530001187,keyboard,key_press,,,,,,,,0.204617600000347
77.51816540000436,keyboard,key_release,,,,,,,0.1038700999924913,
77.59585230000084,keyboard,key_press,,,,,,,,0.18155699998897035
77.71111030000611,keyboard,key_release,,,,,,,0.11525800000526942,
77.80992920001154,keyboard,key_press,,,,,,,,0.21407690001069568
77.93668090000574,keyboard,key_press,,,,,,,,0.12675169999420177
77.98018820000289,keyboard,key_release,,,,,,,0.17025899999134708,
78.03649870000663,keyboard,key_release,,,,,,,0.09981780000089202,
78.1377838000044,keyboard,key_press,,,,,,,,0.20110289999865927
78.13830800000869,keyboard,key_press,,,,,,,,0.000524200004292652
78.20933510000759,keyboard,key_release,,,,,,,0.07155130000319332,
78.21142440001131,keyboard,key_release,,,,,,,0.07311640000261832,
78.28835490001075,keyboard,key_press,,,,,,,,0.150046900002053
78.2889017000125,keyboard,key_press,,,,,,,,0.0005468000017572194
78.37181730000884,keyboard,key_release,,,,,,,0.08291559999634046,
78.38207750000583,keyboard,key_release,,,,,,,0.0937225999950897,
78.43430650001392,keyboard,key_press,,,,,,,,0.14540480000141542
78.5593755000009,keyboard,key_press,,,,,,,,0.12506899998697918
78.56295070001215,keyboard,key_release,,,,,,,0.1286441999982344,
78.68160940000962,keyboard,key_release,,,,,,,0.12223390000872314,
78.75329600000987,keyboard,key_press,,,,,,,,0.19392050000897143
78.888878200014,keyboard,key_press,,,,,,,,0.13558220000413712
78.92269390000729,keyboard,key_release,,,,,,,0.1693978999974206,
78.98292950000905,keyboard,key_release,,,,,,,0.09405129999504425,
79.08172240000567,keyboard,key_press,,,,,,,,0.19284419999166857
79.1917691000126,keyboard,key_release,,,,,,,0.11004670000693295,
79.27662690001307,keyboard,key_press,,,,,,,,0.19490450000739656
79.4134810000105,keyboard,key_release,,,,,,,0.1368540999974357,
79.8152487000043,keyboard,key_press,,,,,,,,0.5386217999912333
79.91979010000068,keyboard,key_release,,,,,,,0.10454139999637846,
79.96416810000665,keyboard,key_press,,,,,,,,0.14891940000234172
80.06316830001015,keyboard,key_release,,,,,,,0.09900020000350196,
80.17858890000207,keyboard,key_press,,,,,,,,0.2144207999954233
80.27263050001056,keyboard,key_release,,,,,,,0.09404160000849515,
80.36993670000811,keyboard,key_press,,,,,,,,0.19134780000604223
80.49042560000089,keyboard,key_release,,,,,,,0.1204888999927789,
80.71128810000664,keyboard,key_press,,,,,,,,0.3413513999985298
80.82147070000065,keyboard,key_release,,,,,,,0.1101825999940047,
81.91844440001296,mouse,move,132,150,1,1,1.4142135623730951,0.12950702229778616,,
81.99035760000697,mouse,move,133,150,1,0,1.0,13.905652927184873,,
81.99863190000178,mouse,move,137,149,4,-1,4.123105625617661,498.3026513667711,,
82.00636890000897,mouse,move,146,148,9,-1,9.055385138137417,1170.4000426174464,,
82.01440040000307,mouse,move,158,146,12,-2,12.165525060596439,1514.7263984968652,,
82.02260910000768,mouse,move,171,146,13,0,13.0,1583.68560097092,,
82.03033760000835,mouse,move,183,146,12,0,12.0,1552.6945719045898,,
82.03839380000136,mouse,move,191,146,8,0,8.0,993.0240072173395,,
82.04645740000706,mouse,move,198,146,7,0,7.0,868.0986153893094,,
82.05437400001392,mouse,move,202,146,4,0,4.0,505.267412340041,,
82.06238330001361,mouse,move,202,146,0,0,0.0,0.0,,
82.07046580000315,mouse,move,204,146,2,0,2.0,247.4481908553046,,
82.08646030000818,mouse,move,205,145,1,-1,1.4142135623730951,88.41874156290277,,
82.11843260000751,mouse,move,205,144,0,-1,1.0,31.27707421803012,,
82.13441680000687,mouse,move,206,143,1,-1,1.4142135623730951,88.47571742277954,,
82.14236040000105,mouse,move,209,143,3,0,3.0,377.6625210482373,,
82.15039660000184,mouse,move,212,142,3,-1,3.1622776601683795,393.5041014233425,,
82.15841130001354,mouse,move,216,140,4,-2,4.47213595499958,557.9916838398665,,
82.16639970001415,mouse,move,219,140,3,0,3.0,375.544539553568,,
82.17438100000436,mouse,move,220,139,1,-1,1.4142135623730951,177.1908791936775,,
82.18244360000244,mouse,move,221,139,1,0,1.0,124.0294694314059,,
82.1905179000023,mouse,move,222,139,1,0,1.0,123.8497454908901,,
82.24639320001006,mouse,move,222,139,0,0,0.0,0.0,,
82.27041670000472,mouse,move,223,139,1,0,1.0,41.62590797437861,,
82.27840050001396,mouse,move,230,139,7,0,7.0,876.7754693124344,,
82.28635540000687,mouse,move,238,139,8,0,8.0,1005.6694624860125,,
82.2943598000129,mouse,move,255,142,17,3,17.26267650163207,2156.6484044560502,,
82.30242330000328,mouse,move,280,149,25,7,25.96150997149434,3219.632914051098,,
82.31036440000753,mouse,move,317,159,37,10,38.3275357934736,4826.47690785693,,
82.31840950000333,mouse,move,368,173,51,14,52.88667128870941,6573.774262139153,,
82.32642860000487,mouse,move,424,185,56,12,57.271284253105414,7141.859341079858,,
82.33452600000601,mouse,move,479,204,55,19,58.18934610390462,7186.176562323337,,
82.34233390000009,mouse,move,540,221,61,17,63.324560795950255,8110.319143942209,,
82.35047110001324,mouse,move,607,241,67,20,69.92138442565336,8592.80640916261,,
82.35868530000153,mouse,move,682,261,75,20,77.62087348130012,9449.596259157921,,
82.3665289000055,mouse,move,756,284,74,23,77.4919350642375,9879.63881698653,,
82.37453230000392,mouse,move,827,305,71,21,74.04052944165107,9251.134449897756,,
82.38281130000541,mouse,move,905,325,78,20,80.52328855678958,9726.209511083483,,
82.39091630000621,mouse,move,973,348,68,23,71.78439941937245,8856.804369194318,,
82.39884740000707,mouse,move,1033,362,60,14,61.61168720299745,7768.365951294945,,
82.40665680001257,mouse,move,1087,379,54,17,56.61271941887264,7249.304604580305,,
82.41434720001416,mouse,move,1141,393,54,14,55.78530272392541,7253.888316910752,,
82.42233630000555,mouse,move,1186,406,45,13,46.84015371452148,5863.0075684362055,,
82.4304986000061,mouse,move,1220,416,34,10,35.4400902933387,4341.924493213151,,
82.43858900001214,mouse,move,1251,426,31,10,32.57299494980466,4026.12910677925,,
82.44672820001142,mouse,move,1268,432,17,6,18.027756377319946,2214.92976937786,,
82.45441400000709,mouse,move,1280,435,12,3,12.36931687685298,1609.372724221475,,
82.46237150000525,mouse,move,1287,437,7,2,7.280109889280518,914.8740045199577,,
82.47038240000256,mouse,move,1290,439,3,2,3.605551275463989,450.0806746647531,,
82.47839000000386,mouse,move,1293,440,3,1,3.1622776601683795,394.9095433910331,,
82.4863866000087,mouse,move,1296,443,3,3,4.242640687119285,530.5555716866016,,
82.49436500000593,mouse,move,1303,448,7,5,8.602325267042627,1078.201803623733,,
82.50239200000942,mouse,move,1309,454,6,6,8.48528137423857,1057.0924841839726,,
82.51032090000808,mouse,move,1316,460,7,6,9.219544457292887,1162.7772400775361,,
82.51846160000423,mouse,move,1322,469,6,9,10.816653826391969,1328.7129892406174,,
82.52645030000713,mouse,move,1330,478,8,9,12.041594578792296,1507.3284232008668,,
82.53433950000908,mouse,move,1338,491,8,13,15.264337522473747,1934.8397199577996,,
82.54236870000022,mouse,move,1348,502,10,11,14.866068747318506,1851.5006182083396,,
82.55035360000329,mouse,move,1357,511,9,9,12.727922061357855,1593.9989300392238,,
82.5583442000061,mouse,move,1364,519,7,8,10.63014581273465,1330.3313654784652,,
82.56633190000139,mouse,move,1373,528,9,9,12.727922061357855,1593.440172875052,,
82.57426760000817,mouse,move,1379,534,6,6,8.48528137423857,1069.254302328189,,
82.58235910000803,mouse,move,1385,540,6,6,8.48528137423857,1048.666053807225,,
82.59038830001373,mouse,move,1387,542,2,2,2.8284271247461903,352.26761355306576,,
82.59863640001277,mouse,move,1391,545,4,3,5.0,606.2002158780797,,
82.60689970001113,mouse,move,1392,546,1,1,1.4142135623730951,171.14392103076185,,
82.63107960000343,mouse,move,1393,547,1,1,1.4142135623730951,58.487155150482934,,
82.63889760000166,mouse,move,1394,547,1,0,1.0,127.90995142327606,,
82.87078710000787,mouse,move,1395,547,1,0,1.0,4.312398793275174,,
82.87914930000261,mouse,move,1398,551,3,4,5.0,597.9287751007921,,
82.88679200000479,mouse,move,1403,562,5,11,12.083045973594572,1580.991792187163,,
82.89478170000075,mouse,move,1404,567,1,5,5.0990195135927845,638.1991208895251,,
82.90265610000642,mouse,move,1408,573,4,6,7.211102550927978,915.7653339594419,,
82.91844090000086,mouse,move,1408,574,0,1,1.0,63.35208557299073,,
82.99855250000837,mouse,move,1408,574,0,0,0.0,0.0,,
83.11906980001368,mouse,move,1412,574,4,0,4.0,33.190255671376384,,
83.12689050000336,mouse,move,1418,579,6,5,7.810249675906654,998.663762350377,,
83.13447190000443,mouse,move,1424,584,6,5,7.810249675906654,1030.18567478328,,
83.14291820001381,mouse,move,1435,590,11,6,12.529964086141668,1483.4855584366728,,
83.15040480000607,mouse,move,1443,598,8,8,11.313708498984761,1511.1944688748006,,
83.15888650000852,mouse,move,1455,611,12,13,17.69180601295413,2085.87971843458,,
83.16641400000663,mouse,move,1470,624,15,13,19.849433241279208,2636.922384095226,,
83.17489470000146,mouse,move,1495,645,25,21,32.64965543462902,3849.8774222077122,,
83.18236950000573,mouse,move,1524,670,29,25,38.28837943815329,5122.328278516812,,
83.19088080000074,mouse,move,1558,696,34,26,42.80186911806539,5028.82863289678,,
83.19842160001281,mouse,move,1584,717,26,21,33.421549934136806,4432.096048252043,,
83.20688750001136,mouse,move,1602,732,18,15,23.430749027719962,2767.661918014546,,
83.21432550001191,mouse,move,1619,743,17,11,20.248456731316587,2722.298565451171,,
83.22287830000278,mouse,move,1628,749,9,6,10.816653826391969,1264.6915440491114,,
83.23074590000033,mouse,move,1635,754,7,5,8.602325267042627,1093.3862003302272,,
83.23888600000646,mouse,move,1641,757,6,3,6.708203932499369,824.093552591153,,
83.24718090001261,mouse,move,1643,758,2,1,2.23606797749979,269.5714204923754,,
83.26308720000088,mouse,move,1644,759,1,1,1.4142135623730951,88.90902116869945,,
83.27042830000573,mouse,move,1645,760,1,1,1.4142135623730951,192.64327708907445,,
83.27888480000547,mouse,move,1646,761,1,1,1.4142135623730951,167.2339102958506,,
83.28694210000685,mouse,move,1648,761,2,0,2.0,248.22210910066048,,
83.29489780000586,mouse,move,1650,763,2,2,2.8284271247461903,355.522094234457,,
83.3029957000108,mouse,move,1652,764,2,1,2.23606797749979,276.12936392588495,,
83.31088680001267,mouse,move,1654,766,2,2,2.8284271247461903,358.43255364596655,,
83.31888170000457,mouse,move,1656,768,2,2,2.8284271247461903,353.77892501618476,,
83.32690010000078,mouse,move,1658,769,2,1,2.23606797749979,278.86710298247147,,
83.33440620001056,mouse,move,1661,771,3,2,3.605551275463989,480.34948518769164,,
83.34288460000244,mouse,move,1665,774,4,3,5.0,589.73391262419,,
83.35045720000926,mouse,move,1668,776,3,2,3.605551275463989,476.1312194245964,,
83.35899900000368,mouse,move,1670,778,2,2,2.8284271247461903,331.1277630703615,,
83.36640840000473,mouse,move,1672,779,2,1,2.23606797749979,301.78799594870816,,
83.37498580000829,mouse,move,1677,782,5,3,5.830951894845301,679.8041239099581,,
83.38236360000155,mouse,move,1677,783,0,1,1.0,135.5417605401262,,
83.39042740000878,mouse,move,1681,785,4,2,4.47213595499958,554.5941058799443,,
83.39865880001162,mouse,move,1685,787,4,2,4.47213595499958,543.3019842864644,,
83.40680050000083,mouse,move,1690,793,5,6,7.810249675906654,959.2897903702548,,
83.41535700000532,mouse,move,1698,801,8,8,11.313708498984761,1322.235551107405,,
83.42252900000312,mouse,move,1710,812,12,11,16.278820596099706,2269.7742053923166,,
83.43053090000467,mouse,move,1719,822,9,10,13.45362404707371,1681.3036959316364,,
83.43880110001191,mouse,move,1728,833,9,11,14.212670403551895,1718.5401067809203,,
83.4394570000004,mouse,click_press,1728,833,,,,,,
83.44651850000082,mouse,move,1737,845,9,12,15.0,1943.659784585985,,
83.45435750001343,mouse,move,1747,853,10,8,12.806248474865697,1633.6584327422643,,
83.46268920000875,mouse,move,1749,860,2,7,7.280109889280518,873.7844489559538,,
83.47038880000764,mouse,move,1752,865,3,5,5.830951894845301,757.305820521639,,
83.51032660000783,mouse,move,1754,865,2,0,2.0,50.077871089307415,,
83.5343872000085,mouse,move,1756,866,2,1,2.23606797749979,92.93483859246457,,
83.55039530000067,mouse,move,1756,866,0,0,0.0,0.0,,
83.55848700000206,mouse,move,1757,866,1,0,1.0,123.58342496985787,,
83.58308970001235,mouse,move,1758,866,1,0,1.0,40.64594534671806,,
83.61440570000559,mouse,move,1758,866,0,0,0.0,0.0,,
83.81455480000295,mouse,move,1760,866,2,0,2.0,9.992550553694063,,
83.8709472000046,mouse,move,1760,868,0,2,2.0,35.465771982426496,,
83.8790214000037,mouse,move,1760,870,0,2,2.0,247.7025587950263,,
83.886914600007,mouse,move,1756,870,-4,0,4.0,506.76531676924753,,
83.89514290000079,mouse,move,1750,874,-6,4,7.211102550927978,876.3781773113909,,
83.90298680000706,mouse,move,1744,879,-6,5,7.810249675906654,995.7100000852995,,
83.91091510000115,mouse,move,1737,882,-7,3,7.615773105863909,960.5808447636313,,
83.91846750001423,mouse,move,1733,887,-4,5,6.4031242374328485,847.826416283701,,
83.92689070000779,mouse,move,1727,892,-6,5,7.810249675906654,927.2307058932072,,
83.93497760000173,mouse,move,1724,894,-3,2,3.605551275463989,445.8508548597504,,
83.94307140000456,mouse,move,1721,897,-3,3,4.242640687119285,524.1840279767514,,
83.95088300001225,mouse,move,1719,898,-2,1,2.23606797749979,286.2496768006542,,
83.95899850000569,mouse,move,1717,902,-2,4,4.47213595499958,551.0610509045912,,
83.96687620000739,mouse,move,1715,904,-2,2,2.8284271247461903,359.0422488969969,,
83.97500790000777,mouse,move,1714,906,-1,2,2.23606797749979,274.9816123807169,,
83.9824449000007,mouse,move,1713,909,-1,3,3.1622776601683795,425.2087754703882,,
83.99083950000932,mouse,move,1712,910,-1,1,1.4142135623730951,168.46705750385473,,
83.998453600012,mouse,move,1712,911,0,1,1.0,131.33528580495863,,
84.00673220001045,mouse,move,1711,913,-1,2,2.23606797749979,270.1021885245061,,
84.01439760001085,mouse,move,1710,914,-1,1,1.4142135623730951,184.4931200326511,,
84.0303578000021,mouse,move,1709,916,-1,2,2.23606797749979,140.10275427168432,,
84.04667950001021,mouse,move,1709,916,0,0,0.0,0.0,,
84.05442560001393,mouse,move,1709,917,0,1,1.0,129.09722305682163,,
84.06241600000067,mouse,move,1709,919,0,2,2.0,250.30036084794236,,
84.0704143000039,mouse,move,1708,924,-1,5,5.0990195135927845,637.5129104346045,,
84.07836070000485,mouse,move,1707,925,-1,1,1.4142135623730951,177.96908816629295,,
84.08648580001318,mouse,move,1705,925,-2,0,2.0,246.15081635302292,,
84.09461230000306,mouse,move,1704,928,-1,3,3.1622776601683795,389.13156513929516,,
84.10240520001389,mouse,move,1703,929,-1,1,1.4142135623730951,181.47461925705065,,
84.27114040000015,mouse,move,1700,929,-3,0,3.0,17.779337092938015,,
84.31044900001143,mouse,move,1698,931,-2,2,2.8284271247461903,71.95441007653349,,
84.3273571000027,mouse,move,1695,933,-3,2,3.605551275463989,213.24402371205136,,
84.37502420000965,mouse,move,1694,933,-1,0,1.0,20.97883025932465,,
84.3829711000144,mouse,move,1694,935,0,2,2.0,251.67046254559617,,
84.45437010000751,mouse,move,1693,935,-1,0,1.0,14.005798401889916,,
84.46243670000695,mouse,move,1691,936,-2,1,2.23606797749979,277.20080054243,,
84.47059100000479,mouse,move,1689,937,-2,1,2.23606797749979,274.21948886990026,,
84.49441110000771,mouse,move,1688,937,-1,0,1.0,41.98135187834331,,
84.50236230000155,mouse,move,1687,938,-1,1,1.4142135623730951,177.8616515077785,,
84.53446530000656,mouse,move,1687,939,0,1,1.0,31.14973677986424,,
84.74246300000232,mouse,move,1686,939,-1,0,1.0,4.807745470360462,,
84.75041140000394,mouse,move,1683,940,-3,1,3.1622776601683795,397.85084539308565,,
84.75835240000742,mouse,move,1678,940,-5,0,5.0,629.6436214338588,,
84.76639190000424,mouse,move,1674,940,-4,0,4.0,497.54337976069746,,
84.77439460001187,mouse,move,1672,940,-2,0,2.0,249.9156532284587,,
84.78241140001046,mouse,move,1671,940,-1,0,1.0,124.73805011680113,,
84.79040870000608,mouse,move,1670,940,-1,0,1.0,125.0422018115314,,
84.98237290000543,mouse,move,1669,940,-1,0,1.0,5.209304651614207,,
85.07046290001017,mouse,move,1669,940,0,0,0.0,0.0,,
85.0783858000068,mouse,move,1658,940,-11,0,11.0,1388.3805178255755,,
85.08640440000454,mouse,move,1642,942,-16,2,16.1245154965971,2010.889120437636,,
85.09445630000846,mouse,move,1620,946,-22,4,22.360679774997898,2777.0687370820465,,
85.10239900001034,mouse,move,1602,948,-18,2,18.110770276274835,2280.178059349515,,
85.11037470000156,mouse,move,1584,949,-18,1,18.027756377319946,2260.335318174494,,
85.11840160000429,mouse,move,1573,950,-11,1,11.045361017187261,1376.0431814806102,,
85.12685970000166,mouse,move,1568,953,-5,3,5.830951894845301,689.3926409783164,,
85.17525740001292,mouse,move,1567,953,-1,0,1.0,20.662138898485892,,
85.1828869000019,mouse,move,1572,949,5,-4,6.4031242374328485,839.2586993488125,,
85.19108550000237,mouse,move,1583,938,11,-11,15.556349186104045,1897.439707415183,,
85.19889140001033,mouse,move,1607,923,24,-15,28.30194339616981,3625.711752307631,,
85.20688620000146,mouse,move,1626,913,19,-10,21.470910553583888,2685.6094683272886,,
85.214879200008,mouse,move,1653,896,27,-17,31.906112267087632,3991.7568173398504,,
85.22298170000431,mouse,move,1692,878,39,-18,42.95346318982906,5301.260501003431,,
85.23088240000652,mouse,move,1724,864,32,-14,34.92849839314596,4420.937180676995,,
85.23887490000925,mouse,move,1740,856,16,-8,17.88854381999832,2238.166257602861,,
85.2468685000058,mouse,move,1748,851,8,-5,9.433981132056603,1180.1917954519813,,
85.29443930000707,mouse,move,1748,850,0,-1,1.0,21.021298779363786,,
85.3272328000021,mouse,move,1740,852,-8,2,8.246211251235321,251.45871140582213,,
85.33487550000427,mouse,move,1733,854,-7,2,7.280109889280518,952.5573275418946,,
85.34242130001076,mouse,move,1726,857,-7,3,7.615773105863909,1009.273118731088,,
85.35046210000291,mouse,move,1723,860,-3,3,4.242640687119285,527.6391268600759,,
85.35893040000519,mouse,move,1724,864,1,4,4.123105625617661,486.8870522429077,,
85.36686360000749,mouse,move,1730,868,6,4,7.211102550927978,908.977783093647,,
85.37486130000616,mouse,move,1735,871,5,3,5.830951894845301,729.0785970736769,,
85.3824164000107,mouse,move,1748,875,13,4,13.601470508735444,1800.303172766176,,
85.39108550001401,mouse,move,1761,877,13,2,13.152946437965905,1517.2216761755296,,
85.39889710000716,mouse,move,1763,877,2,0,2.0,256.02949482238995,,
85.40717140000197,mouse,move,1773,877,10,0,10.0,1208.5614500650174,,
85.41498640000646,mouse,move,1780,879,7,2,7.280109889280518,931.5559673836372,,
85.42287980001129,mouse,move,1792,878,12,-1,12.041594578792296,1525.5269682799346,,
85.43089170000167,mouse,move,1830,878,38,0,38.0,4742.944875202193,,
85.4388917000033,mouse,move,1867,878,37,0,37.0,4624.9999990577635,,
85.44688900001347,mouse,move,1889,879,22,1,22.02271554554524,2753.76883667325,,
85.45488120001392,mouse,move,1895,879,6,0,6.0,750.7319636228266,,
85.47113490001357,mouse,move,1896,879,1,0,1.0,61.5244528951204,,
85.55845360000967,mouse,move,1897,878,1,-1,1.4142135623730951,16.1959988231181,,
85.56702990000485,mouse,move,1895,876,-2,-2,2.8284271247461903,329.7957308320027,,
85.56777070001408,mouse,click_release,1895,876,,,,,,
85.57438530000218,mouse,move,1891,876,-4,0,4.0,543.8181474095085,,
85.5829412000021,mouse,move,1887,875,-4,-1,4.123105625617661,481.90203551426816,,
85.59087380001438,mouse,move,1885,875,-2,0,2.0,252.12414553909613,,
85.59946420000051,mouse,move,1884,875,-1,0,1.0,116.40901490201227,,
85.60710710000421,mouse,move,1882,875,-2,0,2.0,261.68077549505534,,
85.6149274000054,mouse,move,1881,876,-1,1,1.4142135623730951,180.83878651186413,,
85.6629765000107,mouse,move,1880,877,-1,1,1.4142135623730951,29.43267537200657,,
85.6708379000047,mouse,move,1877,879,-3,2,3.605551275463989,458.639845093281,,
85.67882750001445,mouse,move,1865,879,-12,0,12.0,1501.9525364667943,,
85.68687740000314,mouse,move,1862,879,-3,0,3.0,372.6754374854925,,
85.694336200002,mouse,move,1852,876,-10,-3,10.44030650891055,1399.730051819197,,
85.70298170000024,mouse,move,1841,872,-11,-4,11.704699910719626,1353.848813036284,,
85.71045360001153,mouse,move,1831,872,-10,0,10.0,1338.3476739358812,,
85.71891250000044,mouse,move,1818,872,-13,0,13.0,1536.8428539224647,,
85.72640160001174,mouse,move,1775,872,-43,0,43.0,5741.677896560072,,
85.7349807000137,mouse,move,1714,872,-61,0,61.0,7110.302943912106,,
85.7423545000056,mouse,move,1647,872,-67,0,67.0,9086.224209160055,,
85.75084290000086,mouse,move,1569,872,-78,0,78.0,9189.010890576972,,
85.75934460001008,mouse,move,1481,872,-88,0,88.0,10350.870991045522,,
85.7669581000082,mouse,move,1397,872,-84,0,84.0,11033.033430196,,
85.77438720001373,mouse,move,1312,872,-85,0,85.0,11441.493577503963,,
85.78288210000028,mouse,move,1221,872,-91,0,91.0,10712.309755752058,,
85.79042360000312,mouse,move,1133,872,-88,0,88.0,11668.766156177286,,
85.79888200000278,mouse,move,1052,872,-81,0,81.0,9576.2792021321,,
85.8064471000107,mouse,move,975,872,-77,0,77.0,10178.31884831052,,
85.81487950000155,mouse,move,900,872,-75,0,75.0,8894.264987591292,,
85.82257510001364,mouse,move,843,872,-57,0,57.0,7406.829865181713,,
85.83089690000634,mouse,move,778,872,-65,0,65.0,7810.81016811484,,
85.8384209000069,mouse,move,727,872,-51,0,51.0,6778.3094093857835,,
85.84687840001425,mouse,move,690,872,-37,0,37.0,4374.815248930878,,
85.85440630000085,mouse,move,661,869,-29,-3,29.154759474226502,3872.8941040832833,,
85.86289130001387,mouse,move,640,867,-21,-2,21.095023109728988,2486.154752781137,,
85.87041760000284,mouse,move,620,864,-20,-3,20.223748416156685,2687.07710904458,,
85.87888560000283,mouse,move,602,856,-18,-8,19.697715603592208,2326.1355223910455,,
85.8864317000116,mouse,move,585,852,-17,-4,17.46424919657298,2314.341073704685,,
85.89488690000144,mouse,move,568,846,-17,-6,18.027756377319946,2132.1502033049187,,
85.90243640000699,mouse,move,541,841,-27,-5,27.459060435491963,3637.202518749087,,
85.91087360000529,mouse,move,512,828,-29,-13,31.78049716414141,3766.7113699513316,,
85.91840130000492,mouse,move,487,817,-25,-11,27.313000567495326,3628.3327668273587,,
85.92643460001273,mouse,move,459,808,-28,-9,29.410882339705484,3661.1208732541486,,
85.93442690001393,mouse,move,434,797,-25,-11,27.313000567495326,3417.41433171607,,
85.94249190000119,mouse,move,412,786,-22,-11,24.596747752497688,3049.813737305396,,
85.95043250000163,mouse,move,390,778,-22,-8,23.40939982143925,2948.0643553569216,,
85.9584012000123,mouse,move,364,765,-26,-13,29.068883707497267,3647.882800022903,,
85.9663150000124,mouse,move,345,754,-19,-11,21.95449840010015,2774.204351870399,,
85.9743024000054,mouse,move,315,738,-30,-16,34.0,4256.704313018317,,
85.98292360000778,mouse,move,289,725,-26,-13,29.068883707497267,3371.790899117318,,
85.9903856000019,mouse,move,269,711,-20,-14,24.413111231467404,3271.657900121002,,
85.9988893000118,mouse,move,255,703,-14,-8,16.1245154965971,1896.1764264769147,,
86.00657110000611,mouse,move,241,694,-14,-9,16.64331697709324,2166.590771617101,,
86.01489040000888,mouse,move,228,686,-13,-8,15.264337522473747,1834.8103226708417,,
86.023036100014,mouse,move,219,677,-9,-9,12.727922061357855,1562.5326311261192,,
86.03073400001449,mouse,move,209,667,-10,-10,14.142135623730951,1837.142028712175,,
86.03836840001168,mouse,move,203,658,-6,-9,10.816653826391969,1416.8309009716193,,
86.04692320000322,mouse,move,195,647,-8,-11,13.601470508735444,1589.922677582267,,
86.05487690000155,mouse,move,188,638,-7,-9,11.40175425099138,1433.5157541009712,,
86.06296280000242,mouse,move,180,627,-8,-11,13.601470508735444,1682.122028130142,,
86.07095330000448,mouse,move,172,617,-8,-10,12.806248474865697,1602.6842464898898,,
86.07889300001261,mouse,move,165,607,-7,-10,12.206555615733702,1537.40766064506,,
86.08717180001258,mouse,move,160,598,-5,-9,10.295630140987,1243.6138257988039,,
86.09498020001047,mouse,move,154,589,-6,-9,10.816653826391969,1385.2586739053597,,
86.10288010000659,mouse,move,150,583,-4,-6,7.211102550927978,912.8093462538689,,
86.11087700001372,mouse,move,146,576,-4,-7,8.06225774829855,1008.1728846317412,,
86.11840590000793,mouse,move,141,567,-5,-9,10.295630140987,1367.4813251471571,,
86.12705500000448,mouse,move,136,558,-5,-9,10.295630140987,1190.370113086703,,
86.13488430000143,mouse,move,131,549,-5,-9,10.295630140987,1315.0128549154547,,
86.14243550000538,mouse,move,129,545,-2,-4,4.47213595499958,592.2417566298108,,
86.15088250000554,mouse,move,126,540,-3,-5,5.830951894845301,690.2985550769176,,
86.15840720001142,mouse,move,125,536,-1,-4,4.123105625617661,547.9428578403616,,
86.16695950001304,mouse,move,124,536,-1,0,1.0,116.9276100945511,,
86.1744047000102,mouse,move,123,532,-1,-4,4.123105625617661,553.7938036839909,,
86.18294340001012,mouse,move,122,530,-1,-2,2.23606797749979,261.87452159244936,,
86.19033540000964,mouse,move,121,529,-1,-1,1.4142135623730951,191.31676981379997,,
86.1989625000133,mouse,move,121,527,0,-2,2.0,231.82761288888892,,
86.21500020001258,mouse,move,121,527,0,0,0.0,0.0,,
86.22271630000614,mouse,move,120,525,-1,-2,2.23606797749979,289.79250908703347,,
86.23913930001436,mouse,move,120,524,0,-1,1.0,60.89021491199303,,
86.25523820001399,mouse,move,119,524,-1,0,1.0,62.116045197048855,,
86.28699770000821,mouse,move,119,523,0,-1,1.0,31.486641797947012,,
86.29488640000636,mouse,move,119,520,0,-3,3.0,380.290795784398,,
86.30290260000038,mouse,move,119,519,0,-1,1.0,124.7473866353531,,
86.31089010000869,mouse,move,119,516,0,-3,3.0,375.58685406924593,,
86.31890260000364,mouse,move,117,513,-2,-3,3.605551275463989,449.99079909360796,,
86.32688620001136,mouse,move,117,510,0,-3,3.0,375.7703288114752,,
86.3349973000004,mouse,move,117,502,0,-8,8.0,986.3027222957191,,
86.34244610001042,mouse,move,117,495,0,-7,7.0,939.7486830871313,,
86.35088220000034,mouse,move,117,485,0,-10,10.0,1185.3818721857888,,
86.35844680000446,mouse,move,117,475,0,-10,10.0,1321.946962768523,,
86.3669879000081,mouse,move,119,468,2,-7,7.280109889280518,852.3620945987961,,
86.37440030000289,mouse,move,123,456,4,-12,12.649110640673518,1706.4797703256359,,
86.38288840001042,mouse,move,126,448,3,-8,8.54400374531753,1006.5861309058942,,
86.39039910001156,mouse,move,129,440,3,-8,8.54400374531753,1137.5775552226842,,
86.39889130000665,mouse,move,131,436,2,-4,4.47213595499958,526.6168905096,,
86.40630250000686,mouse,move,132,430,1,-6,6.082762530298219,820.752716176751,,
86.41500670000096,mouse,move,134,426,2,-4,4.47213595499958,513.7905790344075,,
86.42234980000649,mouse,move,136,422,2,-4,4.47213595499958,609.0256092975599,,
86.43093060000683,mouse,move,137,418,1,-4,4.123105625617661,480.5036389907382,,
86.43860870000208,mouse,move,140,414,3,-4,5.0,651.2027719221833,,
86.44688730000053,mouse,move,141,412,1,-2,2.23606797749979,270.1021885245061,,
86.45519240001158,mouse,move,143,408,2,-4,4.47213595499958,538.4806864511542,,
86.46289070000057,mouse,move,144,407,1,-1,1.4142135623730951,183.7046574433417,,
86.47903130001214,mouse,move,145,407,1,0,1.0,61.95556542404395,,
86.59905800000706,mouse,move,145,407,0,0,0.0,0.0,,
86.61446930000966,mouse,move,149,407,4,0,4.0,259.54981080933334,,
86.62237480000476,mouse,move,153,409,4,2,4.47213595499958,565.6993179140121,,
86.63035650001257,mouse,move,160,411,7,2,7.280109889280518,912.1001643963976,,
86.6385869000078,mouse,move,167,415,7,4,8.06225774829855,979.5705862380568,,
86.6464144000056,mouse,move,178,420,11,5,12.083045973594572,1543.6660462455993,,
86.65437780000502,mouse,move,190,427,12,7,13.892443989449804,1744.536754458097,,
86.66245380000328,mouse,move,202,431,12,4,12.649110640673518,1566.2593664446642,,
86.67061320001085,mouse,move,215,436,13,5,13.92838827718412,1707.0358438439089,,
86.67914630001178,mouse,move,227,442,12,6,13.416407864998739,1572.2782884922904,,
86.68665720001445,mouse,move,239,447,12,5,13.0,1730.8178774016806,,
86.69443990000582,mouse,move,248,451,9,4,9.848857801796104,1265.4808501832551,,
86.70283500000369,mouse,move,257,455,9,4,9.848857801796104,1173.167419601352,,
86.71067670000775,mouse,move,264,457,7,2,7.280109889280518,928.3841367952257,,
86.7184328000003,mouse,move,267,459,3,2,3.605551275463989,464.8665281427677,,
86.72651390000829,mouse,move,270,460,3,1,3.1622776601683795,391.3177237064002,,
86.73467830001027,mouse,move,271,461,1,1,1.4142135623730951,173.21708417382436,,
86.7504331000091,mouse,move,272,461,1,0,1.0,63.472719429900685,,
86.76653600001009,mouse,move,274,462,2,1,2.23606797749979,138.86119750868812,,
86.88678090000758,mouse,click_press,274,462,,,,,,
87.12676210000063,mouse,click_release,274,462,,,,,,
87.36638270001276,mouse,move,275,457,1,-5,5.0990195135927845,8.500537743343541,,
87.3743836000067,mouse,move,266,445,-9,-12,15.0,1874.7890876499146,,
87.382468900003,mouse,move,254,431,-12,-14,18.439088914585774,2280.5695426269,,
87.39036740000302,mouse,move,238,407,-16,-24,28.844410203711913,3651.884560824777,,
87.39850570000999,mouse,move,222,385,-16,-22,27.202941017470888,3342.582725403568,,
87.40633360001084,mouse,move,202,358,-20,-27,33.60059523282288,4292.414980925082,,
87.4144559000124,mouse,move,189,337,-13,-21,24.698178070456937,3040.786238591776,,
87.42241140000988,mouse,move,172,313,-17,-24,29.410882339705484,3696.924435802371,,
87.4303915000055,mouse,move,156,292,-16,-21,26.40075756488817,3308.3241537545664,,
87.43841580000299,mouse,move,141,266,-15,-26,30.01666203960727,3740.7203181595037,,
87.44657030000235,mouse,move,132,249,-9,-17,19.235384061671343,2358.8673815895277,,
87.45454090001294,mouse,move,124,237,-8,-12,14.422205101855956,1809.425273214848,,
87.46247360001144,mouse,move,118,226,-6,-11,12.529964086141668,1579.533335248337,,
87.47038200001407,mouse,move,112,216,-6,-10,11.661903789690601,1474.6223997023696,,
87.47846680000657,mouse,move,105,203,-7,-13,14.7648230602334,1826.2446905211464,,
87.48648010000761,mouse,move,100,194,-5,-9,10.295630140987,1284.817757933917,,
87.49436860000424,mouse,move,96,187,-4,-7,8.06225774829855,1022.0267163273126,,
87.50244370001019,mouse,move,93,183,-3,-4,5.0,619.1873780279653,,
87.51035650000267,mouse,move,88,177,-5,-6,7.810249675906654,987.0399458253772,,
87.51852510000754,mouse,move,87,175,-1,-2,2.23606797749979,273.7394383576239,,
87.52646310000273,mouse,move,86,171,-1,-4,4.123105625617661,519.4136593744942,,
87.53444200000376,mouse,move,84,168,-2,-3,3.605551275463989,451.88575806141887,,
87.54246750001039,mouse,move,84,168,0,0,0.0,0.0,,
87.55041910000728,mouse,move,82,166,-2,-2,2.8284271247461903,355.70540845286234,,
87.5664725000097,mouse,move,81,163,-1,-3,3.1622776601683795,196.98491657167241,,
87.57446270000946,mouse,move,78,159,-3,-4,5.0,625.7665640591702,,
87.58248470000399,mouse,move,77,157,-1,-2,2.23606797749979,278.74195699647356,,
87.59041170000273,mouse,move,77,157,0,0,0.0,0.0,,
87.59839600000123,mouse,move,76,155,-1,-2,2.23606797749979,280.0581112834628,,
87.69461460001185,mouse,move,76,153,0,-2,2.0,20.786001872604054,,
87.76670320000267,mouse,move,76,153,0,0,0.0,0.0,,
87.77438680001069,mouse,move,76,151,0,-2,2.0,260.29465327605624,,
87.78238320001401,mouse,move,79,148,3,-3,4.242640687119285,530.5688416483689,,
87.79063580000366,mouse,move,81,147,2,-1,2.23606797749979,270.95315177098223,,
87.79866260000563,mouse,move,84,144,3,-3,4.242640687119285,528.5594117303621,,
87.80668540000624,mouse,move,86,141,2,-3,3.605551275463989,449.4130821142962,,
87.81468250000034,mouse,move,86,135,0,-6,6.0,750.271974143981,,
87.82247600000119,mouse,move,87,132,1,-3,3.1622776601683795,405.75834475216647,,
87.83043700001144,mouse,move,87,127,0,-5,5.0,628.0618004722216,,
87.83843220000563,mouse,move,88,123,1,-4,4.123105625617661,515.697622150405,,
87.8463652000064,mouse,move,89,120,1,-3,3.1622776601683795,398.62317658630167,,
87.85449640000297,mouse,move,90,118,1,-2,2.23606797749979,274.998521551955,,
87.86265310000454,mouse,move,92,117,2,-1,2.23606797749979,274.13880332377926,,
87.87037810000766,mouse,move,92,116,0,-1,1.0,129.44983813542078,,
87.87842100000125,mouse,move,92,115,0,-1,1.0,124.33326297679196,,
87.88645960000576,mouse,move,92,114,0,-1,1.0,124.39977103461278,,
87.89448800000537,mouse,move,93,112,1,-2,2.23606797749979,278.51975208141675,,
87.90239600000496,mouse,move,93,111,0,-1,1.0,126.45422357764974,,
87.91050520000863,mouse,move,93,111,0,0,0.0,0.0,,
87.91840440001397,mouse,move,94,110,1,-1,1.4142135623730951,179.03250473680774,,
87.92701920001127,mouse,move,94,108,0,-2,2.0,232.15861083553702,,
87.93441620000522,mouse,move,94,108,0,0,0.0,0.0,,
87.94256520000636,mouse,move,94,107,0,-1,1.0,122.71444347283263,,
87.95039890000771,mouse,move,94,105,0,-2,2.0,255.30719834225903,,
87.95847630000208,mouse,move,95,102,1,-3,3.1622776601683795,391.49697456795724,,
87.96687100001145,mouse,move,97,98,2,-4,4.47213595499958,532.7332662280693,,
87.97452060000796,mouse,move,98,94,1,-4,4.123105625617661,538.9962386919282,,
87.98248690000037,mouse,move,102,87,4,-7,8.06225774829855,1012.0454610027366,,
87.99048730000504,mouse,move,104,81,2,-6,6.324555320336759,790.5298880856642,,
87.99852580000879,mouse,move,108,72,4,-9,9.848857801796104,1225.2108972074604,,
88.00677850001375,mouse,move,109,65,1,-7,7.0710678118654755,856.8187147983207,,
88.01450720000139,mouse,move,114,54,5,-11,12.083045973594572,1563.3995358755824,,
88.02294730000722,mouse,move,118,44,4,-10,10.770329614269007,1276.0902840999695,,
88.03061010000238,mouse,move,124,32,6,-12,13.416407864998739,1750.8492813949629,,
88.03886010000133,mouse,move,129,23,5,-9,10.295630140987,1247.9551687629735,,
88.04667800001334,mouse,move,134,10,5,-13,13.92838827718412,1781.6022532622799,,
88.05499670001154,mouse,move,137,3,3,-7,7.615773105863909,915.5003915891566,,
88.06287570000859,mouse,move,142,-6,5,-9,10.295630140987,1306.7178759799506,,
88.07080540001334,mouse,move,144,-7,2,-1,2.23606797749979,281.98645297550325,,
88.07898080001178,mouse,move,146,-3,2,4,4.47213595499958,547.0235041533455,,
88.08678920000966,mouse,move,148,-5,2,-2,2.8284271247461903,362.2287697239535,,
88.09483480000927,mouse,move,148,-3,0,2,2.0,248.58307647636636,,
88.10268680000445,mouse,move,149,-2,1,1,1.4142135623730951,180.10870647488673,,
88.1108460000105,mouse,move,151,-1,2,1,2.23606797749979,274.0548063342304,,
88.1187828000111,mouse,move,151,-1,0,0,0.0,0.0,,
88.16656400001375,mouse,move,152,-1,1,0,1.0,20.92873347560591,,
88.55082190000394,mouse,move,152,0,0,1,1.0,2.602418844285394,,
88.55881250000675,mouse,move,152,2,0,2,2.0,250.2940954741677,,
88.56646670000919,mouse,move,153,4,1,2,2.23606797749979,292.13607911846265,,
88.57480570000189,mouse,move,153,6,0,2,2.0,239.83691111047995,,
88.58243530000618,mouse,move,154,11,1,5,5.0990195135927845,668.3206866314968,,
88.59080100001302,mouse,move,155,13,1,2,2.23606797749979,267.2900027102416,,
88.59888240000873,mouse,move,156,15,1,2,2.23606797749979,276.6931445894035,,
88.60688470001332,mouse,move,157,18,1,3,3.1622776601683795,395.1710956042708,,
88.61488030001055,mouse,move,157,20,0,2,2.0,250.13757575327838,,
88.62288760000956,mouse,move,158,21,1,1,1.4142135623730951,176.61553364408798,,
88.63087140000425,mouse,move,158,21,0,0,0.0,0.0,,
88.63888150001003,mouse,move,158,22,0,1,1.0,124.84238639702785,,
90.01516240001365,mouse,click_press,158,22,,,,,,
90.26278310001362,mouse,click_release,158,22,,,,,,
90.80644420000317,mouse,move,163,22,5,0,5.0,2.3067383471840617,,
90.81440260000818,mouse,move,181,15,18,-7,19.313207915827967,2426.7701929624313,,
90.82238500000676,mouse,move,203,6,22,-9,23.769728648009426,2977.7671693014627,,
90.8304128000018,mouse,move,230,-1,27,-7,27.892651361962706,3474.5075088090266,,
90.83843610000622,mouse,move,250,-5,20,-4,20.396078054371138,2542.1058720381293,,
90.84640610001225,mouse,move,268,-5,18,0,18.0,2258.4692580164665,,
90.85441810000339,mouse,move,283,-7,15,-2,15.132745950421556,1888.7601057358152,,
90.86240060000273,mouse,move,292,-6,9,1,9.055385138137417,1134.404652537707,,
90.87058390000311,mouse,move,301,-2,9,4,9.848857801796104,1203.5313139363884,,
90.87839750001149,mouse,move,305,-3,4,-1,4.123105625617661,527.6832217157029,,
90.88642450000043,mouse,move,306,0,1,3,3.1622776601683795,393.9551095707705,,
90.94246120000025,mouse,move,307,-1,1,-1,1.4142135623730951,25.237274185981324,,
91.19035230000736,mouse,move,310,0,3,1,3.1622776601683795,12.756721237985904,,
91.19891690000077,mouse,move,316,0,6,0,6.0,700.5581118347121,,
91.20675340000889,mouse,move,325,0,9,0,9.0,1148.4718931498537,,
91.21438070001022,mouse,move,333,0,8,0,8.0,1048.86394905187,,
91.22262180001417,mouse,move,341,0,8,0,8.0,970.7441963054088,,
91.23092370000086,mouse,move,354,3,13,3,13.341664064126334,1607.0615263391478,,
91.23854730000312,mouse,move,362,4,8,1,8.06225774829855,1057.5394493292665,,
91.24652530001185,mouse,move,372,5,10,1,10.04987562112089,1259.6986224766551,,
91.25465110001096,mouse,move,377,5,5,0,5.0,615.3240297016521,,
91.2624419000058,mouse,move,383,5,6,0,6.0,770.1391389814353,,
91.27050230000168,mouse,move,384,7,1,2,2.23606797749979,277.41402146812146,,
91.29442670001299,mouse,move,386,7,2,0,2.0,83.59666278169952,,
91.37446140000247,mouse,move,387,8,1,1,1.4142135623730951,17.670005167245392,,
91.4064262000029,mouse,move,387,9,0,1,1.0,31.284412853725005,,
91.5109977000102,mouse,move,390,11,3,2,3.605551275463989,34.47929192191399,,
91.51841780000541,mouse,move,392,12,2,1,2.23606797749979,301.3528091186959,,
91.52643540001009,mouse,move,397,16,5,4,6.4031242374328485,798.6335354341837,,
91.53443380001409,mouse,move,401,18,4,2,4.47213595499958,559.1288198594569,,
91.5423773000075,mouse,move,406,22,5,4,6.4031242374328485,806.0834950260861,,
91.55039750000287,mouse,move,409,25,3,3,4.242640687119285,528.9943753980858,,
91.55836560000898,mouse,move,413,27,4,2,4.47213595499958,561.2549982518157,,
91.56642110001121,mouse,move,414,28,1,1,1.4142135623730951,175.55875637537525,,
91.57443540000531,mouse,move,416,29,2,1,2.23606797749979,279.0097674338944,,
91.58252750000975,mouse,move,418,31,2,2,2.8284271247461903,349.52943280444174,,
91.6071660000016,mouse,move,419,32,1,1,1.4142135623730951,57.39852518784774,,
91.65469210001174,mouse,move,419,32,0,0,0.0,0.0,,
91.68649050001113,mouse,move,420,32,1,0,1.0,31.448123176613628,,
91.73515990001033,mouse,click_press,420,32,,,,,,
91.82313930000237,mouse,move,421,32,1,0,1.0,7.318029869740104,,
91.97496580000734,mouse,click_release,421,32,,,,,,
92.19921470001282,mouse,move,421,33,0,1,1.0,2.6590412453784893,,
92.20689960000163,mouse,move,421,40,0,7,7.0,910.8771760447491,,
92.2149325000064,mouse,move,429,50,8,10,12.806248474865697,1594.2248088823053,,
92.22291190001124,mouse,move,440,61,11,11,15.556349186104045,1949.5637738004907,,
92.23059000000649,mouse,move,450,70,10,9,13.45362404707371,1752.2074543706683,,
92.23852850000549,mouse,move,461,81,11,11,15.556349186104045,1959.6081360539301,,
92.2464125000115,mouse,move,471,97,10,16,18.867962264113206,2393.196632384214,,
92.25440530000196,mouse,move,494,128,23,31,38.600518131237564,4829.411242281092,,
92.26264750001428,mouse,move,524,173,30,45,54.08326913195984,6561.751601650894,,
92.27041980001377,mouse,move,562,230,38,57,68.5054742338158,8814.054300314225,,
92.27852590000839,mouse,move,608,294,46,64,78.81624198095213,9723.07793307007,,
92.2867685000092,mouse,move,663,360,55,66,85.9127464349732,10423.015362446644,,
92.29446170000301,mouse,move,721,425,58,65,87.11486669908874,11323.619140173856,,
92.30258880001202,mouse,move,782,498,61,73,95.13148795220224,11705.465399316912,,
92.31054310000036,mouse,move,838,566,56,68,88.09086218218096,11074.621564599554,,
92.32065800001146,mouse,move,883,621,45,55,71.06335201775947,7025.610924453024,,
92.32907800000976,mouse,move,922,676,39,55,67.42403132415029,8007.604671947484,,
92.3344775000005,mouse,move,955,717,33,41,52.630789467763066,9747.345042685334,,
92.34241220001422,mouse,move,978,751,23,34,41.048751503547585,5173.321163064437,,
92.35039880000113,mouse,move,997,776,19,25,31.400636936215164,3931.6651626088806,,
92.35845590000099,mouse,move,1007,790,10,14,17.204650534085253,2135.340325226738,,
92.36736380000366,mouse,move,1017,804,10,14,17.204650534085253,1931.3924189686813,,
92.37440680000873,mouse,move,1026,814,9,10,13.45362404707371,1910.2121308235814,,
92.38313400000334,mouse,move,1029,818,3,4,5.0,572.9214413658704,,
92.39053280001099,mouse,move,1031,821,2,3,3.605551275463989,487.3156825074568,,
92.39884140000504,mouse,move,1032,821,1,0,1.0,120.35722031580056,,
92.48681360000046,mouse,move,1032,821,0,0,0.0,0.0,,
92.49477320000005,mouse,move,1032,819,0,-2,2.0,251.26890799812668,,
92.50282370000787,mouse,move,1032,816,0,-3,3.0,372.6476612743185,,
92.510626400006,mouse,move,1032,815,0,-1,1.0,128.16076489403594,,
92.518464400011,mouse,move,1032,813,0,-2,2.0,255.1671343104773,,
92.5264840000018,mouse,move,1032,811,0,-2,2.0,249.38899724346305,,
92.53444610000588,mouse,move,1033,807,1,-4,4.123105625617661,517.8414769351651,,
92.54251550001209,mouse,move,1035,804,2,-3,3.605551275463989,446.81776497518064,,
92.55082620000758,mouse,move,1035,802,0,-2,2.0,240.65361534951015,,
92.55840530000569,mouse,move,1037,798,2,-4,4.47213595499958,590.0616110242986,,
92.5669232000073,mouse,move,1038,797,1,-1,1.4142135623730951,166.02842978977253,,
92.57442140000057,mouse,move,1039,795,1,-2,2.23606797749979,298.2139686196869,,
92.58291800000006,mouse,move,1041,793,2,-2,2.8284271247461903,332.88928805830676,,
92.59045710001374,mouse,move,1045,789,4,-4,5.656854249492381,750.3354829134531,,
92.5988737000007,mouse,move,1051,784,6,-5,7.810249675906654,927.9578081420983,,
92.60642810001445,mouse,move,1057,781,6,-3,6.708203932499369,887.9863285344852,,
92.614916800012,mouse,move,1066,775,9,-6,10.816653826391969,1274.2415009982108,,
92.6223888000095,mouse,move,1074,770,8,-5,9.433981132056603,1262.5777750542793,,
92.6309101000079,mouse,move,1086,766,12,-4,12.649110640673518,1484.4109047985553,,
92.63844120000431,mouse,move,1095,763,9,-3,9.486832980505138,1259.687560253284,,
92.64690580000752,mouse,move,1102,760,7,-3,7.615773105863909,899.7203769791337,,
92.65436740001314,mouse,move,1108,757,6,-3,6.708203932499369,899.0302250778406,,
92.66289880000113,mouse,move,1112,756,4,-1,4.123105625617661,483.28593565220916,,
92.67040550000092,mouse,move,1116,754,4,-2,4.47213595499958,595.7525883706672,,
92.67900480001117,mouse,move,1116,753,0,-1,1.0,116.28853497476324,,
92.79135170001246,mouse,click_press,1116,753,,,,,,
93.03885330000776,mouse,click_release,1116,753,,,,,,
93.34251430000586,mouse,move,1117,752,1,-1,1.4142135623730951,2.131414188318955,,
93.35042370000156,mouse,move,1116,749,-1,-3,3.1622776601683795,399.81258526422744,,
93.35847110000032,mouse,move,1107,745,-9,-4,9.848857801796104,1223.8558793293496,,
93.36649030000262,mouse,move,1096,738,-11,-7,13.038404810405298,1625.898444564446,,
93.37451590001001,mouse,move,1082,731,-14,-7,15.652475842498529,1950.3184594414847,,
93.38244450000639,mouse,move,1070,727,-12,-4,12.649110640673518,1595.3775756697783,,
93.39129210000101,mouse,move,1059,722,-11,-5,12.083045973594572,1365.6862856522057,,
93.39843340001244,mouse,move,1055,720,-4,-2,4.47213595499958,626.2355520485179,,
93.40641880000476,mouse,move,1044,713,-11,-7,13.038404810405298,1632.780427147345,,
93.41439390000596,mouse,move,1036,711,-8,-2,8.246211251235321,1033.994714798632,,
93.42238530000031,mouse,move,1028,705,-8,-6,10.0,1251.3451969700623,,
93.43039800001134,mouse,move,1025,704,-3,-1,3.1622776601683795,394.6581871052583,,
93.43834030001017,mouse,move,1022,702,-3,-2,3.605551275463989,453.9681548159445,,
93.44646360000479,mouse,move,1018,699,-4,-3,5.0,615.5134001341833,,
93.45440159999998,mouse,move,1017,698,-1,-1,1.4142135623730951,178.15741537283756,,
93.46238790001371,mouse,move,1015,696,-2,-2,2.8284271247461903,354.1598887951601,,
93.47842020000098,mouse,move,1013,696,-2,0,2.0,124.74816474165489,,
93.48661260001245,mouse,move,1013,695,0,-1,1.0,122.06435215569437,,
93.49438220000593,mouse,move,1012,695,-1,0,1.0,128.70675463847823,,
93.59866760000295,mouse,move,1011,694,-1,-1,1.4142135623730951,13.56099283709361,,
93.63860270001169,mouse,move,1011,693,0,-1,1.0,25.04062841413458,,
93.6464338000078,mouse,move,1011,692,0,-1,1.0,127.69598147088955,,
93.65440410000156,mouse,move,1011,691,0,-1,1.0,125.46579185013691,,
93.6703652000142,mouse,move,1011,690,0,-1,1.0,62.652323411775825,,
93.67836810000881,mouse,move,1011,690,0,0,0.0,0.0,,
93.81466730000102,mouse,scroll,1011,690,0,-1,,,,
93.85477880001417,mouse,scroll,1011,690,0,-1,,,,
94.19076290000521,mouse,scroll,1011,690,0,1,,,,
94.21474060000037,mouse,scroll,1011,690,0,1,,,,
94.23069840000244,mouse,scroll,1011,690,0,1,,,,
94.26327220001258,mouse,scroll,1011,690,0,1,,,,
94.59075090000988,mouse,scroll,1011,690,0,1,,,,
94.61548110000149,mouse,scroll,1011,690,0,1,,,,
94.63909610001429,mouse,scroll,1011,690,0,1,,,,
94.91933360000257,mouse,scroll,1011,690,0,1,,,,
94.94334090000484,mouse,scroll,1011,690,0,1,,,,
94.95915070000046,mouse,scroll,1011,690,0,1,,,,
94.98267840000335,mouse,scroll,1011,690,0,1,,,,
95.07933110000158,mouse,scroll,1011,690,0,1,,,,
95.26285030000145,mouse,scroll,1011,690,0,-1,,,,
95.28677270001208,mouse,scroll,1011,690,0,-1,,,,
95.30295670000487,mouse,scroll,1011,690,0,-1,,,,
95.31884200000786,mouse,scroll,1011,690,0,-1,,,,
95.33493450000242,mouse,scroll,1011,690,0,-1,,,,
95.35905130000901,mouse,scroll,1011,690,0,-1,,,,
95.37512240000069,mouse,scroll,1011,690,0,-1,,,,
95.74283840000862,mouse,scroll,1011,690,0,-1,,,,
95.76661350000359,mouse,scroll,1011,690,0,-1,,,,
95.78280550001364,mouse,scroll,1011,690,0,-1,,,,
95.79870270000538,mouse,scroll,1011,690,0,-1,,,,
95.81467620001058,mouse,scroll,1011,690,0,-1,,,,
95.8467529000045,mouse,scroll,1011,690,0,-1,,,,
96.19876880000811,mouse,scroll,1011,690,0,-1,,,,
96.22266600000148,mouse,scroll,1011,690,0,-1,,,,
96.23877080000238,mouse,scroll,1011,690,0,-1,,,,
96.29478110000491,mouse,scroll,1011,690,0,-1,,,,
96.69475990001229,mouse,scroll,1011,690,0,-1,,,,
96.71940760000143,mouse,scroll,1011,690,0,-1,,,,
96.72714770000312,mouse,scroll,1011,690,0,-1,,,,
96.75139550000313,mouse,scroll,1011,690,0,-1,,,,
96.79132450000907,mouse,scroll,1011,690,0,-1,,,,
97.13500880000356,mouse,scroll,1011,690,0,1,,,,
97.21528240000771,mouse,scroll,1011,690,0,1,,,,
97.26277870000922,mouse,scroll,1011,690,0,1,,,,
97.57475000001432,mouse,scroll,1011,690,0,1,,,,
97.59867960000702,mouse,scroll,1011,690,0,1,,,,
97.6312137000059,mouse,scroll,1011,690,0,1,,,,
98.1273574000079,mouse,scroll,1011,690,0,1,,,,
98.15120440001192,mouse,scroll,1011,690,0,1,,,,
98.18273600000248,mouse,scroll,1011,690,0,1,,,,
98.22315200000594,mouse,scroll,1011,690,0,1,,,,
98.50239790001069,mouse,move,1012,690,1,0,1.0,0.20729556853061107,,
98.51043280000158,mouse,move,1016,693,4,3,5.0,622.2852811695839,,
98.5184208000137,mouse,move,1022,699,6,6,8.48528137423857,1062.2535504963444,,
98.52637660001346,mouse,move,1030,710,8,11,13.601470508735444,1709.6295167224146,,
98.53439210000215,mouse,move,1033,731,3,21,21.213203435596427,2646.5227952761456,,
98.54240390000632,mouse,move,1035,749,2,18,18.110770276274835,2260.5120281147783,,
98.55052090001118,mouse,move,1038,770,3,21,21.213203435596427,2613.4290283230916,,
98.55847220000578,mouse,move,1039,795,1,25,25.019992006393608,3146.65426073468,,
98.5664756000042,mouse,move,1043,821,4,26,26.30589287593181,3286.839703268685,,
98.57442700001411,mouse,move,1056,850,13,29,31.78049716414141,3996.842961555422,,
98.58242850001261,mouse,move,1065,866,9,16,18.35755975068582,2294.264794617015,,
98.59043230001407,mouse,move,1083,896,18,30,34.9857113690718,4371.137629961432,,
98.59844800000428,mouse,move,1098,934,15,38,40.85339643163099,5096.672340722181,,
98.60641070001293,mouse,move,1119,980,21,46,50.566787519082126,6350.457440838716,,
98.61447660000704,mouse,move,1133,1044,14,64,65.5133574166368,8122.262545344477,,
98.6225870000053,mouse,move,1145,1107,12,63,64.13267497929586,7907.461406720302,,
98.63045760001114,mouse,move,1172,1167,27,60,65.79513659838392,8359.60874006115,,
98.63872680001077,mouse,move,1193,1173,21,6,21.840329667841555,2641.165973590569,,
98.64647820001119,mouse,move,1215,1176,22,3,22.20360331117452,2864.4636207631706,,
98.65447620001214,mouse,move,1248,1180,33,4,33.24154027718932,4156.2315920517,,
98.66262430000643,mouse,move,1279,1191,31,11,32.89376840679705,4036.986344038583,,
98.67043800000101,mouse,move,1312,1197,33,6,33.54101966249684,4292.591177769709,,
98.67838990000018,mouse,move,1360,1194,48,-3,48.093658625644196,6048.07135787179,,
98.68665290001081,mouse,move,1408,1189,48,-5,48.25971404805462,5840.459153573194,,
98.6944225000043,mouse,move,1451,1162,43,-27,50.774009099144415,6534.957931135442,,
98.70260890001373,mouse,move,1482,1132,31,-30,43.139309220245984,5269.631238459377,,
98.7103793000133,mouse,move,1508,1114,26,-18,31.622776601683793,4069.6459131351985,,
98.71843120000267,mouse,move,1520,1091,12,-23,25.942243542145693,3221.8785102149104,,
98.72642650001217,mouse,move,1529,1087,9,-4,9.848857801796104,1231.8309244302104,,
98.73466320001171,mouse,move,1532,1081,3,-6,6.708203932499369,814.428585825833,,
99.30242610001005,mouse,move,1532,1079,0,-2,2.0,3.522597196833112,,
99.3105205000029,mouse,move,1535,1080,3,1,3.1622776601683795,390.6747458693344,,
99.31848430000537,mouse,move,1538,1082,3,2,3.605551275463989,452.74256941975136,,
99.32735570000659,mouse,move,1541,1082,3,0,3.0,338.165340260321,,
99.33446260000346,mouse,move,1545,1082,4,0,4.0,562.8333030943952,,
99.3424049000023,mouse,move,1551,1083,6,1,6.082762530298219,765.8691476264454,,
99.35040110000409,mouse,move,1555,1082,4,-1,4.123105625617661,515.6331288224729,,
99.3583745000069,mouse,move,1560,1083,5,1,5.0990195135927845,639.503789073052,,
99.36644300000626,mouse,move,1564,1081,4,-2,4.47213595499958,554.2710485663787,,
99.37434180000855,mouse,move,1571,1086,7,5,8.602325267042627,1089.0673601741607,,
99.38250470001367,mouse,move,1580,1084,9,-2,9.219544457292887,1129.4447379622927,,
99.39038600001368,mouse,move,1591,1087,11,3,11.40175425099138,1446.6844620785305,,
99.3984124000126,mouse,move,1605,1089,14,2,14.142135623730951,1761.9525099202565,,
99.40637770001194,mouse,move,1618,1089,13,0,13.0,1632.079143418947,,
99.4143391000107,mouse,move,1639,1094,21,5,21.587033144922902,2711.4619474358556,,
99.42275400001381,mouse,move,1663,1095,24,1,24.020824298928627,2854.558496242322,,
99.43062810000265,mouse,move,1684,1093,21,-2,21.095023109728988,2679.039273012556,,
99.43873820001318,mouse,move,1705,1095,21,2,21.095023109728988,2601.0805147099372,,
99.44670820000465,mouse,move,1730,1098,25,3,25.179356624028344,3159.2668319905983,,
99.45449120001285,mouse,move,1750,1092,20,-6,20.8806130178211,2682.848900913973,,
99.46238060000178,mouse,move,1759,1081,9,-11,14.212670403551895,1801.489393807078,,
99.4703933000128,mouse,move,1762,1080,3,-1,3.1622776601683795,394.6581871052583,,
99.47841790001257,mouse,move,1766,1081,4,1,4.123105625617661,513.8082428700608,,
99.48649310000474,mouse,move,1770,1081,4,0,4.0,495.343769056117,,
99.49441260000458,mouse,move,1774,1083,4,2,4.47213595499958,564.6992809000484,,
99.50245870000799,mouse,move,1777,1081,3,-2,3.605551275463989,448.1116657678919,,
99.51043290000234,mouse,move,1784,1083,7,2,7.280109889280518,912.9580264400211,,
99.51858670001093,mouse,move,1790,1084,6,1,6.082762530298219,746.0034001193646,,
99.52641370000492,mouse,move,1794,1085,4,1,4.123105625617661,526.7798171433578,,
99.53439040000376,mouse,move,1796,1096,2,11,11.180339887498949,1401.6247181330248,,
99.54242190001241,mouse,move,1796,1101,0,5,5.0,622.5487137659712,,
99.55038860000786,mouse,move,1776,1110,-20,9,21.93171219946131,2752.923068772241,,
99.55845890000637,mouse,move,1757,1103,-19,-7,20.248456731316587,2509.0091737680686,,
99.56642050000664,mouse,move,1750,1086,-7,-17,18.384776310850235,2309.1811080967545,,
99.57444080000278,mouse,move,1748,1080,-2,-6,6.324555320336759,788.568423049784,,
99.84709040001326,mouse,move,1757,1079,9,-1,9.055385138137417,33.21253776931745,,
99.8548865000048,mouse,move,1767,1079,10,0,10.0,1282.6926297577788,,
99.86288150001201,mouse,move,1771,1079,4,0,4.0,500.3126949832643,,
99.89511720000883,mouse,move,1772,1079,1,0,1.0,31.021507214011635,,
99.9028815000056,mouse,move,1774,1081,2,2,2.8284271247461903,364.2861720849847,,
99.91080050000164,mouse,move,1775,1081,1,0,1.0,126.27857058978805,,
100.28174870001385,keyboard,key_press,,,,,,,,19.57046060000721
100.42409880000923,keyboard,key_press,,,,,,,,0.14235009999538306
100.57855870001367,keyboard,key_release,,,,,,,0.29680999999982305,
100.66113710000354,keyboard,key_release,,,,,,,0.23703829999431036,
100.81499300000723,mouse,move,1760,1080,-15,-1,15.033296378372908,16.62621220401621,,
100.82285250000132,mouse,move,1715,1079,-45,-1,45.0111097397076,5726.968607874841,,
100.83084530000633,mouse,move,1683,1076,-32,-3,32.14031735997639,4021.1587103165134,,
100.83841630000097,mouse,move,1660,1062,-23,-14,26.92582403567252,3556.4422209392274,,
100.84685010000248,mouse,move,1644,1048,-16,-14,21.2602916254693,2520.843702916488,,
100.85441430000355,mouse,move,1622,1025,-22,-23,31.827660925679098,4207.670463654547,,
100.86281110001437,mouse,move,1597,997,-25,-28,37.53664875824692,4470.351647044476,,
100.87042730000394,mouse,move,1570,968,-27,-29,39.6232255123179,5202.492787292655,,
100.87887030000275,mouse,move,1529,935,-41,-33,52.630789467763066,6233.659774393673,,
100.88682310000877,mouse,move,1468,895,-61,-40,72.94518489934754,9172.264465860755,,
100.8944174000062,mouse,move,1384,841,-84,-54,99.85990186255943,13149.322767901693,,
100.90277480000805,mouse,move,1293,819,-91,-22,93.62157870918435,11202.23738106999,,
100.91046690000803,mouse,move,1193,834,-100,15,101.11874208078342,13145.791406894341,,
100.91846090000763,mouse,move,1053,854,-140,20,141.4213562373095,17690.93773385172,,
100.92643770000723,mouse,move,919,883,-134,29,137.10215169719257,17187.61304083428,,
100.93450120001216,mouse,move,781,920,-138,37,142.87407042567241,17718.617267712118,,
100.94260800001211,mouse,move,667,954,-114,34,118.96217886370441,14674.369524896565,,
100.95065060000343,mouse,move,570,1009,-97,55,111.50784725749125,13864.651652193439,,
100.95867190000718,mouse,move,506,1027,-64,18,66.48308055437865,8288.317420283314,,
100.966433900001,mouse,move,441,1023,-65,-4,65.12296062065974,8389.971743433078,,
100.97441400001117,mouse,move,379,998,-62,-25,66.85057965343307,8377.16063310193,,
100.98247020000417,mouse,move,311,957,-68,-41,79.40403012442127,9856.263522919895,,
100.99043280001206,mouse,move,243,904,-68,-53,86.21484790916237,10827.474420889683,,
100.99840270000277,mouse,move,185,861,-58,-43,72.20110802473879,9059.22384332027,,
101.00645670000813,mouse,move,129,811,-56,-50,75.07329751649384,9321.243787750544,,
101.01455390000774,mouse,move,81,752,-48,-59,76.05918747922567,9393.27020240091,,
101.02249060000759,mouse,move,69,686,-12,-66,67.08203932499369,8452.132413509244,,
101.03043820000312,mouse,move,73,620,4,-66,66.12110101926616,8319.631216522934,,
101.03915930000949,mouse,move,119,530,46,-90,101.07423014794622,11589.61943724216,,
101.04649310000241,mouse,move,172,456,53,-74,91.02197536858887,12411.297752386286,,
101.05452030000743,mouse,move,224,391,52,-65,83.24061508662703,10369.819493048555,,
101.06285210000351,mouse,move,260,343,36,-48,60.0,7201.325047191464,,
101.07054820000485,mouse,move,278,321,18,-22,28.42534080710379,3693.473421883197,,
101.07847950000723,mouse,move,289,304,11,-17,20.248456731316587,2552.980813389061,,
101.08646730000328,mouse,move,290,299,1,-5,5.0990195135927845,638.3509246748529,,
101.0945985000144,mouse,move,290,296,0,-3,3.0,368.94923208098135,,
101.10274010000285,mouse,move,290,295,0,-1,1.0,122.82598032559109,,
101.17454050001106,mouse,move,290,296,0,1,1.0,13.927499009554134,,
101.18259400001261,mouse,move,284,313,-6,17,18.027756377319946,2238.4995807843457,,
101.19137770000088,mouse,move,267,374,-17,61,63.324560795950255,7209.326466125625,,
101.19851500001096,mouse,move,239,475,-28,101,104.80935072788114,14684.733804096159,,
101.20651570000337,mouse,move,223,578,-16,103,104.23531071570709,13028.273877862832,,
101.21451250000973,mouse,move,204,692,-19,114,115.57248807566617,14452.341934729424,,
101.2225005000073,mouse,move,198,784,-6,92,92.19544457292888,11541.743189910552,,
101.23055840001325,mouse,move,209,844,11,60,61.0,7570.210595185558,,
101.23863030000939,mouse,move,239,906,30,62,68.87670143089025,8532.898259868783,,
101.24647490000643,mouse,move,263,959,24,53,58.180752831155424,7416.662781160146,,
101.25458380000782,mouse,move,288,1017,25,58,63.15853069855251,7788.791412859214,,
101.2624860000069,mouse,move,330,1091,42,74,85.0881895447306,10767.658317258032,,
101.27062380001007,mouse,move,398,1161,68,70,97.59098319004681,11992.305432923142,,
101.27853100000357,mouse,move,469,1124,71,-37,80.06247560499239,10125.262503900165,,
101.28669460001402,mouse,move,497,1101,28,-23,36.235341863986875,4438.64738811447,,
101.29441250000673,mouse,move,512,1092,15,-9,17.4928556845359,2266.530494182695,,
101.30273600001237,mouse,move,525,1091,13,-1,13.038404810405298,1566.4569954421872,,
101.31067590000748,mouse,move,537,1088,12,-3,12.36931687685298,1557.868094620066,,
101.3184265000018,mouse,move,555,1085,18,-3,18.24828759089466,2354.4354765125395,,
101.32638700000825,mouse,move,568,1080,13,-5,13.92838827718412,1749.6876158410812,,
101.33443540000007,mouse,move,586,1079,18,-1,18.027756377319946,2239.9180452809405,,
101.34267270000419,mouse,move,604,1075,18,-4,18.439088914585774,2238.486992750295,,
101.35063610000361,mouse,move,617,1068,13,-7,14.7648230602334,1854.0853230150583,,
101.35855030000675,mouse,move,630,1061,13,-7,14.7648230602334,1865.6115658399806,,
101.36659330000111,mouse,move,640,1054,10,-7,12.206555615733702,1517.6620196810725,,
101.374321100011,mouse,move,648,1049,8,-5,9.433981132056603,1220.7848443262965,,
101.38239540001086,mouse,move,657,1044,9,-5,10.295630140987,1275.1111726295771,,
101.3903844000015,mouse,move,666,1040,9,-4,9.848857801796104,1232.8023298720123,,
101.39846090000356,mouse,move,676,1038,10,-2,10.198039027185569,1262.680495831361,,
101.40636170000653,mouse,move,691,1038,15,0,15.0,1898.541919091506,,
101.41448500000115,mouse,move,709,1038,18,0,18.0,2215.8482404830597,,
101.4225085000071,mouse,move,724,1038,15,0,15.0,1869.5083179262463,,
101.430471700005,mouse,move,738,1043,14,5,14.866068747318506,1866.8460858993328,,
101.43844230000104,mouse,move,749,1047,11,4,11.704699910719626,1468.4841688870654,,
101.44674310000846,mouse,move,758,1051,9,4,9.848857801796104,1186.495011684876,,
101.45440250000684,mouse,move,763,1053,5,2,5.385164807134504,703.0791978846269,,
101.46247000001313,mouse,move,767,1056,4,3,5.0,619.7706843633059,,
101.47055300000648,mouse,move,768,1056,1,0,1.0,123.71644201693685,,
101.47839420000673,mouse,move,771,1056,3,0,3.0,382.59450082915686,,
101.51854130001448,mouse,move,772,1057,1,1,1.4142135623730951,35.225796187030234,,
101.52645470001153,mouse,move,775,1058,3,1,3.1622776601683795,399.61049123598974,,
101.53444930000114,mouse,move,782,1061,7,3,7.615773105863909,952.61465436125,,
101.54242070000328,mouse,move,792,1067,10,6,11.661903789690601,1462.9680842221667,,
101.5507445000112,mouse,move,810,1073,18,6,18.973665961010276,2279.447601208141,,
101.55841160001,mouse,move,834,1079,24,6,24.73863375370596,3226.5959433923667,,
101.56647990000783,mouse,move,866,1083,32,4,32.2490309931942,3997.0044497433964,,
101.57447000000684,mouse,move,901,1081,35,-2,35.05709628591621,4387.566650014125,,
101.58247030001075,mouse,move,935,1079,34,-2,34.058772731852805,4257.186944888253,,
101.5904387000046,mouse,move,973,1076,38,-3,38.118237105091836,4783.6751586952805,,
101.59850690000167,mouse,move,1004,1066,31,-10,32.57299494980466,4037.20717900355,,
101.60646940000879,mouse,move,1020,1059,16,-7,17.46424919657298,2193.3122990199645,,
101.61460240000451,mouse,move,1029,1054,9,-5,10.295630140987,1265.908047018422,,
101.62241920000815,mouse,move,1033,1051,4,-3,5.0,639.6479374773113,,
101.63051180000184,mouse,move,1033,1049,0,-2,2.0,247.1393620789277,,
101.63844230001268,mouse,move,1033,1049,0,0,0.0,0.0,,
101.64639650000026,mouse,move,1033,1047,0,-2,2.0,251.43949147907537,,
101.65441310001188,mouse,move,1030,1044,-3,-3,4.242640687119285,529.2319288691231,,
101.66288890001306,mouse,move,1026,1040,-4,-4,5.656854249492381,667.4124269928018,,
101.67068670000299,mouse,move,1020,1035,-6,-5,7.810249675906654,1001.5965639016616,,
101.67888700000185,mouse,move,1011,1028,-9,-7,11.40175425099138,1390.4069671321813,,
101.6868295000022,mouse,move,1005,1022,-6,-6,8.48528137423857,1068.3388572691824,,
101.69446650000464,mouse,move,998,1016,-7,-6,9.219544457292887,1207.2206958696065,,
101.702428900011,mouse,move,994,1011,-4,-5,6.4031242374328485,804.1701286440996,,
101.7107476000092,mouse,move,989,1007,-5,-4,6.4031242374328485,769.7265484774207,,
101.71859380000387,mouse,move,986,1004,-3,-3,4.242640687119285,540.7255346536176,,
101.72642740000447,mouse,move,985,1003,-1,-1,1.4142135623730951,180.53175580393756,,
101.73448660000577,mouse,move,983,1002,-2,-1,2.23606797749979,277.45532771733275,,
101.7425871000014,mouse,move,981,1001,-2,-1,2.23606797749979,276.040735597153,,
101.75071450001269,mouse,move,976,1000,-5,-1,5.0990195135927845,627.3863113061592,,
101.75841490000312,mouse,move,972,998,-4,-2,4.47213595499958,580.7667082956237,,
101.76663220000046,mouse,move,965,997,-7,-1,7.0710678118654755,860.5098772289764,,
101.77446580000105,mouse,move,953,995,-12,-2,12.165525060596439,1552.9928844557812,,
101.78254240000388,mouse,move,946,992,-7,-3,7.615773105863909,942.942959067133,,
101.79046600000584,mouse,move,934,989,-12,-3,12.36931687685298,1561.072854989479,,
101.79841910001414,mouse,move,922,987,-12,-2,12.165525060596439,1529.658252491243,,
101.80639400001382,mouse,move,909,985,-13,-2,13.152946437965905,1649.292961478156,,
101.81470230000559,mouse,move,898,984,-11,-1,11.045361017187261,1329.436951979512,,
101.82239280000795,mouse,move,888,983,-10,-1,10.04987562112089,1306.7909262134065,,
101.8304674000101,mouse,move,877,983,-11,0,11.0,1362.2965839888127,,
101.83847370000149,mouse,move,863,983,-14,0,14.0,1748.6229612991756,,
101.8465026000049,mouse,move,855,983,-8,0,8.0,996.400502759074,,
101.85460080001212,mouse,move,845,983,-10,0,10.0,1234.842309535179,,
101.86256440001307,mouse,move,838,983,-7,0,7.0,878.9994473813529,,
101.87051880000217,mouse,move,833,983,-5,0,5.0,628.5829235202767,,
101.87883740001416,mouse,move,826,983,-7,0,7.0,841.487749129782,,
101.88645870001346,mouse,move,822,985,-4,2,4.47213595499958,586.7943730610403,,
101.89465950000158,mouse,move,821,985,-1,0,1.0,121.9393231695684,,
101.91047610000533,mouse,move,820,985,-1,0,1.0,63.224713260953536,,
101.9424757000088,mouse,move,819,986,-1,1,1.4142135623730951,44.194726253440244,,
101.95048460000544,mouse,move,817,987,-2,1,2.23606797749979,279.1978896525253,,
101.95844830000715,mouse,move,817,987,0,0,0.0,0.0,,
101.96643770000082,mouse,move,814,989,-3,2,3.605551275463989,451.2918715195217,,
101.97445250001329,mouse,move,809,991,-5,2,5.385164807134504,671.9025800721149,,
101.98238970000239,mouse,move,803,992,-6,1,6.082762530298219,766.3612531687312,,
101.99044060001324,mouse,move,796,995,-7,3,7.615773105863909,945.9530109171652,,
101.99839870000142,mouse,move,784,997,-12,2,12.165525060596439,1528.697186348086,,
102.00643980001041,mouse,move,773,997,-11,0,11.0,1367.972042095574,,
102.01437310001347,mouse,move,760,1001,-13,4,13.601470508735444,1714.4782755585823,,
102.02244970000174,mouse,move,747,1003,-13,2,13.152946437965905,1628.525178548658,,
102.03042530000675,mouse,move,732,1004,-15,1,15.033296378372908,1884.9110247413962,,
102.03844310001296,mouse,move,720,1005,-12,1,12.041594578792296,1501.8576878295714,,
102.04649630001222,mouse,move,710,1008,-10,3,10.44030650891055,1296.4171397532061,,
102.05447920000006,mouse,move,698,1009,-12,1,12.041594578792296,1508.4235800446954,,
102.06238160000066,mouse,move,688,1009,-10,0,10.0,1265.4383477471424,,
102.07043640001211,mouse,move,683,1009,-5,0,5.0,620.7478761598268,,
102.0784440000134,mouse,move,682,1009,-1,0,1.0,124.88136268527592,,
102.08644750001258,mouse,move,681,1009,-1,0,1.0,124.94533642817095,,
102.11043390000123,mouse,move,681,1009,0,0,0.0,0.0,,
102.14246590000403,mouse,move,680,1009,-1,0,1.0,31.21878121605183,,
103.76569830000517,keyboard,key_press,,,,,,,,3.3415994999959366
103.96365830001014,keyboard,key_release,,,,,,,0.1979600000049686,
