timestamp,device,event,x,y,dx,dy,distance,velocity,hold_time,flight_time
2.808352299995022,mouse,move,1019,866,0,0,0,0,,
2.865043499987223,mouse,move,1014,866,-5,0,5.0,88.19710996923374,,
2.8722832999919774,mouse,move,987,874,-27,8,28.160255680657446,3889.6455236560723,,
2.880303099998855,mouse,move,974,876,-13,2,13.152946437965905,1640.05915692239,,
2.888806699993438,mouse,move,964,876,-10,0,10.0,1175.9725300308314,,
2.896804699994391,mouse,move,957,874,-7,-2,7.280109889280518,910.2412963757555,,
2.9043704999930924,mouse,move,956,873,-1,-1,1.4142135623730951,186.92188038486398,,
2.9284269999916432,mouse,move,955,873,-1,0,1.0,41.568806769905805,,
3.2243116999889025,mouse,move,948,872,-7,-1,7.0710678118654755,23.89805154484491,,
3.232357899993076,mouse,move,933,869,-15,-3,15.297058540778355,1901.1531571231142,,
3.2402973999996902,mouse,move,915,868,-18,-1,18.027756377319946,2270.6412698912213,,
3.248462899995502,mouse,move,896,865,-19,-3,19.235384061671343,2355.6896787137766,,
3.2562765999900876,mouse,move,873,860,-23,-5,23.53720459187964,3012.299500644996,,
3.264255099988077,mouse,move,849,853,-24,-7,25.0,3133.421069912947,,
3.2724350999924354,mouse,move,828,847,-21,-6,21.840329667841555,2669.9669506362184,,
3.2803434999950696,mouse,move,806,836,-22,-11,24.596747752497688,3110.2053189399794,,
3.2883388999907766,mouse,move,781,825,-25,-11,27.313000567495326,3416.0893241314607,,
3.2965295999892987,mouse,move,762,818,-19,-7,20.248456731316587,2472.1277467090667,,
3.3046130999864545,mouse,move,742,811,-20,-7,21.18962010041709,2621.342253711,,
3.3125200999929802,mouse,move,726,807,-16,-4,16.492422502470642,2085.8002388844284,,
3.320269699994242,mouse,move,714,802,-12,-5,13.0,1677.5059355171504,,
3.328557999993791,mouse,move,703,796,-11,-6,12.529964086141668,1511.7652699375496,,
3.3363474999932805,mouse,move,691,788,-12,-8,14.422205101855956,1851.493048693869,,
3.34429339999042,mouse,move,674,774,-17,-14,22.02271554554524,2771.5822692802285,,
3.3527605999988737,mouse,move,662,765,-12,-9,15.0,1771.54194834464,,
3.360530399993877,mouse,move,647,753,-15,-12,19.209372712298546,2472.3123792957385,,
3.368851099992753,mouse,move,633,743,-14,-10,17.204650534085253,2067.6926864818074,,
3.376608099992154,mouse,move,625,737,-8,-6,10.0,1289.1581798081734,,
3.384511599986581,mouse,move,614,726,-11,-11,15.556349186104045,1968.2861007241565,,
3.3924695999885444,mouse,move,607,721,-7,-5,8.602325267042627,1080.9657281880427,,
3.4005412999977125,mouse,move,604,718,-3,-3,4.242640687119285,525.6192230013927,,
3.4083427999867126,mouse,move,602,715,-2,-3,3.605551275463989,462.161287002204,,
3.4163579999876674,mouse,move,601,713,-1,-2,2.23606797749979,278.9784381217466,,
3.424421399991843,mouse,move,600,712,-1,-1,1.4142135623730951,175.38675517037098,,
3.432343199994648,mouse,move,600,711,0,-1,1.0,126.2339366868539,,
3.4485275999904843,mouse,move,600,710,0,-1,1.0,61.78789453160193,,
3.4563597999949707,mouse,move,600,710,0,0,0.0,0.0,,
3.464271999997436,mouse,move,597,708,-3,-2,3.605551275463989,455.69516371432974,,
3.4723229999945033,mouse,move,596,707,-1,-1,1.4142135623730951,175.65688273360453,,
3.480529699998442,mouse,move,591,707,-5,0,5.0,609.258288666612,,
3.48990159999812,mouse,move,582,706,-9,-1,9.055385138137417,966.2272472442527,,
3.496319499987294,mouse,move,572,706,-10,0,10.0,1558.1420740224746,,
3.504571399986162,mouse,move,567,706,-5,0,5.0,605.9210606873536,,
3.5123053999996046,mouse,move,558,705,-9,-1,9.055385138137417,1170.8540370310275,,
3.520358599998872,mouse,move,554,703,-4,-2,4.47213595499958,555.3240892324171,,
5.520913999993354,mouse,move,553,702,-1,-1,1.4142135623730951,0.7069104721503817,,
6.4962468999874545,mouse,move,553,702,0,0,0.0,0.0,,
6.50428579999425,mouse,move,559,708,6,6,8.48528137423857,1055.5276675995397,,
6.512647099996684,mouse,move,565,712,6,4,7.211102550927978,862.4379640520676,,
6.520239399993443,mouse,move,565,715,0,3,3.0,395.13717862580694,,
6.528240899991943,mouse,move,570,718,5,3,5.830951894845301,728.7323496767684,,
6.536248799995519,mouse,move,569,720,-1,2,2.23606797749979,279.2327547173506,,
6.544520299998112,mouse,move,566,722,-3,2,3.605551275463989,435.9005348889301,,
8.520984699993278,mouse,move,566,723,0,1,1.0,0.50595396507139,,
8.536230499987141,mouse,move,566,723,0,0,0.0,0.0,,
8.544301099987933,mouse,move,566,722,0,-1,1.0,123.90652490543991,,
8.552403699999559,mouse,move,566,722,0,0,0.0,0.0,,
8.592485399989528,mouse,move,566,722,0,0,0.0,0.0,,
8.60035579999385,mouse,move,572,700,6,-22,22.80350850198276,2897.376053245215,,
8.608270799988532,mouse,move,556,703,-16,3,16.278820596099706,2056.7050672188197,,
8.616903199988883,mouse,move,555,703,-1,0,1.0,115.84263935397844,,
8.624277799986885,mouse,move,554,703,-1,0,1.0,135.60057498317713,,
8.664828299995861,mouse,move,554,703,0,0,0.0,0.0,,
8.67235099998652,mouse,move,553,703,-1,0,1.0,132.93099568528663,,
8.680717199997162,mouse,move,550,703,-3,0,3.0,358.5857373938129,,
8.688353599995025,mouse,move,543,702,-7,-1,7.0710678118654755,925.9687567235111,,
8.696804399995017,mouse,move,530,700,-13,-2,13.152946437965905,1556.414355798178,,
8.704358599992702,mouse,move,507,700,-23,0,23.0,3044.6638965143425,,
8.712818899992271,mouse,move,469,700,-38,0,38.0,4491.566493142493,,
8.720752599998377,mouse,move,378,702,-91,2,91.02197536858887,11472.827974152855,,
8.72835259999556,mouse,move,241,731,-137,29,140.03570973148243,18425.751287288473,,
8.736435499988147,mouse,move,86,766,-155,35,158.90248582070703,19659.09339054535,,
8.744714499989641,mouse,move,-92,822,-178,56,186.60117898877274,22539.096383029704,,
8.752447299993946,mouse,move,-166,878,-74,56,92.80086206496145,12000.93911820991,,
8.76047269999981,mouse,move,-106,929,60,51,78.74642849044012,9812.149977933937,,
8.76850029999332,mouse,move,-72,987,34,58,67.23094525588644,8374.974501747818,,
8.77650109998649,mouse,move,-46,1031,26,44,51.10772935672255,6387.8273923051,,
8.784550699987449,mouse,move,-29,1084,17,53,55.65968020030299,6914.589568882014,,
8.792878099993686,mouse,move,-28,1126,1,42,42.01190307520001,5045.020419786728,,
8.80084579999675,mouse,move,-17,1118,11,-8,13.601470508735444,1707.076132824348,,
8.808403899995028,mouse,move,-11,1119,6,1,6.082762530298219,804.800483148463,,
8.816680999996606,mouse,move,0,1103,11,-16,19.4164878389476,2345.8080529708955,,
8.824724099991727,mouse,move,13,1094,13,-9,15.811388300841896,1965.8326155878103,,
8.832502599994768,mouse,move,36,1094,23,0,23.0,2956.8682896453165,,
8.840611399995396,mouse,move,60,1093,24,-1,24.020824298928627,2962.315545712029,,
8.848505199988722,mouse,move,94,1089,34,-4,34.23448553724738,4336.882815145042,,
8.85643679999339,mouse,move,157,1089,63,0,63.0,7942.911892042857,,
8.86439549998613,mouse,move,236,1087,79,-2,79.02531240052139,9929.424714161174,,
8.87268519999634,mouse,move,317,1081,81,-6,81.2219182240853,9797.932147611475,,
8.880382999996073,mouse,move,405,1079,88,-2,88.02272433866155,11434.789724560274,,
8.888549099996453,mouse,move,496,1079,91,0,91.0,11143.630373833215,,
8.896387599990703,mouse,move,580,1079,84,0,84.0,10716.336041540955,,
8.904483399994206,mouse,move,666,1072,86,-7,86.28441342444185,10657.923044926047,,
8.912367699987954,mouse,move,756,1059,90,-13,90.93404203047393,11533.559365141296,,
8.92043929999636,mouse,move,837,1033,81,-26,85.07055894961546,10539.491409511542,,
8.928370699999505,mouse,move,922,1004,85,-29,89.81091247727082,11323.462748274453,,
8.937529499991797,mouse,move,996,956,74,-48,88.20430828479978,9630.552950062265,,
8.944557599999825,mouse,move,1067,903,71,-53,88.60022573334675,12606.568721579682,,
8.952433200000087,mouse,move,1133,848,66,-55,85.9127464349732,10908.72396161847,,
8.960408599989023,mouse,move,1185,783,52,-65,83.24061508662703,10437.171201707899,,
8.968475599991507,mouse,move,1217,727,32,-56,64.4980619863884,7995.297132332884,,
8.976838599992334,mouse,move,1238,675,21,-52,56.08029957123981,6705.763430072228,,
8.984581599986996,mouse,move,1247,635,9,-40,41.0,5295.105260011246,,
8.992364899997483,mouse,move,1247,611,0,-24,24.0,3083.524978821544,,
9.000438999995822,mouse,move,1247,593,0,-18,18.0,2229.35064015838,,
9.009065499994904,mouse,move,1246,588,-1,-5,5.0990195135927845,591.0878704150665,,
9.01647669999511,mouse,move,1245,588,-1,0,1.0,134.93091536757922,,
9.032532400000491,mouse,move,1244,587,-1,-1,1.4142135623730951,88.08171315477338,,
9.040549099998316,mouse,move,1243,585,-1,-2,2.23606797749979,278.9262387399505,,
9.048346699986723,mouse,move,1236,582,-7,-3,7.615773105863909,976.6816863119594,,
9.05654729998787,mouse,move,1228,578,-8,-4,8.94427190999916,1090.6850606966734,,
9.064374099994893,mouse,move,1215,573,-13,-5,13.92838827718412,1779.5763613078966,,
9.072363899991615,mouse,move,1192,571,-23,-2,23.08679276123039,2889.533251233267,,
9.080601699999534,mouse,move,1161,571,-31,0,31.0,3763.140640729352,,
9.092301199998474,mouse,move,1129,574,-32,3,32.14031735997639,2747.1530717456258,,
9.09661349999078,mouse,move,1102,589,-27,15,30.886890422961002,7162.50967652101,,
9.104658399999607,mouse,move,1069,610,-33,21,39.11521443121589,4862.113188268389,,
9.11230959999375,mouse,move,1035,631,-34,21,39.96248240537617,5223.034613651057,,
9.120433999996749,mouse,move,1004,654,-31,23,38.600518131237564,4751.183855668368,,
9.12841629999457,mouse,move,980,671,-24,17,29.410882339705484,3684.5122768795723,,
9.136408599995775,mouse,move,959,687,-21,16,26.40075756488817,3303.2740964309187,,
9.144396699994104,mouse,move,931,706,-28,19,33.83784863137726,4236.032177671333,,
9.152563899988309,mouse,move,909,724,-22,18,28.42534080710379,3480.426685678614,,
9.160365899995668,mouse,move,896,740,-13,16,20.615528128088304,2642.338901389709,,
9.168563399987761,mouse,move,882,755,-14,15,20.518284528683193,2502.9929305854444,,
9.176390999986324,mouse,move,866,776,-16,21,26.40075756488817,3372.77806348473,,
9.184376799996244,mouse,move,856,795,-10,19,21.470910553583888,2688.636145021716,,
9.192339299988816,mouse,move,849,814,-7,19,20.248456731316587,2542.9772998686385,,
9.200326099991798,mouse,move,846,827,-3,13,13.341664064126334,1670.4642734443285,,
9.208260100000189,mouse,move,846,837,0,10,10.0,1260.3982845254473,,
9.216436299990164,mouse,move,846,844,0,7,7.0,856.1434417678713,,
9.224379799998133,mouse,move,846,848,0,4,4.0,503.55636633567866,,
9.23256059999403,mouse,move,846,850,0,2,2.0,244.47486810614734,,
9.240598899996257,mouse,move,846,852,0,2,2.0,248.80882766828816,,
9.25650209999003,mouse,move,846,853,0,1,1.0,62.88042660543741,,
9.2803472999949,mouse,move,847,855,1,2,2.23606797749979,93.77434355941719,,
9.448727099996177,mouse,move,847,855,0,0,0.0,0.0,,
9.456342299992684,mouse,move,847,857,0,2,2.0,262.6326295983277,,
9.464306699999725,mouse,move,847,859,0,2,2.0,251.1174725317755,,
9.472290399993653,mouse,move,847,864,0,5,5.0,626.2760379024999,,
9.480336900000111,mouse,move,847,871,0,7,7.0,869.9434529773301,,
9.48828799999319,mouse,move,847,881,0,10,10.0,1257.6876166448033,,
9.496328499997617,mouse,move,847,898,0,17,17.0,2114.2963734395753,,
9.50435399998969,mouse,move,847,914,0,16,16.0,1993.6452577165858,,
9.512334599989117,mouse,move,847,932,0,18,18.0,2255.469513732124,,
9.520313099987106,mouse,move,847,953,0,21,21.0,2632.0736987268756,,
9.528349999993225,mouse,move,847,969,0,16,16.0,1990.8173534347472,,
9.536464199991315,mouse,move,847,981,0,12,12.0,1478.8888618501655,,
9.544327600000543,mouse,move,847,986,0,5,5.0,635.8572620154592,,
9.552401900000405,mouse,move,848,990,1,4,4.123105625617661,510.6455823648045,,
9.56031869999424,mouse,move,849,992,1,2,2.23606797749979,282.4459351304436,,
9.568374299997231,mouse,move,849,994,0,2,2.0,248.27449218650796,,
9.57632319998811,mouse,move,850,996,1,2,2.23606797749979,281.30533533766635,,
9.584662499997648,mouse,move,852,998,2,2,2.8284271247461903,339.16840999976733,,
9.592320799987647,mouse,move,855,1003,3,5,5.830951894845301,761.3898518549107,,
9.600407299993094,mouse,move,861,1012,6,9,10.816653826391969,1337.6187249249429,,
9.608334899996407,mouse,move,871,1023,10,11,14.866068747318506,1875.229418879025,,
9.616447399996105,mouse,move,879,1036,8,13,15.264337522473747,1881.582437355102,,
9.624469999995199,mouse,move,890,1044,11,8,13.601470508735444,1695.394324816247,,
9.632614099988132,mouse,move,899,1050,9,6,10.816653826391969,1328.1582784811574,,
9.640316799996071,mouse,move,907,1057,8,7,10.63014581273465,1380.0545006007524,,
9.648623799992492,mouse,move,911,1059,4,2,4.47213595499958,538.3575246089323,,
9.65629899999476,mouse,move,914,1061,3,2,3.605551275463989,469.76642620369233,,
9.664974100000109,mouse,move,915,1061,1,0,1.0,115.27244635606488,,
9.672384099991177,mouse,move,918,1063,3,2,3.605551275463989,486.5791200822961,,
9.680393799993908,mouse,move,920,1064,2,1,2.23606797749979,279.17000346297937,,
9.68833469999663,mouse,move,923,1065,3,1,3.1622776601683795,398.2266064405995,,
9.72831779999251,mouse,move,923,1065,0,0,0.0,0.0,,
9.736383399998886,mouse,move,923,1065,0,0,0.0,0.0,,
9.744285699998727,mouse,move,923,1063,0,-2,2.0,253.09087228276803,,
9.752415999988443,mouse,move,923,1061,0,-2,2.0,245.99338308915526,,
9.760320799992769,mouse,move,923,1061,0,0,0.0,0.0,,
9.84026479999011,mouse,move,919,1062,-4,1,4.123105625617661,51.57492276787304,,
9.84841609999421,mouse,move,919,1065,0,3,3.0,368.03945364427005,,
9.856280199994217,mouse,move,918,1072,-1,7,7.0710678118654755,899.1579216769813,,
9.864344399989932,mouse,move,918,1073,0,1,1.0,124.00486105643952,,
9.87229899999511,mouse,move,917,1075,-1,2,2.23606797749979,281.1037608483514,,
9.880504199987627,mouse,move,917,1076,0,1,1.0,121.87393371422775,,
9.888326000000234,mouse,move,916,1076,-1,0,1.0,127.84780976095098,,
9.976357299994561,mouse,move,915,1076,-1,0,1.0,11.359595962622857,,
9.984343699994497,mouse,move,914,1076,-1,0,1.0,125.21286186617246,,
9.992279099998996,mouse,move,912,1076,-2,0,2.0,252.03518396882063,,
10.000381599995308,mouse,move,910,1076,-2,0,2.0,246.83739597782727,,
10.008329299991601,mouse,move,908,1075,-2,-1,2.23606797749979,281.34780861665627,,
10.016438599996036,mouse,move,907,1075,-1,0,1.0,123.31520593061364,,
10.136329599990859,mouse,move,906,1074,-1,-1,1.4142135623730951,11.795827563655026,,
10.19227279999177,mouse,move,905,1073,-1,-1,1.4142135623730951,25.279454202656712,,
10.216900599989458,mouse,move,905,1071,0,-2,2.0,81.2090401979768,,
10.288387999986298,mouse,move,904,1071,-1,0,1.0,13.988479089240874,,
10.296361999993678,mouse,move,902,1070,-2,-1,2.23606797749979,280.4198614785989,,
10.3042865999887,mouse,move,901,1069,-1,-1,1.4142135623730951,178.45866835695358,,
10.312232199998107,mouse,move,899,1069,-2,0,2.0,251.71163884818887,,
10.320261299988488,mouse,move,895,1068,-4,-1,4.123105625617661,513.5202738236227,,
10.328329599986318,mouse,move,891,1068,-4,0,4.0,495.7673860758074,,
10.336771599992062,mouse,move,886,1066,-5,-2,5.385164807134504,637.9015403305777,,
10.344294700000319,mouse,move,879,1065,-7,-1,7.0710678118654755,939.9141051035949,,
10.352357499999925,mouse,move,872,1062,-7,-3,7.615773105863909,944.5568668744496,,
10.360306599992327,mouse,move,865,1060,-7,-2,7.280109889280518,915.8407739541797,,
10.36837050000031,mouse,move,855,1059,-10,-1,10.04987562112089,1246.2797915614237,,
10.376429500000086,mouse,move,846,1057,-9,-2,9.219544457292887,1144.0060128489463,,
10.384291899987147,mouse,move,841,1057,-5,0,5.0,635.938136984646,,
10.392545599999721,mouse,move,837,1057,-4,0,4.0,484.6311343889724,,
10.400436899988563,mouse,move,834,1057,-3,0,3.0,380.16549925133046,,
10.51230659999419,mouse,move,834,1056,0,-1,1.0,8.938970963090973,,
10.60096449998673,mouse,move,834,1055,0,-1,1.0,11.279310699713598,,
10.664961499991477,mouse,move,834,1054,0,-1,1.0,15.625732455049853,,
10.688954999990528,mouse,move,835,1054,1,0,1.0,41.67795444764428,,
10.696881599986227,mouse,move,836,1054,1,0,1.0,126.15749508523594,,
10.704314299990074,mouse,move,840,1053,4,-1,4.123105625617661,554.7251501451536,,
10.712799299988546,mouse,move,843,1051,3,-2,3.605551275463989,424.9323837493244,,
10.7204311999958,mouse,move,846,1050,3,-1,3.1622776601683795,414.3499858701635,,
10.728413899996667,mouse,move,850,1049,4,-1,4.123105625617661,516.50514552347,,
10.736400599998888,mouse,move,852,1048,2,-1,2.23606797749979,279.97395380797064,,
10.74442019998969,mouse,move,856,1048,4,0,4.0,498.7779944869261,,
10.752420799995889,mouse,move,860,1047,4,-1,4.123105625617661,515.3495515865386,,
10.760726499996963,mouse,move,862,1046,2,-1,2.23606797749979,269.22089374894904,,
10.768932599996333,mouse,move,864,1046,2,0,2.0,243.72113429686834,,
10.776714299994637,mouse,move,865,1046,1,0,1.0,128.50662454449738,,
10.784727599995676,mouse,move,867,1046,2,0,2.0,249.58506479735425,,
10.792880199995125,mouse,move,868,1046,1,0,1.0,122.66025563227358,,
10.83230999999796,mouse,move,869,1046,1,0,1.0,25.361528588227245,,
10.840860699987388,mouse,move,871,1046,2,0,2.0,233.89897932015202,,
10.84827969998878,mouse,move,873,1046,2,0,2.0,269.5781102068891,,
10.85632569999143,mouse,move,878,1046,5,0,5.0,621.4267957187275,,
10.86433249998663,mouse,move,883,1046,5,0,5.0,624.4692015533059,,
10.872696199992788,mouse,move,893,1046,10,0,10.0,1195.6430757485605,,
10.880281899997499,mouse,move,903,1048,10,2,10.198039027185569,1344.376790652472,,
10.88832719999482,mouse,move,913,1048,10,0,10.0,1242.9617296223437,,
10.896641199986334,mouse,move,920,1049,7,1,7.0710678118654755,850.5013013089027,,
10.904717599987634,mouse,move,926,1049,6,0,6.0,742.9052546968765,,
10.912300599986338,mouse,move,929,1049,3,0,3.0,395.62178564062833,,
10.969147599986172,mouse,click_press,929,1049,,,,,,
11.128767899994273,mouse,click_release,929,1049,,,,,,
11.160334699990926,mouse,move,929,1049,0,0,0.0,0.0,,
11.168319899996277,mouse,move,921,1051,-8,2,8.246211251235321,1032.6868764351289,,
11.176383699988946,mouse,move,917,1051,-4,0,4.0,496.0440491624685,,
11.184332699995139,mouse,move,911,1051,-6,0,6.0,754.8119254404239,,
11.192299699992873,mouse,move,905,1052,-6,1,6.082762530298219,763.4947322741594,,
11.200330499996198,mouse,move,903,1052,-2,0,2.0,249.04119130993138,,
11.208359299998847,mouse,move,900,1052,-3,0,3.0,373.6548424435005,,
11.216349700000137,mouse,move,899,1053,-1,1,1.4142135623730951,176.98908216669182,,
11.224431299997377,mouse,move,899,1053,0,0,0.0,0.0,,
11.280336199997691,mouse,move,898,1054,-1,1,1.4142135623730951,25.29677295487777,,
11.336391799995909,mouse,move,898,1054,0,0,0.0,0.0,,
11.352409399987664,mouse,move,897,1056,-1,2,2.23606797749979,139.6006879089701,,
11.36041289998684,mouse,move,894,1057,-3,1,3.1622776601683795,395.1118461290274,,
11.368421599996509,mouse,move,892,1057,-2,0,2.0,249.7284200414005,,
11.37655819999054,mouse,move,890,1057,-2,0,2.0,245.80291540287374,,
11.384302099992055,mouse,move,888,1057,-2,0,2.0,258.2677978291043,,
11.544381100000464,mouse,move,887,1057,-1,0,1.0,6.246915585101545,,
11.696404699992854,mouse,move,886,1057,-1,0,1.0,6.577926059178044,,
11.800425199995516,mouse,click_press,886,1057,,,,,,
11.960857399986708,mouse,click_release,886,1057,,,,,,
12.048410999996122,mouse,move,885,1056,-1,-1,1.4142135623730951,4.017580260239565,,
12.056220899990876,mouse,move,884,1055,-1,-1,1.4142135623730951,181.07959939602256,,
12.072225799987791,mouse,move,883,1054,-1,-1,1.4142135623730951,88.36128702120591,,
12.09631839999929,mouse,move,882,1053,-1,-1,1.4142135623730951,58.69908443663528,,
12.12868609999714,mouse,move,882,1053,0,0,0.0,0.0,,
12.136303299994324,mouse,move,881,1053,-1,0,1.0,131.28183589371224,,
12.144585299989558,mouse,move,880,1053,-1,0,1.0,120.74378176473392,,
12.152097499987576,mouse,move,879,1052,-1,-1,1.4142135623730951,188.25557929050814,,
12.160179499987862,mouse,move,878,1051,-1,-1,1.4142135623730951,174.98311832752594,,
12.16820239998924,mouse,move,876,1050,-2,-1,2.23606797749979,278.7106877956254,,
12.17619489999197,mouse,move,876,1050,0,0,0.0,0.0,,
12.184138899989193,mouse,move,875,1049,-1,-1,1.4142135623730951,178.02285534583774,,
12.192158999998355,mouse,move,874,1048,-1,-1,1.4142135623730951,176.3336567820264,,
12.200136999992537,mouse,move,873,1047,-1,-1,1.4142135623730951,177.26417189827188,,
12.208306000000448,mouse,move,871,1043,-2,-4,4.47213595499958,547.4520688785501,,
12.224429899986717,mouse,move,867,1038,-4,-5,6.4031242374328485,397.12006666412736,,
12.232215599986375,mouse,move,866,1035,-1,-3,3.1622776601683795,406.16484841531644,,
12.240206099988427,mouse,move,866,1033,0,-2,2.0,250.29722789393207,,
12.248165999990306,mouse,move,863,1029,-3,-4,5.0,628.1485946833255,,
12.256113099996583,mouse,move,863,1028,0,-1,1.0,125.83206442729859,,
12.264181999998982,mouse,move,862,1026,-1,-2,2.23606797749979,277.12178572480104,,
12.272130099998321,mouse,move,861,1024,-1,-2,2.23606797749979,281.3336492602838,,
12.280136499990476,mouse,move,860,1022,-1,-2,2.23606797749979,279.2850694058261,,
12.288176899994141,mouse,move,858,1019,-2,-3,3.605551275463989,448.42934105522596,,
12.304128299991135,mouse,move,857,1019,-1,0,1.0,62.69042216912007,,
12.312341199998627,mouse,move,857,1018,0,-1,1.0,121.75967065076544,,
12.32026219999534,mouse,move,856,1016,-1,-2,2.23606797749979,282.2961720019688,,
12.336441999999806,mouse,move,855,1015,-1,-1,1.4142135623730951,87.40612133541717,,
12.344393699997454,mouse,move,854,1014,-1,-1,1.4142135623730951,177.85046754674585,,
12.35237499998766,mouse,move,853,1012,-1,-2,2.23606797749979,280.1633794298802,,
12.360496099994634,mouse,move,853,1012,0,0,0.0,0.0,,
12.368422599989572,mouse,move,853,1010,0,-2,2.0,252.31817337758199,,
12.37636469998688,mouse,move,853,1008,0,-2,2.0,251.82256590547587,,
12.384365299993078,mouse,move,852,1006,-1,-2,2.23606797749979,279.4875354057675,,
12.392646799999056,mouse,move,850,1004,-2,-2,2.8284271247461903,341.5356061950656,,
12.40030609999667,mouse,move,849,1003,-1,-1,1.4142135623730951,184.64005363595388,,
12.408456199991633,mouse,move,849,1000,0,-3,3.0,368.093643250234,,
12.416397799999686,mouse,move,848,996,-1,-4,4.123105625617661,519.1782035656336,,
12.424439399997937,mouse,move,846,993,-2,-3,3.605551275463989,448.36242492145254,,
12.432492499996442,mouse,move,845,990,-1,-3,3.1622776601683795,392.6783053426786,,
12.440367999995942,mouse,move,844,987,-1,-3,3.1622776601683795,401.53357378822864,,
12.4483395999996,mouse,move,844,983,0,-4,4.0,501.7813234689423,,
12.456360899988795,mouse,move,843,978,-1,-5,5.0990195135927845,635.6849289343394,,
12.464545700000599,mouse,move,843,976,0,-2,2.0,244.3553901274984,,
12.47239239999908,mouse,move,841,973,-2,-3,3.605551275463989,459.49906026251506,,
12.480427399990731,mouse,move,841,972,0,-1,1.0,124.45550728551552,,
12.488605799997458,mouse,move,841,968,0,-4,4.0,489.09322076564064,,
12.496448899997631,mouse,move,841,964,0,-4,4.0,510.002422500267,,
12.504292099998565,mouse,move,841,962,0,-2,2.0,254.99795998594382,,
12.512794599999324,mouse,move,841,959,0,-3,3.0,352.8374007329828,,
12.520445899994229,mouse,move,841,957,0,-2,2.0,261.3934888622741,,
12.528326999992714,mouse,move,841,954,0,-3,3.0,380.6575225002326,,
12.536312899988843,mouse,move,841,950,0,-4,4.0,500.88280618828,,
12.544394499986083,mouse,move,841,944,0,-6,6.0,742.4272423838115,,
12.55250549998891,mouse,move,841,930,0,-14,14.0,1726.0510411933915,,
12.560506299996632,mouse,move,841,919,0,-11,11.0,1374.8625124217733,,
12.568348699991475,mouse,move,841,905,0,-14,14.0,1785.1678069476986,,
12.576448299994809,mouse,move,841,892,0,-13,13.0,1605.0175310693432,,
12.584453899995424,mouse,move,841,880,0,-12,12.0,1498.9507343706653,,
12.592531399990548,mouse,move,841,870,0,-10,10.0,1238.0068097846945,,
12.600375199996051,mouse,move,841,860,0,-10,10.0,1274.8922707086194,,
12.60888659999182,mouse,move,843,848,2,-12,12.165525060596439,1429.3212710769901,,
12.61680439999327,mouse,move,847,827,4,-21,21.37755832643195,2699.936639282988,,
12.624344399999245,mouse,move,853,787,6,-40,40.44749683231337,5364.389496056257,,
12.632335499991314,mouse,move,865,727,12,-60,61.18823416311342,7657.047743595427,,
12.6403011999937,mouse,move,889,653,24,-74,77.79460135510689,9766.197739281339,,
12.648348699993221,mouse,move,898,590,9,-63,63.63961030678928,7907.997553349761,,
12.656432299991138,mouse,move,903,538,5,-52,52.23983154643591,6462.446380312726,,
12.674699600000167,mouse,move,907,496,4,-42,42.190046219457976,2309.593984803703,,
12.676919899997301,mouse,move,907,472,0,-24,24.0,10809.350101778204,,
12.6865950999927,mouse,move,907,451,0,-21,21.0,2170.49776852008,,
12.688540399991325,mouse,move,907,433,0,-18,18.0,9253.07151222429,,
12.697701699988102,mouse,move,907,413,0,-20,20.0,2183.0962862298143,,
12.706778299994767,mouse,move,907,398,0,-15,15.0,1652.601193066263,,
12.712427599995863,mouse,move,907,385,0,-13,13.0,2301.170056020739,,
12.72046149999369,mouse,move,907,377,0,-8,8.0,995.7803809064295,,
12.728554199988139,mouse,move,907,373,0,-4,4.0,494.27261640039274,,
12.736439199987217,mouse,move,907,370,0,-3,3.0,380.46924544715233,,
12.744638499993016,mouse,move,907,369,0,-1,1.0,121.9616307846676,,
12.752456399990479,mouse,move,907,368,0,-1,1.0,127.91158755222928,,
12.856517499996698,mouse,move,907,367,0,-1,1.0,9.609738893210125,,
13.120288699996308,mouse,move,907,367,0,0,0.0,0.0,,
13.128325499987113,mouse,move,896,354,-11,-13,17.029386365926403,2118.926237483851,,
13.136312399990857,mouse,move,884,331,-12,-23,25.942243542145693,3248.0992036944117,,
13.144473299995298,mouse,move,869,313,-15,-18,23.430749027719962,2871.098655169117,,
13.152326600000379,mouse,move,861,304,-8,-9,12.041594578792296,1533.3165129310412,,
13.16039859999728,mouse,move,855,298,-6,-6,8.48528137423857,1051.1993777870046,,
13.168403999996372,mouse,move,850,293,-5,-5,7.0710678118654755,883.2872576844637,,
13.17635789999622,mouse,move,848,289,-2,-4,4.47213595499958,562.2570003501738,,
13.1843979999976,mouse,move,846,287,-2,-2,2.8284271247461903,351.7900429423074,,
13.200317899987567,mouse,move,845,285,-1,-2,2.23606797749979,140.45741360868888,,
13.288409799992223,mouse,move,845,285,0,0,0.0,0.0,,
13.296295799998916,mouse,move,842,283,-3,-2,3.605551275463989,457.2091392853315,,
13.304736899997806,mouse,move,840,281,-2,-2,2.8284271247461903,335.078025982157,,
13.312297299999045,mouse,move,836,277,-4,-4,5.656854249492381,748.2215555480279,,
13.320303799991962,mouse,move,830,271,-6,-6,8.48528137423857,1059.7990859608824,,
13.328320399989025,mouse,move,824,265,-6,-6,8.48528137423857,1058.463859659594,,
13.336351399993873,mouse,move,819,259,-5,-6,7.810249675906654,972.5127221007918,,
13.34429850000015,mouse,move,813,253,-6,-6,8.48528137423857,1067.7204725669444,,
13.352493299986236,mouse,move,805,243,-8,-10,12.806248474865697,1562.7286201749562,,
13.36031789999106,mouse,move,799,237,-6,-6,8.48528137423857,1084.4364400745571,,
13.368439999991097,mouse,move,793,232,-6,-5,7.810249675906654,961.6047174833097,,
13.376430299991625,mouse,move,790,230,-3,-2,3.605551275463989,451.24103916315664,,
13.384319399992819,mouse,move,788,229,-2,-1,2.23606797749979,283.4376515903567,,
13.392359899997246,mouse,move,785,227,-3,-2,3.605551275463989,448.42376388023223,,
13.400392699986696,mouse,move,785,226,0,-1,1.0,124.48959283354188,,
13.408568899991224,mouse,move,783,223,-2,-3,3.605551275463989,440.98129613604294,,
13.4163899999985,mouse,move,778,217,-5,-6,7.810249675906654,998.6126847425256,,
13.424575099998037,mouse,move,770,207,-8,-10,12.806248474865697,1564.5805763632054,,
13.432468200000585,mouse,move,764,198,-6,-9,10.816653826391969,1370.3936125097339,,
13.440431899987743,mouse,move,756,189,-8,-9,12.041594578792296,1512.0602983801377,,
13.448431999990134,mouse,move,748,184,-8,-5,9.433981132056603,1179.232900743334,,
13.456588199987891,mouse,move,739,180,-9,-4,9.848857801796104,1207.530198438616,,
13.464351099988562,mouse,move,730,176,-9,-4,9.848857801796104,1268.7085755252413,,
13.472445199993672,mouse,move,720,175,-10,-1,10.04987562112089,1241.6297815416683,,
13.480393099991488,mouse,move,715,174,-5,-1,5.0990195135927845,641.5555700239902,,
13.488444199989317,mouse,move,706,171,-9,-3,9.486832980505138,1178.3275556214212,,
13.4963754999917,mouse,move,701,171,-5,0,5.0,630.4136772657296,,
13.50434659999155,mouse,move,692,169,-9,-2,9.219544457292887,1156.6213518167813,,
13.51244229999429,mouse,move,680,163,-12,-6,13.416407864998739,1657.2264116081583,,
13.520471499999985,mouse,move,666,156,-14,-7,15.652475842498529,1949.4440082944532,,
13.528445399992052,mouse,move,651,152,-15,-4,15.524174696260024,1946.8735138019879,,
13.536758599992027,mouse,move,635,147,-16,-5,16.76305461424021,2016.4382685717342,,
13.544443899998441,mouse,move,622,143,-13,-4,13.601470508735444,1769.8034556077932,,
13.552421599990339,mouse,move,613,143,-9,0,9.0,1128.1447045063853,,
13.560351499996614,mouse,move,610,143,-3,0,3.0,378.3149847572088,,
13.568677199989907,mouse,move,608,142,-2,-1,2.23606797749979,268.57417145719523,,
13.608359999998356,mouse,move,605,131,-3,-11,11.40175425099138,287.32232222936864,,
13.616423199986457,mouse,move,589,96,-16,-35,38.48376280978771,4772.765510787329,,
13.624541400000453,mouse,move,553,35,-36,-61,70.83078426785913,8724.937072964945,,
13.632405399999698,mouse,move,517,-4,-36,-39,53.075418038862395,6749.163026953212,,
13.64067619999696,mouse,move,493,-34,-24,-30,38.41874542459709,4645.106330380658,,
13.648478799994336,mouse,move,482,-25,-11,9,14.212670403551895,1821.5300551523112,,
13.656905399999232,mouse,move,480,-14,-2,11,11.180339887498949,1326.7913370758695,,
13.664420799992513,mouse,move,480,-10,0,4,4.0,532.2404667184964,,
13.672654499998316,mouse,move,480,-2,0,8,8.0,971.6166479664621,,
13.680423799989512,mouse,move,480,-2,0,0,0.0,0.0,,
13.848365300000296,mouse,move,479,-1,-1,1,1.4142135623730951,8.420870138008095,,
13.856428899991442,mouse,move,478,0,-1,1,1.4142135623730951,175.38240536805492,,
13.864833999992697,mouse,move,472,0,-6,0,6.0,713.8523038517185,,
13.87234499999613,mouse,move,461,8,-11,8,13.601470508735444,1810.8734526053759,,
13.88066749999416,mouse,move,448,16,-13,8,15.264337522473747,1834.1048394216245,,
13.888467599987052,mouse,move,436,24,-12,8,14.422205101855956,1848.976950936386,,
13.896750899992185,mouse,move,420,31,-16,7,17.46424919657298,2108.3685470467244,,
13.904412999996566,mouse,move,401,37,-19,6,19.924858845171276,2600.4435903704507,,
13.912406299990835,mouse,move,385,43,-16,6,17.08800749063506,2137.791338106653,,
13.920489899988752,mouse,move,366,49,-19,6,19.924858845171276,2464.849677161795,,
13.92869959998643,mouse,move,349,50,-17,1,17.029386365926403,2074.3006895187523,,
13.936378299986245,mouse,move,334,53,-15,3,15.297058540778355,1992.1417090324135,,
13.94440749999194,mouse,move,327,55,-7,2,7.280109889280518,906.704264947626,,
13.952413599996362,mouse,move,323,56,-4,1,4.123105625617661,514.9955188344018,,
13.960502699992503,mouse,move,322,56,-1,0,1.0,123.62314725705482,,
14.016386399991461,mouse,move,321,56,-1,0,1.0,17.894305495495917,,
14.104543599998578,mouse,move,321,56,0,0,0.0,0.0,,
14.12034219999623,mouse,move,321,55,0,-1,1.0,63.29674782250552,,
14.136368399995263,mouse,move,321,54,0,-1,1.0,62.397823567680874,,
14.168726499992772,mouse,move,321,53,0,-1,1.0,30.90416310218999,,
14.176462399991578,mouse,move,321,52,0,-1,1.0,129.26744142947703,,
14.184647699992638,mouse,move,323,52,2,0,2.0,244.34046397090913,,
14.192273199994816,mouse,move,324,51,1,-1,1.4142135623730951,185.45846986679848,,
14.200487599999178,mouse,move,326,51,2,0,2.0,243.47487326375574,,
14.208442099989043,mouse,move,327,51,1,0,1.0,125.71500424592305,,
14.216391699999804,mouse,move,328,49,1,-2,2.23606797749979,281.28056436461117,,
14.22437739999441,mouse,move,329,48,1,-1,1.4142135623730951,177.09324959970223,,
14.232687999989139,mouse,move,331,48,2,0,2.0,240.6565111145326,,
14.240362099997583,mouse,move,331,47,0,-1,1.0,130.30843993428346,,
14.248377799987793,mouse,move,332,47,1,0,1.0,124.75516813520188,,
14.256356899990351,mouse,move,334,46,2,-1,2.23606797749979,280.2406257325942,,
14.264317900000606,mouse,move,335,45,1,-1,1.4142135623730951,177.64270324725612,,
14.272456799997599,mouse,move,336,45,1,0,1.0,122.86672650719926,,
14.28034129999287,mouse,move,337,43,1,-2,2.23606797749979,283.60301589714265,,
14.288644699990982,mouse,move,340,40,3,-3,4.242640687119285,510.95222295489384,,
14.296311899990542,mouse,move,342,38,2,-2,2.8284271247461903,368.89961458011106,,
14.304486399996676,mouse,move,344,37,2,-1,2.23606797749979,273.5418650463899,,
14.312437399988994,mouse,move,346,35,2,-2,2.8284271247461903,355.7322509720911,,
14.320504399991478,mouse,move,348,31,2,-4,4.47213595499958,554.3741110230079,,
14.328592599995318,mouse,move,348,30,0,-1,1.0,123.63690308415107,,
14.336499199998798,mouse,move,349,28,1,-2,2.23606797749979,282.8103074033865,,
14.520733999990625,mouse,click_press,349,28,,,,,,
14.713071099991794,mouse,click_release,349,28,,,,,,
14.936445499988622,mouse,move,349,32,0,4,4.0,6.667263386852865,,
14.944354499995825,mouse,move,349,37,0,5,5.0,632.1911740354561,,
14.952334299989161,mouse,move,350,44,1,7,7.0710678118654755,886.1209325760555,,
14.96027719999256,mouse,move,350,52,0,8,8.0,1007.1888097012251,,
14.968348799986416,mouse,move,350,61,0,9,9.0,1115.0205667837936,,
14.976556499997969,mouse,move,350,71,0,10,10.0,1218.3681160281074,,
14.984364499992807,mouse,move,350,85,0,14,14.0,1793.03278807051,,
14.992690699989907,mouse,move,350,106,0,21,21.0,2522.1589689551224,,
15.000375699994038,mouse,move,350,136,0,30,30.0,3903.708520998837,,
15.008546400000341,mouse,move,350,181,0,45,45.0,5507.484054644553,,
15.016382999994676,mouse,move,350,238,0,57,57.0,7273.5625196142655,,
15.024325399994268,mouse,move,350,292,0,54,54.0,6798.95245804428,,
15.032332499991753,mouse,move,350,350,0,58,58.0,7243.571332719358,,
15.040448199986713,mouse,move,350,411,0,61,61.0,7516.295579910928,,
15.048359899999923,mouse,move,350,465,0,54,54.0,6825.334619593372,,
15.0566109999927,mouse,move,355,517,5,52,52.23983154643591,6331.256631500172,,
15.064315899988287,mouse,move,359,549,4,32,32.2490309931942,4185.522331459422,,
15.072505499992985,mouse,move,364,572,5,23,23.53720459187964,2874.0359209701314,,
15.080367599992314,mouse,move,365,586,1,14,14.035668847618199,1785.2315346810592,,
15.088362599999527,mouse,move,366,596,1,10,10.04987562112089,1257.0200890623998,,
15.096978499990655,mouse,move,368,605,2,9,9.219544457292887,1070.061684419136,,
15.104536899991217,mouse,move,373,614,5,9,10.295630140987,1362.144123124144,,
15.112432999987504,mouse,move,376,619,3,5,5.830951894845301,738.4597329804491,,
15.120457400000305,mouse,move,379,624,3,5,5.830951894845301,726.652694973307,,
15.129035899997689,mouse,move,385,627,6,3,6.708203932499369,781.9786599691196,,
15.136428300000262,mouse,move,390,631,5,4,6.4031242374328485,866.1766456366604,,
15.144489399986924,mouse,move,397,636,7,5,8.602325267042627,1067.1403755413005,,
15.152334499987774,mouse,move,401,638,4,2,4.47213595499958,570.0546780174983,,
15.161194699991029,mouse,move,404,638,3,0,3.0,338.592808164356,,
15.168437199987238,mouse,move,405,638,1,0,1.0,138.07386959245656,,
15.177348899989738,mouse,move,409,638,4,0,4.0,448.84814332595846,,
15.184430799999973,mouse,move,423,635,14,-3,14.317821063276353,2021.748548071056,,
15.192311899998458,mouse,move,450,624,27,-11,29.154759474226502,3699.3261701830816,,
15.200332199994591,mouse,move,489,607,39,-17,42.5440947723653,5304.551549552784,,
15.208708299993305,mouse,move,534,589,45,-18,48.46648326421054,5786.282789323762,,
15.216360199992778,mouse,move,587,565,53,-24,58.180752831155424,7603.438732231287,,
15.224750899986248,mouse,move,642,543,55,-22,59.23681287847955,7059.817765452454,,
15.232529199987766,mouse,move,685,518,43,-25,49.73932046178355,6394.626133225947,,
15.240295099996729,mouse,move,718,500,33,-18,37.589892258425,4840.378090761298,,
15.248965199993108,mouse,move,742,485,24,-15,28.30194339616981,3264.3156835547475,,
15.256463699988672,mouse,move,757,478,15,-7,16.55294535724685,2207.500882448641,,
15.264280599993072,mouse,move,768,474,11,-4,11.704699910719626,1497.3582755480227,,
15.27234569999564,mouse,move,770,474,2,0,2.0,247.98204602089606,,
15.280306399989058,mouse,move,772,473,2,-1,2.23606797749979,280.88836149439726,,
15.288314399993396,mouse,move,773,473,1,0,1.0,124.87512480747742,,
15.344364599994151,mouse,move,773,473,0,0,0.0,0.0,,
15.352491599987843,mouse,move,770,479,-3,6,6.708203932499369,825.4219192452326,,
15.36036009999225,mouse,move,769,488,-1,9,9.055385138137417,1150.8400753722713,,
15.368615599989425,mouse,move,769,496,0,8,8.0,969.0509360712709,,
15.376361599992379,mouse,move,768,502,-1,6,6.082762530298219,785.277888972259,,
15.384333099995274,mouse,move,768,505,0,3,3.0,376.3407136561892,,
15.456388799997512,mouse,move,768,505,0,0,0.0,0.0,,
15.480342599999858,mouse,move,771,506,3,1,3.1622776601683795,132.01569938208948,,
15.488359199996921,mouse,move,777,505,6,-1,6.082762530298219,758.7708670167655,,
15.496341099991696,mouse,move,789,498,12,-7,13.892443989449804,1740.4933660587537,,
15.504354499993497,mouse,move,801,495,12,-3,12.36931687685298,1543.5791142428411,,
15.51236439999775,mouse,move,815,491,14,-4,14.560219778561036,1817.777971114335,,
15.520320999989053,mouse,move,828,489,13,-2,13.152946437965905,1653.0862997188372,,
15.528367799997795,mouse,move,844,486,16,-3,16.278820596099706,2023.0179174844911,,
15.53632599998673,mouse,move,857,482,13,-4,13.601470508735444,1709.113936273044,,
15.544335999991745,mouse,move,871,480,14,-2,14.142135623730951,1765.560001857224,,
15.552425299989409,mouse,move,883,478,12,-2,12.165525060596439,1503.903312290244,,
15.56044319999637,mouse,move,890,477,7,-1,7.0710678118654755,881.9102016395327,,
15.568353700000443,mouse,move,893,476,3,-1,3.1622776601683795,399.7569886278111,,
15.584319599991431,mouse,move,894,476,1,0,1.0,62.633487655844974,,
15.64832039999601,mouse,move,894,476,0,0,0.0,0.0,,
15.656561199997668,mouse,move,889,483,-5,7,8.602325267042627,1043.8701661624318,,
15.664452999990317,mouse,move,885,496,-4,13,13.601470508735444,1723.4940725062784,,
15.672388399994816,mouse,move,880,507,-5,11,12.083045973594572,1522.6763574293127,,
15.680423799989512,mouse,move,871,521,-9,14,16.64331697709324,2071.2493451574446,,
15.688331099998322,mouse,move,860,539,-11,18,21.095023109728988,2667.79091298236,,
15.696373599988874,mouse,move,846,563,-14,24,27.784887978899608,3454.7576016836906,,
15.704366299993126,mouse,move,830,596,-16,33,36.6742416417845,4588.4671790853945,,
15.712299999999232,mouse,move,808,624,-22,28,35.608987629529715,4488.320405627174,,
15.720295299994177,mouse,move,791,656,-17,32,36.235341863986875,4532.080333057441,,
15.72831929998938,mouse,move,772,684,-19,28,33.83784863137726,4217.079841925177,,
15.73649569999543,mouse,move,758,704,-14,20,24.413111231467404,2985.801968274861,,
15.744487099989783,mouse,move,746,719,-12,15,19.209372712298546,2403.7556280342565,,
15.752383599989116,mouse,move,738,731,-8,12,14.422205101855956,1826.4047493286712,,
15.760357399994973,mouse,move,733,739,-5,8,9.433981132056603,1183.1223663908265,,
15.768410499993479,mouse,move,732,741,-1,2,2.23606797749979,277.6654925326497,,
15.840353399995365,mouse,move,731,741,-1,0,1.0,13.899912291188993,,
15.848326599996653,mouse,move,731,742,0,1,1.0,125.4201575074541,,
15.849045099996147,mouse,scroll,731,742,0,-1,,,,
15.864743099999032,mouse,scroll,731,742,0,-1,,,,
15.872708499999135,mouse,scroll,731,742,0,-1,,,,
15.881012399986503,mouse,scroll,731,742,0,-1,,,,
15.88873639999656,mouse,scroll,731,742,0,-1,,,,
16.209147099987604,mouse,scroll,731,742,0,-1,,,,
16.22459309999249,mouse,scroll,731,742,0,-1,,,,
16.24864579999121,mouse,scroll,731,742,0,-1,,,,
16.257185899987235,mouse,scroll,731,742,0,-1,,,,
16.296808799990686,mouse,move,731,743,0,1,1.0,2.229742897295158,,
16.30432509999082,mouse,move,731,744,0,1,1.0,133.04418397112704,,
16.312759599997662,mouse,move,731,744,0,0,0.0,0.0,,
16.320709399995394,mouse,move,730,747,-1,3,3.1622776601683795,397.7807820411242,,
16.329015799987246,mouse,move,730,747,0,0,0.0,0.0,,
16.480308099999093,mouse,move,729,747,-1,0,1.0,6.609721710369263,,
16.54529919999186,mouse,scroll,729,747,0,-1,,,,
16.57700579999073,mouse,scroll,729,747,0,-1,,,,
16.600996399996802,mouse,scroll,729,747,0,-1,,,,
16.648540700000012,mouse,scroll,729,747,0,-1,,,,
16.664281799996388,mouse,move,728,747,-1,0,1.0,5.435559539296649,,
16.67256819999602,mouse,move,715,762,-13,15,19.849433241279208,2395.4230114594147,,
16.68028339999728,mouse,move,693,793,-22,31,38.01315561749642,4927.047336595396,,
16.688398899990716,mouse,move,675,820,-18,27,32.449961479175904,3998.5166046969734,,
16.696381199988537,mouse,move,660,839,-15,19,24.20743687382041,3032.6393245593363,,
16.704321199998958,mouse,move,638,859,-22,20,29.732137494637012,3744.6016946615423,,
16.712463499992737,mouse,move,610,883,-28,24,36.87817782917155,4529.208928355583,,
16.720495299989125,mouse,move,584,905,-26,22,34.058772731852805,4240.490643089824,,
16.72848389999126,mouse,move,563,923,-21,18,27.65863337187866,3462.2628951860133,,
16.73633929999778,mouse,move,535,942,-28,19,33.83784863137726,4307.590778737348,,
16.744421099996543,mouse,move,508,960,-27,18,32.449961479175904,4015.189869106217,,
16.7524631999986,mouse,move,478,980,-30,20,36.05551275463989,4483.345487548506,,
16.760410299990326,mouse,move,442,995,-36,15,39.0,4907.450521650666,,
16.768387199990684,mouse,move,413,1008,-29,13,31.78049716414141,3984.066136307978,,
16.776385899996967,mouse,move,393,1022,-20,14,24.413111231467404,3052.134873453334,,
16.784310799994273,mouse,move,379,1030,-14,8,16.1245154965971,2034.6648540774484,,
16.792305999988457,mouse,move,367,1037,-12,7,13.892443989449804,1737.5980587797105,,
16.800443799991626,mouse,move,358,1042,-9,5,10.295630140987,1265.161362650541,,
16.80828009999823,mouse,move,353,1046,-5,4,6.4031242374328485,817.1106557990782,,
16.81638910000038,mouse,move,352,1046,-1,0,1.0,123.31976812613271,,
16.82445139999618,mouse,move,350,1048,-2,2,2.8284271247461903,350.8213693635561,,
16.94445269998687,mouse,move,350,1048,0,0,0.0,0.0,,
16.952368699989165,mouse,move,350,1043,0,-5,5.0,631.6321372598999,,
16.960785799994483,mouse,move,350,1036,0,-7,7.0,831.6403506644533,,
16.968777199988835,mouse,move,353,1020,3,-16,16.278820596099706,2037.0423965266693,,
16.976756599993678,mouse,move,354,1010,1,-10,10.04987562112089,1259.4776067150535,,
16.984351699997205,mouse,move,355,997,1,-13,13.038404810405298,1716.6863904819852,,
16.99276649999956,mouse,move,356,990,1,-7,7.0710678118654755,840.3132350009088,,
17.000556099999812,mouse,move,356,983,0,-7,7.0,898.6340761752037,,
17.008781099997577,mouse,move,356,979,0,-4,4.0,486.32218858200787,,
17.016352399994503,mouse,move,358,975,2,-4,4.47213595499958,590.6694962312393,,
17.02476429998933,mouse,move,359,975,1,0,1.0,118.8792069110531,,
17.08875649998663,mouse,move,360,974,1,-1,1.4142135623730951,22.099780323738482,,
17.09630509999988,mouse,move,362,974,2,0,2.0,264.9497915492992,,
17.104845699999714,mouse,move,366,973,4,-1,4.123105625617661,482.7653356553779,,
17.112329999989015,mouse,move,372,969,6,-4,7.211102550927978,963.4972624342487,,
17.120732600000338,mouse,move,378,967,6,-2,6.324555320336759,752.6902758448947,,
17.128303399993456,mouse,move,383,964,5,-3,5.830951894845301,770.1896629346353,,
17.136833099997602,mouse,move,392,960,9,-4,9.848857801796104,1154.6546533885605,,
17.144308799994178,mouse,move,398,955,6,-5,7.810249675906654,1044.751619177359,,
17.152728799992474,mouse,move,404,950,6,-5,7.810249675906654,927.583097088783,,
17.160441899992293,mouse,move,408,948,4,-2,4.47213595499958,579.8104465266305,,
17.16835799999535,mouse,move,414,945,6,-3,6.708203932499369,847.4127322681503,,
17.176922999991802,mouse,move,418,943,4,-2,4.47213595499958,522.140800566528,,
17.184756499991636,mouse,move,421,941,3,-2,3.605551275463989,460.2733485084215,,
17.19272339998861,mouse,move,425,939,4,-2,4.47213595499958,561.3395369213815,,
17.200736399987363,mouse,move,429,938,4,-1,4.123105625617661,514.5520561909858,,
17.20831499999622,mouse,move,431,936,2,-2,2.8284271247461903,373.2123507562321,,
17.216393399998196,mouse,move,434,936,3,0,3.0,371.3606653874045,,
17.22446259998833,mouse,move,434,936,0,0,0.0,0.0,,
17.2327435999905,mouse,move,435,936,1,0,1.0,120.75836248494676,,
17.264386700000614,mouse,move,437,936,2,0,2.0,63.204932492729846,,
17.272813999996288,mouse,move,440,937,3,1,3.1622776601683795,375.24208961253834,,
17.280377999995835,mouse,move,443,940,3,3,4.242640687119285,560.8990861149075,,
17.288808099998278,mouse,move,445,942,2,2,2.8284271247461903,335.51525176767757,,
17.296373399993172,mouse,move,448,944,3,2,3.605551275463989,476.59065442180963,,
17.3048165999935,mouse,move,451,947,3,3,4.242640687119285,502.4920275433477,,
17.312257899990072,mouse,move,452,949,1,2,2.23606797749979,300.4942655893459,,
17.320827499992447,mouse,move,456,951,4,2,4.47213595499958,521.860524850684,,
17.32829619999393,mouse,move,458,952,2,1,2.23606797749979,299.39185896556495,,
17.34441269999661,mouse,move,462,954,4,2,4.47213595499958,277.48803736888016,,
17.400516399997286,mouse,move,463,954,1,0,1.0,17.82413637581737,,
17.456377999988035,mouse,move,464,954,1,0,1.0,17.90138485409672,,
17.496828199989977,mouse,move,465,954,1,0,1.0,24.72175662795216,,
17.544322799993097,mouse,move,466,953,1,-1,1.4142135623730951,29.77630219604347,,
17.56139709999843,mouse,click_press,466,953,,,,,,
17.59300139998959,mouse,move,466,953,0,0,0.0,0.0,,
17.632296999989194,mouse,move,468,953,2,0,2.0,50.89628355388687,,
17.640739700000267,mouse,move,469,952,1,-1,1.4142135623730951,167.5072619562681,,
17.68039759999374,mouse,move,469,951,0,-1,1.0,25.2156569098367,,
17.688732199996593,mouse,move,469,951,0,0,0.0,0.0,,
17.736378199988394,mouse,move,469,950,0,-1,1.0,20.988120727282233,,
17.744382599994424,mouse,move,466,946,-3,-4,5.0,624.656438488016,,
17.75272939998831,mouse,move,457,942,-9,-4,9.848857801796104,1179.9561279782113,,
17.760324799994123,mouse,move,451,939,-6,-3,6.708203932499369,883.1929756650612,,
17.76841859999695,mouse,move,448,936,-3,-3,4.242640687119285,524.1840279767514,,
17.77632989999256,mouse,move,445,934,-3,-2,3.605551275463989,455.74700459641855,,
17.784852999990107,mouse,move,442,932,-3,-2,3.605551275463989,423.03284913961943,,
17.792331099990406,mouse,move,441,930,-1,-2,2.23606797749979,299.0155223132225,,
17.800529000000097,mouse,move,440,929,-1,-1,1.4142135623730951,172.50924757576274,,
17.808813699986786,mouse,move,437,926,-3,-3,4.242640687119285,512.1055311521271,,
17.81696079998801,mouse,move,436,925,-1,-1,1.4142135623730951,173.5849028685756,,
17.82432779998635,mouse,move,435,923,-1,-2,2.23606797749979,303.5249053894133,,
17.832871599995997,mouse,move,434,921,-1,-2,2.23606797749979,261.7182020851253,,
17.848810499999672,mouse,move,434,918,0,-3,3.0,188.21876034784245,,
17.856815999999526,mouse,move,433,917,-1,-1,1.4142135623730951,176.65524481905257,,
17.864941299994825,mouse,move,431,915,-2,-2,2.8284271247461903,348.1012548930458,,
17.87285419998807,mouse,move,431,912,0,-3,3.0,379.1277537390247,,
17.880615399990347,mouse,move,428,909,-3,-3,4.242640687119285,546.647514027974,,
17.88863779998792,mouse,move,426,907,-2,-2,2.8284271247461903,352.5662053253893,,
17.896423099999083,mouse,move,424,904,-2,-3,3.605551275463989,463.12297153525856,,
17.904721899991273,mouse,move,423,903,-1,-1,1.4142135623730951,170.41181420254196,,
17.912784499989357,mouse,move,420,898,-3,-5,5.830951894845301,723.2098697977135,,
17.920818699989468,mouse,move,418,894,-2,-4,4.47213595499958,556.6373696121314,,
17.928352499991888,mouse,move,416,892,-2,-2,2.8284271247461903,375.43167111385026,,
17.93642449998879,mouse,move,414,888,-2,-4,4.47213595499958,554.0307181264576,,
17.944448799986276,mouse,move,412,886,-2,-2,2.8284271247461903,352.4827244285411,,
17.952823199986597,mouse,move,410,883,-2,-3,3.605551275463989,430.5444300876353,,
17.960583699998097,mouse,move,409,881,-1,-2,2.23606797749979,288.134524088171,,
17.968770899999072,mouse,move,408,879,-1,-2,2.23606797749979,273.1175465645671,,
17.976373199999216,mouse,move,406,878,-2,-1,2.23606797749979,294.13045755329114,,
17.984322299991618,mouse,move,405,876,-1,-2,2.23606797749979,281.29825761873957,,
17.992737299995497,mouse,move,404,875,-1,-1,1.4142135623730951,168.05865261095693,,
18.000311899988446,mouse,move,404,873,0,-2,2.0,264.04034561054215,,
18.008341499997186,mouse,move,402,871,-2,-2,2.8284271247461903,352.25006496805486,,
18.016314499996952,mouse,move,401,870,-1,-1,1.4142135623730951,177.37533706443296,,
18.024576299998444,mouse,move,400,869,-1,-1,1.4142135623730951,171.1749935991839,,
18.03235889998905,mouse,move,399,865,-1,-4,4.123105625617661,529.7851143056038,,
18.040403099992545,mouse,move,397,862,-2,-3,3.605551275463989,448.2175075081244,,
18.048607499993523,mouse,move,394,858,-3,-4,5.0,609.4290867588595,,
18.056658799992874,mouse,move,392,855,-2,-3,3.605551275463989,447.8222492956853,,
18.064960599993356,mouse,move,388,851,-4,-4,5.656854249492381,681.40093102272,,
18.07265259999258,mouse,move,387,849,-1,-2,2.23606797749979,290.7004651228956,,
18.080549399994197,mouse,move,385,846,-2,-3,3.605551275463989,456.58384088813887,,
18.088607799989404,mouse,move,383,843,-2,-3,3.605551275463989,447.42768758172525,,
18.096999099987443,mouse,move,383,842,0,-1,1.0,119.17104623047206,,
18.10436889999255,mouse,move,382,840,-1,-2,2.23606797749979,303.4095872275961,,
18.112381099999766,mouse,move,381,839,-1,-1,1.4142135623730951,176.50752116766535,,
18.120299499991233,mouse,move,380,837,-1,-2,2.23606797749979,282.38886390044024,,
18.12860539999383,mouse,move,379,835,-1,-2,2.23606797749979,269.2144110572806,,
18.15278039999248,mouse,move,379,834,0,-1,1.0,41.36504653798801,,
18.160403499990935,mouse,move,378,833,-1,-1,1.4142135623730951,185.5168583200797,,
18.184335399986594,mouse,move,378,832,0,-1,1.0,41.78523227079211,,
18.2163506999932,mouse,move,378,831,0,-1,1.0,31.235065727751138,,
18.240375599998515,mouse,move,378,831,0,0,0.0,0.0,,
18.256356199999573,mouse,move,378,829,0,-2,2.0,125.15174648433965,,
18.304404499998782,mouse,move,378,828,0,-1,1.0,20.812390865367977,,
18.96069519998855,mouse,move,377,828,-1,0,1.0,1.5237150244786206,,
18.96845279999252,mouse,move,376,827,-1,-1,1.4142135623730951,182.30039724262517,,
18.976360499989823,mouse,move,376,827,0,0,0.0,0.0,,
18.984263699996518,mouse,move,375,827,-1,0,1.0,126.53102530024975,,
18.99235879999469,mouse,move,374,827,-1,0,1.0,123.53151909497963,,
19.000399299999117,mouse,move,373,826,-1,-1,1.4142135623730951,175.8862709526175,,
19.008300199988298,mouse,move,371,826,-2,0,2.0,253.13571906221128,,
19.016227899992373,mouse,move,370,826,-1,0,1.0,126.13999009624665,,
19.02437509999436,mouse,move,369,825,-1,-1,1.4142135623730951,173.58277224425575,,
19.032382399993367,mouse,move,368,825,-1,0,1.0,124.88604150261543,,
19.04037759998755,mouse,move,367,825,-1,0,1.0,125.07504511799915,,
19.04834859998664,mouse,move,366,824,-1,-1,1.4142135623730951,177.41984224499564,,
19.064367499988293,mouse,move,363,824,-3,0,3.0,187.27877692539224,,
19.072433599998476,mouse,move,362,823,-1,-1,1.4142135623730951,175.32804708443743,,
19.080753599992022,mouse,move,358,822,-4,-1,4.123105625617661,495.56558038654725,,
19.088856199989095,mouse,move,355,822,-3,0,3.0,370.2515243358396,,
19.096356399997603,mouse,move,353,820,-2,-2,2.8284271247461903,377.11355984344107,,
19.104879899998195,mouse,move,349,818,-4,-2,4.47213595499958,524.6830474205196,,
19.112488699989626,mouse,move,348,817,-1,-1,1.4142135623730951,185.86551939410023,,
19.120856199995615,mouse,move,346,816,-2,-1,2.23606797749979,267.23250384218625,,
19.12876709998818,mouse,move,343,813,-3,-3,4.242640687119285,536.303162864638,,
19.137080799991963,mouse,move,339,809,-4,-4,5.656854249492381,680.4255923257774,,
19.144573199999286,mouse,move,336,808,-3,-1,3.1622776601683795,422.0647131864076,,
19.152655499987304,mouse,move,329,803,-7,-5,8.602325267042627,1064.3412493714898,,
19.160731099997065,mouse,move,323,798,-6,-5,7.810249675906654,967.1417190631728,,
19.16864469999564,mouse,move,317,796,-6,-2,6.324555320336759,799.2007836479733,,
19.176793399994494,mouse,move,308,791,-9,-5,10.295630140987,1263.469037077439,,
19.1847213999863,mouse,move,301,787,-7,-4,8.06225774829855,1016.9346312601081,,
19.192531999986386,mouse,move,297,784,-4,-3,5.0,640.1556858558862,,
19.200559799995972,mouse,move,292,779,-5,-5,7.0710678118654755,880.8226168342488,,
19.208500799999456,mouse,move,289,777,-3,-2,3.605551275463989,454.04247246972295,,
19.216449199986528,mouse,move,287,775,-2,-2,2.8284271247461903,355.8486147333664,,
19.224331599994912,mouse,move,283,773,-4,-2,4.47213595499958,567.3571437941209,,
19.232371699996293,mouse,move,283,772,0,-1,1.0,124.37656245920617,,
19.248773699990124,mouse,move,282,771,-1,-1,1.4142135623730951,86.22201944305118,,
19.256337299986626,mouse,move,281,771,-1,0,1.0,132.21217415814345,,
19.280379399991944,mouse,move,280,770,-1,-1,1.4142135623730951,58.82238082614698,,
19.296338199987076,mouse,move,280,769,0,-1,1.0,62.66135300304473,,
19.304853699999512,mouse,move,279,768,-1,-1,1.4142135623730951,166.07522286510385,,
19.31274080000003,mouse,move,278,768,-1,0,1.0,126.78931418829632,,
19.320773499988718,mouse,move,277,766,-1,-2,2.23606797749979,278.3706575184389,,
19.328971899987664,mouse,move,277,763,0,-3,3.0,365.92505859504814,,
19.336734199998318,mouse,move,276,763,-1,0,1.0,128.82779570841763,,
19.344731999997748,mouse,move,275,760,-1,-3,3.1622776601683795,395.3934407454319,,
19.353014099993743,mouse,move,275,759,0,-1,1.0,120.74232386515258,,
19.360748399994918,mouse,move,275,755,0,-4,4.0,517.1767321402381,,
19.368731899987324,mouse,move,275,752,0,-3,3.0,375.77503636921614,,
19.37636529999145,mouse,move,275,750,0,-2,2.0,262.0064452169957,,
19.384814199991524,mouse,move,275,745,0,-5,5.0,591.7930144699471,,
19.392905599990627,mouse,move,275,739,0,-6,6.0,741.5280422010361,,
19.40034100000048,mouse,move,275,729,0,-10,10.0,1344.917554771431,,
19.408726899986505,mouse,move,277,721,2,-8,8.246211251235321,983.3424277630905,,
19.416811199989752,mouse,move,279,710,2,-11,11.180339887498949,1382.9694448508817,,
19.424405399986426,mouse,move,283,697,4,-13,13.601470508735444,1791.0340147338293,,
19.432649199996376,mouse,move,287,681,4,-16,16.492422502470642,2000.5849829647364,,
19.440512999994098,mouse,move,291,668,4,-13,13.601470508735444,1729.6307780813208,,
19.448675099993125,mouse,move,296,652,5,-16,16.76305461424021,2053.767365780837,,
19.4564851999894,mouse,move,300,637,4,-15,15.524174696260024,1987.7049850398828,,
19.464691499990295,mouse,move,306,617,6,-20,20.8806130178211,2544.461330386291,,
19.472359999999753,mouse,move,311,602,5,-15,15.811388300841896,2061.8619392762275,,
19.480703299996094,mouse,move,316,580,5,-22,22.561028345356956,2704.0893118133317,,
19.48839409998618,mouse,move,320,567,4,-13,13.601470508735444,1768.5378018239044,,
19.496340300000156,mouse,move,324,553,4,-14,14.560219778561036,1832.3500230239388,,
19.504415699993842,mouse,move,328,538,4,-15,15.524174696260024,1922.4031884981632,,
19.512769499997376,mouse,move,331,527,3,-11,11.40175425099138,1364.85841726747,,
19.520762099986314,mouse,move,334,519,3,-8,8.54400374531753,1068.9892847311712,,
19.52834529998654,mouse,move,334,510,0,-9,9.0,1186.8340541896805,,
19.53634759999113,mouse,move,335,503,1,-7,7.0710678118654755,883.6294325142179,,
19.544728099994245,mouse,move,335,500,0,-3,3.0,357.97386777465306,,
19.552379799992195,mouse,move,335,497,0,-3,3.0,392.069736242091,,
19.560402799994336,mouse,move,335,493,0,-4,4.0,498.56662083173103,,
19.569040099988342,mouse,move,335,489,0,-4,4.0,463.1076844355897,,
19.576644599990686,mouse,move,335,486,0,-3,3.0,394.50325453024254,,
19.58433649998915,mouse,move,335,484,0,-2,2.0,260.01378078234296,,
19.59251979998953,mouse,move,335,480,0,-4,4.0,488.8003616894152,,
19.60077759998967,mouse,move,335,477,0,-3,3.0,363.29288671922217,,
19.608732900000177,mouse,move,335,472,0,-5,5.0,628.5118089067219,,
19.616950499999803,mouse,move,335,469,0,-3,3.0,365.07009347459297,,
19.62489559999085,mouse,move,335,464,0,-5,5.0,629.3187002849322,,
19.632755799990264,mouse,move,335,456,0,-8,8.0,1017.7858070528713,,
19.640363899990916,mouse,move,335,447,0,-9,9.0,1182.949750821906,,
19.649288799992064,mouse,move,335,435,0,-12,12.0,1344.552879971403,,
19.656278700000257,mouse,move,335,422,0,-13,13.0,1859.8263186543497,,
19.6647576999967,mouse,move,334,409,-1,-13,13.038404810405298,1537.7290736970676,,
19.67230039999413,mouse,move,334,396,0,-13,13.0,1723.5207557545577,,
19.68059489999723,mouse,move,334,381,0,-15,15.0,1808.427270406673,,
19.68837459999486,mouse,move,334,366,0,-15,15.0,1928.0949142736904,,
19.69677729999239,mouse,move,334,349,0,-17,17.0,2023.1592232250098,,
19.704487099996186,mouse,move,334,334,0,-15,15.0,1945.5757597624622,,
19.712544699999853,mouse,move,334,321,0,-13,13.0,1613.3836370735007,,
19.720356299993,mouse,move,334,308,0,-13,13.0,1664.1917163455348,,
19.728617499989923,mouse,move,334,294,0,-14,14.0,1694.6690559742328,,
19.73648459999822,mouse,move,334,281,0,-13,13.0,1652.4513462760656,,
19.744812099990668,mouse,move,334,269,0,-12,12.0,1441.008707401258,,
19.752345599990804,mouse,move,334,259,0,-10,10.0,1327.4042609437192,,
19.760433199990075,mouse,move,334,248,0,-11,11.0,1360.1068303317504,,
19.768960799992783,mouse,move,334,238,0,-10,10.0,1172.6628825020557,,
19.77673679999134,mouse,move,334,229,0,-9,9.0,1157.4074076221318,,
19.784364999999525,mouse,move,335,221,1,-8,8.06225774829855,1056.9017251315092,,
19.79233869999007,mouse,move,337,210,2,-11,11.180339887498949,1402.1520625002631,,
19.8003091999999,mouse,move,338,200,1,-10,10.04987562112089,1260.8839606954068,,
19.808443899994018,mouse,move,340,185,2,-15,15.132745950421556,1860.270933330943,,
19.817011499995715,mouse,move,341,172,1,-13,13.038404810405298,1521.8269769622889,,
19.825399999986985,mouse,move,346,150,5,-22,22.561028345356956,2689.5187898714958,,
19.833458699999028,mouse,move,347,132,1,-18,18.027756377319946,2237.0551516223245,,
19.840803299986874,mouse,move,352,103,5,-29,29.427877939124322,4006.7366483978335,,
19.848753899990697,mouse,move,356,71,4,-32,32.2490309931942,4056.1757575132506,,
19.857244499988155,mouse,move,365,28,9,-43,43.93176527297759,5174.164992595349,,
19.864407099987147,mouse,move,369,-18,4,-46,46.17358552246078,6446.4838925752165,,
19.873251999990316,mouse,move,376,-52,7,-34,34.713109915419565,3924.646960732559,,
19.880941299998085,mouse,move,385,-47,9,5,10.295630140987,1338.955448556407,,
19.888899399986258,mouse,move,389,-48,4,-1,4.123105625617661,518.1017619463657,,
19.896841999987373,mouse,move,398,-43,9,5,10.295630140987,1296.2543927103493,,
19.904417199999443,mouse,move,404,-40,6,3,6.708203932499369,885.548094018731,,
19.912329299986595,mouse,move,412,-40,8,0,8.0,1011.1095680022627,,
19.920463399990695,mouse,move,418,-26,6,14,15.231546211727817,1872.5545793697688,,
19.928730999992695,mouse,move,421,-22,3,4,5.0,604.7704289987897,,
19.936287099990295,mouse,move,422,-16,1,6,6.082762530298219,805.0135032926796,,
19.945133099987288,mouse,move,425,-7,3,9,9.486832980505138,1072.443249347754,,
19.952343299999484,mouse,move,425,-2,0,5,5.0,693.4620387149645,,
19.98476339998888,mouse,move,425,0,0,2,2.0,61.69012435662582,,
19.99241059999622,mouse,move,426,4,1,4,4.123105625617661,539.1653967020239,,
20.00076289998833,mouse,move,427,8,1,4,4.123105625617661,493.6491301212607,,
20.008758999989368,mouse,move,428,13,1,5,5.0990195135927845,637.6883121686103,,
20.016757999997935,mouse,move,428,14,0,1,1.0,125.01562681947263,,
20.024740199994994,mouse,move,429,16,1,2,2.23606797749979,280.13179052437147,,
20.03272069999366,mouse,move,429,17,0,1,1.0,125.3054320114171,,
20.04055759999028,mouse,move,429,18,0,1,1.0,127.60147512810597,,
20.056290599997737,mouse,move,429,19,0,1,1.0,63.560668628104146,,
20.07249539998884,mouse,move,429,20,0,1,1.0,61.71011061840668,,
20.0807719000004,mouse,move,429,21,0,1,1.0,120.82401964636024,,
20.09637389999989,mouse,move,429,22,0,1,1.0,64.09434688070193,,
20.104281199994148,mouse,move,429,22,0,0,0.0,0.0,,
20.112721999990754,mouse,move,429,24,0,2,2.0,236.94436555826124,,
20.120757799988496,mouse,move,429,24,0,0,0.0,0.0,,
20.12823189998744,mouse,move,429,25,0,1,1.0,133.79537337488517,,
20.136370099993655,mouse,move,429,28,0,3,3.0,368.6318839189242,,
20.144327099988004,mouse,move,429,28,0,0,0.0,0.0,,
20.15239339999971,mouse,move,429,30,0,2,2.0,247.94515417200594,,
20.16033049998805,mouse,move,429,34,0,4,4.0,503.9624051450113,,
20.16925999999512,mouse,move,429,34,0,0,0.0,0.0,,
20.17637289999402,mouse,move,429,38,0,4,4.0,562.3585317687301,,
20.184950599999866,mouse,move,429,40,0,2,2.0,233.1627357726829,,
20.19276429999445,mouse,move,428,42,-1,2,2.23606797749979,286.17274518464734,,
20.200719599990407,mouse,move,425,45,-3,3,4.242640687119285,533.3099555360558,,
20.208798099993146,mouse,move,424,47,-1,2,2.23606797749979,276.79247097130036,,
20.21661979999044,mouse,move,422,51,-2,4,4.47213595499958,571.7600977468962,,
20.224502999990364,mouse,move,419,53,-3,2,3.605551275463989,457.37153383129095,,
20.2327598999982,mouse,move,413,56,-6,3,6.708203932499369,812.436135369533,,
20.240521899992018,mouse,move,413,56,0,0,0.0,0.0,,
20.24832559999777,mouse,move,411,57,-2,1,2.23606797749979,286.53945895557297,,
20.256867299991427,mouse,move,410,58,-1,1,1.4142135623730951,165.56581985123427,,
20.28075359998911,mouse,move,409,58,-1,0,1.0,41.86500211824085,,
20.288417299991124,mouse,move,407,58,-2,0,2.0,260.97054940495127,,
20.29675879998831,mouse,move,407,58,0,0,0.0,0.0,,
20.304512399990926,mouse,move,405,58,-2,0,2.0,257.9446965700179,,
20.31276469999284,mouse,move,400,58,-5,0,5.0,605.891690660848,,
20.32046659999469,mouse,move,392,58,-8,0,8.0,1038.7047349459683,,
20.328460299992003,mouse,move,382,58,-10,0,10.0,1250.9851512265698,,
20.336361899986514,mouse,move,372,58,-10,0,10.0,1265.566468429971,,
20.34475889999885,mouse,move,358,58,-14,0,14.0,1667.2621149732765,,
20.352324099992984,mouse,move,343,58,-15,0,15.0,1982.7631803036484,,
20.36050549999345,mouse,move,330,58,-13,0,13.0,1588.9701028256786,,
20.368437699988135,mouse,move,312,58,-18,0,18.0,2269.2317405086596,,
20.3767538999964,mouse,move,297,58,-15,0,15.0,1803.708422727863,,
20.38439289999951,mouse,move,281,58,-16,0,16.0,2094.5149880202534,,
20.392872099997476,mouse,move,262,58,-19,0,19.0,2240.7774323711574,,
20.40033589999075,mouse,move,249,58,-13,0,13.0,1741.7401339416472,,
20.409114299996872,mouse,move,237,58,-12,0,12.0,1366.9917059636537,,
20.41636989999097,mouse,move,229,58,-8,0,8.0,1102.5966159255968,,
20.42451389999769,mouse,move,224,58,-5,0,5.0,613.9489189430609,,
20.432349899987457,mouse,move,221,58,-3,0,3.0,382.8483925367773,,
20.44031809999433,mouse,move,220,58,-1,0,1.0,125.49885785216694,,
20.76098199999251,mouse,move,219,58,-1,0,1.0,3.118530024756993,,
20.793305599989253,mouse,click_release,219,58,,,,,,
20.832312699989416,mouse,move,216,59,-3,1,3.1622776601683795,44.33263181639224,,
20.840349699996295,mouse,move,216,60,0,1,1.0,124.42453641209394,,
21.348067099999753,keyboard,key_press,,,,,,,,
21.431341499992413,keyboard,key_release,,,,,,,0.08327439999266062,
21.688413399999263,mouse,move,223,69,7,9,11.40175425099138,13.444454999018923,,
21.69635319999361,mouse,move,307,122,84,53,99.32270636667126,12509.472082091645,,
21.704308599990327,mouse,move,465,223,158,101,187.52333188166213,23571.82944403017,,
21.712301699997624,mouse,move,659,326,194,103,219.64744478368056,27479.631755282524,,
21.72033389999706,mouse,move,882,421,223,95,242.39224410034245,30177.565812283647,,
21.72865809999348,mouse,move,1106,532,224,111,249.99399992799826,30032.19529028905,,
21.736355799992452,mouse,move,1321,676,215,144,258.7682360723588,33616.305663632964,,
21.744284000000334,mouse,move,1521,839,200,163,258.0096897405212,32543.28718801443,,
21.75239650000003,mouse,move,1698,1007,177,168,244.03483357914297,30081.33541919852,,
21.76023919999716,mouse,move,1855,1164,157,157,222.03152929257593,28310.59831102945,,
21.76841349998722,mouse,move,2001,1207,146,43,152.2005256232711,18619.395643462005,,
21.776317399999243,mouse,move,2072,1208,71,1,71.00704190430693,8983.798099201615,,
21.784415299989632,mouse,move,2097,1200,25,-8,26.248809496813376,3241.434140698996,,
21.792728000000352,mouse,move,2101,1203,4,3,5.0,601.4892867001347,,
21.800463699997636,mouse,move,2114,1198,13,-5,13.92838827718412,1800.533666258417,,
21.808399299989105,mouse,move,2123,1191,9,-7,11.40175425099138,1436.7854054195864,,
21.816373800000292,mouse,move,2116,1179,-7,-12,13.892443989449804,1742.1084669836046,,
21.824740199997905,mouse,move,2127,1183,11,4,11.704699910719626,1399.0127072647522,,
21.83235829998739,mouse,move,2113,1179,-14,-4,14.560219778561036,1911.266562352323,,
21.840737999998964,mouse,move,2089,1178,-24,-1,24.020824298928627,2866.5494308569464,,
21.848321299999952,mouse,move,2077,1171,-12,-7,13.892443989449804,1831.9786883863103,,
21.85673699999461,mouse,move,2050,1155,-27,-16,31.38470965295043,3729.3047129621305,,
21.86468979998608,mouse,move,2016,1134,-34,-21,39.96248240537617,5024.957555606899,,
21.872389999989537,mouse,move,1983,1123,-33,-11,34.785054261852174,4517.422176858096,,
21.88082319998648,mouse,move,1947,1101,-36,-22,42.190046219457976,5002.851377264711,,
21.88867559999926,mouse,move,1927,1087,-20,-14,24.413111231467404,3108.999948007545,,
21.896342299995013,mouse,move,1919,1079,-8,-8,11.313708498984761,1475.6946933169272,,
22.53888609999558,keyboard,key_press,,,,,,,,1.1908189999958267
22.708636299998034,keyboard,key_press,,,,,,,,0.16975020000245422
22.878505899992888,keyboard,key_release,,,,,,,0.3396197999973083,
22.91137209998851,keyboard,key_release,,,,,,,0.20273579999047797,
23.17189129999315,keyboard,key_press,,,,,,,,0.4632549999951152
23.353839299990796,keyboard,key_release,,,,,,,0.18194799999764655,
23.41621789999772,keyboard,key_press,,,,,,,,0.24432660000456963
23.51579099999799,keyboard,key_press,,,,,,,,0.09957310000027064
23.64866369999072,keyboard,key_release,,,,,,,0.23244579999300186,
23.7121679999982,keyboard,key_press,,,,,,,,0.1963770000002114
23.77805249999801,keyboard,key_release,,,,,,,0.26226150000002235,
23.875950099987676,keyboard,key_press,,,,,,,,0.16378209998947568
23.8825375999877,keyboard,key_release,,,,,,,0.17036959998949897,
23.99540079999133,keyboard,key_press,,,,,,,,0.11945070000365376
24.074410299988813,keyboard,key_release,,,,,,,0.1984602000011364,
24.19822129998647,keyboard,key_release,,,,,,,0.2028204999951413,
24.249761699989904,keyboard,key_press,,,,,,,,0.2543608999985736
24.392062699989765,keyboard,key_press,,,,,,,,0.14230099999986123
24.463680599990766,keyboard,key_release,,,,,,,0.21391890000086278,
24.529112099990016,keyboard,key_press,,,,,,,,0.1370494000002509
24.60091479998664,keyboard,key_release,,,,,,,0.20885209999687504,
24.715711199998623,keyboard,key_release,,,,,,,0.1865991000086069,
25.080094099990674,keyboard,key_press,,,,,,,,0.5509820000006584
25.244178699998884,keyboard,key_release,,,,,,,0.16408460000820924,
25.402851299993927,keyboard,key_press,,,,,,,,0.32275720000325236
25.52352339999925,keyboard,key_press,,,,,,,,0.12067210000532214
25.587123699995573,keyboard,key_release,,,,,,,0.18427240000164602,
25.703845799987903,keyboard,key_release,,,,,,,0.18032239998865407,
25.772307499995804,keyboard,key_press,,,,,,,,0.2487840999965556
25.95873759999813,keyboard,key_release,,,,,,,0.18643010000232607,
26.057676599986735,keyboard,key_press,,,,,,,,0.2853690999909304
26.232749399991008,keyboard,key_press,,,,,,,,0.17507280000427272
26.261113499989733,keyboard,key_release,,,,,,,0.2034369000029983,
26.458387999999104,keyboard,key_press,,,,,,,,0.22563860000809655
26.473968099991907,keyboard,key_release,,,,,,,0.24121870000089984,
26.643651199992746,keyboard,key_release,,,,,,,0.18526319999364205,
27.735661999991862,keyboard,key_press,,,,,,,,1.277273999992758
27.890780299989274,keyboard,key_release,,,,,,,0.15511829999741167,
27.969571499997983,keyboard,key_press,,,,,,,,0.23390950000612065
28.047188799988362,keyboard,key_release,,,,,,,0.07761729999037925,
28.35744949999207,keyboard,key_press,,,,,,,,0.3878779999940889
28.510128499998245,keyboard,key_press,,,,,,,,0.15267900000617374
28.56614479998825,keyboard,key_release,,,,,,,0.20869529999617953,
28.685962999996264,keyboard,key_release,,,,,,,0.17583449999801815,
29.142037199999322,keyboard,key_press,,,,,,,,0.6319087000010768
29.37554479998653,keyboard,key_press,,,,,,,,0.23350759998720605
29.377781299990602,keyboard,key_release,,,,,,,0.23574409999127965,
29.557902099986677,keyboard,key_release,,,,,,,0.18235730000014883,
29.561345599999186,keyboard,key_press,,,,,,,,0.18580080001265742
29.748331099995994,keyboard,key_press,,,,,,,,0.18698549999680836
29.753576999995857,keyboard,key_release,,,,,,,0.19223139999667183,
29.949434099995415,keyboard,key_press,,,,,,,,0.20110299999942072
29.96249789999274,keyboard,key_release,,,,,,,0.2141667999967467,
30.047490799988736,keyboard,key_press,,,,,,,,0.09805669999332167
30.169267799996305,keyboard,key_release,,,,,,,0.21983370000089053,
30.22374379998655,keyboard,key_release,,,,,,,0.17625299999781419,
30.41360969998641,keyboard,key_press,,,,,,,,0.366118899997673
30.566646099992795,keyboard,key_press,,,,,,,,0.15303640000638552
30.60119109999505,keyboard,key_release,,,,,,,0.18758140000863932,
30.68758819998766,keyboard,key_press,,,,,,,,0.12094209999486338
30.76481269999931,keyboard,key_release,,,,,,,0.1981666000065161,
30.889332099992316,keyboard,key_press,,,,,,,,0.20174390000465792
30.906527499988442,keyboard,key_release,,,,,,,0.218939300000784,
30.91114499999094,keyboard,key_press,,,,,,,,0.021812899998622015
31.054263399986667,keyboard,key_release,,,,,,,0.1649312999943504,
31.10309399999096,keyboard,key_press,,,,,,,,0.19194900000002235
31.11272909998661,keyboard,key_release,,,,,,,0.20158409999567084,
31.267252399993595,keyboard,key_press,,,,,,,,0.16415840000263415
31.29560679999122,keyboard,key_release,,,,,,,0.19251280000025872,
31.31045439999434,keyboard,key_press,,,,,,,,0.04320200000074692
31.459160499987775,keyboard,key_release,,,,,,,0.1919080999941798,
31.487439099990297,keyboard,key_release,,,,,,,0.17698469999595545,
32.116419300000416,keyboard,key_press,,,,,,,,0.8059649000060745
32.23686339998676,keyboard,key_release,,,,,,,0.12044409998634364,
32.30787109999801,keyboard,key_press,,,,,,,,0.1914517999975942
32.42951579998771,keyboard,key_release,,,,,,,0.12164469998970162,
32.50453359998937,keyboard,key_press,,,,,,,,0.19666249999136198
32.642596399993636,keyboard,key_release,,,,,,,0.1380628000042634,
32.72049999999581,keyboard,key_press,,,,,,,,0.21596640000643674
32.90716119999706,keyboard,key_release,,,,,,,0.18666120000125375,
32.98303869999654,keyboard,key_press,,,,,,,,0.2625387000007322
33.148234399996,keyboard,key_release,,,,,,,0.16519569999945816,
33.46211149998999,keyboard,key_press,,,,,,,,0.4790727999934461
33.61972239999159,keyboard,key_release,,,,,,,0.15761090000160038,
33.66992559999926,keyboard,key_press,,,,,,,,0.2078141000092728
33.83079739999084,keyboard,key_release,,,,,,,0.16087179999158252,
33.84106149998843,keyboard,key_press,,,,,,,,0.17113589998916723
33.973036899988074,keyboard,key_release,,,,,,,0.13197539999964647,
33.97627769999963,keyboard,key_press,,,,,,,,0.13521620001120027
34.13093109999318,keyboard,key_release,,,,,,,0.1546533999935491,
34.376098799999454,keyboard,key_press,,,,,,,,0.3998210999998264
34.480243099998916,keyboard,key_press,,,,,,,,0.10414429999946151
34.55092159999185,keyboard,key_press,,,,,,,,0.07067849999293685
34.56386449999991,keyboard,key_release,,,,,,,0.18776570000045467,
34.666505299988785,keyboard,key_release,,,,,,,0.18626219998986926,
34.737041699991096,keyboard,key_release,,,,,,,0.1861200999992434,
35.06927689998702,keyboard,key_press,,,,,,,,0.5183552999951644
35.223115499989945,keyboard,key_release,,,,,,,0.1538386000029277,
35.2963674999919,keyboard,key_press,,,,,,,,0.22709060000488535
35.417024199996376,keyboard,key_press,,,,,,,,0.12065670000447426
35.495480300000054,keyboard,key_release,,,,,,,0.19911280000815168,
35.61381929999334,keyboard,key_press,,,,,,,,0.19679509999696165
35.62009829998715,keyboard,key_release,,,,,,,0.20307409999077208,
35.72305000000051,keyboard,key_press,,,,,,,,0.10923070000717416
35.79039529999136,keyboard,key_release,,,,,,,0.17657599999802187,
35.88815969999996,keyboard,key_release,,,,,,,0.1651096999994479,
35.9520147999865,keyboard,key_press,,,,,,,,0.22896479998598807
36.10961499999394,keyboard,key_release,,,,,,,0.1576002000074368,
36.1202603999991,keyboard,key_press,,,,,,,,0.1682456000125967
36.2027218999865,keyboard,key_press,,,,,,,,0.08246149998740293
36.26949219999369,keyboard,key_release,,,,,,,0.14923179999459535,
36.333035299991025,keyboard,key_press,,,,,,,,0.13031340000452474
36.393968999997014,keyboard,key_release,,,,,,,0.19124710001051426,
36.50326069998846,keyboard,key_release,,,,,,,0.17022539999743458,
37.202128499993705,keyboard,key_press,,,,,,,,0.8690932000026805
37.35069459999795,keyboard,key_release,,,,,,,0.14856610000424553,
37.468888999996125,keyboard,key_press,,,,,,,,0.2667605000024196
37.617004100000486,keyboard,key_release,,,,,,,0.148115100004361,
37.74075059998722,keyboard,key_press,,,,,,,,0.27186159999109805
37.88761559998966,keyboard,key_press,,,,,,,,0.1468650000024354
37.90026929999294,keyboard,key_release,,,,,,,0.15951870000571944,
38.04696229999536,keyboard,key_release,,,,,,,0.15934670000569895,
38.12470979998761,keyboard,key_press,,,,,,,,0.237094199997955
38.2510229999898,keyboard,key_release,,,,,,,0.12631320000218693,
38.73492489999626,keyboard,key_press,,,,,,,,0.6102151000086451
38.90042039999389,keyboard,key_release,,,,,,,0.16549549999763258,
39.16976949998934,keyboard,key_press,,,,,,,,0.43484459999308456
39.29636789999495,keyboard,key_press,,,,,,,,0.12659840000560507
39.307821700000204,keyboard,key_release,,,,,,,0.13805220001086127,
39.449212499996065,keyboard,key_press,,,,,,,,0.15284460000111721
39.476948299998185,keyboard,key_release,,,,,,,0.18058040000323672,
39.62365709998994,keyboard,key_press,,,,,,,,0.17444459999387618
39.64121299999533,keyboard,key_release,,,,,,,0.19200049999926705,
39.903246899993974,keyboard,key_press,,,,,,,,0.27958980000403244
39.9142232999875,keyboard,key_release,,,,,,,0.2905661999975564,
40.077902999997605,keyboard,key_press,,,,,,,,0.17465610000363085
40.14483749998908,keyboard,key_release,,,,,,,0.24159059999510646,
40.24874579999596,keyboard,key_release,,,,,,,0.17084279999835417,
41.98136199999135,keyboard,key_press,,,,,,,,1.9034589999937452
42.18829219999316,keyboard,key_press,,,,,,,,0.20693020000180695
42.22787469999457,keyboard,key_release,,,,,,,0.24651270000322256,
42.37086099998851,keyboard,key_release,,,,,,,0.18256879999535158,
42.64537059998838,keyboard,key_press,,,,,,,,0.4570783999952255
42.79952259999118,keyboard,key_release,,,,,,,0.15415200000279583,
42.8549459999922,keyboard,key_press,,,,,,,,0.20957540000381414
42.9597664999892,keyboard,key_release,,,,,,,0.10482049999700394,
43.06444949998695,keyboard,key_press,,,,,,,,0.20950349999475293
43.184376099990914,keyboard,key_press,,,,,,,,0.11992660000396427
43.2511969999905,keyboard,key_release,,,,,,,0.18674750000354834,
43.338589199993294,keyboard,key_release,,,,,,,0.1542131000023801,
43.36199609999312,keyboard,key_press,,,,,,,,0.17762000000220723
43.55281329998979,keyboard,key_release,,,,,,,0.19081719999667257,
43.557875299986335,keyboard,key_press,,,,,,,,0.19587919999321457
43.73331079998752,keyboard,key_release,,,,,,,0.17543550000118557,
43.86372369999299,keyboard,key_press,,,,,,,,0.3058484000066528
44.017067199994926,keyboard,key_press,,,,,,,,0.15334350000193808
44.04528729998856,keyboard,key_release,,,,,,,0.18156359999557026,
44.208290299997316,keyboard,key_release,,,,,,,0.1912231000023894,
44.49452100000053,keyboard,key_press,,,,,,,,0.47745380000560544
44.682610499992734,keyboard,key_release,,,,,,,0.18808949999220204,
44.98699799999304,keyboard,key_press,,,,,,,,0.4924769999925047
45.14137619998655,keyboard,key_release,,,,,,,0.15437819999351632,
45.25329139998939,keyboard,key_press,,,,,,,,0.26629339999635704
45.406590699989465,keyboard,key_release,,,,,,,0.15329930000007153,
45.532984799996484,keyboard,key_press,,,,,,,,0.27969340000709053
45.702229999995325,keyboard,key_press,,,,,,,,0.1692451999988407
45.74796819999756,keyboard,key_release,,,,,,,0.2149834000010742,
45.87260759998753,keyboard,key_release,,,,,,,0.17037759999220725,
46.00836119998712,keyboard,key_press,,,,,,,,0.30613119999179617
46.265398599993205,keyboard,key_release,,,,,,,0.25703740000608377,
46.331071799999336,keyboard,key_press,,,,,,,,0.32271060001221485
46.51127559998713,keyboard,key_press,,,,,,,,0.1802037999877939
46.51896859999397,keyboard,key_release,,,,,,,0.1878967999946326,
46.620506999999634,keyboard,key_press,,,,,,,,0.10923140001250431
46.69892549999349,keyboard,key_release,,,,,,,0.18764990000636317,
46.780628599997726,keyboard,key_release,,,,,,,0.16012159999809228,
46.95947359999991,keyboard,key_press,,,,,,,,0.33896660000027623
47.10150239999348,keyboard,key_press,,,,,,,,0.1420287999935681
47.17946289999236,keyboard,key_release,,,,,,,0.21998929999244865,
47.34875189999002,keyboard,key_press,,,,,,,,0.247249499996542
47.39290359998995,keyboard,key_release,,,,,,,0.2914011999964714,
47.57166309999593,keyboard,key_press,,,,,,,,0.22291120000591036
47.574487399993814,keyboard,key_release,,,,,,,0.22573550000379328,
47.73774389999744,keyboard,key_release,,,,,,,0.1660808000015095,
47.80084459998761,keyboard,key_press,,,,,,,,0.22918149999168236
47.94308230000024,keyboard,key_press,,,,,,,,0.14223770001262892
48.01431679999223,keyboard,key_release,,,,,,,0.21347220000461675,
48.0462414999929,keyboard,key_press,,,,,,,,0.10315919999266043
48.07534389999637,keyboard,key_release,,,,,,,0.1322615999961272,
48.14983939999365,keyboard,key_press,,,,,,,,0.10359790000075009
48.32115369998792,keyboard,key_release,,,,,,,0.2749121999950148,
48.359730500000296,keyboard,key_release,,,,,,,0.20989110000664368,
48.36323809999158,keyboard,key_press,,,,,,,,0.21339869999792427
48.54987939998682,keyboard,key_press,,,,,,,,0.18664129999524448
48.56709919999412,keyboard,key_release,,,,,,,0.2038611000025412,
48.59808389999671,keyboard,key_press,,,,,,,,0.04820450000988785
48.67136149998987,keyboard,key_release,,,,,,,0.12148210000304971,
48.80653789998905,keyboard,key_release,,,,,,,0.2084539999923436,
48.824346599998535,keyboard,key_press,,,,,,,,0.22626270000182558
49.077289299995755,keyboard,key_release,,,,,,,0.2529426999972202,
49.09994089999236,keyboard,key_press,,,,,,,,0.275594299993827
49.26444769999944,keyboard,key_release,,,,,,,0.16450680000707507,
49.42289729999902,keyboard,key_press,,,,,,,,0.32295640000666026
49.60328689999005,keyboard,key_press,,,,,,,,0.180389599991031
49.659476899993024,keyboard,key_release,,,,,,,0.2365795999940019,
49.71347099999548,keyboard,key_release,,,,,,,0.11018410000542644,
49.813314999992144,keyboard,key_press,,,,,,,,0.21002810000209138
49.95592069999839,keyboard,key_release,,,,,,,0.14260570000624284,
50.02711649998673,keyboard,key_press,,,,,,,,0.21380149999458808
50.1539361999894,keyboard,key_release,,,,,,,0.1268197000026703,
50.262702099993476,keyboard,key_press,,,,,,,,0.23558560000674333
50.372320899987244,keyboard,key_release,,,,,,,0.10961879999376833,
50.45151499999338,keyboard,key_press,,,,,,,,0.18881289999990258
50.616446699990775,keyboard,key_release,,,,,,,0.1649316999973962,
50.80609469999035,keyboard,key_press,,,,,,,,0.35457969999697525
50.99643019998621,keyboard,key_release,,,,,,,0.19033549999585375,
51.15859589999309,keyboard,key_press,,,,,,,,0.35250120000273455
51.30491609999444,keyboard,key_press,,,,,,,,0.14632020000135526
51.31756869998935,keyboard,key_release,,,,,,,0.15897279999626335,
51.54102509999939,keyboard,key_press,,,,,,,,0.2361090000049444
51.543548899993766,keyboard,key_release,,,,,,,0.23863279999932274,
51.704656799993245,keyboard,key_press,,,,,,,,0.16363169999385718
51.76037269999506,keyboard,key_release,,,,,,,0.21934759999567177,
51.835255199999665,keyboard,key_press,,,,,,,,0.13059840000641998
51.87442699998792,keyboard,key_release,,,,,,,0.16977019999467302,
52.00557229999686,keyboard,key_release,,,,,,,0.1703170999971917,
52.369381899989094,keyboard,key_press,,,,,,,,0.5341266999894287
52.532519399988814,keyboard,key_release,,,,,,,0.1631374999997206,
52.610189399987576,keyboard,key_press,,,,,,,,0.24080749999848194
52.7432395999931,keyboard,key_release,,,,,,,0.13305020000552759,
52.88735789999191,keyboard,key_press,,,,,,,,0.27716850000433624
53.00913690000016,keyboard,key_press,,,,,,,,0.12177900000824593
53.013742799987085,keyboard,key_release,,,,,,,0.12638489999517333,
53.18918479999411,keyboard,key_release,,,,,,,0.18004789999395143,
53.21979519999877,keyboard,key_press,,,,,,,,0.21065829999861307
53.378352999992785,keyboard,key_release,,,,,,,0.1585577999940142,
53.52063719999569,keyboard,key_press,,,,,,,,0.3008419999969192
53.66291459999047,keyboard,key_press,,,,,,,,0.14227739999478217
53.70108970000001,keyboard,key_release,,,,,,,0.18045250000432134,
53.8318111999979,keyboard,key_release,,,,,,,0.1688966000074288,
54.448220799997216,keyboard,key_press,,,,,,,,0.7853062000067439
54.60330819999217,keyboard,key_release,,,,,,,0.15508739999495447,
54.69421189998684,keyboard,key_press,,,,,,,,0.24599109998962376
54.836091399993165,keyboard,key_press,,,,,,,,0.14187950000632554
54.879761999996845,keyboard,key_release,,,,,,,0.18555010001000483,
55.02803149999818,keyboard,key_release,,,,,,,0.19194010000501294,
55.04433839999547,keyboard,key_press,,,,,,,,0.20824700000230223
55.273092499992345,keyboard,key_press,,,,,,,,0.2287540999968769
55.35178019999876,keyboard,key_release,,,,,,,0.30744180000328925,
55.382383699994534,keyboard,key_press,,,,,,,,0.10929120000218973
55.45439899999474,keyboard,key_release,,,,,,,0.18130650000239257,
55.57876629999373,keyboard,key_press,,,,,,,,0.19638259999919683
55.656487599990214,keyboard,key_release,,,,,,,0.27410389999567997,
55.67880759999389,keyboard,key_release,,,,,,,0.10004130000015721,
55.79848999998649,keyboard,key_press,,,,,,,,0.21972369999275543
55.93151239999861,keyboard,key_release,,,,,,,0.1330224000121234,
55.94809949999035,keyboard,key_press,,,,,,,,0.1496095000038622
56.089927099994384,keyboard,key_press,,,,,,,,0.14182760000403505
56.127349399990635,keyboard,key_release,,,,,,,0.1792499000002863,
56.21476829999301,keyboard,key_press,,,,,,,,0.12484119999862742
56.31983239999681,keyboard,key_release,,,,,,,0.2299053000024287,
56.334531799991964,keyboard,key_press,,,,,,,,0.1197634999989532
56.39674829998694,keyboard,key_release,,,,,,,0.18197999999392778,
56.51578459999291,keyboard,key_release,,,,,,,0.1812528000009479,
56.59430659998907,keyboard,key_press,,,,,,,,0.2597747999971034
56.69353659999615,keyboard,key_release,,,,,,,0.09923000000708271,
56.79828350000025,keyboard,key_press,,,,,,,,0.20397690001118463
56.90760559999035,keyboard,key_release,,,,,,,0.10932209999009501,
56.941898099990794,keyboard,key_press,,,,,,,,0.14361459999054205
57.13311499998963,keyboard,key_release,,,,,,,0.1912168999988353,
57.272795199998654,keyboard,key_press,,,,,,,,0.33089710000786
57.44280319999962,keyboard,key_press,,,,,,,,0.17000800000096206
57.44519449998916,keyboard,key_release,,,,,,,0.17239929999050219,
57.55716779999784,keyboard,key_press,,,,,,,,0.11436459999822546
57.618055899991305,keyboard,key_release,,,,,,,0.17525269999168813,
57.73761349999404,keyboard,key_press,,,,,,,,0.18044569999619853
57.79855019999377,keyboard,key_release,,,,,,,0.2413823999959277,
57.87492019998899,keyboard,key_press,,,,,,,,0.1373066999949515
57.990615199989406,keyboard,key_release,,,,,,,0.2530016999953659,
58.083047099993564,keyboard,key_release,,,,,,,0.20812690000457224,
58.128979599991,keyboard,key_press,,,,,,,,0.25405940000200644
58.3310075999907,keyboard,key_press,,,,,,,,0.20202799999970011
58.349370399999316,keyboard,key_release,,,,,,,0.22039080000831746,
58.512351499986835,keyboard,key_release,,,,,,,0.18134389999613632,
60.41919869999401,keyboard,key_press,,,,,,,,2.088191100003314
60.5235185999918,keyboard,key_release,,,,,,,0.10431989999779034,
60.5942584000004,keyboard,key_press,,,,,,,,0.17505970000638627
60.68360209999082,keyboard,key_release,,,,,,,0.08934369999042246,
60.74413169999025,keyboard,key_press,,,,,,,,0.14987329998984933
60.9259774999955,keyboard,key_release,,,,,,,0.18184580000524875,
61.04652879999776,keyboard,key_press,,,,,,,,0.30239710000751074
61.20581719999609,keyboard,key_release,,,,,,,0.15928839999833144,
61.58147409999219,keyboard,key_press,,,,,,,,0.5349452999944333
61.761662799995975,keyboard,key_release,,,,,,,0.1801887000037823,
61.94222339999396,keyboard,key_press,,,,,,,,0.3607493000017712
62.09979499998735,keyboard,key_press,,,,,,,,0.1575715999933891
62.139887199999066,keyboard,key_release,,,,,,,0.19766380000510253,
62.325566799991066,keyboard,key_press,,,,,,,,0.225771800003713
62.35941659999662,keyboard,key_release,,,,,,,0.25962160000926815,
62.54890099998738,keyboard,key_press,,,,,,,,0.22333419999631587
62.57744099998672,keyboard,key_release,,,,,,,0.25187419999565464,
62.70724679999694,keyboard,key_press,,,,,,,,0.15834580000955611
62.746329899993725,keyboard,key_release,,,,,,,0.1974289000063436,
62.90416599999298,keyboard,key_press,,,,,,,,0.1969191999960458
62.91020429998753,keyboard,key_release,,,,,,,0.20295749999058899,
63.06310479999229,keyboard,key_release,,,,,,,0.15893879999930505,
63.301505099996575,keyboard,key_press,,,,,,,,0.39733910000359174
63.4221150999947,keyboard,key_press,,,,,,,,0.12060999999812339
63.47670919999655,keyboard,key_release,,,,,,,0.17520409999997355,
63.65119489999779,keyboard,key_press,,,,,,,,0.2290798000030918
63.684636399993906,keyboard,key_release,,,,,,,0.26252129999920726,
63.7595042999892,keyboard,key_press,,,,,,,,0.10830939999141265
63.793315399991116,keyboard,key_release,,,,,,,0.1421204999933252,
63.9300394999882,keyboard,key_release,,,,,,,0.17053519999899436,
64.2193671999994,keyboard,key_press,,,,,,,,0.4598629000101937
64.36385309998877,keyboard,key_release,,,,,,,0.14448589998937678,
64.48073659998772,keyboard,key_press,,,,,,,,0.2613693999883253
64.63383379999141,keyboard,key_press,,,,,,,,0.15309720000368543
64.67899599998782,keyboard,key_release,,,,,,,0.19825940000009723,
64.68783689998963,keyboard,key_press,,,,,,,,0.05400309999822639
64.82625769999868,keyboard,key_release,,,,,,,0.19242390000727028,
64.85814209999808,keyboard,key_release,,,,,,,0.17030520000844263,
64.87997639999958,keyboard,key_press,,,,,,,,0.19213950000994373
65.13085819999105,keyboard,key_press,,,,,,,,0.2508817999914754
65.20202119999158,keyboard,key_press,,,,,,,,0.07116300000052433
65.25235879998945,keyboard,key_release,,,,,,,0.3723823999898741,
65.27371979999589,keyboard,key_release,,,,,,,0.14286160000483505,
65.34362899999542,keyboard,key_press,,,,,,,,0.14160780000383966
65.41019009999582,keyboard,key_release,,,,,,,0.20816890000423882,
65.52538699998695,keyboard,key_release,,,,,,,0.18175799999153242,
65.80230569999549,keyboard,key_press,,,,,,,,0.4586767000000691
66.02252769999905,keyboard,key_release,,,,,,,0.22022200000355951,
66.05215129999851,keyboard,key_press,,,,,,,,0.24984560000302736
66.19879450000008,keyboard,key_press,,,,,,,,0.14664320000156295
66.25543179998931,keyboard,key_release,,,,,,,0.20328049999079667,
66.36828939999396,keyboard,key_press,,,,,,,,0.1694948999938788
66.39171779999742,keyboard,key_release,,,,,,,0.19292329999734648,
66.54405599999882,keyboard,key_release,,,,,,,0.175766600004863,
66.57207769999513,keyboard,key_press,,,,,,,,0.20378830000117887
66.69127859998844,keyboard,key_press,,,,,,,,0.1192008999933023
66.76969789998839,keyboard,key_release,,,,,,,0.19762019999325275,
66.84096379998664,keyboard,key_release,,,,,,,0.14968519999820273,
66.87202589999652,keyboard,key_press,,,,,,,,0.18074730000807904
67.0739379000006,keyboard,key_press,,,,,,,,0.2019120000040857
67.08093159999407,keyboard,key_release,,,,,,,0.20890569999755826,
67.24028649998945,keyboard,key_release,,,,,,,0.16634859998885076,
67.35698609999963,keyboard,key_press,,,,,,,,0.28304819999902975
67.48320849999436,keyboard,key_press,,,,,,,,0.12622239999473095
67.51720339999883,keyboard,key_release,,,,,,,0.16021729999920353,
67.63058759999694,keyboard,key_press,,,,,,,,0.14737910000258125
67.69080609999946,keyboard,key_release,,,,,,,0.2075976000051014,
67.84434689999034,keyboard,key_release,,,,,,,0.2137592999933986,
67.92470289999619,keyboard,key_press,,,,,,,,0.29411529999924824
68.0454092,keyboard,key_release,,,,,,,0.12070630000380334,
68.13510219998716,keyboard,key_press,,,,,,,,0.21039929999096785
68.31083170000056,keyboard,key_release,,,,,,,0.1757295000134036,
68.34278629999608,keyboard,key_press,,,,,,,,0.2076841000089189
68.52292119999765,keyboard,key_release,,,,,,,0.18013490000157617,
68.53333819999534,keyboard,key_press,,,,,,,,0.1905518999992637
68.65914119999798,keyboard,key_press,,,,,,,,0.12580300000263378
68.72122719998879,keyboard,key_release,,,,,,,0.18788899999344721,
68.77521100000013,keyboard,key_release,,,,,,,0.11606980000215117,
68.83698729999014,keyboard,key_press,,,,,,,,0.17784609999216627
69.06707629999437,keyboard,key_press,,,,,,,,0.23008900000422727
69.10749319999013,keyboard,key_release,,,,,,,0.2705058999999892,
69.26419389998773,keyboard,key_release,,,,,,,0.1971175999933621,
69.41667559999041,keyboard,key_press,,,,,,,,0.34959929999604356
69.57094979999238,keyboard,key_release,,,,,,,0.15427420000196435,
70.12887749999936,mouse,move,1919,1068,0,-11,11.0,0.22806182495667382,,
70.13691309999558,mouse,move,1919,1013,0,-55,55.0,6844.541792259016,,
70.14485639998748,mouse,move,1919,935,0,-78,78.0,9819.596399431188,,
70.15306289998989,mouse,move,1919,877,0,-58,58.0,7067.568388829076,,
70.1604701999895,mouse,move,1919,823,0,-54,54.0,7290.105706913312,,
70.16849629998615,mouse,move,1919,772,0,-51,51.0,6354.26919940472,,
70.17688309999357,mouse,move,1919,748,0,-24,24.0,2861.6397170244854,,
70.18484109999554,mouse,move,1919,734,0,-14,14.0,1759.235988507944,,
70.19283770000038,mouse,move,1919,720,0,-14,14.0,1750.7440651675402,,
70.20048479999241,mouse,move,1919,707,0,-13,13.0,1699.9908479754633,,
70.20885399999679,mouse,move,1919,689,0,-18,18.0,2150.7432001358934,,
70.2164924999961,mouse,move,1922,670,3,-19,19.235384061671343,2518.21484105884,,
70.22505459999957,mouse,move,1925,634,3,-36,36.124783736376884,4219.14994238818,,
70.23248899998725,mouse,move,1932,599,7,-35,35.6931365951495,4801.078318931382,,
70.24096139999165,mouse,move,1929,565,-3,-34,34.132096331752024,4028.6219151660202,,
70.2484240999911,mouse,move,1928,537,-1,-28,28.0178514522438,3754.3853369834055,,
70.2569524999999,mouse,move,1923,521,-5,-16,16.76305461424021,1965.556798103311,,
70.26455279999936,mouse,move,1920,507,-3,-14,14.317821063276353,1883.8494617686488,,
70.27303609999944,mouse,move,1921,495,1,-12,12.041594578792296,1419.4469815612877,,
70.28055119999044,mouse,move,1926,481,5,-14,14.866068747318506,1978.159806939203,,
70.28888619999634,mouse,move,1934,455,8,-26,27.202941017470888,3263.7001797498847,,
70.29649759999302,mouse,move,1935,434,1,-21,21.02379604162864,2762.145735450598,,
70.30494749998616,mouse,move,1930,425,-5,-9,10.295630140987,1218.4321884693795,,
70.31236359999457,mouse,move,1925,421,-5,-4,6.4031242374328485,863.4085611263095,,
70.32101259999035,mouse,move,1923,420,-2,-1,2.23606797749979,258.53485704585006,,
70.35249059999478,mouse,move,1920,420,-3,0,3.0,95.30465720751403,,
70.36092739999003,mouse,move,1920,420,0,0,0.0,0.0,,
70.36894429998938,mouse,move,1920,419,0,-1,1.0,124.73649416624738,,
70.38446099999419,mouse,move,1919,418,-1,-1,1.4142135623730951,91.14138714641305,,
70.41692769998917,mouse,move,1918,417,-1,-1,1.4142135623730951,43.55889457787773,,
70.42450299998745,mouse,move,1909,414,-9,-3,9.486832980505138,1252.337594901797,,
70.4324149999884,mouse,move,1892,411,-17,-3,17.26267650163207,2181.8347446379794,,
70.44050589999824,mouse,move,1867,403,-25,-8,26.248809496813376,3244.23852289196,,
70.4484250999958,mouse,move,1844,396,-23,-7,24.041630560342615,3035.866068258484,,
70.45675679999113,mouse,move,1823,390,-21,-6,21.840329667841555,2621.3533468678615,,
70.46445619998849,mouse,move,1812,387,-11,-3,11.40175425099138,1480.862697729074,,
70.4725741000002,mouse,move,1802,387,-10,0,10.0,1231.8456725967217,,
70.48052959999768,mouse,move,1792,386,-10,-1,10.04987562112089,1263.2613442656886,,
70.48868709999078,mouse,move,1774,386,-18,0,18.0,2206.5583837226363,,
70.49670749998768,mouse,move,1751,386,-23,0,23.0,2867.6873982477005,,
70.50470029999269,mouse,move,1721,386,-30,0,30.0,3753.3780378820757,,
70.51256469999498,mouse,move,1679,387,-42,1,42.01190307520001,5342.03538260568,,
70.52047349998611,mouse,move,1638,402,-41,15,43.657759905886145,5520.149700948402,,
70.52853309999045,mouse,move,1602,417,-36,15,39.0,4838.949821204328,,
70.53643389999343,mouse,move,1577,428,-25,11,27.313000567495326,3456.9917675706647,,
70.54444249998778,mouse,move,1565,433,-12,5,13.0,1623.2550020182637,,
70.55250779999187,mouse,move,1559,437,-6,4,7.211102550927978,894.0898103319349,,
70.56046599999536,mouse,move,1555,440,-4,3,5.0,628.2827772372806,,
70.56848629999149,mouse,move,1549,445,-6,5,7.810249675906654,973.8101666611492,,
70.57643779998762,mouse,move,1544,448,-5,3,5.830951894845301,733.3147076258651,,
70.58443669999542,mouse,move,1540,451,-4,3,5.0,625.0859487080364,,
70.5924406999984,mouse,move,1536,456,-4,5,6.4031242374328485,799.990534113657,,
70.60046429999056,mouse,move,1536,460,0,4,4.0,498.5293389388785,,
70.6084176000004,mouse,move,1537,466,1,6,6.082762530298219,764.8098930983974,,
70.61645689999568,mouse,move,1549,472,12,6,13.416407864998739,1668.8527449977482,,
70.62447769999562,mouse,move,1572,473,23,1,23.021728866442675,2870.2534493584544,,
70.63240089999454,mouse,move,1620,473,48,0,48.0,6058.158320701636,,
70.64033589999599,mouse,move,1680,462,60,-11,61.0,7687.460616109788,,
70.64837509999052,mouse,move,1747,442,67,-20,69.92138442565336,8697.555039462719,,
70.6564178999979,mouse,move,1822,416,75,-26,79.37883848986453,9869.552695199225,,
70.66440059999877,mouse,move,1897,390,75,-26,79.37883848986453,9943.858403954804,,
70.67238359998737,mouse,move,1963,363,66,-27,71.30918594402827,8932.630094685135,,
70.68054949998623,mouse,move,1998,328,35,-35,49.49747468305833,6061.484305463296,,
70.68842189999123,mouse,move,1992,289,-6,-39,39.45883931389772,5012.301113871542,,
70.69649749998644,mouse,move,1987,242,-5,-47,47.265209192385896,5852.841797566425,,
70.70444499999576,mouse,move,1974,194,-13,-48,49.72926703662542,6257.221387642936,,
70.71258049999597,mouse,move,1963,149,-11,-45,46.32493928760188,5694.172366347401,,
70.72049889998743,mouse,move,1940,115,-23,-34,41.048751503547585,5183.970441980618,,
70.72841519999201,mouse,move,1931,77,-9,-38,39.05124837953327,4933.017742750422,,
70.73646119999466,mouse,move,1921,49,-10,-28,29.732137494637012,3695.269386632182,,
70.74449059998733,mouse,move,1918,21,-3,-28,28.160255680657446,3507.1432119935953,,
70.75258909999684,mouse,move,1900,-9,-18,-30,34.9857113690718,4320.023625114468,,
70.76052289998916,mouse,move,1868,-42,-32,-33,45.967379738244816,5793.86671995361,,
70.76860099998885,mouse,move,1829,-34,-39,8,39.81205847478876,4928.393864436029,,
70.77681359999406,mouse,move,1787,-35,-42,-1,42.01190307520001,5115.5423432963535,,
70.78477779999957,mouse,move,1744,-25,-43,10,44.14748010928823,5543.241013372879,,
70.7924645999883,mouse,move,1708,-19,-36,6,36.49657518178932,4747.954315877358,,
70.80058359999384,mouse,move,1669,-15,-39,4,39.20459156782532,4828.746340817149,,
70.8084816999908,mouse,move,1642,-9,-27,6,27.65863337187866,3501.9350707776516,,
70.81688769999892,mouse,move,1618,-5,-24,4,24.331050121192877,2894.4860929959686,,
70.82486479998624,mouse,move,1594,-2,-24,3,24.186773244895647,3032.025834365182,,
70.8325746999908,mouse,move,1566,0,-28,2,28.071337695236398,3640.9470523154355,,
70.84057549999852,mouse,move,1541,3,-25,3,25.179356624028344,3147.1048644795846,,
70.84865349999745,mouse,move,1512,16,-29,13,31.78049716414141,3934.203660354547,,
70.85698599999887,mouse,move,1490,32,-22,16,27.202941017470888,3264.679389480873,,
70.86454209999647,mouse,move,1473,51,-17,19,25.495097567963924,3374.1080155185823,,
70.87254759999632,mouse,move,1446,91,-27,40,48.25971404805462,6028.319786263952,,
70.88050579999981,mouse,move,1413,139,-33,48,58.249463516842795,7319.426942188729,,
70.88871219998691,mouse,move,1375,199,-38,60,71.02112361825881,8654.358029084437,,
70.896760299991,mouse,move,1333,254,-42,55,69.20260110718382,8598.62589580441,,
70.90470359999745,mouse,move,1291,321,-42,67,79.07591289387686,9955.04548861451,,
70.91291939999792,mouse,move,1249,398,-42,77,87.70974860299168,10675.740475420864,,
70.92058049999468,mouse,move,1195,476,-54,78,94.86832980505137,12383.121202580038,,
70.92886519999593,mouse,move,1149,544,-46,68,82.09750300709517,9909.532390406452,,
70.93931539999903,mouse,move,1115,616,-34,72,79.62411694957753,7619.386894596332,,
70.94638539999141,mouse,move,1090,681,-25,65,69.6419413859206,9850.345326868839,,
70.95266279998759,mouse,move,1078,738,-12,57,58.249463516842795,9279.234006483146,,
70.96062839998922,mouse,move,1074,783,-4,45,45.17742799230607,5671.566232686265,,
70.96866109999246,mouse,move,1074,812,0,29,29.0,3610.2431297444846,,
70.97657929999696,mouse,move,1088,841,14,29,32.202484376209235,4066.894541426333,,
70.98475649999455,mouse,move,1111,863,23,22,31.827660925679098,3892.2444033482984,,
70.99267139998847,mouse,move,1131,875,20,12,23.323807579381203,2946.822776951803,,
71.00051739999617,mouse,move,1159,886,28,11,30.083217912982647,3834.2107932000818,,
71.0086702999979,mouse,move,1189,894,30,8,31.04834939252005,3808.2583357972912,,
71.0168907999905,mouse,move,1228,898,39,4,39.20459156782532,4769.124944115377,,
71.02497169999697,mouse,move,1283,902,55,4,55.14526271584895,6824.148630938641,,
71.03258549999737,mouse,move,1346,910,63,8,63.50590523722971,8340.89485327941,,
71.0407370999892,mouse,move,1422,922,76,12,76.94153624668537,9438.826282418764,,
71.04864809999708,mouse,move,1501,927,79,5,79.1580697086532,10006.076302592102,,
71.05664669998805,mouse,move,1585,927,84,0,84.0,10501.837833475432,,
71.06455119999009,mouse,move,1666,927,81,0,81.0,10247.32746904681,,
71.07265929999994,mouse,move,1757,927,91,0,91.0,11223.344543044359,,
71.08051469999191,mouse,move,1845,926,88,-1,88.0056816347672,11203.20820387944,,
71.08885119999468,mouse,move,1922,908,77,-18,79.07591289387686,9485.50505219269,,
71.09652569999162,mouse,move,1982,878,60,-30,67.08203932499369,8740.900299923118,,
71.10450009998749,mouse,move,1970,841,-12,-37,38.897300677553446,4877.771455868866,,
71.11262299999362,mouse,move,1948,803,-22,-38,43.9089968002003,5405.581352358435,,
71.12047439999878,mouse,move,1949,744,1,-59,59.00847396772772,7515.662675307035,,
71.12861580000026,mouse,move,1936,686,-13,-58,59.43904440685432,7300.8382337273315,,
71.13644609999028,mouse,move,1931,626,-5,-60,60.207972893961475,7689.101690957908,,
71.14449699998659,mouse,move,1919,565,-12,-61,62.16912416947821,7722.009240955015,,
71.1524967999867,mouse,move,1919,501,0,-64,64.0,8000.200004893204,,
71.16045489998942,mouse,move,1892,432,-27,-69,74.09453421137081,9310.580940928423,,
71.16842859999451,mouse,move,1856,363,-36,-69,77.82673062643708,9760.428731542857,,
71.17644119999022,mouse,move,1798,297,-58,-66,87.86353054595519,10965.670393256696,,
71.18450669999584,mouse,move,1729,242,-69,-55,88.23831367382311,10940.21618156402,,
71.19245259999298,mouse,move,1648,182,-81,-60,100.80178569846865,12686.012375534414,,
71.20108729999629,mouse,move,1555,141,-93,-41,101.6366075781753,11770.716705754698,,
71.2086958999862,mouse,move,1467,112,-88,-29,92.65527507918802,12177.703546261815,,
71.21677590000036,mouse,move,1380,88,-87,-24,90.24965373894794,11169.511581779601,,
71.2247989999887,mouse,move,1293,75,-87,-13,87.96590248499699,10964.079048339376,,
71.23258729999361,mouse,move,1228,67,-65,-8,65.49045732013177,8408.825710218347,,
71.24086869999883,mouse,move,1155,60,-73,-7,73.33484846919642,8855.368467046697,,
71.24869179999223,mouse,move,1101,60,-54,0,54.0,6902.6345113244915,,
71.25654740000027,mouse,move,1059,63,-42,3,42.1070065428546,5360.1260883631585,,
71.26480679999804,mouse,move,1021,78,-38,15,40.85339643163099,4946.2910674705845,,
71.27246759999252,mouse,move,980,108,-41,30,50.80354318352215,6631.623749492362,,
71.2807860999892,mouse,move,948,133,-32,25,40.607881008493905,4881.6350333257105,,
71.28855099999055,mouse,move,907,178,-41,45,60.876925020897694,7840.014038858116,,
71.29645699998946,mouse,move,866,242,-41,64,76.00657866263946,9613.784299659263,,
71.30450499999279,mouse,move,822,316,-44,74,86.09297300012354,10697.436998574376,,
71.31257069999992,mouse,move,779,399,-43,83,93.47726996441435,11589.480129647924,,
71.32045889999426,mouse,move,726,493,-53,94,107.91200118615167,13680.180682991571,,
71.3285906999954,mouse,move,669,584,-57,91,107.37783756436893,13204.682548678455,,
71.33642709998821,mouse,move,616,677,-53,93,107.0420478129973,13659.594700524396,,
71.34451729999273,mouse,move,567,771,-49,94,106.00471687618433,13102.854912980818,,
71.35247049998725,mouse,move,526,863,-41,92,100.72239075796404,12664.385508650184,,
71.36067289998755,mouse,move,495,942,-31,79,84.86459803710851,10346.313034477951,,
71.36877379998623,mouse,move,481,996,-14,54,55.78530272392541,6886.309266008789,,
71.37650309999299,mouse,move,470,1040,-11,44,45.35416188179427,5867.822680208693,,
71.38446249999106,mouse,move,470,1067,0,27,27.0,3392.215494452036,,
71.39260039999499,mouse,move,473,1079,3,12,12.36931687685298,1519.9642255223928,,
71.40047009999398,mouse,move,484,1090,11,11,15.556349186104045,1976.7397979716459,,
71.40849579998758,mouse,move,492,1081,8,-9,12.041594578792296,1500.3793548726596,,
71.41656529999455,mouse,move,506,1079,14,-2,14.142135623730951,1752.5417450299235,,
71.4245077999949,mouse,move,531,1079,25,0,25.0,3147.6235440838586,,
71.43256949998613,mouse,move,571,1072,40,-7,40.607881008493905,5037.136218497996,,
71.44058579999546,mouse,move,624,1060,53,-12,54.3415126767741,6778.87711456934,,
71.44846819998929,mouse,move,693,1056,69,-4,69.1158447825099,8768.375727772162,,
71.45650859999296,mouse,move,768,1048,75,-8,75.4254598925323,9380.80939482494,,
71.46456469999976,mouse,move,843,1046,75,-2,75.02666192761077,9313.025144214555,,
71.47247470000002,mouse,move,918,1046,75,0,75.0,9481.668773386007,,
71.48046339998837,mouse,move,982,1046,64,0,64.0,8011.315995514534,,
71.48845459999575,mouse,move,1036,1046,54,0,54.0,6757.433170251983,,
71.49675239999488,mouse,move,1095,1052,59,6,59.30430001273095,7146.990770923509,,
71.50448249999317,mouse,move,1135,1060,40,8,40.792156108742276,5277.054128371339,,
71.51252049999312,mouse,move,1149,1064,14,4,14.560219778561036,1811.4232120758436,,
71.52074069999799,mouse,move,1156,1067,7,3,7.615773105863909,926.4705361610505,,
71.5364397999947,mouse,move,1149,1067,-7,0,7.0,445.8854330163698,,
71.54442500000005,mouse,move,1123,1057,-26,-10,27.85677655436824,3488.5508861020735,,
71.55261149999569,mouse,move,1070,1046,-53,-11,54.12947441089743,6612.041096890242,,
71.56117619998986,mouse,move,999,1023,-71,-23,74.63243262818116,8713.957602602188,,
71.56852799998887,mouse,move,899,1007,-100,-16,101.27191120937731,13775.117824607993,,
71.57645939999202,mouse,move,766,990,-133,-17,134.08206442324789,16905.220310423018,,
71.58449679998739,mouse,move,616,972,-150,-18,151.07613974417006,18796.643172062057,,
71.59246319999511,mouse,move,452,943,-164,-29,166.54428840401582,20905.840560689765,,
71.60040679998929,mouse,move,275,914,-177,-29,179.3599732381782,22579.17988942492,,
71.60841159999836,mouse,move,81,872,-194,-42,198.4943324127921,24796.913375443037,,
71.616494899994,mouse,move,-121,815,-202,-57,209.88806540630173,25965.640953533555,,
71.62445439999283,mouse,move,-182,755,-61,-60,85.56284240252891,10749.776043102373,,
71.6324159999931,mouse,move,-159,696,23,-59,63.324560795950255,7953.748090056048,,
71.64041839999845,mouse,move,-154,622,5,-74,74.16872656315464,9268.31032109671,,
71.64841999999771,mouse,move,-126,559,28,-63,68.94200461257273,8616.027371893022,,
71.6565292999876,mouse,move,-95,492,31,-67,73.824115301167,9103.635997344998,,
71.66443809999328,mouse,move,-69,431,26,-61,66.30987860040162,8384.316021745286,,
71.67249559999618,mouse,move,-37,377,32,-54,62.76941930590086,7790.185452468472,,
71.68040809998638,mouse,move,-13,339,24,-38,44.94441010848846,5680.178219799878,,
71.68849559999944,mouse,move,0,312,13,-27,29.966648127543394,3705.304244716594,,
71.69644379999954,mouse,move,10,274,10,-38,39.293765408777,4943.731336438291,,
71.70445869999821,mouse,move,46,223,36,-51,62.42595614005443,7788.73799428689,,
71.71242789999815,mouse,move,104,154,58,-69,90.13878188659973,11310.89468043788,,
71.72084259999974,mouse,move,190,83,86,-71,111.5212984142491,13253.152030745658,,
71.72851129999617,mouse,move,295,3,105,-80,132.00378782444085,17213.32010456806,,
71.73685509999632,mouse,move,419,-72,124,-75,144.91721774861674,17368.25160550925,,
71.7444334999891,mouse,move,536,-63,117,9,117.34564329364768,15484.224032174603,,
71.75250009998854,mouse,move,665,-42,129,21,130.6981254647518,16202.380863543114,,
71.76093619999301,mouse,move,790,-40,125,2,125.01599897613104,14819.169866387845,,
71.7684789999912,mouse,move,899,-17,109,23,111.40017953306898,14769.075086146193,,
71.77719999999681,mouse,move,998,-8,99,9,99.40824915468535,11398.72137263698,,
71.78459729999304,mouse,move,1103,0,105,8,105.30432089900205,14235.507678842145,,
71.79362519999268,mouse,move,1194,0,91,0,91.0,10079.863534560352,,
71.80053719998978,mouse,move,1263,9,69,9,69.58448102845921,10067.199227090003,,
71.80863689999387,mouse,move,1310,18,47,9,47.853944456021594,5908.113193306743,,
71.81659289999516,mouse,move,1325,25,15,7,16.55294535724685,2080.5612562306337,,
71.8246119999967,mouse,move,1331,30,6,5,7.810249675906654,973.9558896134818,,
71.83242379999137,mouse,move,1331,35,0,5,5.0,640.0573495752066,,
71.84044549999817,mouse,move,1329,42,-2,7,7.280109889280518,907.5520005878165,,
71.84850279999955,mouse,move,1318,49,-11,7,13.038404810405298,1618.2101706735,,
71.85645909998857,mouse,move,1296,66,-22,17,27.80287754891569,3494.4481212736646,,
71.86465289999614,mouse,move,1268,86,-28,20,34.40930106817051,4199.4314037881095,,
71.87255319999531,mouse,move,1234,109,-34,23,41.048751503547585,5195.847184016954,,
71.88057919999119,mouse,move,1206,134,-28,25,37.53664875824692,4676.881233181718,,
71.8884939999989,mouse,move,1188,155,-18,21,27.65863337187866,3494.546083910098,,
71.89661779999733,mouse,move,1179,177,-9,22,23.769728648009426,2925.9372033536406,,
71.9047397999966,mouse,move,1171,198,-8,21,22.47220505424423,2766.8314523822937,,
71.91255349999119,mouse,move,1170,217,-1,19,19.026297590440446,2434.9920784807155,,
71.92051379999612,mouse,move,1170,239,0,22,22.0,2763.7149336569823,,
71.92847429998801,mouse,move,1170,263,0,24,24.0,3014.886002692513,,
71.9370643000002,mouse,move,1172,289,2,26,26.076809620810597,3035.7170644705625,,
71.94548969999596,mouse,move,1187,315,15,26,30.01666203960727,3562.639406404358,,
71.95250409998698,mouse,move,1214,344,27,29,39.6232255123179,5648.840323197432,,
71.96042279999529,mouse,move,1242,366,28,22,35.608987629529715,4496.822406732006,,
71.96902699999919,mouse,move,1279,390,37,24,44.10215414239989,5125.654229609047,,
71.97648559999652,mouse,move,1328,411,49,21,53.31041174104736,7147.509151864246,,
71.98452989998623,mouse,move,1371,418,43,7,43.56604182158393,5415.765433578352,,
71.99262589999125,mouse,move,1429,422,58,4,58.137767414994535,7181.048342256272,,
72.0009718999936,mouse,move,1484,422,55,0,55.0,6589.983223643376,,
72.00897260000056,mouse,move,1538,404,54,-18,56.92099788303083,7114.502210245876,,
72.01694149999821,mouse,move,1595,375,57,-29,63.953107821277925,8025.33697751757,,
72.02494609999121,mouse,move,1664,342,69,-33,76.48529270389177,9555.167375105675,,
72.03295549999166,mouse,move,1737,277,73,-65,97.74456506629922,12203.73124838946,,
72.04093719999946,mouse,move,1813,207,76,-70,103.32473082471591,12945.20349345314,,
72.04894179999246,mouse,move,1890,124,77,-83,113.21660655575224,14143.94306458154,,
72.05655699998897,mouse,move,1951,30,61,-94,112.05802068571441,14715.046320136487,,
72.06451709999237,mouse,move,1964,-47,13,-77,78.08969202141856,9810.139569609291,,
72.07245379999222,mouse,move,1962,-80,-2,-33,33.06055050963308,4165.528558503697,,
72.08051919999707,mouse,move,1953,-76,-9,4,9.848857801796104,1221.1245314392988,,
72.08844490000047,mouse,move,1946,-62,-7,14,15.652475842498529,1974.9013760031926,,
72.0966713999951,mouse,move,1938,-55,-8,7,10.63014581273465,1292.183288113738,,
72.10460609999427,mouse,move,1928,-28,-10,27,28.792360097775937,3628.663982355113,,
72.11253059998853,mouse,move,1921,-12,-7,16,17.46424919657298,2203.8297948416166,,
72.12074410000059,mouse,move,1918,-5,-3,7,7.615773105863909,927.226285344873,,
72.12866389998817,mouse,move,1915,-1,-3,4,5.0,631.3290749568993,,
72.13707089998934,mouse,move,1906,0,-9,1,9.055385138137417,1077.124436407334,,
72.14448319999792,mouse,move,1895,0,-11,0,11.0,1484.019803200655,,
72.15262339999026,mouse,move,1872,9,-23,9,24.698178070456937,3034.0996650816887,,
72.16049899999052,mouse,move,1832,28,-40,19,44.28317965096906,5622.832501587136,,
72.16928170000028,mouse,move,1795,41,-37,13,39.21734310225516,4465.294619954215,,
72.17645879999327,mouse,move,1752,61,-43,20,47.4236228055175,6607.630219985557,,
72.18550429999596,mouse,move,1711,76,-41,15,43.657759905886145,4826.4617647368395,,
72.19245449999289,mouse,move,1663,92,-48,16,50.59644256269407,7279.854189087877,,
72.20047469998826,mouse,move,1609,106,-54,14,55.78530272392541,6955.599954629475,,
72.20922389999032,mouse,move,1562,115,-47,9,47.853944456021594,5469.522292868854,,
72.21665619999112,mouse,move,1507,120,-55,5,55.226805085936306,7430.647993216932,,
72.22468989998742,mouse,move,1448,129,-59,9,59.682493245507096,7429.016925322887,,
72.23255079999217,mouse,move,1385,139,-63,10,63.788713735268246,8114.683267409005,,
72.24046760000056,mouse,move,1320,141,-65,2,65.03076195155643,8214.273681620498,,
72.24864739998884,mouse,move,1262,141,-58,0,58.0,7090.637923063584,,
72.2565326999902,mouse,move,1212,141,-50,0,50.0,6340.912836716616,,
72.26454399999056,mouse,move,1164,141,-48,0,48.0,5991.536953781593,,
72.27241659999709,mouse,move,1133,141,-31,0,31.0,3937.707996636376,,
72.28062549998867,mouse,move,1100,135,-33,-6,33.54101966249684,4085.933522989999,,
72.28850799999782,mouse,move,1081,127,-19,-8,20.615528128088304,2615.3540252672824,,
72.29662769999413,mouse,move,1069,120,-12,-7,13.892443989449804,1710.9553303393434,,
72.3044874999905,mouse,move,1061,112,-8,-8,11.313708498984761,1439.4397445498998,,
72.31255169998622,mouse,move,1055,106,-6,-6,8.48528137423857,1052.216137837248,,
72.32091269998637,mouse,move,1053,99,-2,-7,7.280109889280518,870.7223883686113,,
72.32850729998609,mouse,move,1050,90,-3,-9,9.486832980505138,1249.1550550199634,,
72.33666239999002,mouse,move,1050,78,0,-12,12.0,1471.4718389980853,,
72.34452400000009,mouse,move,1049,67,-1,-11,11.045361017187261,1404.9762138793492,,
72.35241339998902,mouse,move,1049,55,0,-12,12.0,1521.0282172083862,,
72.36086119999527,mouse,move,1049,43,0,-12,12.0,1420.4881733847176,,
72.36847449999186,mouse,move,1051,31,2,-12,12.165525060596439,1597.9306038172697,,
72.37678899998718,mouse,move,1053,21,2,-10,10.198039027185569,1226.536656795159,,
72.38494929998706,mouse,move,1053,16,0,-5,5.0,612.7225714836823,,
72.39247399999294,mouse,move,1053,11,0,-5,5.0,664.4783175525332,,
72.4009107999882,mouse,move,1053,9,0,-2,2.0,237.05670409699906,,
72.40847479998774,mouse,move,1053,7,0,-2,2.0,264.4103649021256,,
72.41659949999303,mouse,move,1052,5,-1,-2,2.23606797749979,275.2185281974605,,
72.46448009999585,mouse,move,1051,5,-1,0,1.0,20.885285479734062,,
72.4725352999958,mouse,move,1046,5,-5,0,5.0,620.7170523431535,,
72.48055309998745,mouse,move,1039,5,-7,0,7.0,873.0574480894028,,
72.48849129999871,mouse,move,1024,9,-15,4,15.524174696260024,1955.6290688349138,,
72.4966146999941,mouse,move,998,21,-26,12,28.635642126552707,3525.0808950470446,,
72.50442159999511,mouse,move,983,28,-15,7,16.55294535724685,2120.296834223012,,
72.5126070999977,mouse,move,946,39,-37,11,38.600518131237564,4715.719029877094,,
72.52058669998951,mouse,move,899,48,-47,9,47.853944456021594,5997.0355036740575,,
72.5285920999886,mouse,move,850,55,-49,7,49.49747468305833,6183.010803791246,,
72.53678359999321,mouse,move,798,59,-52,4,52.15361924162119,6366.797193706432,,
72.5446263999911,mouse,move,754,59,-44,0,44.0,5610.241241883765,,
72.55273599999782,mouse,move,710,59,-44,0,44.0,5425.66833919605,,
72.56053399998927,mouse,move,676,59,-34,0,34.0,4360.092336145756,,
72.56925929999852,mouse,move,645,59,-31,0,31.0,3552.8864299393795,,
72.57655899999372,mouse,move,624,59,-21,0,21.0,2876.8305565715955,,
72.58474209999258,mouse,move,611,59,-13,0,13.0,1588.6400021766256,,
72.59245259998715,mouse,move,606,59,-5,0,5.0,648.4663774747563,,
72.70444139999745,mouse,move,604,59,-2,0,2.0,17.858928748376165,,
72.74455969998962,mouse,move,604,59,0,0,0.0,0.0,,
72.75279589999991,mouse,move,604,58,0,-1,1.0,121.41521560318252,,
72.79246609999973,mouse,move,603,57,-1,-1,1.4142135623730951,35.64926726811467,,
72.8491076999926,mouse,click_press,603,57,,,,,,
73.05684469999687,mouse,click_release,603,57,,,,,,
73.23288169999432,mouse,move,603,57,0,0,0.0,0.0,,
73.2488760999986,mouse,move,603,52,0,-5,5.0,312.609413211114,,
73.25644479999028,mouse,move,603,39,0,-13,13.0,1717.6001181564684,,
73.26445279999461,mouse,move,603,26,0,-13,13.0,1623.3766224972064,,
73.27266489999602,mouse,move,603,17,0,-9,9.0,1095.943790073707,,
73.28065359999891,mouse,move,606,7,3,-10,10.44030650891055,1306.8842871961413,,
73.2891638000001,mouse,move,610,-4,4,-11,11.704699910719626,1375.3730710315394,,
73.29685199999949,mouse,move,611,-10,1,-6,6.082762530298219,791.181619986277,,
73.30450829998881,mouse,move,612,-5,1,5,5.0990195135927845,665.9900370550674,,
73.31241139999474,mouse,move,612,-4,0,1,1.0,126.5326263427353,,
73.32044060000044,mouse,move,612,-1,0,3,3.0,373.6362275036624,,
73.43288979999488,mouse,move,612,0,0,1,1.0,8.892904529773531,,
73.4487123999861,mouse,move,612,1,0,1,1.0,63.20073821967345,,
73.4567648999946,mouse,move,612,1,0,0,0.0,0.0,,
73.46482689998811,mouse,move,612,3,0,2,2.0,248.07740034839148,,
73.47260099998675,mouse,move,612,4,0,1,1.0,128.63225327365402,,
73.48047589999624,mouse,move,612,7,0,3,3.0,380.9572180456063,,
73.48856059998798,mouse,move,612,10,0,3,3.0,371.07128317248595,,
73.49647799998638,mouse,move,612,14,0,4,4.0,505.2163590074787,,
73.50465969998913,mouse,move,612,16,0,2,2.0,244.44797527744197,,
73.51288699998986,mouse,move,612,17,0,1,1.0,121.54655839846941,,
73.52041269998881,mouse,move,612,18,0,1,1.0,132.87800472241042,,
73.5288700999954,mouse,move,612,18,0,0,0.0,0.0,,
73.53645779998624,mouse,move,612,20,0,2,2.0,263.5844857355319,,
73.54493949998869,mouse,move,612,21,0,1,1.0,117.90089247571878,,
73.56048569999984,mouse,move,612,21,0,0,0.0,0.0,,
73.56846089998726,mouse,move,612,24,0,3,3.0,376.16611555003846,,
73.57687229999283,mouse,move,612,25,0,1,1.0,118.88627331213955,,
73.58455119999417,mouse,move,612,28,0,3,3.0,390.6809568398294,,
73.59293899999466,mouse,move,612,29,0,1,1.0,119.22077302050559,,
73.60051319999911,mouse,move,612,29,0,0,0.0,0.0,,
73.68883119999373,mouse,click_press,612,29,,,,,,
73.83314689999679,mouse,click_release,612,29,,,,,,
74.00057609999203,mouse,move,612,30,0,1,1.0,2.4996069368534375,,
74.00856170000043,mouse,move,615,31,3,1,3.1622776601683795,395.9975026101249,,
74.01666489998752,mouse,move,632,31,17,0,17.0,2097.9366209749182,,
74.02456769999117,mouse,move,648,31,16,0,16.0,2024.598875412863,,
74.03252090000024,mouse,move,671,31,23,0,23.0,2891.917715356338,,
74.04056719999062,mouse,move,706,30,35,-1,35.014282800023196,4351.60046752826,,
74.04875629999151,mouse,move,740,30,34,0,34.0,4151.860399348047,,
74.05663969999296,mouse,move,777,30,37,0,37.0,4693.406397393253,,
74.06498839998676,mouse,move,818,30,41,0,41.0,4910.944222505576,,
74.0728584999888,mouse,move,849,30,31,0,31.0,3938.9588432135447,,
74.0809287999873,mouse,move,880,30,31,0,31.0,3841.245059753884,,
74.0886266999878,mouse,move,903,30,23,0,23.0,2987.8278489619365,,
74.09702449999168,mouse,move,918,30,15,0,15.0,1786.1820944860717,,
74.10463089999394,mouse,move,930,30,12,0,12.0,1577.618846817806,,
74.11246849999588,mouse,move,937,30,7,0,7.0,893.1305499463344,,
74.12063419999322,mouse,move,938,30,1,0,1.0,122.46347530847287,,
74.15267759999551,mouse,move,938,30,0,0,0.0,0.0,,
74.16096639999887,mouse,move,936,30,-2,0,2.0,241.28945072750702,,
74.16867309999361,mouse,move,936,30,0,0,0.0,0.0,,
74.19270519999554,mouse,move,933,30,-3,0,3.0,124.8330358045617,,
74.2005771999975,mouse,move,929,34,-4,4,5.656854249492381,718.6044522470729,,
74.20885159999307,mouse,move,921,42,-8,8,11.313708498984761,1367.3146699507631,,
74.21658919999027,mouse,move,914,47,-7,5,8.602325267042627,1111.7562642365203,,
74.22468239998852,mouse,move,905,52,-9,5,10.295630140987,1272.1334136317707,,
74.23263279999082,mouse,move,891,55,-14,3,14.317821063276353,1800.8931700459057,,
74.24068019998958,mouse,move,874,59,-17,4,17.46424919657298,2170.1728756202424,,
74.24860019999323,mouse,move,856,60,-18,1,18.027756377319946,2276.231864773979,,
74.25663159998658,mouse,move,830,62,-26,2,26.076809620810597,3246.8572904384096,,
74.26461229998677,mouse,move,806,62,-24,0,24.0,3007.255002622689,,
74.2726929999917,mouse,move,779,62,-27,0,27.0,3341.2946877742497,,
74.28070779998961,mouse,move,757,61,-22,-1,22.02271554554524,2747.756095135351,,
74.28871579999395,mouse,move,742,59,-15,-2,15.132745950421556,1889.7035392387404,,
74.29666819999693,mouse,move,729,56,-13,-3,13.341664064126334,1677.6902644648774,,
74.3045945999911,mouse,move,720,52,-9,-4,9.848857801796104,1242.5385810749895,,
74.31268949998775,mouse,move,716,51,-4,-1,4.123105625617661,509.346085476564,,
74.3207701999927,mouse,move,715,50,-1,-1,1.4142135623730951,175.01126901242668,,
74.32860839999921,mouse,move,714,50,-1,0,1.0,127.5803117001971,,
74.33670209998672,mouse,move,714,48,0,-2,2.0,247.10577400766482,,
74.34458429999358,mouse,move,714,47,0,-1,1.0,126.86813315185194,,
74.3526598999888,mouse,move,716,41,2,-6,6.324555320336759,783.1684734371432,,
74.3605733999866,mouse,move,719,37,3,-4,5.0,631.8316802151063,,
74.36865739998757,mouse,move,721,33,2,-4,4.47213595499958,553.2083070839741,,
74.37763119999727,mouse,move,723,31,2,-2,2.8284271247461903,315.18722522112296,,
74.38473409999278,mouse,move,723,30,0,-1,1.0,140.78756573107938,,
74.39275849999103,mouse,move,724,28,1,-2,2.23606797749979,278.6585885533928,,
74.41651939999429,mouse,move,725,27,1,-1,1.4142135623730951,59.51851832966987,,
74.44066219999513,mouse,move,726,26,1,-1,1.4142135623730951,58.57703175785621,,
74.46467579998716,mouse,move,726,26,0,0,0.0,0.0,,
74.48098869998648,mouse,move,727,25,1,-1,1.4142135623730951,86.69295848267338,,
74.68867169998703,mouse,move,728,24,1,-1,1.4142135623730951,6.809481577064073,,
74.71348859999853,mouse,move,728,24,0,0,0.0,0.0,,
74.7286480999901,mouse,move,729,23,1,-1,1.4142135623730951,93.2889319014241,,
74.7366592999897,mouse,move,730,22,1,-1,1.4142135623730951,176.52955392994713,,
74.76065549999475,mouse,move,731,22,1,0,1.0,41.673264924830114,,
74.83259389999148,mouse,move,731,21,0,-1,1.0,13.900781780600157,,
74.88045259998762,mouse,move,732,21,1,0,1.0,20.894842527704213,,
74.89646979999088,mouse,move,733,21,1,0,1.0,62.43288463628874,,
74.92058899998665,mouse,move,733,21,0,0,0.0,0.0,,
75.04109359999711,mouse,click_press,733,21,,,,,,
75.16068789998826,mouse,move,734,21,1,0,1.0,4.164950360011162,,
75.20142009999836,mouse,click_release,734,21,,,,,,
75.33655639999779,mouse,move,735,22,1,1,1.4142135623730951,8.041312470945478,,
75.34444029998849,mouse,move,739,25,4,3,5.0,634.2038846125391,,
75.35255089998827,mouse,move,742,27,3,2,3.605551275463989,444.54803289041934,,
75.36049799999455,mouse,move,749,30,7,3,7.615773105863909,958.3084521207553,,
75.36866979999468,mouse,move,756,33,7,3,7.615773105863909,931.9578435283747,,
75.37653159999172,mouse,move,766,38,10,5,11.180339887498949,1422.1094268108666,,
75.38513759999478,mouse,move,780,41,14,3,14.317821063276353,1663.7021912842936,,
75.39253859999008,mouse,move,795,44,15,3,15.297058540778355,2066.890764828724,,
75.40124419999484,mouse,move,815,44,20,0,20.0,2297.3718053971456,,
75.40853459999198,mouse,move,836,44,21,0,21.0,2880.50038519441,,
75.41652809998777,mouse,move,854,44,18,0,18.0,2251.829612745,,
75.42459119998966,mouse,move,872,44,18,0,18.0,2232.3920075130195,,
75.43248619999213,mouse,move,886,44,14,0,14.0,1773.274223639241,,
75.44047899999714,mouse,move,897,44,11,0,11.0,1376.2386138900945,,
75.4484994999948,mouse,move,904,42,7,-2,7.280109889280518,907.6877864731955,,
75.45666099998925,mouse,move,910,40,6,-2,6.324555320336759,774.9256049294406,,
75.46464519998699,mouse,move,912,38,2,-2,2.8284271247461903,354.25304044840675,,
75.47258819999115,mouse,move,913,37,1,-1,1.4142135623730951,178.04526773665143,,
75.48881199999596,mouse,move,913,36,0,-1,1.0,61.6378406848934,,
75.4966768999875,mouse,move,913,35,0,-1,1.0,127.14719844815885,,
75.50447989998793,mouse,move,913,34,0,-1,1.0,128.155837491469,,
75.51288840000052,mouse,move,912,34,-1,0,1.0,118.92727579264063,,
75.52071549999528,mouse,move,911,33,-1,-1,1.4142135623730951,180.68167818483718,,
75.52877339998668,mouse,move,910,33,-1,0,1.0,124.10181325994665,,
75.53650829999242,mouse,move,908,33,-2,0,2.0,258.5683070905668,,
75.54465739999432,mouse,move,908,33,0,0,0.0,0.0,,
75.55266979998851,mouse,move,905,31,-3,-2,3.605551275463989,449.99641531628623,,
75.58453139998892,mouse,move,904,31,-1,0,1.0,31.385743339540134,,
75.592510699993,mouse,move,904,31,0,0,0.0,0.0,,
75.60070319999068,mouse,move,903,31,-1,0,1.0,122.06286240874353,,
75.60848859998805,mouse,move,902,31,-1,0,1.0,128.44555197386038,,
75.61674129999301,mouse,move,900,31,-2,0,2.0,242.344929392574,,
75.62451339999097,mouse,move,898,31,-2,0,2.0,257.3307086274943,,
75.63268229999812,mouse,move,895,31,-3,0,3.0,367.2465077763811,,
75.64050309998856,mouse,move,891,32,-4,1,4.123105625617661,527.1974261785609,,
75.64853839999705,mouse,move,887,32,-4,0,4.0,497.8034417850191,,
75.65657319998718,mouse,move,882,32,-5,0,5.0,622.2930261043716,,
75.66448829999717,mouse,move,879,32,-3,0,3.0,379.0223744755565,,
75.67249369999627,mouse,move,876,32,-3,0,3.0,374.7470457866122,,
75.78503259998979,mouse,click_press,876,32,,,,,,
75.95301629998721,mouse,click_release,876,32,,,,,,
76.13654549999046,mouse,move,875,33,-1,1,1.4142135623730951,3.0475338365044298,,
76.14455969999835,mouse,move,877,36,2,3,3.605551275463989,449.8953447522297,,
76.15250719999312,mouse,move,889,43,12,7,13.892443989449804,1748.0269265292097,,
76.16059219998715,mouse,move,901,49,12,6,13.416407864998739,1659.4196505767263,,
76.16883409999718,mouse,move,915,54,14,5,14.866068747318506,1803.7186485178413,,
76.17646679999598,mouse,move,928,58,13,4,13.601470508735444,1781.9998835122979,,
76.18455439999525,mouse,move,944,64,16,6,17.08800749063506,2112.86506407026,,
76.19257949999883,mouse,move,959,69,15,5,15.811388300841896,1970.2419027539834,,
76.20059689998743,mouse,move,975,76,16,7,17.46424919657298,2178.2933646068955,,
76.2084601999959,mouse,move,988,79,13,3,13.341664064126334,1696.700373858466,,
76.21657649999543,mouse,move,997,84,9,5,10.295630140987,1268.5127634001974,,
76.22457069999655,mouse,move,1003,88,6,4,7.211102550927978,902.0417990438492,,
76.23261839999759,mouse,move,1005,89,2,1,2.23606797749979,277.8518057593991,,
76.24043999999412,mouse,move,1006,89,1,0,1.0,127.85107911978974,,
76.25659179998911,mouse,move,1006,91,0,2,2.0,123.8252083743482,,
76.26453609998862,mouse,move,1005,93,-1,2,2.23606797749979,281.4682196843335,,
76.2724748999899,mouse,move,1002,96,-3,3,4.242640687119285,534.4183864605525,,
76.28062609999324,mouse,move,998,98,-4,2,4.47213595499958,548.6475553497825,,
76.28858559999208,mouse,move,995,100,-3,2,3.605551275463989,452.98715698129297,,
76.29646769999817,mouse,move,991,103,-4,3,5.0,634.3487136842473,,
76.30456639999466,mouse,move,986,107,-5,4,6.4031242374328485,790.6360576654672,,
76.31254539999645,mouse,move,983,110,-3,3,4.242640687119285,531.7258661691976,,
76.32061299998895,mouse,move,983,112,0,2,2.0,247.90520128156277,,
76.32854369998677,mouse,move,980,115,-3,3,4.242640687119285,534.9642135358187,,
76.33662009998807,mouse,move,978,116,-2,1,2.23606797749979,276.8644417240018,,
76.34455369999341,mouse,move,974,122,-4,6,7.211102550927978,908.9319534725979,,
76.35263609999674,mouse,move,969,128,-5,6,7.810249675906654,966.3280303730484,,
76.36067259999982,mouse,move,964,135,-5,7,8.602325267042627,1070.4069263676815,,
76.3688298999914,mouse,move,959,140,-5,5,7.0710678118654755,866.8392506299501,,
76.3767097999953,mouse,move,953,145,-6,5,7.810249675906654,991.16101372369,,
76.38530329999048,mouse,move,949,148,-4,3,5.0,581.8351082563516,,
76.39252219999616,mouse,move,943,151,-6,3,6.708203932499369,929.2556936955759,,
76.4008332999947,mouse,move,937,154,-6,3,6.708203932499369,807.1379160015641,,
76.40850489999866,mouse,move,932,157,-5,3,5.830951894845301,760.0698539855728,,
76.41671579999093,mouse,move,926,159,-6,2,6.324555320336759,770.2633482682303,,
76.42452909999702,mouse,move,917,165,-9,6,10.816653826391969,1384.3899271701875,,
76.43269560000044,mouse,move,908,170,-9,5,10.295630140987,1260.7151333701545,,
76.4404257999995,mouse,move,900,174,-8,4,8.94427190999916,1157.055692102056,,
76.44860150000022,mouse,move,894,178,-6,4,7.211102550927978,882.0165307304377,,
76.45651129999897,mouse,move,882,182,-12,4,12.649110640673518,1599.1694660654414,,
76.46448759999475,mouse,move,876,186,-6,4,7.211102550927978,904.0661152081448,,
76.47261819998675,mouse,move,872,189,-4,3,5.0,614.960766108206,,
76.48099789999833,mouse,move,866,191,-6,2,6.324555320336759,754.7472238387433,,
76.48841729998821,mouse,move,865,192,-1,1,1.4142135623730951,190.61023321307175,,
76.4965014999907,mouse,move,862,194,-3,2,3.605551275463989,445.9997618014503,,
76.50491769998916,mouse,move,860,196,-2,2,2.8284271247461903,336.06938110575396,,
76.51243489999615,mouse,move,856,200,-4,4,5.656854249492381,752.5214500391818,,
76.52109549999295,mouse,move,854,204,-2,4,4.47213595499958,516.3771513118294,,
76.52849729999434,mouse,move,847,212,-7,8,10.63014581273465,1436.1568551891878,,
76.5366314999992,mouse,move,845,221,-2,9,9.219544457292887,1133.4297720468587,,
76.5445364999905,mouse,move,841,228,-4,7,8.06225774829855,1019.8934544180765,,
76.55248449998908,mouse,move,837,237,-4,9,9.848857801796104,1239.1617769952634,,
76.56046579999384,mouse,move,835,243,-2,6,6.324555320336759,792.4217002952481,,
76.56885820000025,mouse,move,834,246,-1,3,3.1622776601683795,376.80254250886765,,
76.57685420000053,mouse,move,832,248,-2,2,2.8284271247461903,353.73025570893907,,
76.58463109999138,mouse,move,832,251,0,3,3.0,385.75782169327124,,
76.59254599999986,mouse,move,832,252,0,1,1.0,126.34398399594893,,
76.60076569998637,mouse,move,831,254,-1,2,2.23606797749979,272.0376633172837,,
76.60845549999794,mouse,move,827,260,-4,6,7.211102550927978,937.7490363952836,,
76.61665119999088,mouse,move,827,262,0,2,2.0,244.03040639885836,,
76.62448409998615,mouse,move,826,266,-1,4,4.123105625617661,526.3830290327077,,
76.63242619999801,mouse,move,822,275,-4,9,9.848857801796104,1240.0823191710886,,
76.64044679999643,mouse,move,821,284,-1,9,9.055385138137417,1129.0159264798517,,
76.64847819998977,mouse,move,817,293,-4,9,9.848857801796104,1226.294022207877,,
76.65658649998659,mouse,move,816,301,-1,8,8.06225774829855,994.3215904024537,,
76.664540999991,mouse,move,813,308,-3,7,7.615773105863909,957.4169465881749,,
76.6725499999884,mouse,move,811,314,-2,6,6.324555320336759,789.6810241465093,,
76.68074389999674,mouse,move,808,321,-3,7,7.615773105863909,929.4442326749736,,
76.68845859999419,mouse,move,808,324,0,3,3.0,388.86800536528006,,
76.69655759999296,mouse,move,808,326,0,2,2.0,246.94406720644025,,
76.70446609999635,mouse,move,808,328,0,2,2.0,252.8924573738734,,
76.85662339998817,mouse,move,806,329,-2,1,2.23606797749979,14.695765353486799,,
76.8646449999942,mouse,move,805,329,-1,0,1.0,124.66340870251007,,
76.87254499999108,mouse,move,802,328,-3,-1,3.1622776601683795,400.28831157180394,,
76.88049619999947,mouse,move,800,328,-2,0,2.0,251.53435932803094,,
76.89658399998734,mouse,move,796,324,-4,-4,5.656854249492381,351.6238549557322,,
76.90479329999653,mouse,move,793,324,-3,0,3.0,365.43919659941986,,
76.91288519999944,mouse,move,792,324,-1,0,1.0,123.58037044951159,,
76.92088589999184,mouse,move,792,323,0,-1,1.0,124.98906357555106,,
76.9446256999945,mouse,move,791,323,-1,0,1.0,42.123354025223676,,
76.95244589999493,mouse,move,790,322,-1,-1,1.4142135623730951,180.84109898678165,,
77.00851729999704,mouse,move,790,321,0,-1,1.0,17.83440399138163,,
77.01687709998805,mouse,move,790,316,0,-5,5.0,598.100433667719,,
77.02453989999776,mouse,move,787,307,-3,-9,9.486832980505138,1238.0373973588971,,
77.0325113999861,mouse,move,785,302,-2,-5,5.385164807134504,675.5522567909469,,
77.04064539998944,mouse,move,783,294,-2,-8,8.246211251235321,1013.7953341346711,,
77.04862109999522,mouse,move,781,290,-2,-4,4.47213595499958,560.7201815217234,,
77.05655879998812,mouse,move,781,285,0,-5,5.0,629.9053887734716,,
77.0646393999923,mouse,move,780,275,-1,-10,10.04987562112089,1243.7041328521725,,
77.07323359999282,mouse,move,778,266,-2,-9,9.219544457292887,1072.7635448022145,,
77.08064759999979,mouse,move,778,253,0,-13,13.0,1753.4394372498423,,
77.08847999999125,mouse,move,778,236,0,-17,17.0,2170.471377680095,,
77.09645969999838,mouse,move,778,221,0,-15,15.0,1879.76991448344,,
77.1044525999896,mouse,move,778,210,0,-11,11.0,1376.2213980006716,,
77.11260759999277,mouse,move,778,195,0,-15,15.0,1839.362353668559,,
77.12050859999727,mouse,move,778,182,0,-13,13.0,1645.361345728999,,
77.12855319998926,mouse,move,778,170,0,-12,12.0,1491.683863951969,,
77.13660769999842,mouse,move,778,160,0,-10,10.0,1241.541993745103,,
77.14447699999437,mouse,move,776,146,-2,-14,14.142135623730951,1797.1275248137606,,
77.15278489999764,mouse,move,776,133,0,-13,13.0,1564.7756948057836,,
77.16124349999882,mouse,move,776,120,0,-13,13.0,1536.8973586871764,,
77.16847399999097,mouse,move,774,108,-2,-12,12.165525060596439,1682.52888096386,,
77.17654969998694,mouse,move,772,98,-2,-10,10.198039027185569,1262.805581221966,,
77.18516909999016,mouse,move,770,94,-2,-4,4.47213595499958,518.8453898560849,,
77.19263130000036,mouse,move,769,91,-1,-3,3.1622776601683795,423.7728358725117,,
77.20056249998743,mouse,move,767,87,-2,-4,4.47213595499958,563.8662449932592,,
77.20855509999092,mouse,move,765,83,-2,-4,4.47213595499958,559.5345636021668,,
77.21654839999974,mouse,move,763,80,-2,-3,3.605551275463989,451.0716814689015,,
77.22523229999933,mouse,move,761,77,-2,-3,3.605551275463989,415.1995388744292,,
77.23271439998643,mouse,move,759,75,-2,-2,2.8284271247461903,378.0258389519543,,
77.24069519998739,mouse,move,759,75,0,0,0.0,0.0,,
77.2646609999938,mouse,move,758,74,-1,-1,1.4142135623730951,59.00965383984457,,
77.2727334999945,mouse,move,757,73,-1,-1,1.4142135623730951,175.18904456476872,,
77.28056780000043,mouse,move,756,73,-1,0,1.0,127.64382258066766,,
77.29660079999303,mouse,move,756,73,0,0,0.0,0.0,,
77.30446259999007,mouse,move,755,73,-1,0,1.0,127.19733399169438,,
77.3126171999902,mouse,move,754,73,-1,0,1.0,122.63017192561591,,
77.3204798999941,mouse,move,752,73,-2,0,2.0,254.36554860398354,,
77.32863929998712,mouse,move,751,73,-1,0,1.0,122.55803133264159,,
77.33676469999773,mouse,move,749,73,-2,0,2.0,246.14172808572485,,
77.34467109999969,mouse,move,747,73,-2,0,2.0,252.95962758081268,,
77.3526370999898,mouse,move,745,74,-2,1,2.23606797749979,280.70147881913545,,
77.36046519999218,mouse,move,744,75,-1,1,1.4142135623730951,180.65859684275804,,
77.36853379999229,mouse,move,742,77,-2,2,2.8284271247461903,350.54744623674964,,
77.37677679999615,mouse,move,739,78,-3,1,3.1622776601683795,383.631888716262,,
77.38455479999539,mouse,move,738,79,-1,1,1.4142135623730951,181.82226311549095,,
77.3925092999998,mouse,move,734,84,-4,5,6.4031242374328485,804.9687892234382,,
77.40049770000041,mouse,move,732,86,-2,2,2.8284271247461903,354.06678740787675,,
77.40863809999428,mouse,move,731,86,-1,0,1.0,122.8440863782983,,
77.41652749999776,mouse,move,730,87,-1,1,1.4142135623730951,179.2548941300554,,
77.42467009999382,mouse,move,728,90,-2,3,3.605551275463989,442.8009821441958,,
77.43251619998773,mouse,move,726,91,-2,1,2.23606797749979,284.9910119976385,,
77.44065939998836,mouse,move,724,92,-2,1,2.23606797749979,274.5932774985694,,
77.44864019998931,mouse,move,722,94,-2,2,2.8284271247461903,354.40396005529027,,
77.45663959998637,mouse,move,720,96,-2,2,2.8284271247461903,353.5799092163562,,
77.4647033999936,mouse,move,714,102,-6,6,8.48528137423857,1052.2683308911228,,
77.47280989999126,mouse,move,707,108,-7,6,9.219544457292887,1137.3027150986532,,
77.48063709998678,mouse,move,699,114,-8,6,10.0,1277.5960759564762,,
77.48863009999332,mouse,move,691,122,-8,8,11.313708498984761,1415.4520817882317,,
77.4966807999881,mouse,move,679,132,-12,10,15.620499351813308,1940.2659845648002,,
77.50495079999382,mouse,move,666,143,-13,11,17.029386365926403,2059.176100863577,,
77.51274339998781,mouse,move,653,154,-13,11,17.029386365926403,2185.3279238070245,,
77.52095199999167,mouse,move,641,164,-12,10,15.620499351813308,1902.9431747775086,,
77.52859289999469,mouse,move,624,176,-17,12,20.808652046684813,2723.3247442638844,,
77.53675719999592,mouse,move,610,188,-14,12,18.439088914585774,2258.5021265529226,,
77.54477589999442,mouse,move,591,203,-19,15,24.20743687382041,3018.8729941690826,,
77.55255029999535,mouse,move,570,221,-21,18,27.65863337187866,3557.655043293874,,
77.56070409998938,mouse,move,546,237,-24,16,28.844410203711913,3537.5420325268874,,
77.56864689999202,mouse,move,525,253,-21,16,26.40075756488817,3323.860295628619,,
77.57662859999982,mouse,move,511,262,-14,9,16.64331697709324,2085.18447959971,,
77.5845488999912,mouse,move,494,274,-17,12,20.808652046684813,2627.2555420026138,,
77.59265459999733,mouse,move,480,282,-14,8,16.1245154965971,1989.2810595519097,,
77.60080009998637,mouse,move,468,289,-12,7,13.892443989449804,1705.5360638561851,,
77.60858349999762,mouse,move,457,296,-11,7,13.038404810405298,1675.1554322740274,,
77.61693099999684,mouse,move,446,305,-11,9,14.212670403551895,1702.625984412564,,
77.62460060000012,mouse,move,432,317,-14,12,18.439088914585774,2404.1786933730523,,
77.6329476999963,mouse,move,425,323,-7,6,9.219544457292887,1104.5206672402526,,
77.64069829999062,mouse,move,423,326,-2,3,3.605551275463989,465.19640777544646,,
77.64877799998794,mouse,move,422,327,-1,1,1.4142135623730951,175.03292979212054,,
77.67269919998944,mouse,move,421,328,-1,1,1.4142135623730951,59.11967469377199,,
77.68858889999683,mouse,move,421,330,0,2,2.0,125.86770040149116,,
77.69684009999037,mouse,move,421,331,0,1,1.0,121.19449301715999,,
77.70466469999519,mouse,move,421,332,0,1,1.0,127.80206009041976,,
77.71300919998612,mouse,move,421,334,0,2,2.0,239.6788306279365,,
77.72068199999921,mouse,move,421,335,0,1,1.0,130.33051797167408,,
77.72859229998721,mouse,move,421,337,0,2,2.0,252.83491182819364,,
77.73675369999546,mouse,move,422,340,1,3,3.1622776601683795,387.46754931414745,,
77.7450383999967,mouse,move,423,341,1,1,1.4142135623730951,170.70184341754126,,
77.75272479999694,mouse,move,425,344,2,3,3.605551275463989,469.0819207108629,,
77.76062009998714,mouse,move,431,346,6,2,6.324555320336759,801.0531997758743,,
77.76871329999994,mouse,move,434,349,3,3,4.242640687119285,524.2228884007178,,
77.77673679999134,mouse,move,441,354,7,5,8.602325267042627,1072.141244627389,,
77.78499849999207,mouse,move,444,356,3,2,3.605551275463989,436.41759869581983,,
77.7926671999885,mouse,move,451,359,7,3,7.615773105863909,993.0983229764851,,
77.80077009998786,mouse,move,455,361,4,2,4.47213595499958,551.9179497900806,,
77.8090943999996,mouse,move,462,365,7,4,8.06225774829855,968.5208049844022,,
77.81687049999891,mouse,move,470,370,8,5,9.433981132056603,1213.2021364029526,,
77.82477989999461,mouse,move,475,373,5,3,5.830951894845301,737.2179808857496,,
77.83271719999902,mouse,move,483,377,8,4,8.94427190999916,1126.8657988264088,,
77.84081569999398,mouse,move,490,379,7,2,7.280109889280518,898.9454706196411,,
77.84872809999797,mouse,move,497,383,7,4,8.06225774829855,1018.9396067229559,,
77.85666489999858,mouse,move,505,385,8,2,8.246211251235321,1038.9843829508895,,
77.86489139999321,mouse,move,512,389,7,4,8.06225774829855,980.0349788557442,,
77.87252969999099,mouse,move,518,391,6,2,6.324555320336759,828.0056193361496,,
77.88064869999653,mouse,move,522,393,4,2,4.47213595499958,550.823494512913,,
77.8886644999875,mouse,move,526,395,4,2,4.47213595499958,557.9151126570868,,
77.89667019998888,mouse,move,527,396,1,1,1.4142135623730951,176.6508315487594,,
77.90462049999041,mouse,move,528,397,1,1,1.4142135623730951,177.88178585704733,,
77.91316709999228,mouse,move,530,399,2,2,2.8284271247461903,330.941792540808,,
77.92898719999357,mouse,move,531,399,1,0,1.0,63.210725590755594,,
77.93668269999034,mouse,move,531,400,0,1,1.0,129.9460724344854,,
77.94457369999145,mouse,move,532,403,1,3,3.1622776601683795,400.74485613025865,,
77.95260520000011,mouse,move,533,403,1,0,1.0,124.50974275319423,,
78.01656729998649,mouse,move,534,404,1,1,1.4142135623730951,22.110180289173655,,
78.0330968999915,mouse,move,534,406,0,2,2.0,120.99506336470537,,
78.14473989998805,mouse,scroll,534,406,0,-1,,,,
78.18483719999494,mouse,scroll,534,406,0,-1,,,,
78.40072479999799,mouse,move,534,408,0,2,2.0,5.440283503958034,,
78.40908619998663,mouse,move,534,411,0,3,3.0,358.79159041243093,,
78.41648949999944,mouse,move,534,412,0,1,1.0,135.07489879777177,,
78.42476159999205,mouse,move,534,413,0,1,1.0,120.888287241863,,
78.43291539998609,mouse,move,532,415,-2,2,2.8284271247461903,346.88453565402466,,
78.44046469999012,mouse,move,530,416,-2,1,2.23606797749979,296.1954057073142,,
78.44859279999218,mouse,move,529,416,-1,0,1.0,123.02998237540905,,
78.45646909999778,mouse,move,528,417,-1,1,1.4142135623730951,179.55303395872795,,
78.46471849999216,mouse,move,525,417,-3,0,3.0,363.6628120884535,,
78.47251169999072,mouse,move,525,417,0,0,0.0,0.0,,
78.49675529998785,mouse,move,524,417,-1,0,1.0,41.24799947690032,,
78.51266719998966,mouse,move,522,417,-2,0,2.0,125.6920920677222,,
78.53659229999175,mouse,move,522,417,0,0,0.0,0.0,,
78.61684799999057,mouse,scroll,522,417,0,1,,,,
78.66476269999112,mouse,scroll,522,417,0,1,,,,
79.13685379999515,mouse,scroll,522,417,0,1,,,,
79.16882110000006,mouse,scroll,522,417,0,1,,,,
79.17660349998914,mouse,move,521,417,-1,0,1.0,1.5624726567348821,,
79.20107529999223,mouse,scroll,521,417,0,1,,,,
79.24885749998793,mouse,scroll,521,417,0,1,,,,
79.51256379998813,mouse,move,522,414,1,-3,3.1622776601683795,9.412652805042471,,
79.52044069999829,mouse,move,525,412,3,-2,3.605551275463989,457.7373422048394,,
79.52847069999552,mouse,move,530,409,5,-3,5.830951894845301,726.1459398323587,,
79.5365279999969,mouse,move,535,406,5,-3,5.830951894845301,723.6855887014966,,
79.54462609998882,mouse,move,542,402,7,-4,8.06225774829855,995.5739934491708,,
79.55244229998789,mouse,move,551,397,9,-5,10.295630140987,1317.2168243151764,,
79.56049879999773,mouse,move,565,392,14,-5,14.866068747318506,1845.2266777329692,,
79.5684479999909,mouse,move,590,382,25,-10,26.92582403567252,3387.236962062834,,
79.57652459999372,mouse,move,629,362,39,-20,43.829214001622255,5426.691180236801,,
79.58449719999044,mouse,move,678,343,49,-19,52.55473337388365,6591.918997003284,,
79.59248229999503,mouse,move,734,317,56,-26,61.741396161732524,7732.075506411767,,
79.60052209999412,mouse,move,785,298,51,-19,54.42425929675111,6769.354872368428,,
79.60867659999349,mouse,move,838,274,53,-24,58.180752831155424,7134.8032173270985,,
79.61653599998681,mouse,move,884,246,46,-28,53.85164807134504,6851.87776638202,,
79.62502389999281,mouse,move,940,219,56,-27,62.16912416947821,7324.441160417941,,
79.63240759998735,mouse,move,1007,183,67,-36,76.05918747922567,10300.95853508784,,
79.64061550000042,mouse,move,1067,151,60,-32,68.0,8284.701311135379,,
79.64859849998902,mouse,move,1117,120,50,-31,58.83026432033091,7369.443117167954,,
79.65654879999056,mouse,move,1154,96,37,-24,44.10215414239989,5547.231442066474,,
79.66487649999908,mouse,move,1175,82,21,-14,25.238858928247925,3030.7118294872344,,
79.67287959999521,mouse,move,1186,74,11,-8,13.601470508735444,1699.5252483801344,,
79.68092959999922,mouse,move,1192,69,6,-5,7.810249675906654,970.2173505616444,,
79.69012289999228,mouse,move,1193,67,1,-2,2.23606797749979,243.2280007384011,,
79.73678319998726,mouse,move,1193,67,0,0,0.0,0.0,,
79.7447577999992,mouse,move,1187,69,-6,2,6.324555320336759,793.08746656391,,
79.75278989999788,mouse,move,1182,70,-5,1,5.0990195135927845,634.8301831943734,,
79.76070879999315,mouse,move,1176,72,-6,2,6.324555320336759,798.6658909836697,,
79.76849369998672,mouse,move,1171,74,-5,2,5.385164807134504,691.7448922381327,,
79.77640459999384,mouse,move,1160,77,-11,3,11.40175425099138,1441.2714407629637,,
79.78440469999623,mouse,move,1150,78,-10,1,10.04987562112089,1256.2187495302483,,
79.79246159999457,mouse,move,1135,84,-15,6,16.15549442140351,2005.1749959336787,,
79.80051349999849,mouse,move,1117,85,-18,1,18.027756377319946,2238.9443943097394,,
79.8084203999897,mouse,move,1097,89,-20,4,20.396078054371138,2579.529028701384,,
79.81640929999412,mouse,move,1076,91,-21,2,21.095023109728988,2640.541638780891,,
79.82441829999152,mouse,move,1058,91,-18,0,18.0,2247.4715951856538,,
79.83242149998841,mouse,move,1035,91,-23,0,23.0,2873.850460931988,,
79.84044749999885,mouse,move,1011,91,-24,0,24.0,2990.28158096264,,
79.84853599999042,mouse,move,990,91,-21,0,21.0,2596.278669948722,,
79.85641689998738,mouse,move,970,91,-20,0,20.0,2537.781218859365,,
79.86441059999925,mouse,move,955,91,-15,0,15.0,1876.4777234238716,,
79.87350489999517,mouse,move,943,87,-12,-4,12.649110640673518,1390.8833716003285,,
79.88055969998823,mouse,move,934,83,-9,-4,9.848857801796104,1396.05060547275,,
79.888644199993,mouse,move,931,82,-3,-1,3.1622776601683795,391.15315211855864,,
79.92839299999468,mouse,move,930,81,-1,-1,1.4142135623730951,35.578773757018936,,
80.0564008999936,mouse,move,930,82,0,1,1.0,7.812017852089103,,
80.06433989999641,mouse,move,931,86,1,4,4.123105625617661,519.3482332988849,,
80.07239219998883,mouse,move,933,91,2,5,5.385164807134504,668.7734948036824,,
80.08044919998792,mouse,move,937,97,4,6,7.211102550927978,895.0108665427391,,
80.08863790000032,mouse,move,938,102,1,5,5.0990195135927845,622.6897438999214,,
80.09634749998804,mouse,move,939,109,1,7,7.0710678118654755,917.1770031036995,,
80.10443729998951,mouse,move,941,115,2,6,6.324555320336759,781.7937797209453,,
80.1122786999913,mouse,move,941,119,0,4,4.0,510.1129899114868,,
80.12038229999598,mouse,move,942,122,1,3,3.1622776601683795,390.2312130829523,,
80.12829949999286,mouse,move,942,124,0,2,2.0,252.61456080276136,,
80.13658889998624,mouse,move,943,126,1,2,2.23606797749979,269.7502809958987,,
80.1528924999875,mouse,move,943,128,0,2,2.0,122.67229322632936,,
80.19244590000017,mouse,move,944,128,1,0,1.0,25.282276610349875,,
80.29663019999862,mouse,click_press,944,128,,,,,,
80.44866669998737,mouse,click_release,944,128,,,,,,
80.52042419998907,mouse,move,944,129,0,1,1.0,3.0489822041087646,,
80.52841509999416,mouse,move,944,130,0,1,1.0,125.1423493426381,,
80.53642439999385,mouse,move,944,131,0,1,1.0,124.85485623454309,,
80.54445569998643,mouse,move,944,132,0,1,1.0,124.51284361482867,,
80.55240709999634,mouse,move,944,133,0,1,1.0,125.7640162428026,,
80.56042529999104,mouse,move,945,135,1,2,2.23606797749979,278.87405888845035,,
80.56854719998955,mouse,move,946,136,1,1,1.4142135623730951,174.12348867036602,,
80.57631669999682,mouse,move,946,137,0,1,1.0,128.70841097421743,,
80.58433309999236,mouse,move,948,139,2,2,2.8284271247461903,352.8300891072948,,
80.59235799999442,mouse,move,951,142,3,3,4.242640687119285,528.6845550763766,,
80.60042399998929,mouse,move,951,143,0,1,1.0,123.97718827623163,,
80.60838659999717,mouse,move,954,145,3,2,3.605551275463989,452.8107994741784,,
80.61640129999432,mouse,move,957,147,3,2,3.605551275463989,449.86727846921474,,
80.62438419999671,mouse,move,961,150,4,3,5.0,626.3387989957963,,
80.6324353999953,mouse,move,967,155,6,5,7.810249675906654,970.072744097066,,
80.64044939998712,mouse,move,978,163,11,8,13.601470508735444,1697.2136913679892,,
80.64838779999991,mouse,move,992,173,14,10,17.204650534085253,2167.269286804065,,
80.65649259999918,mouse,move,1013,188,21,15,25.80697580112788,3184.159486161478,,
80.66440489998786,mouse,move,1047,211,34,23,41.048751503547585,5187.967033896803,,
80.6724014999927,mouse,move,1082,237,35,26,43.60045871318328,5452.374595049143,,
80.68065339999157,mouse,move,1121,257,39,20,43.829214001622255,5311.408767391193,,
80.68932009999116,mouse,move,1189,279,68,22,71.47027354082255,8246.538306872231,,
80.69689359999029,mouse,move,1273,300,84,21,86.58521813797087,11432.655726938518,,
80.704814599987,mouse,move,1362,311,89,11,89.67719888578144,11321.449175986736,,
80.71255529999326,mouse,move,1469,325,107,14,107.91200118615167,13940.85820390808,,
80.72077799998806,mouse,move,1577,333,108,8,108.29589096544707,13170.356577996043,,
80.72880769999756,mouse,move,1672,333,95,0,95.0,11831.07711216939,,
80.73696789999667,mouse,move,1763,333,91,0,91.0,11151.687459855932,,
80.7446845999948,mouse,move,1854,333,91,0,91.0,11792.605650353655,,
80.75270959999762,mouse,move,1932,333,78,0,78.0,9719.626164812134,,
80.76149330000044,mouse,move,1987,333,55,0,55.0,6261.598185539505,,
80.76874919999682,mouse,move,1969,333,-18,0,18.0,2480.739812976954,,
80.77668229999836,mouse,move,1940,333,-29,0,29.0,3655.5697009215196,,
80.78460819998872,mouse,move,1931,333,-9,0,9.0,1135.5177343817845,,
80.79359429999022,mouse,move,1922,335,-9,2,9.219544457292887,1025.978395050202,,
80.81663560000015,mouse,move,1919,335,-3,0,3.0,130.20098686733434,,
80.82473239999672,mouse,move,1914,338,-5,3,5.830951894845301,720.155110329879,,
80.83248939999612,mouse,move,1899,344,-15,6,16.15549442140351,2082.698778219765,,
80.84055009999429,mouse,move,1871,356,-28,12,30.463092423455635,3779.211784383256,,
80.84850339998957,mouse,move,1834,366,-37,10,38.3275357934736,4819.07331751911,,
80.85679739998886,mouse,move,1797,377,-37,11,38.600518131237564,4654.029193937108,,
80.86475319998863,mouse,move,1755,392,-42,15,44.598206241955516,5605.747535544211,,
80.87266649999947,mouse,move,1717,405,-38,13,40.162171256046406,5075.274689576236,,
80.88074349999079,mouse,move,1674,427,-43,22,48.30113870293329,5980.084035515251,,
80.8890481999988,mouse,move,1632,447,-42,20,46.51881339845203,5601.504371449421,,
80.8966747999948,mouse,move,1595,471,-37,24,44.10215414239989,5782.675656979801,,
80.90485149998858,mouse,move,1554,501,-41,30,50.80354318352215,6213.208656567035,,
80.9127002999885,mouse,move,1515,533,-39,32,50.44799302251776,6427.478470980755,,
80.92077629998676,mouse,move,1478,575,-37,42,55.97320787662612,6930.80830717217,,
80.92859479998879,mouse,move,1450,607,-28,32,42.5205832509386,5438.457919024356,,
80.93664759999956,mouse,move,1425,638,-25,31,39.824615503479755,4945.437046766443,,
80.94452479999745,mouse,move,1405,669,-20,31,36.89173349139343,4683.356205410948,,
80.95249029999832,mouse,move,1389,690,-16,21,26.40075756488817,3314.387993474817,,
80.96043579999241,mouse,move,1379,704,-10,14,17.204650534085253,2165.332647017139,,
80.96895389999554,mouse,move,1370,718,-9,14,16.64331697709324,1953.8766827083493,,
80.97670639998978,mouse,move,1367,724,-3,6,6.708203932499369,865.2955740062781,,
80.98473679999006,mouse,move,1366,729,-1,5,5.0990195135927845,634.9645737964661,,
80.99264749999566,mouse,move,1362,735,-4,6,7.211102550927978,911.563141798736,,
81.00044029999117,mouse,move,1362,737,0,2,2.0,256.6471616301475,,
81.0084627999895,mouse,move,1361,739,-1,2,2.23606797749979,278.7245843520651,,
81.1206533999939,mouse,move,1361,740,0,1,1.0,8.91340272679541,,
81.12872749999224,mouse,move,1359,740,-2,0,2.0,247.70562668426442,,
81.13666019999073,mouse,move,1358,740,-1,0,1.0,126.06048384410974,,
81.14462799999455,mouse,move,1356,740,-2,0,2.0,251.0103164034882,,
81.18452799999795,mouse,move,1355,740,-1,0,1.0,25.062656639468766,,
81.2248372999893,mouse,move,1355,740,0,0,0.0,0.0,,
81.23280529999465,mouse,move,1356,734,1,-6,6.082762530298219,763.3989114225797,,
81.24085799999011,mouse,move,1357,727,1,-7,7.0710678118654755,878.0989998201914,,
81.24868900000001,mouse,move,1363,717,6,-10,11.661903789690601,1489.1972640717945,,
81.256741899997,mouse,move,1371,704,8,-13,15.264337522473747,1895.5081434256863,,
81.26477539999178,mouse,move,1388,691,17,-13,21.400934559032695,2663.961482907358,,
81.27269199999864,mouse,move,1405,678,17,-13,21.400934559032695,2703.298706575252,,
81.28059749999375,mouse,move,1430,661,25,-17,30.23243291566195,3824.2278077775254,,
81.28858860000037,mouse,move,1450,647,20,-14,24.413111231467404,3055.03763076946,,
81.29660370000056,mouse,move,1471,634,21,-13,24.698178070456937,3081.456010512802,,
81.30460299999686,mouse,move,1485,624,14,-10,17.204650534085253,2150.769510087609,,
81.31260379999003,mouse,move,1501,614,16,-10,18.867962264113206,2358.2594590817557,,
81.3204909999913,mouse,move,1518,603,17,-11,20.248456731316587,2567.2553920321197,,
81.3285756999976,mouse,move,1533,596,15,-7,16.55294535724685,2047.4408876472883,,
81.33655909998924,mouse,move,1546,589,13,-7,14.7648230602334,1849.440473443184,,
81.34455739999248,mouse,move,1553,584,7,-5,8.602325267042627,1075.5192057763616,,
81.35259719999158,mouse,move,1557,583,4,-1,4.123105625617661,512.8368399812239,,
81.36060799998813,mouse,move,1558,582,1,-1,1.4142135623730951,176.53836857508563,,
81.38456039999437,mouse,move,1557,581,-1,-1,1.4142135623730951,59.042666371838315,,
81.3927057999972,mouse,move,1554,580,-3,-1,3.1622776601683795,388.22865164007584,,
81.40066299999307,mouse,move,1544,579,-10,-1,10.04987562112089,1262.991457589979,,
81.40873859998828,mouse,move,1527,577,-17,-2,17.11724276862369,2119.6248921168726,,
81.41671349998796,mouse,move,1499,574,-28,-3,28.160255680657446,3531.1108204220895,,
81.42471579999255,mouse,move,1455,574,-44,0,44.0,5498.419201324054,,
81.4327515999903,mouse,move,1387,574,-68,0,68.0,8462.131961858815,,
81.44064269999217,mouse,move,1313,574,-74,0,74.0,9377.653303399735,,
81.44870559999254,mouse,move,1221,574,-92,0,92.0,11410.286620917812,,
81.45665559999179,mouse,move,1117,574,-104,0,104.0,13081.761007515304,,
81.46522329999425,mouse,move,1005,578,-112,4,112.0714058089752,13080.687439664249,,
81.47275269999227,mouse,move,875,595,-130,17,131.10682667199293,17412.6526292219,,
81.48058069999388,mouse,move,749,606,-126,11,126.4792473095883,16157.287593713078,,
81.48916249998729,mouse,move,630,620,-119,14,119.82069938036582,13962.187358410332,,
81.49695589998737,mouse,move,500,634,-130,14,130.75167302944922,16777.231122240355,,
81.5046610999998,mouse,move,387,656,-113,22,115.12167476196652,14940.77695275163,,
81.51260639999236,mouse,move,297,670,-90,14,91.0823802938856,11463.680462544304,,
81.52099419999286,mouse,move,221,682,-76,12,76.94153624668537,9173.029428715081,,
81.52901220000058,mouse,move,160,697,-61,15,62.81719509815764,7834.521705867803,,
81.53662229998736,mouse,move,119,710,-41,13,43.01162633521314,5651.9134321421225,,
81.54461829998763,mouse,move,105,718,-14,8,16.1245154965971,2016.5727233668317,,
81.55274479999207,mouse,move,99,731,-6,13,14.317821063276353,1761.8680927163307,,
81.56066759998794,mouse,move,99,744,0,13,13.0,1640.8340494245329,,
81.56863859998703,mouse,move,104,763,5,19,19.6468827043885,2464.795221005622,,
81.57675089999975,mouse,move,128,801,24,38,44.94441010848846,5540.27958014139,,
81.58477419998962,mouse,move,171,843,43,42,60.108235708594876,7491.709868067544,,
81.5926749999926,mouse,move,229,889,58,46,74.02702209328699,9369.560305974559,,
81.60061989999667,mouse,move,287,937,58,48,75.28612089887484,9476.031272922659,,
81.60857969999779,mouse,move,361,979,74,42,85.0881895447306,10689.739633255342,,
81.61657469999045,mouse,move,427,1015,66,36,75.17978451685,9403.350167086868,,
81.62466759998642,mouse,move,489,1040,62,25,66.85057965343307,8260.39858230086,,
81.6326842999988,mouse,move,564,1066,75,26,79.37883848986453,9901.68502841768,,
81.64067559999239,mouse,move,631,1078,67,12,68.06614430096654,8517.530859253455,,
81.64866529998835,mouse,move,681,1090,50,12,51.419840528729765,6435.766118218401,,
81.65659219998633,mouse,move,743,1075,62,-15,63.788713735268246,8047.119775889472,,
81.66462279998814,mouse,move,807,1075,64,0,64.0,7969.516597219835,,
81.67262469998968,mouse,move,872,1079,65,4,65.12296062065974,8138.437197175958,,
81.68075569999928,mouse,move,922,1073,50,-6,50.35871324805669,6193.4218655283385,,
81.68871379998745,mouse,move,981,1063,59,-10,59.841457201508724,7519.5658876420775,,
81.69652839998889,mouse,move,996,1061,15,-2,15.132745950421556,1936.4709579039109,,
81.70465219998732,mouse,move,1019,1049,23,-12,25.942243542145693,3193.363148669408,,
81.71348109999963,mouse,move,1049,1033,30,-16,34.0,3850.9893591066993,,
81.721063399993,mouse,move,1062,1021,13,-12,17.69180601295413,2333.30335497354,,
81.7287370999984,mouse,move,1064,1010,2,-11,11.180339887498949,1456.9685913749613,,
81.73682599999302,mouse,move,1064,1000,0,-10,10.0,1236.262038924111,,
81.74465729999065,mouse,move,1064,987,0,-13,13.0,1660.005363595916,,
81.7527221999917,mouse,move,1055,975,-9,-12,15.0,1859.9114679730442,,
81.76066679999349,mouse,move,1043,966,-12,-9,15.0,1888.0749183868,,
81.76884999999311,mouse,move,1029,955,-14,-11,17.804493814764857,2175.7373418209454,,
81.77674029998889,mouse,move,1016,948,-13,-7,14.7648230602334,1871.2625715285715,,
81.78478789998917,mouse,move,992,943,-24,-5,24.515301344262525,3046.287258736024,,
81.79254629999923,mouse,move,957,926,-35,-17,38.91015291668744,5015.229024828181,,
81.80069309999817,mouse,move,920,918,-37,-8,37.8549864614954,4646.608050574575,,
81.80874839999888,mouse,move,892,918,-28,0,28.0,3475.97234088697,,
81.81663519999711,mouse,move,865,918,-27,0,27.0,3423.4417008231585,,
81.82474759999604,mouse,move,838,918,-27,0,27.0,3328.2382529882248,,
81.83264039999631,mouse,move,820,918,-18,0,18.0,2280.559497187228,,
81.84060789999785,mouse,move,805,918,-15,0,15.0,1882.6482581861565,,
81.84904439999082,mouse,move,796,918,-9,0,9.0,1066.793102293858,,
81.85665999999037,mouse,move,793,918,-3,0,3.0,393.9282525573664,,
81.86477639999066,mouse,move,792,918,-1,0,1.0,123.20733329607562,,
81.90471229999093,mouse,move,790,918,-2,0,2.0,50.0802536060616,,
81.91259749999153,mouse,move,790,919,0,1,1.0,126.81986505399931,,
81.92059479998716,mouse,move,789,919,-1,0,1.0,125.0422018115314,,
81.92862789999344,mouse,move,785,923,-4,4,5.656854249492381,704.1931813453247,,
81.93663269998797,mouse,move,778,928,-7,5,8.602325267042627,1074.6458715930164,,
81.94474329998775,mouse,move,768,936,-10,8,12.806248474865697,1578.9520473467296,,
81.9528125999932,mouse,move,752,948,-16,12,20.0,2478.529734487969,,
81.96084089999204,mouse,move,724,970,-28,22,35.608987629529715,4435.433109708068,,
81.96880239999155,mouse,move,698,994,-26,24,35.38361202590826,4444.339889227587,,
81.97672439999587,mouse,move,676,1022,-22,28,35.608987629529715,4494.949206018206,,
81.98465809998743,mouse,move,655,1047,-21,25,32.64965543462902,4115.312586735931,,
81.99270659999456,mouse,move,634,1069,-21,22,30.4138126514911,3778.8174969907136,,
82.00063959999534,mouse,move,615,1094,-19,25,31.400636936215164,3958.2297911438804,,
82.00868159999663,mouse,move,595,1101,-20,7,21.18962010041709,2634.8694475256457,,
82.01673939998727,mouse,move,580,1097,-15,-4,15.524174696260024,1926.6021388339952,,
82.02449849998811,mouse,move,568,1092,-12,-5,13.0,1675.4520496698271,,
82.03267399998731,mouse,move,555,1090,-13,-2,13.152946437965905,1608.8247127707748,,
82.0404497999989,mouse,move,543,1087,-12,-3,12.36931687685298,1590.7452427302624,,
82.04841189998842,mouse,move,533,1086,-10,-1,10.04987562112089,1262.2141940367717,,
82.05644969998684,mouse,move,528,1082,-5,-4,6.4031242374328485,796.6264697668552,,
82.06451679999009,mouse,move,522,1083,-6,1,6.082762530298219,754.0209651363198,,
82.07258529998944,mouse,move,516,1082,-6,-1,6.082762530298219,753.8901320921469,,
82.0803933999996,mouse,move,513,1080,-3,-2,3.605551275463989,461.77063187921584,,
82.08847189998778,mouse,move,512,1080,-1,0,1.0,123.78535637336925,,
82.09646169999905,mouse,move,512,1079,0,-1,1.0,125.15957828594168,,
82.10448749999341,mouse,move,509,1079,-3,0,3.0,373.7945129593746,,
82.1123907000001,mouse,move,508,1079,-1,0,1.0,126.53102530024975,,
82.12043789999734,mouse,move,504,1078,-4,-1,4.123105625617661,512.3652484135882,,
82.12842969999474,mouse,move,502,1076,-2,-2,2.8284271247461903,353.9161547669933,,
82.13641049999569,mouse,move,498,1073,-4,-3,5.0,626.5036085861551,,
82.14446250000037,mouse,move,493,1066,-5,-7,8.602325267042627,1068.346406115361,,
82.15243449999252,mouse,move,487,1052,-6,-14,15.231546211727817,1910.6304850382228,,
82.16048639999644,mouse,move,483,1037,-4,-15,15.524174696260024,1928.0138462600894,,
82.16846309999528,mouse,move,479,1020,-4,-17,17.46424919657298,2189.407800108242,,
82.17648329999065,mouse,move,476,994,-3,-26,26.1725046566048,3263.3231929015546,,
82.18451289999939,mouse,move,476,966,0,-28,28.0,3487.0977345723886,,
82.19241499999771,mouse,move,476,939,0,-27,27.0,3416.813252900503,,
82.20082369999727,mouse,move,476,905,0,-34,34.0,4043.4312083634068,,
82.20847889999277,mouse,move,476,881,0,-24,24.0,3135.1238392356445,,
82.21643419998873,mouse,move,482,857,6,-24,24.73863375370596,3109.704695772827,,
82.22454969999671,mouse,move,487,842,5,-15,15.811388300841896,1948.2950262186175,,
82.23249649998615,mouse,move,497,825,10,-17,19.72308292331602,2481.889936769969,,
82.24055089999456,mouse,move,506,815,9,-10,13.45362404707371,1670.3446604384046,,
82.24843779999355,mouse,move,515,804,9,-11,14.212670403551895,1802.0604299998054,,
82.25645319999603,mouse,move,528,792,13,-12,17.69180601295413,2207.2268392700685,,
82.26442729998962,mouse,move,542,783,14,-9,16.64331697709324,2087.1718426497537,,
82.27242269999988,mouse,move,553,776,11,-7,13.038404810405298,1630.7382737168537,,
82.28048309999576,mouse,move,566,769,13,-7,14.7648230602334,1831.772997341709,,
82.28855559999647,mouse,move,584,763,18,-6,18.973665961010276,2350.407675360377,,
82.29644009999174,mouse,move,601,757,17,-6,18.027756377319946,2286.480612357575,,
82.3044358999905,mouse,move,625,752,24,-5,24.515301344262525,3066.022330234192,,
82.31243539998832,mouse,move,648,747,23,-5,23.53720459187964,2942.334470690215,,
82.32045559999824,mouse,move,675,747,27,0,27.0,3366.4995843735546,,
82.32852129999083,mouse,move,699,747,24,0,24.0,2975.563190059612,,
82.33643939999456,mouse,move,729,752,30,5,30.4138126514911,3841.0493220777907,,
82.34443669999018,mouse,move,749,758,20,6,20.8806130178211,2610.957826922876,,
82.35243109999283,mouse,move,769,768,20,10,22.360679774997898,2797.042900980862,,
82.3606393999944,mouse,move,792,782,23,14,26.92582403567252,3280.3167562738136,,
82.36866399999417,mouse,move,809,793,17,11,20.248456731316587,2523.2979502895196,,
82.3765568999952,mouse,move,824,807,15,14,20.518284528683193,2599.5875439976517,,
82.38440249999985,mouse,move,847,830,23,23,32.526911934581186,4145.879463045925,,
82.39241099999344,mouse,move,868,852,21,22,30.4138126514911,3797.691537219363,,
82.40035799999896,mouse,move,883,873,15,21,25.80697580112788,3247.3859045196423,,
82.40845509999781,mouse,move,896,891,13,18,22.20360331117452,2742.167357983665,,
82.41651019999699,mouse,move,905,905,9,14,16.64331697709324,2066.1837815522595,,
82.42438689999108,mouse,move,907,916,2,11,11.180339887498949,1419.4192867437262,,
82.43248219999077,mouse,move,910,928,3,12,12.36931687685298,1527.9627533653595,,
82.44042029998673,mouse,move,910,935,0,7,7.0,881.8231067343431,,
82.44834859999537,mouse,move,910,941,0,6,6.0,756.782663806719,,
82.4563221999997,mouse,move,906,946,-4,5,6.4031242374328485,803.0405631022961,,
82.46433889999753,mouse,move,898,954,-8,8,11.313708498984761,1411.26754176342,,
82.47253029998683,mouse,move,892,965,-6,11,12.529964086141668,1529.6486684215502,,
82.48077479998756,mouse,move,884,970,-8,5,9.433981132056603,1144.275714867273,,
82.48842759999388,mouse,move,875,979,-9,9,12.727922061357855,1663.171917577377,,
82.49646639999992,mouse,move,864,985,-11,6,12.529964086141668,1558.685883059261,,
82.50440229999367,mouse,move,852,992,-12,7,13.892443989449804,1750.5820386325374,,
82.51239299999725,mouse,move,839,993,-13,1,13.038404810405298,1631.6974488558735,,
82.52041469998949,mouse,move,813,994,-26,1,26.019223662515376,3243.604683256842,,
82.52846329999738,mouse,move,779,994,-34,0,34.0,4224.33714765839,,
82.5363847999979,mouse,move,728,994,-51,0,51.0,6438.1745877230605,,
82.54441219998989,mouse,move,666,973,-62,-21,65.45991139621256,8154.55956617899,,
82.55240609998873,mouse,move,637,960,-29,-13,31.78049716414141,3975.5935361668803,,
82.56034449998697,mouse,move,621,944,-16,-16,22.627416997969522,2850.3750129737728,,
82.56846679998853,mouse,move,603,929,-18,-15,23.430749027719962,2884.7431174938624,,
82.57641069999954,mouse,move,592,918,-11,-11,15.556349186104045,1958.2760564124944,,
82.58435199999076,mouse,move,586,910,-6,-8,10.0,1259.2396724793823,,
82.59236979999696,mouse,move,580,898,-6,-12,13.416407864998739,1673.3278274119048,,
82.60040989999834,mouse,move,579,891,-1,-7,7.0710678118654755,879.4751073557686,,
82.60835289998795,mouse,move,579,881,0,-10,10.0,1258.9701640540934,,
82.61634569999296,mouse,move,579,871,0,-10,10.0,1251.1260126273585,,
82.62435389999882,mouse,move,580,859,1,-12,12.041594578792296,1503.6580717239026,,
82.63241179999022,mouse,move,584,845,4,-14,14.560219778561036,1806.9496759827637,,
82.64031689999683,mouse,move,588,833,4,-12,12.649110640673518,1600.1202552904422,,
82.64841889998934,mouse,move,593,820,5,-13,13.92838827718412,1719.1296334324222,,
82.6564112999913,mouse,move,598,809,5,-11,12.083045973594572,1511.8169724513707,,
82.66442079999251,mouse,move,607,797,9,-12,15.0,1872.7760781244556,,
82.67244219999702,mouse,move,612,789,5,-8,9.433981132056603,1176.1015691467417,,
82.68034949999128,mouse,move,618,778,6,-11,12.529964086141668,1584.6071472234705,,
82.68830289998732,mouse,move,623,774,5,-4,6.4031242374328485,805.0801217869908,,
82.69633129998692,mouse,move,626,771,3,-3,4.242640687119285,528.4540739536197,,
82.7043779999949,mouse,move,630,766,4,-5,6.4031242374328485,795.7453653152537,,
82.71242779999739,mouse,move,631,766,1,0,1.0,124.22668882353545,,
82.72047899999598,mouse,move,633,764,2,-2,2.8284271247461903,351.30503840936416,,
82.7285383999988,mouse,move,634,763,1,-1,1.4142135623730951,175.4738022530241,,
82.86464459999115,mouse,click_press,634,763,,,,,,
83.03261959999509,mouse,click_release,634,763,,,,,,
83.32850309999776,mouse,move,635,763,1,0,1.0,1.666764727994376,,
83.34469529999478,mouse,move,641,762,6,-1,6.082762530298219,375.66004195952394,,
83.35258419999445,mouse,move,655,755,14,-7,15.652475842498529,1984.1138616476223,,
83.36057549998804,mouse,move,677,747,22,-8,23.40939982143925,2929.3606597440216,,
83.36862869998731,mouse,move,706,734,29,-13,31.78049716414141,3946.3191237064934,,
83.37652199999138,mouse,move,735,720,29,-14,32.202484376209235,4079.7238619591567,,
83.38456519998726,mouse,move,777,705,42,-15,44.598206241955516,5544.833681220139,,
83.39258119999431,mouse,move,816,685,39,-20,43.829214001622255,5467.716312761304,,
83.40070659999037,mouse,move,865,664,49,-21,53.31041174104736,6560.958447201587,,
83.4085567999864,mouse,move,909,649,44,-15,46.486557196677836,5921.70355152713,,
83.41656639998837,mouse,move,947,636,38,-13,40.162171256046406,5014.2543006107,,
83.42455069998687,mouse,move,985,624,38,-12,39.84971769034255,4991.009568508334,,
83.43250879998959,mouse,move,1001,617,16,-7,17.46424919657298,2194.524973372238,,
83.44057389999216,mouse,move,1008,613,7,-4,8.06225774829855,999.6475859854482,,
83.44865949999075,mouse,move,1011,611,3,-2,3.605551275463989,445.9225383509993,,
83.45652979999431,mouse,move,1011,610,0,-1,1.0,127.05995953745519,,
83.54448569999659,mouse,move,1011,610,0,0,0.0,0.0,,
83.55263609999383,mouse,move,1008,609,-3,-1,3.1622776601683795,387.99048650814774,,
83.56072789999598,mouse,move,1006,609,-2,0,2.0,247.16379538162084,,
83.56851159999496,mouse,move,1002,608,-4,-1,4.123105625617661,529.7102439915807,,
83.57658229999652,mouse,move,998,607,-4,-1,4.123105625617661,510.8733597858861,,
83.58476909999445,mouse,move,994,607,-4,0,4.0,488.59139114325944,,
83.59257919999072,mouse,move,992,607,-2,0,2.0,256.078667488681,,
83.60089429999061,mouse,move,987,607,-5,0,5.0,601.3156787129134,,
83.60853759999736,mouse,move,981,607,-6,0,6.0,785.0012422255666,,
83.61661149999418,mouse,move,976,607,-5,0,5.0,619.2794067268202,,
83.62525009999808,mouse,move,973,607,-3,0,3.0,347.2784940434412,,
83.63262720000057,mouse,move,967,607,-6,0,6.0,813.3277301348575,,
83.64067819999764,mouse,move,958,611,-9,4,9.848857801796104,1223.3086331367213,,
83.64860369999951,mouse,move,950,614,-8,3,8.54400374531753,1078.0397127369217,,
83.65755069999432,mouse,move,940,620,-10,6,11.661903789690601,1303.4429190188755,,
83.6645603999932,mouse,move,933,625,-7,5,8.602325267042627,1227.2030569647636,,
83.67264259999502,mouse,move,922,631,-11,6,12.529964086141668,1550.3160133797028,,
83.68058199998632,mouse,move,916,638,-6,7,9.219544457292887,1161.2394472371514,,
83.68867269999464,mouse,move,910,644,-6,6,8.48528137423857,1048.7697437191152,,
83.69661249998899,mouse,move,902,651,-8,7,10.63014581273465,1338.8430212730234,,
83.7046862999996,mouse,move,897,659,-5,8,9.433981132056603,1168.4685178804368,,
83.71273139999539,mouse,move,892,665,-5,6,7.810249675906654,970.8082783292284,,
83.72061229999235,mouse,move,890,668,-2,3,3.605551275463989,457.505015525347,,
83.72870829999738,mouse,move,889,673,-1,5,5.0990195135927845,629.819603560731,,
83.73679759999504,mouse,move,886,677,-3,4,5.0,618.1004538642215,,
83.74479449998762,mouse,move,886,680,0,3,3.0,375.1453691786541,,
83.7528323999868,mouse,move,885,682,-1,2,2.23606797749979,278.19056939345865,,
83.76061899999331,mouse,move,885,683,0,1,1.0,128.4257569624437,,
83.76890169999388,mouse,move,885,684,0,1,1.0,120.73357720694341,,
83.77709139999934,mouse,move,885,686,0,2,2.0,244.2091894290042,,
83.7847449999972,mouse,move,885,687,0,1,1.0,130.6574684173235,,
83.79283779999241,mouse,move,884,690,-1,3,3.1622776601683795,390.7519847320716,,
83.80085089999193,mouse,move,884,694,0,4,4.0,499.182588541447,,
83.80867409998609,mouse,move,880,699,-4,5,6.4031242374328485,818.4789142818577,,
83.81692079998902,mouse,move,870,710,-10,11,14.866068747318506,1802.6687938253865,,
83.82472239999333,mouse,move,857,715,-13,5,13.92838827718412,1785.32458335253,,
83.83299429999897,mouse,move,841,720,-16,5,16.76305461424021,2026.5059542322267,,
83.84063489999971,mouse,move,829,724,-12,4,12.649110640673518,1655.5127397647893,,
83.84891929999867,mouse,move,824,725,-5,1,5.0990195135927845,615.496537375687,,
83.85673829998996,mouse,move,821,726,-3,1,3.1622776601683795,404.4350509902041,,
83.96120130000054,mouse,scroll,821,726,0,-1,,,,
84.00104469999496,mouse,scroll,821,726,0,-1,,,,
84.19278439998743,mouse,move,820,726,-1,0,1.0,2.975782191810928,,
84.20082809998712,mouse,move,820,723,0,-3,3.0,372.9626913131948,,
84.20871359999,mouse,move,820,719,0,-4,4.0,507.260160869499,,
84.21703759999946,mouse,move,820,715,0,-4,4.0,480.5382022414652,,
84.22483389999252,mouse,move,820,710,0,-5,5.0,641.3298621718623,,
84.23268659999303,mouse,move,820,709,0,-1,1.0,127.34473492362459,,
84.24044539999159,mouse,move,820,706,0,-3,3.0,386.65773064888793,,
84.24846449999313,mouse,move,823,701,3,-5,5.830951894845301,727.1329567806952,,
84.2564405999874,mouse,move,831,691,8,-10,12.806248474865697,1605.577723959257,,
84.2644975999865,mouse,move,850,675,19,-16,24.839484696748443,3082.969430250441,,
84.27272869998706,mouse,move,884,652,34,-23,41.048751503547585,4987.031077349002,,
84.28075019999233,mouse,move,931,621,47,-31,56.302753041036986,7018.980615102471,,
84.28852299999562,mouse,move,1001,585,70,-36,78.71467461661771,10126.939401920947,,
84.29666249999718,mouse,move,1070,554,69,-31,75.64390259630977,9293.433574764424,,
84.30467279998993,mouse,move,1133,527,63,-27,68.54195795277518,8556.727964599571,,
84.3126889999985,mouse,move,1206,490,73,-37,81.8413098624405,10209.489505620179,,
84.32079699999304,mouse,move,1271,463,65,-27,70.3846574190711,8680.890166071053,,
84.32882519999112,mouse,move,1334,433,63,-30,69.77822009767804,8691.63948511095,,
84.33653760000016,mouse,move,1393,408,59,-25,64.07807737440318,8308.448381734455,,
84.34473939999589,mouse,move,1435,390,42,-18,45.69463863518345,5571.293942666753,,
84.35255309999047,mouse,move,1463,377,28,-13,30.870698080866262,3950.842507679869,,
84.36049059999641,mouse,move,1489,366,26,-11,28.231188426986208,3556.685153495373,,
84.3688761999947,mouse,move,1499,361,10,-5,11.180339887498949,1333.278464245462,,
84.37666519999038,mouse,move,1502,359,3,-2,3.605551275463989,462.9029756660193,,
84.38461629999802,mouse,move,1503,358,1,-1,1.4142135623730951,177.8638881432552,,
84.3927127999923,mouse,move,1504,357,1,-1,1.4142135623730951,174.66974166270307,,
84.42486649999046,mouse,move,1504,356,0,-1,1.0,31.100619837131358,,
84.43257839999569,mouse,move,1502,355,-2,-1,2.23606797749979,289.9503333785892,,
84.44051190000027,mouse,move,1501,355,-1,0,1.0,126.04777203281253,,
84.45654379999905,mouse,move,1498,355,-3,0,3.0,187.12691572604655,,
84.46456509998825,mouse,move,1497,355,-1,0,1.0,124.66807142819383,,
84.4725075999886,mouse,move,1495,355,-2,0,2.0,251.8098835267087,,
84.4805927999987,mouse,move,1491,355,-4,0,4.0,494.7311130216974,,
84.48860029999923,mouse,move,1489,354,-2,-1,2.23606797749979,279.24670338452086,,
84.4966129999957,mouse,move,1486,352,-3,-2,3.605551275463989,449.97956706880376,,
84.50463749999471,mouse,move,1482,350,-4,-2,4.47213595499958,557.3102318588466,,
84.51249319998897,mouse,move,1480,349,-2,-1,2.23606797749979,284.64274082970303,,
84.52061209999374,mouse,move,1478,348,-2,-1,2.23606797749979,275.4151395121096,,
84.5285229000001,mouse,move,1476,346,-2,-2,2.8284271247461903,357.5399608728954,,
84.53674019999744,mouse,move,1474,343,-2,-3,3.605551275463989,438.7756655629882,,
84.54454229999101,mouse,move,1472,341,-2,-2,2.8284271247461903,362.5212605680036,,
84.55257139999594,mouse,move,1468,333,-4,-8,8.94427190999916,1113.9818789782244,,
84.56049079999502,mouse,move,1465,326,-3,-7,7.615773105863909,961.6603665361805,,
84.56865499999549,mouse,move,1462,319,-3,-7,7.615773105863909,932.8253969072564,,
84.57656599998882,mouse,move,1459,311,-3,-8,8.54400374531753,1080.0156430948539,,
84.58450509999238,mouse,move,1458,307,-1,-4,4.123105625617661,519.3416915978402,,
84.5924903999985,mouse,move,1457,302,-1,-5,5.0990195135927845,638.5507757617007,,
84.6005385999888,mouse,move,1457,301,0,-1,1.0,124.25138555272142,,
84.60870549999527,mouse,move,1457,299,0,-2,2.0,244.89096210496433,,
84.61661739999545,mouse,move,1457,298,0,-1,1.0,126.39189069340068,,
84.62456449998717,mouse,move,1457,297,0,-1,1.0,125.83206465770938,,
84.71259859998827,mouse,move,1457,296,0,-1,1.0,11.359234660064141,,
84.72096459999739,mouse,click_press,1457,296,,,,,,
84.8330777999945,mouse,click_release,1457,296,,,,,,
85.0405475999869,mouse,move,1454,294,-3,-2,3.605551275463989,10.994243847302789,,
85.04850749998877,mouse,move,1436,284,-18,-10,20.591260281974,2586.874241776109,,
85.056622899996,mouse,move,1403,268,-33,-16,36.6742416417845,4519.092294788064,,
85.06451529999322,mouse,move,1362,257,-41,-11,42.44997055358225,5378.588334162959,,
85.0725351999863,mouse,move,1315,241,-47,-16,49.64876634922564,6190.696441604123,,
85.080504499987,mouse,move,1255,229,-60,-12,61.18823416311342,7677.993570046715,,
85.0884900999954,mouse,move,1192,220,-63,-9,63.63961030678928,7969.296012807507,,
85.09651069999381,mouse,move,1144,217,-48,-3,48.093658625644196,5996.266942016112,,
85.10457169999427,mouse,move,1095,211,-49,-6,49.36598018878993,6124.051629576734,,
85.11252769999555,mouse,move,1063,209,-32,-2,32.0624390837628,4029.9697182729547,,
85.12054779999016,mouse,move,1045,207,-18,-2,18.110770276274835,2258.1726273296144,,
85.12856949999696,mouse,move,1030,207,-15,0,15.0,1869.9278192025515,,
85.13648519999697,mouse,move,1023,207,-7,0,7.0,884.3185062583383,,
85.14454789999581,mouse,move,1018,207,-5,0,5.0,620.1396555392172,,
85.15266169999086,mouse,move,1016,207,-2,0,2.0,246.49362829026617,,
85.20051389999571,mouse,move,1015,206,-1,-1,1.4142135623730951,29.553783571698563,,
85.20859799999744,mouse,move,1011,206,-4,0,4.0,494.7984313834257,,
85.21653989999322,mouse,move,1006,206,-5,0,5.0,629.5722689348288,,
85.22453870000027,mouse,move,993,206,-13,0,13.0,1625.2437851366747,,
85.23253529999056,mouse,move,979,206,-14,0,14.0,1750.7440683534792,,
85.24062819998653,mouse,move,966,206,-13,0,13.0,1606.3463043494564,,
85.2485333999939,mouse,move,953,206,-13,0,13.0,1644.487171466565,,
85.25653689999308,mouse,move,939,206,-14,0,14.0,1749.2347099943931,,
85.26496299999417,mouse,move,931,206,-8,0,8.0,949.4309347108025,,
85.27287549999892,mouse,move,922,204,-9,-2,9.219544457292887,1165.1872924813326,,
85.28090030000021,mouse,move,920,204,-2,0,2.0,249.2273950350678,,
85.29677909999737,mouse,move,918,203,-2,-1,2.23606797749979,140.82096744720064,,
85.3126123999973,mouse,move,917,202,-1,-1,1.4142135623730951,89.31893934798403,,
85.32860199999413,mouse,move,917,201,0,-1,1.0,62.54065143583012,,
85.33660969999619,mouse,move,917,200,0,-1,1.0,124.87980315740198,,
85.34459090000018,mouse,move,917,198,0,-2,2.0,250.58888375163178,,
85.35256649999064,mouse,move,917,195,0,-3,3.0,376.14724955975237,,
85.36053209999227,mouse,move,917,193,0,-2,2.0,251.07964241134573,,
85.36862449999899,mouse,move,917,191,0,-2,2.0,247.14546961839582,,
85.3765671000001,mouse,move,917,187,0,-4,4.0,503.6134262632254,,
85.38457499998913,mouse,move,917,184,0,-3,3.0,374.63005333628837,,
85.39252949999354,mouse,move,917,180,0,-4,4.0,502.86001606376306,,
85.40067579998868,mouse,move,917,178,0,-2,2.0,245.5102317855918,,
85.40854330000002,mouse,move,918,176,1,-2,2.23606797749979,284.2158213251713,,
85.41654579999158,mouse,move,918,175,0,-1,1.0,124.96094983497574,,
85.42453259999456,mouse,move,918,174,0,-1,1.0,125.20659082819719,,
85.43250059999991,mouse,move,918,171,0,-3,3.0,376.50602384365277,,
85.44052249999368,mouse,move,919,170,1,-1,1.4142135623730951,176.2940903616878,,
85.44853189999412,mouse,move,919,169,0,-1,1.0,124.85329736862387,,
85.45656419999432,mouse,move,920,168,1,-1,1.4142135623730951,176.06582950570737,,
85.46449439998833,mouse,move,921,166,1,-2,2.23606797749979,281.9686740800475,,
85.47254350000003,mouse,move,923,163,2,-3,3.605551275463989,447.94464849752677,,
85.48049199998786,mouse,move,926,161,3,-2,3.605551275463989,453.614050573444,,
85.48854249999567,mouse,move,930,160,4,-1,4.123105625617661,512.1552228578024,,
85.4964886999951,mouse,move,937,157,7,-3,7.615773105863909,958.416992577112,,
85.50449479999952,mouse,move,944,154,7,-3,7.615773105863909,951.2463123939299,,
85.51255099999253,mouse,move,953,153,9,-1,9.055385138137417,1124.026854596195,,
85.52058729999408,mouse,move,965,150,12,-3,12.36931687685298,1539.1805774383693,,
85.53003189999436,mouse,move,977,148,12,-2,12.165525060596439,1288.0932024899973,,
85.53675929999736,mouse,move,992,144,15,-4,15.524174696260024,2307.603931583478,,
85.54501779998827,mouse,move,1010,142,18,-2,18.110770276274835,2192.9854448381884,,
85.55259739999019,mouse,move,1037,139,27,-3,27.16615541441225,3584.114650844025,,
85.56072199999471,mouse,move,1063,134,26,-5,26.476404589747453,3258.794842209314,,
85.57007579998753,mouse,move,1098,130,35,-4,35.22782990761707,3766.15171744602,,
85.57672249998723,mouse,move,1125,125,27,-5,27.459060435491963,4131.2321056711935,,
85.58480709999276,mouse,move,1141,123,16,-2,16.1245154965971,1994.472884937326,,
85.59273019999091,mouse,move,1155,122,14,-1,14.035668847618199,1771.4870253931053,,
85.60071079999034,mouse,move,1165,119,10,-3,10.44030650891055,1308.2107247148228,,
85.60864500000025,mouse,move,1169,118,4,-1,4.123105625617661,519.6624260122194,,
85.840684099996,mouse,click_press,1169,118,,,,,,
85.93665079999482,mouse,click_release,1169,118,,,,,,
86.04043639999873,mouse,move,1170,118,1,0,1.0,2.3159331103017204,,
86.04841059999308,mouse,move,1168,120,-2,2,2.8284271247461903,354.6972896027128,,
86.05645539998659,mouse,move,1166,120,-2,0,2.0,248.60779654095577,,
86.06441979999363,mouse,move,1160,123,-6,3,6.708203932499369,842.2736083784794,,
86.07239039998967,mouse,move,1150,127,-10,4,10.770329614269007,1351.2570721923935,,
86.0804150999902,mouse,move,1141,129,-9,2,9.219544457292887,1148.8958411754504,,
86.08838649999234,mouse,move,1131,132,-10,3,10.44030650891055,1309.7205642817528,,
86.09632209999836,mouse,move,1122,133,-9,1,9.055385138137417,1141.1090694170778,,
86.10437009998714,mouse,move,1116,136,-6,3,6.708203932499369,833.5243466519752,,
86.11239899999055,mouse,move,1112,136,-4,0,4.0,498.200251379537,,
86.12042139998812,mouse,move,1112,137,0,1,1.0,124.65097730139571,,
86.28059899999062,mouse,click_press,1112,137,,,,,,
86.45672769998782,mouse,click_release,1112,137,,,,,,
88.40066229998774,mouse,move,1111,149,-1,12,12.041594578792296,5.2808431682785235,,
88.40861049998784,mouse,move,1111,179,0,30,30.0,3774.43949568703,,
88.41682059998857,mouse,move,1114,221,3,42,42.1070065428546,5128.683760141828,,
88.42459609999787,mouse,move,1118,253,4,32,32.2490309931942,4147.518610329082,,
88.4327062999946,mouse,move,1119,274,1,21,21.02379604162864,2592.266041539056,,
88.44069109999691,mouse,move,1124,294,5,20,20.615528128088304,2581.846523662154,,
88.44869929998822,mouse,move,1125,311,1,17,17.029386365926403,2126.493642067828,,
88.45667249998951,mouse,move,1127,324,2,13,13.152946437965905,1649.6446139367913,,
88.46466759999748,mouse,move,1129,338,2,14,14.142135623730951,1768.8503720560316,,
88.47258269999293,mouse,move,1131,350,2,12,12.165525060596439,1537.0020678954959,,
88.48059129998728,mouse,move,1131,360,0,10,10.0,1248.657693860203,,
88.48853139999846,mouse,move,1132,368,1,8,8.06225774829855,1015.3849116438774,,
88.49691369998618,mouse,move,1133,380,1,12,12.041594578792296,1436.550182699182,,
88.50505509998766,mouse,move,1136,388,3,8,8.54400374531753,1049.45141422446,,
88.5126414999977,mouse,move,1136,394,0,6,6.0,790.8889581433506,,
88.5206954999885,mouse,move,1136,399,0,5,5.0,620.8095363430785,,
88.52864849999605,mouse,move,1136,408,0,9,9.0,1131.6484334791912,,
88.53691409999738,mouse,move,1136,415,0,7,7.0,846.8834686991315,,
88.54467629999272,mouse,move,1136,423,0,8,8.0,1030.6356451524,,
88.55268389999401,mouse,move,1136,435,0,12,12.0,1498.576352223311,,
88.56064449998667,mouse,move,1136,446,0,11,11.0,1381.8053928279885,,
88.57093409998924,mouse,move,1135,458,-1,12,12.041594578792296,1170.2684823291202,,
88.57665029999043,mouse,move,1133,470,-2,12,12.165525060596439,2128.2539200984734,,
88.58485289999226,mouse,move,1127,481,-6,11,12.529964086141668,1527.5600521001495,,
88.59258169999521,mouse,move,1122,491,-5,10,11.180339887498949,1446.581601701407,,
88.600617899996,mouse,move,1119,496,-3,5,5.830951894845301,725.585711439919,,
88.60886670000036,mouse,move,1113,499,-6,3,6.708203932499369,813.2339163209377,,
88.61665630000061,mouse,move,1106,499,-7,0,7.0,898.6340761752037,,
88.62752549999277,mouse,move,1098,499,-8,0,8.0,736.0247309620082,,
88.63284449999628,mouse,move,1081,499,-17,0,17.0,3196.0894883965466,,
88.64317179999489,mouse,move,1054,494,-27,-5,27.459060435491963,2658.8808729478656,,
88.6486670999875,mouse,move,1010,478,-44,-16,46.8187996428785,8519.789584877666,,
88.65843009999662,mouse,move,965,462,-45,-16,47.75981574503821,4891.920075841905,,
88.66494749998674,mouse,move,910,443,-55,-19,58.18934610390462,8928.306716198147,,
88.67417669999122,mouse,move,853,429,-57,-14,58.69412236331676,6359.611053482748,,
88.68065619999834,mouse,move,789,412,-64,-17,66.21933252457322,10219.821352239685,,
88.68859159998829,mouse,move,722,399,-67,-13,68.24954212300622,8600.642968151658,,
88.69667849999678,mouse,move,656,390,-66,-9,66.61080993352356,8236.878144105516,,
88.70466139999917,mouse,move,587,380,-69,-10,69.72087205421343,8733.777453475122,,
88.71267819999775,mouse,move,524,370,-63,-10,63.788713735268246,7956.879770796171,,
88.72072709999338,mouse,move,468,363,-56,-7,56.43580423808985,7011.617024529988,,
88.7286793999956,mouse,move,426,357,-42,-6,42.42640687119285,5335.111459498298,,
88.73668550000002,mouse,move,409,355,-17,-2,17.11724276862369,2138.025100756713,,
88.74465799999598,mouse,move,397,351,-12,-4,12.649110640673518,1586.5927434413836,,
88.77664879999065,mouse,move,401,350,4,-1,4.123105625617661,128.88410500219285,,
88.78459689998999,mouse,move,415,349,14,-1,14.035668847618199,1765.9149795277997,,
88.7930306999915,mouse,move,439,342,24,-7,25.0,2964.2628465836515,,
88.80087339998863,mouse,move,483,331,44,-11,45.35416188179427,5782.978043072978,,
88.80863390000013,mouse,move,536,322,53,-9,53.75872022286245,6927.223779807948,,
88.81663719999779,mouse,move,591,317,55,-5,55.226805085936306,6900.504179791609,,
88.82456069999898,mouse,move,654,308,63,-9,63.63961030678928,8031.754943796277,,
88.83271099999547,mouse,move,725,305,71,-3,71.06335201775947,8719.108750400706,,
88.84064879998914,mouse,move,796,305,71,0,71.0,8944.54383539802,,
88.84861419998924,mouse,move,864,305,68,0,68.0,8536.922188354916,,
88.85673879999376,mouse,move,922,305,58,0,58.0,7138.812983743693,,
88.86466669999936,mouse,move,972,305,50,0,50.0,6306.840394643815,,
88.87266470000031,mouse,move,1005,310,33,5,33.37663853655727,4173.1230973470065,,
88.88077189998876,mouse,move,1024,318,19,8,20.615528128088304,2542.866607148315,,
88.88915350000025,mouse,move,1035,325,11,7,13.038404810405298,1555.5985483120735,,
88.89672879999853,mouse,move,1037,330,2,5,5.385164807134504,710.8846921385907,,
88.90476029999263,mouse,move,1037,335,0,5,5.0,622.5487148939393,,
88.91261559999839,mouse,move,1035,347,-2,12,12.165525060596439,1548.7027932324324,,
88.92063449999841,mouse,move,1023,364,-12,17,20.808652046684813,2594.9509342454717,,
88.9289812999923,mouse,move,1009,379,-14,15,20.518284528683193,2458.2216590440607,,
88.93677909999678,mouse,move,985,398,-24,19,30.610455730027933,3925.5245982754977,,
88.9445965999912,mouse,move,949,432,-36,34,49.51767361255979,6334.208333600952,,
88.953821099989,mouse,move,910,469,-39,37,53.75872022286245,5827.819419555295,,
88.96072769998864,mouse,move,866,518,-44,49,65.85590330410783,9535.21317400124,,
88.96902569998929,mouse,move,826,569,-40,51,64.81512169239521,7810.93295822097,,
88.97711309998704,mouse,move,786,612,-40,43,58.728187440104094,7261.689474547353,,
88.98465729999589,mouse,move,742,664,-44,52,68.11754546370561,9029.127725111279,,
88.99266889999853,mouse,move,712,705,-30,41,50.80354318352215,6341.248086117676,,
89.00076249999984,mouse,move,685,742,-27,37,45.803929962395145,5659.277695342452,,
89.00872789999994,mouse,move,661,782,-24,40,46.647615158762406,5856.2803070982345,,
89.01679049999802,mouse,move,643,813,-18,31,35.84689665786984,4446.071573238034,,
89.02465069999744,mouse,move,627,845,-16,32,35.77708763999664,4551.6765022094105,,
89.03274349999265,mouse,move,615,877,-12,32,34.17601498127012,4223.014902319882,,
89.04062329999579,mouse,move,608,901,-7,24,25.0,3172.6693558266693,,
89.04865439998684,mouse,move,603,924,-5,23,23.53720459187964,2930.7572584187064,,
89.05741139999009,mouse,move,603,944,0,20,20.0,2283.8871751277447,,
89.06490239998675,mouse,move,603,961,0,17,17.0,2269.3899355993735,,
89.07283529998676,mouse,move,606,976,3,15,15.297058540778355,1928.3059840349304,,
89.08068829998956,mouse,move,615,992,9,16,18.35755975068582,2337.649273417544,,
89.08861399999296,mouse,move,624,1005,9,13,15.811388300841896,1994.9516502092872,,
89.09670549999282,mouse,move,632,1014,8,9,12.041594578792296,1488.17828325955,,
89.10761079999793,mouse,move,642,1023,10,9,13.45362404707371,1233.677573361048,,
89.11285019999195,mouse,move,651,1030,9,7,11.40175425099138,2176.1564805118715,,
89.12099399999715,mouse,move,658,1032,7,2,7.280109889280518,893.9450728937005,,
89.1287139999913,mouse,move,666,1037,8,5,9.433981132056603,1222.0182822802888,,
89.13655849998759,mouse,move,668,1038,2,1,2.23606797749979,285.04913997830613,,
89.14488669999992,mouse,move,674,1040,6,2,6.324555320336759,759.4144366098211,,
89.15255089999118,mouse,move,679,1041,5,1,5.0990195135927845,665.3035567185283,,
89.16059909999603,mouse,move,684,1041,5,0,5.0,621.2569266403151,,
89.16865129998769,mouse,move,693,1041,9,0,9.0,1117.7069632311404,,
89.17649099999107,mouse,move,697,1039,4,-2,4.47213595499958,570.4473325595677,,
89.18453499999305,mouse,move,706,1033,9,-6,10.816653826391969,1344.6859552136086,,
89.19261699999333,mouse,move,711,1025,5,-8,9.433981132056603,1167.2829908095594,,
89.20061509999505,mouse,move,717,1013,6,-12,13.416407864998739,1677.4493769924443,,
89.20861059999152,mouse,move,721,991,4,-22,22.360679774997898,2796.6580932867873,,
89.21666019999248,mouse,move,725,959,4,-32,32.2490309931942,4006.2898764351776,,
89.22447679999459,mouse,move,727,911,2,-48,48.041648597857254,6146.105542672594,,
89.2325814999931,mouse,move,727,847,0,-64,64.0,7896.652561075764,,
89.24051959998906,mouse,move,732,775,5,-72,72.17340230306452,9092.024834639422,,
89.24856919999002,mouse,move,731,703,-1,-72,72.00694410957877,8945.406492372429,,
89.25641569998697,mouse,move,728,639,-3,-64,64.07027391856539,8165.458987243008,,
89.26454859999649,mouse,move,714,581,-14,-58,59.665735560705194,7336.341955625726,,
89.27248859999236,mouse,move,706,548,-8,-33,33.95585369269929,4276.555882917285,,
89.28048859999399,mouse,move,699,529,-7,-19,20.248456731316587,2531.0570908989293,,
89.28854169999249,mouse,move,692,522,-7,-7,9.899494936611665,1229.2775376499073,,
89.29657459999726,mouse,move,686,516,-6,-6,8.48528137423857,1056.3160713075213,,
89.3044971999916,mouse,move,677,508,-9,-8,12.041594578792296,1519.9043984787704,,
89.31256019999273,mouse,move,666,501,-11,-7,13.038404810405298,1617.0662047102205,,
89.32051419999334,mouse,move,655,493,-11,-8,13.601470508735444,1710.0164078066255,,
89.32851339998888,mouse,move,643,483,-12,-10,15.620499351813308,1952.757695835344,,
89.33662869999534,mouse,move,632,475,-11,-8,13.601470508735444,1676.0280578534705,,
89.34459909998986,mouse,move,623,468,-9,-7,11.40175425099138,1430.5121774103238,,
89.35250789999554,mouse,move,614,463,-9,-5,10.295630140987,1301.7942208164166,,
89.3605649999954,mouse,move,606,457,-8,-6,10.0,1241.141353610337,,
89.36873019998893,mouse,move,602,455,-4,-2,4.47213595499958,547.7068483986449,,
89.37669129999995,mouse,move,597,450,-5,-5,7.0710678118654755,888.2023592318678,,
89.38469909998821,mouse,move,592,448,-5,-2,5.385164807134504,672.4899242023184,,
89.39283159999468,mouse,move,590,445,-2,-3,3.605551275463989,443.3509096337387,,
89.40058339999814,mouse,move,587,443,-3,-2,3.605551275463989,465.12439354136364,,
89.60041549999733,mouse,move,588,443,1,0,1.0,5.004201026782383,,
89.60833739998634,mouse,move,594,443,6,0,6.0,757.394060556225,,
89.61633119999897,mouse,move,602,443,8,0,8.0,1000.7755995099438,,
89.62448389999918,mouse,move,611,444,9,1,9.055385138137417,1110.7222316415987,,
89.63242619999801,mouse,move,616,444,5,0,5.0,629.5405613910241,,
89.6403636999894,mouse,move,624,444,8,0,8.0,1007.8740168418981,,
89.6484480999934,mouse,move,630,444,6,0,6.0,742.1701050201375,,
89.65643739998632,mouse,move,632,444,2,0,2.0,250.33482304755043,,
89.66442669999378,mouse,move,634,444,2,0,2.0,250.33482259158419,,
89.67236369999591,mouse,move,635,444,1,0,1.0,125.99218845050332,,
89.68043329998909,mouse,move,636,444,1,0,1.0,123.9218797518382,,
89.68850979999115,mouse,move,639,444,3,0,3.0,371.44802813521864,,
89.69647719999193,mouse,move,642,444,3,0,3.0,376.53437755181676,,
89.70437199999287,mouse,move,644,444,2,0,2.0,253.33130665270238,,
89.71245029999409,mouse,move,645,444,1,0,1.0,123.78842081248014,,
91.24888699999428,mouse,move,646,444,1,0,1.0,0.6508566216882695,,
91.27279709999857,mouse,move,647,444,1,0,1.0,41.82332988238126,,
91.28048329999729,mouse,move,648,444,1,0,1.0,130.10330204354125,,
91.28881129999354,mouse,move,649,444,1,0,1.0,120.07684923748576,,
91.29643889999716,mouse,move,651,444,2,0,2.0,262.2056740064865,,
91.30491419999453,mouse,move,653,445,2,1,2.23606797749979,263.8334900467528,,
91.3208900999889,mouse,move,654,446,1,1,1.4142135623730951,88.52168346516805,,
91.32868359998974,mouse,move,656,448,2,2,2.8284271247461903,362.9212965214557,,
91.34448379999958,mouse,move,658,450,2,2,2.8284271247461903,179.01210889644528,,
92.27255429999786,mouse,move,661,453,3,3,4.242640687119285,4.57146379195021,,
92.28051039999991,mouse,move,665,457,4,4,5.656854249492381,711.0084398180661,,
92.28855519999343,mouse,move,674,462,9,5,10.295630140987,1279.786961675714,,
92.29651669999294,mouse,move,687,468,13,6,14.317821063276353,1798.3823480697529,,
92.3045037999982,mouse,move,702,475,15,7,16.55294535724685,2072.460010057811,,
92.31255009998858,mouse,move,732,487,30,12,32.31098884280702,4015.6331334185224,,
92.32051489999867,mouse,move,769,509,37,22,43.04648650006177,5404.59100612079,,
92.3284941999882,mouse,move,829,541,60,32,68.0,8522.050817645004,,
92.3366318999906,mouse,move,878,565,49,24,54.56189146281496,6704.829552167325,,
92.34555899999395,mouse,move,926,583,48,18,51.264022471905186,5742.5168814823155,,
92.35319899999013,mouse,move,976,612,50,29,57.8013840664737,7565.626190501691,,
92.36051819998829,mouse,move,1035,636,59,24,63.694583757176716,8702.396952282972,,
92.36846179999702,mouse,move,1083,655,48,19,51.62363799656123,6498.771078582502,,
92.37646319999476,mouse,move,1135,673,52,18,55.02726596879042,6877.204737214156,,
92.38451829999394,mouse,move,1170,686,35,13,37.33630940518894,4635.114326200356,,
92.39255149998644,mouse,move,1191,694,21,8,22.47220505424423,2797.416356524746,,
92.40049249998992,mouse,move,1205,699,14,5,14.866068747318506,1872.0650725092667,,
92.40852809998614,mouse,move,1208,702,3,3,4.242640687119285,527.98057259139,,
92.41655929999251,mouse,move,1210,704,2,2,2.8284271247461903,352.17988874667844,,
92.42456509999465,mouse,move,1209,706,-1,2,2.23606797749979,279.30600026263426,,
92.43255839998892,mouse,move,1201,706,-8,0,8.0,1000.8382027118148,,
92.4405495999963,mouse,move,1186,706,-15,0,15.0,1877.0647695144398,,
92.44858879999083,mouse,move,1164,706,-22,0,22.0,2736.5907074056313,,
92.45663919999788,mouse,move,1133,706,-31,0,31.0,3850.7403325114797,,
92.46461029999773,mouse,move,1102,706,-31,0,31.0,3889.049190272934,,
92.47256589999597,mouse,move,1075,706,-27,0,27.0,3393.835789377537,,
92.48067369998898,mouse,move,1047,706,-28,0,28.0,3453.4645679628566,,
92.48881599999731,mouse,move,1027,706,-20,0,20.0,2456.308411571391,,
92.49740759999258,mouse,move,1010,705,-17,-1,17.029386365926403,1982.0972083547867,,
92.5045897999953,mouse,move,995,700,-15,-5,15.811388300841896,2201.4686718360426,,
92.51335519998975,mouse,move,984,695,-11,-5,12.083045973594572,1378.4933923439953,,
92.52074619999621,mouse,move,973,688,-11,-7,13.038404810405298,1764.0921118930673,,
92.52985979999357,mouse,move,966,681,-7,-7,9.899494936611665,1086.2332052620266,,
92.53654789998836,mouse,move,961,677,-5,-4,6.4031242374328485,957.390625502166,,
92.54511819999607,mouse,move,960,675,-1,-2,2.23606797749979,260.9089501522209,,
92.55288549998659,mouse,move,959,674,-1,-1,1.4142135623730951,182.07273622743242,,
92.60108019999461,mouse,click_press,959,674,,,,,,
92.72909669998626,mouse,click_release,959,674,,,,,,
92.88070149999112,mouse,move,959,674,0,0,0.0,0.0,,
93.08051819998946,mouse,move,959,673,0,-1,1.0,5.004586703755609,,
93.096610099994,mouse,move,959,672,0,-1,1.0,62.1430657484755,,
93.1050860999967,mouse,move,958,672,-1,0,1.0,117.98017929226582,,
93.11271519999718,mouse,move,957,671,-1,-1,1.4142135623730951,185.37095624425504,,
93.12865079999028,mouse,move,956,670,-1,-1,1.4142135623730951,88.74554851938349,,
93.1687460999965,mouse,move,955,669,-1,-1,1.4142135623730951,35.2713051692817,,
93.18465709999145,mouse,move,954,669,-1,0,1.0,62.84960092495123,,
93.19267429999309,mouse,move,954,669,0,0,0.0,0.0,,
93.22463599999901,mouse,move,953,669,-1,0,1.0,31.287447157526074,,
93.23283489998721,mouse,move,952,669,-1,0,1.0,121.96758119248204,,
93.24071189999813,mouse,move,952,669,0,0,0.0,0.0,,
93.25666719999572,mouse,move,948,669,-4,0,4.0,250.70039426430304,,
93.26455329998862,mouse,move,946,669,-2,0,2.0,253.61078375878125,,
93.27253229999042,mouse,move,944,669,-2,0,2.0,250.65797713368687,,
93.28060879999248,mouse,move,939,669,-5,0,5.0,619.0800468920311,,
93.28855079998903,mouse,move,934,669,-5,0,5.0,629.5643417494463,,
93.29649799999606,mouse,move,927,669,-7,0,7.0,880.8133674502551,,
93.30459449999034,mouse,move,917,669,-10,0,10.0,1235.1015879779975,,
93.31264279999596,mouse,move,904,669,-13,0,13.0,1615.2479394325867,,
93.32055720000062,mouse,move,890,669,-14,0,14.0,1768.927523469537,,
93.3285765999899,mouse,move,878,672,-12,3,12.36931687685298,1542.4242329086833,,
93.33665399999882,mouse,move,870,673,-8,1,8.06225774829855,998.125354619094,,
93.34447369999543,mouse,move,856,675,-14,2,14.142135623730951,1808.526622485486,,
93.35274859999481,mouse,move,843,677,-13,2,13.152946437965905,1589.4991406487302,,
93.36071069999889,mouse,move,824,678,-19,1,19.026297590440446,2389.6079653224233,,
93.36898489999294,mouse,move,804,680,-20,2,20.09975124224178,2429.2078094196627,,
93.3765274999896,mouse,move,776,680,-28,0,28.0,3712.247767662099,,
93.38470809999853,mouse,move,760,684,-16,4,16.492422502470642,2016.040691938595,,
93.39258010000049,mouse,move,748,685,-12,1,12.041594578792296,1529.6741076987892,,
93.4005063999939,mouse,move,738,687,-10,2,10.198039027185569,1286.6077533853895,,
93.40848799998639,mouse,move,732,689,-6,2,6.324555320336759,792.3919171954653,,
93.41668229999777,mouse,move,730,689,-2,0,2.0,244.0720985589818,,
93.43278579998878,mouse,move,730,689,0,0,0.0,0.0,,
93.56884299998637,mouse,move,731,686,1,-3,3.1622776601683795,23.242266195572796,,
93.57659689999127,mouse,move,739,678,8,-8,11.313708498984761,1459.099097465158,,
93.58465339998656,mouse,move,748,670,9,-8,12.041594578792296,1494.6434041867092,,
93.59263789998658,mouse,move,754,664,6,-6,8.48528137423857,1062.7191902081277,,
93.6005412999948,mouse,move,760,661,6,-3,6.708203932499369,848.774442078678,,
93.60883179999655,mouse,move,765,656,5,-5,7.0710678118654755,852.9121054669455,,
93.61658779998834,mouse,move,769,652,4,-4,5.656854249492381,729.3520184995864,,
93.62470729999768,mouse,move,774,649,5,-3,5.830951894845301,718.1417437201407,,
93.63406819998636,mouse,move,776,647,2,-2,2.8284271247461903,302.15333228290916,,
93.6405792000005,mouse,move,777,646,1,-1,1.4142135623730951,217.20374125344318,,
93.6485171999957,mouse,move,779,645,2,-1,2.23606797749979,281.6916073134314,,
93.79305659999955,mouse,click_press,779,645,,,,,,
93.97707949999312,mouse,click_release,779,645,,,,,,
95.77701929998875,mouse,scroll,779,645,0,1,,,,
96.12052699999185,mouse,move,779,640,0,-5,5.0,2.0226457031067477,,
96.12860779999755,mouse,move,779,624,0,-16,16.0,1980.0019786052271,,
96.13672229999793,mouse,move,779,583,0,-41,41.0,5052.683467633042,,
96.14483399999153,mouse,move,762,538,-17,-45,48.104053883222775,5930.206235578503,,
96.15246539999498,mouse,move,751,513,-11,-25,27.313000567495326,3579.0288223861553,,
96.16053509998892,mouse,move,745,499,-6,-14,15.231546211727817,1887.49844767063,,
96.16866669998853,mouse,move,743,490,-2,-9,9.219544457292887,1133.7921759222547,,
96.1765352999937,mouse,move,738,483,-5,-7,8.602325267042627,1093.2472436511237,,
96.18453809998755,mouse,move,736,477,-2,-6,6.324555320336759,790.2928131653639,,
96.19245599998976,mouse,move,733,472,-3,-5,5.830951894845301,736.4265642678148,,
96.20047339999292,mouse,move,731,466,-2,-6,6.324555320336759,788.8536580248102,,
96.20844949998718,mouse,move,730,462,-1,-4,4.123105625617661,516.9325395345522,,
96.21647039998788,mouse,move,728,459,-2,-3,3.605551275463989,449.51953959637694,,
96.24040659998718,mouse,move,728,458,0,-1,1.0,41.77772578894433,,
96.2484689999983,mouse,move,728,457,0,-1,1.0,124.0325459691453,,
96.25637389998883,mouse,move,728,456,0,-1,1.0,126.50381424145978,,
96.26455159999023,mouse,move,728,454,0,-2,2.0,244.56754339952525,,
96.2724113999866,mouse,move,728,453,0,-1,1.0,127.22970056008322,,
96.28087519999826,mouse,move,728,452,0,-1,1.0,118.15023968210274,,
96.29643859999487,mouse,move,728,452,0,0,0.0,0.0,,
96.31233190000057,mouse,move,728,451,0,-1,1.0,62.919595026918934,,
96.32035279998672,mouse,move,728,449,0,-2,2.0,249.34857727356552,,
96.32833799999207,mouse,move,729,449,1,0,1.0,125.23167852150617,,
96.33640829999058,mouse,move,729,448,0,-1,1.0,123.91113095980272,,
96.34442899998976,mouse,move,729,447,0,-1,1.0,124.67739724742106,,
96.35240340000018,mouse,move,731,444,2,-3,3.605551275463989,452.14075927344396,,
96.36045269999886,mouse,move,732,442,1,-2,2.23606797749979,277.796575834917,,
96.36843209998915,mouse,move,734,440,2,-2,2.8284271247461903,354.4661413374331,,
96.37656739998783,mouse,move,736,438,2,-2,2.8284271247461903,347.6733648671168,,
96.38447179998911,mouse,move,738,436,2,-2,2.8284271247461903,357.8294524933158,,
96.39252679998754,mouse,move,739,434,1,-2,2.23606797749979,277.59999726108094,,
96.40051729998959,mouse,move,741,432,2,-2,2.8284271247461903,353.9737343119881,,
96.40847719999147,mouse,move,742,429,1,-3,3.1622776601683795,397.2760536466485,,
96.4163828999881,mouse,move,743,427,1,-2,2.23606797749979,282.84250331454973,,
96.4245060999965,mouse,move,745,423,2,-4,4.47213595499958,550.5386978491229,,
96.4325533999945,mouse,move,747,417,2,-6,6.324555320336759,785.9226475849779,,
96.44052349998674,mouse,move,748,412,1,-5,5.0990195135927845,639.7685748686297,,
96.44874299998628,mouse,move,748,410,0,-2,2.0,243.32380316463534,,
96.45658099999127,mouse,move,750,407,2,-3,3.605551275463989,460.00909328481623,,
96.46488399998634,mouse,move,750,406,0,-1,1.0,120.43839583212677,,
96.47250749998784,mouse,move,750,402,0,-4,4.0,524.6933822014522,,
96.48047799999767,mouse,move,750,399,0,-3,3.0,376.38793002936,,
96.48850979999406,mouse,move,750,398,0,-1,1.0,124.5050923142626,,
96.49653249999392,mouse,move,750,395,0,-3,3.0,373.93894824110464,,
96.50453559999005,mouse,move,750,393,0,-2,2.0,249.90316264533706,,
96.51249679998728,mouse,move,750,392,0,-1,1.0,125.609204686287,,
96.52048519998789,mouse,move,750,389,0,-3,3.0,375.544539553568,,
96.52905889999238,mouse,move,750,386,0,-3,3.0,349.90727438899006,,
96.53668729998753,mouse,move,750,385,0,-1,1.0,131.08908822755018,,
96.54453329999524,mouse,move,750,384,0,-1,1.0,127.45347935485978,,
96.55256009999721,mouse,move,750,382,0,-2,2.0,249.16529619634096,,
96.5603768999863,mouse,move,750,381,0,-1,1.0,127.9295877336186,,
96.56831519999832,mouse,move,749,380,-1,-1,1.4142135623730951,178.15068216496738,,
96.57634229998803,mouse,move,748,378,-1,-2,2.23606797749979,278.5648590858384,,
96.5844095999928,mouse,move,747,377,-1,-1,1.4142135623730951,175.3019673914721,,
96.59232719999272,mouse,move,747,376,0,-1,1.0,126.30089926355264,,
96.60033959998691,mouse,move,746,375,-1,-1,1.4142135623730951,176.50311559573436,,
96.6083585999877,mouse,move,746,375,0,0,0.0,0.0,,
96.61652789999789,mouse,move,745,374,-1,-1,1.4142135623730951,173.11318725083004,,
96.632448999997,mouse,move,745,372,0,-2,2.0,125.6194609739576,,
96.6484735999984,mouse,move,743,372,-2,0,2.0,124.80810752375163,,
96.65642339999613,mouse,move,742,370,-1,-2,2.23606797749979,281.273488406967,,
96.67239729998983,mouse,move,741,369,-1,-1,1.4142135623730951,88.53276675897455,,
96.68845769998734,mouse,move,741,369,0,0,0.0,0.0,,
96.69648009999946,mouse,move,740,366,-1,-3,3.1622776601683795,394.1810001233504,,
96.71244879999722,mouse,move,740,365,0,-1,1.0,62.62250528474362,,
96.76842839999881,mouse,move,740,365,0,0,0.0,0.0,,
96.78444639999361,mouse,move,740,362,0,-3,3.0,187.2892995988045,,
96.79231330000039,mouse,move,738,359,-2,-3,3.605551275463989,458.3191946457896,,
96.80035019999195,mouse,move,738,358,0,-1,1.0,124.42608481496228,,
96.80831519998901,mouse,move,738,356,0,-2,2.0,251.09855627608007,,
96.81637149999733,mouse,move,738,355,0,-1,1.0,124.12645990929296,,
96.82446449999406,mouse,move,738,354,0,-1,1.0,123.56357350841184,,
96.83233559998916,mouse,move,738,353,0,-1,1.0,127.04704560004805,,
96.84041089999664,mouse,move,738,353,0,0,0.0,0.0,,
97.0086222999962,mouse,click_press,738,353,,,,,,
97.07258989999536,mouse,move,738,351,0,-2,2.0,8.61404347512479,,
97.18490229999588,mouse,click_release,738,351,,,,,,
97.96073649999744,mouse,move,735,351,-3,0,3.0,3.3778207336412653,,
97.97668159999012,mouse,move,733,354,-2,3,3.605551275463989,226.12283881065392,,
97.98500859999331,mouse,move,725,360,-8,6,10.0,1200.912693186876,,
97.99257279999438,mouse,move,713,368,-12,8,14.422205101855956,1906.6398429199817,,
98.00068239998654,mouse,move,702,370,-11,2,11.180339887498949,1378.6549149523614,,
98.00870719998784,mouse,move,690,374,-12,4,12.649110640673518,1576.2524472427092,,
98.01657619999605,mouse,move,679,374,-11,0,11.0,1397.8904547615527,,
98.02475979999872,mouse,move,673,374,-6,0,6.0,733.1736641630423,,
98.03256419999525,mouse,move,670,374,-3,0,3.0,384.3985445817438,,
98.04071219998877,mouse,move,667,374,-3,0,3.0,368.188512810979,,
98.04853390000062,mouse,move,664,374,-3,0,3.0,383.5483329016211,,
98.05663449999702,mouse,move,660,370,-4,-4,5.656854249492381,698.3253403462592,,
98.06463449999865,mouse,move,652,360,-8,-10,12.806248474865697,1600.78105903209,,
98.07342709999648,mouse,move,640,343,-12,-17,20.808652046684813,2366.6096549160184,,
98.08059219999996,mouse,move,618,303,-22,-40,45.65084884205331,6371.2786729989975,,
98.08889159999671,mouse,move,586,247,-32,-56,64.4980619863884,7771.412633633745,,
98.09649759999593,mouse,move,542,157,-44,-90,100.17983829094555,13171.159387496524,,
98.10464779999165,mouse,move,495,48,-47,-109,118.70130580579136,14564.220002950522,,
98.1126105000003,mouse,move,437,-85,-58,-133,145.09651959988565,18222.025122422092,,
98.12048369999684,mouse,move,364,-147,-73,-62,95.77577981932593,12164.784314057159,,
98.12885119998828,mouse,move,281,-151,-83,-4,83.09632964216891,9930.843110512315,,
98.13713899999857,mouse,move,205,-143,-76,8,76.4198926981712,9220.769396372398,,
98.14491059999273,mouse,move,130,-111,-75,32,81.54140052758476,10492.228188389292,,
98.15305660000013,mouse,move,60,-102,-70,9,70.57619995437555,8663.90865335872,,
98.16104479999922,mouse,move,1,-78,-59,24,63.694583757176716,7973.5840069640735,,
98.16869159998896,mouse,move,-36,-51,-37,27,45.803929962395145,5989.947432106645,,
98.17672459999449,mouse,move,-15,-30,21,21,29.698484809834994,3697.0602252467015,,
98.18482209999638,mouse,move,-5,-7,10,23,25.079872407968907,3097.2364806543865,,
98.19300949999888,mouse,move,0,-1,5,6,7.810249675906654,953.9352753650185,,
98.23253969999496,mouse,move,0,-1,0,0,0.0,0.0,,
98.2486390999984,mouse,move,0,0,0,1,1.0,62.11411604073974,,
98.25705359999847,mouse,move,0,0,0,0,0.0,0.0,,
98.26462599998922,mouse,move,2,1,2,1,2.23606797749979,295.2918467370152,,
98.27303369999572,mouse,move,7,6,5,5,7.0710678118654755,841.0228488645098,,
98.28088359998947,mouse,move,15,15,8,9,12.041594578792296,1533.9806352169157,,
98.28899189998629,mouse,move,22,31,7,16,17.46424919657298,2153.8730934254645,,
98.29663759999676,mouse,move,35,52,13,21,24.698178070456937,3230.3357490657418,,
98.30501449998701,mouse,move,46,77,11,25,27.313000567495326,3260.514104176374,,
98.31261589999485,mouse,move,57,102,11,25,27.313000567495326,3593.1539636532843,,
98.32087799999863,mouse,move,71,134,14,32,34.92849839314596,4227.556962174521,,
98.32885399999213,mouse,move,85,170,14,36,38.62641583165593,4842.830474311726,,
98.33689399999275,mouse,move,102,202,17,32,36.235341863986875,4506.883316069108,,
98.34483989998989,mouse,move,112,227,10,25,26.92582403567252,3388.643708751211,,
98.35268789999827,mouse,move,123,253,11,26,28.231188426986208,3597.2462279359247,,
98.36072599999898,mouse,move,138,279,15,26,30.01666203960727,3734.298159637155,,
98.36847059999127,mouse,move,145,295,7,16,17.46424919657298,2255.0227531380046,,
98.37669819999428,mouse,move,155,318,10,23,25.079872407968907,3048.2610237240306,,
98.38467809998838,mouse,move,163,339,8,21,22.47220505424423,2816.101087841432,,
98.39283599999908,mouse,move,174,361,11,22,24.596747752497688,3015.0832592005872,,
98.40058359999966,mouse,move,183,389,9,28,29.410882339705484,3796.128134840035,,
98.40886060000048,mouse,move,197,421,14,32,34.92849839314596,4219.946646091486,,
98.41685629999847,mouse,move,211,445,14,24,27.784887978899608,3474.9787993396094,,
98.42464649998874,mouse,move,227,471,16,26,30.528675044947494,3918.8563943270174,,
98.43252489999577,mouse,move,243,495,16,24,28.844410203711913,3661.2015355876424,,
98.44073759998719,mouse,move,260,519,17,24,29.410882339705484,3581.1465620853933,,
98.44844549999107,mouse,move,276,543,16,24,28.844410203711913,3742.187909702348,,
98.45665879998705,mouse,move,289,561,13,18,22.20360331117452,2703.371765553899,,
98.46452969999518,mouse,move,297,572,8,11,13.601470508735444,1728.0705503421507,,
98.47275169999921,mouse,move,300,579,3,7,7.615773105863909,926.2677088464508,,
98.48066739999922,mouse,move,303,585,3,6,6.708203932499369,847.4555544663076,,
98.4888387999963,mouse,move,304,592,1,7,7.0710678118654755,865.3434924726347,,
98.49657999999181,mouse,move,304,598,0,6,6.0,775.0736324448443,,
98.5050915999891,mouse,move,304,613,0,15,15.0,1762.3008605636392,,
98.51257129998703,mouse,move,304,641,0,28,28.0,3743.465648054001,,
98.52110749999702,mouse,move,301,686,-3,45,45.09988913511872,5283.36837027774,,
98.52879499999108,mouse,move,290,737,-11,51,52.172789842982326,6786.704375060322,,
98.53678489998856,mouse,move,275,794,-15,57,58.9406481131655,7376.894345577928,,
98.54471029998967,mouse,move,258,858,-17,64,66.21933252457322,8355.330016815707,,
98.55283979998785,mouse,move,236,923,-22,65,68.62215385719105,8441.128467013186,,
98.56064319999132,mouse,move,216,981,-20,58,61.35144660071187,7862.142985550968,,
98.56852989998879,mouse,move,198,1029,-18,48,51.264022471905186,6500.059909511671,,
98.57663529999263,mouse,move,188,1066,-10,37,38.3275357934736,4728.642112086484,,
98.58459429998766,mouse,move,178,1094,-10,28,29.732137494637012,3735.6624592560524,,
98.59269229999336,mouse,move,173,1105,-5,11,12.083045973594572,1492.102490131622,,
98.60056559999066,mouse,move,172,1094,-1,-11,11.045361017187261,1402.8883722168832,,
98.60852840000007,mouse,move,170,1091,-2,-3,3.605551275463989,452.79942623243267,,
98.61658219998935,mouse,move,170,1082,0,-9,9.0,1117.4849154405313,,
98.62466019998828,mouse,move,170,1080,0,-2,2.0,247.58603618030182,,
98.64860649999173,mouse,move,172,1079,2,-1,2.23606797749979,93.37843329358282,,
98.65660459999344,mouse,move,179,1072,7,-7,9.899494936611665,1237.7308278828668,,
98.6645017999981,mouse,move,195,1055,16,-17,23.345235059857504,2956.140789909345,,
98.67255759998807,mouse,move,214,1027,19,-28,33.83784863137726,4200.4330635746965,,
98.68058869999368,mouse,move,248,988,34,-39,51.73973328110612,6442.421741102051,,
98.68860389999463,mouse,move,289,943,41,-45,60.876925020897694,7595.184775632033,,
98.69667839999602,mouse,move,346,883,57,-60,82.75868534480233,10249.38823835633,,
98.7047290999908,mouse,move,401,821,55,-62,82.87943049997388,10294.686245131741,,
98.71308189998672,mouse,move,451,765,50,-56,75.07329751649384,8987.800205101908,,
98.72070159998839,mouse,move,487,734,36,-31,47.50789408087881,6234.8772353861805,,
98.72859279999102,mouse,move,518,696,31,-38,49.040799340956916,6214.618730307101,,
98.73663689999375,mouse,move,552,660,34,-36,49.51767361255979,6155.775487092928,,
98.74470309999015,mouse,move,583,625,31,-35,46.75467891024384,5796.369905427058,,
98.7525697999954,mouse,move,604,607,21,-18,27.65863337187866,3515.9130707175036,,
98.76061959999788,mouse,move,612,599,8,-8,11.313708498984761,1405.4645451435683,,
98.78459359999397,mouse,move,601,598,-11,-1,11.045361017187261,460.7224918240524,,
98.7926521999907,mouse,move,583,598,-18,0,18.0,2233.6385981813896,,
98.80057119998673,mouse,move,553,598,-30,0,30.0,3788.357117693641,,
98.80868199998804,mouse,move,497,606,-56,8,56.568542494923804,6974.471382086223,,
98.8167306999967,mouse,move,447,615,-50,9,50.80354318352215,6312.018478620672,,
98.82483279998996,mouse,move,392,620,-55,5,55.226805085936306,6816.356886712892,,
98.83272429999488,mouse,move,352,626,-40,6,40.44749683231337,5125.451030490317,,
98.84082549999584,mouse,move,309,634,-43,8,43.73785545725808,5398.935398712279,,
98.84865799998806,mouse,move,270,641,-39,7,39.6232255123179,5058.822285564202,,
98.85670689999824,mouse,move,252,647,-18,6,18.973665961010276,2357.2992504580025,,
98.86466110000038,mouse,move,238,652,-14,5,14.866068747318506,1868.9583796401796,,
98.8727019999933,mouse,move,233,653,-5,1,5.0990195135927845,634.1354224131842,,
98.95289619998948,mouse,move,233,653,0,0,0.0,0.0,,
98.96059199998854,mouse,move,234,653,1,0,1.0,129.94100679886893,,
98.96866719999525,mouse,move,238,653,4,0,4.0,495.3437681634827,,
98.97655490000034,mouse,move,240,653,2,0,2.0,253.55933906089203,,
98.98470689999522,mouse,move,243,653,3,0,3.0,368.0078510653032,,
98.99276599999575,mouse,move,247,653,4,0,4.0,496.3333374363724,,
99.00093589999597,mouse,move,250,652,3,-1,3.1622776601683795,387.0644267477455,,
99.00865169998724,mouse,move,254,647,4,-5,6.4031242374328485,829.8717235638688,,
99.01661449999665,mouse,move,255,643,1,-4,4.123105625617661,517.795953778286,,
99.02463409998745,mouse,move,259,637,4,-6,7.211102550927978,899.1848170978534,,
99.03259339999931,mouse,move,260,634,1,-3,3.1622776601683795,397.3060012131102,,
99.04062819998944,mouse,move,260,631,0,-3,3.0,373.3758156626229,,
99.04849329999706,mouse,move,260,627,0,-4,4.0,508.5758599540154,,
99.05674960000033,mouse,move,261,622,1,-5,5.0990195135927845,617.5913558827325,,
99.06449049999355,mouse,move,263,610,2,-12,12.165525060596439,1571.5905219350323,,
99.0726708999864,mouse,move,265,600,2,-10,10.198039027185569,1246.6430781008246,,
99.08058699998946,mouse,move,266,588,1,-12,12.041594578792296,1521.1524076427122,,
99.08854549999523,mouse,move,267,578,1,-10,10.04987562112089,1262.7851496932865,,
99.09658819998731,mouse,move,270,570,3,-8,8.54400374531753,1062.3302813404566,,
99.10470469998836,mouse,move,273,561,3,-9,9.486832980505138,1168.8329919640428,,
99.11260429999675,mouse,move,279,552,6,-9,10.816653826391969,1369.2660153563531,,
99.12077270000009,mouse,move,284,545,5,-7,8.602325267042627,1053.1224307726281,,
99.12864999999874,mouse,move,286,539,2,-6,6.324555320336759,802.8836430524924,,
99.13709229999222,mouse,move,289,535,3,-4,5.0,592.2556653831226,,
99.14458799999557,mouse,move,292,531,3,-4,5.0,667.0491078575408,,
99.15315509999346,mouse,move,294,529,2,-2,2.8284271247461903,330.1498903296035,,
99.16068570000061,mouse,move,295,528,1,-1,1.4142135623730951,187.79560208069702,,
99.16893319999508,mouse,move,296,527,1,-1,1.4142135623730951,171.47178700475135,,
99.2407644999912,mouse,move,297,526,1,-1,1.4142135623730951,19.687985076832607,,
99.27262349998637,mouse,move,298,525,1,-1,1.4142135623730951,44.38976623835328,,
99.28059260000009,mouse,move,300,523,2,-2,2.8284271247461903,354.9242850353267,,
99.28942209998786,mouse,move,301,523,1,0,1.0,113.25669645905764,,
99.29676859999017,mouse,move,304,521,3,-2,3.605551275463989,490.78490088186277,,
99.30467489999137,mouse,move,307,519,3,-2,3.605551275463989,456.03522190136204,,
99.31255899999815,mouse,move,312,518,5,-1,5.0990195135927845,646.7471885452833,,
99.32065279998642,mouse,move,321,513,9,-5,10.295630140987,1272.039110912492,,
99.32874849998916,mouse,move,330,509,9,-4,9.848857801796104,1216.554195247038,,
99.33697059999395,mouse,move,339,505,9,-4,9.848857801796104,1197.8518621839232,,
99.34474239998963,mouse,move,348,501,9,-4,9.848857801796104,1267.2556945971612,,
99.35304129999713,mouse,move,355,499,7,-2,7.280109889280518,877.2379330632382,,
99.36057849999634,mouse,move,364,494,9,-5,10.295630140987,1365.97544739053,,
99.36914359999355,mouse,move,368,493,4,-1,4.123105625617661,481.38441196941375,,
99.37671349999437,mouse,move,371,491,3,-2,3.605551275463989,476.30104427730663,,
99.38587039998674,mouse,move,372,490,1,-1,1.4142135623730951,154.442394647804,,
99.43276639998658,mouse,move,373,489,1,-1,1.4142135623730951,30.156379272819056,,
99.49649659999704,mouse,move,373,488,0,-1,1.0,15.691147993192256,,
99.55279459999292,mouse,move,373,487,0,-1,1.0,17.762620343053655,,
99.60882879998826,mouse,move,373,486,0,-1,1.0,17.846243902530944,,
99.63257189998694,mouse,move,373,486,0,0,0.0,0.0,,
99.64052399998764,mouse,move,373,484,0,-2,2.0,251.5058915035764,,
99.92063419999613,mouse,move,373,483,0,-1,1.0,3.5700235120665966,,
99.92869469999277,mouse,move,373,482,0,-1,1.0,124.06178281945049,,
99.9368400999956,mouse,move,373,480,0,-2,2.0,245.53735842374078,,
99.94459009999991,mouse,move,373,479,0,-1,1.0,129.0322579928014,,
99.95272699999623,mouse,move,374,479,1,0,1.0,122.89692640351299,,
99.9605792999937,mouse,move,376,476,2,-3,3.605551275463989,459.17136082768695,,
99.96866039998713,mouse,move,378,474,2,-2,2.8284271247461903,350.0052130334632,,
99.97652739999467,mouse,move,379,474,1,0,1.0,127.11325779103103,,
99.984770199997,mouse,move,380,474,1,0,1.0,121.31799870391775,,
99.9925976999948,mouse,move,381,473,1,-1,1.4142135623730951,180.6724449403001,,
100.00072559999535,mouse,move,384,473,3,0,3.0,369.0990292447949,,
100.00862860000052,mouse,move,385,471,1,-2,2.23606797749979,282.93913400436946,,
100.01678209999227,mouse,move,386,470,1,-1,1.4142135623730951,173.44864951298808,,
100.02480619998823,mouse,move,388,470,2,0,2.0,249.2491371002253,,
101.1692483999941,mouse,click_press,388,470,,,,,,
101.37682229999336,mouse,click_release,388,470,,,,,,
103.24061319998873,mouse,move,389,471,1,1,1.4142135623730951,0.43976941476054915,,
103.24853179999627,mouse,move,389,474,0,3,3.0,378.85484771834945,,
103.25670629998785,mouse,move,389,477,0,3,3.0,366.99492361479037,,
103.26464529999066,mouse,move,389,479,0,2,2.0,251.92089674932063,,
103.27297459999681,mouse,move,389,481,0,2,2.0,240.1162160712845,,
103.28056509999442,mouse,move,389,485,0,4,4.0,526.9745077744938,,
103.28873929999827,mouse,move,388,486,-1,1,1.4142135623730951,173.0094151974458,,
103.29650699999183,mouse,move,388,488,0,2,2.0,257.4764733005814,,
103.30462019999686,mouse,move,388,489,0,1,1.0,123.25592853378878,,
103.33661199999915,mouse,move,388,489,0,0,0.0,0.0,,
103.35263339999074,mouse,move,388,491,0,2,2.0,124.83303588015059,,
103.3605561000004,mouse,move,388,493,0,2,2.0,252.43919340148457,,
103.3685559000005,mouse,move,389,498,1,5,5.0990195135927845,637.3933740249303,,
103.37653969999519,mouse,move,395,504,6,6,8.48528137423857,1062.8123675294644,,
103.3845319999964,mouse,move,406,511,11,7,13.038404810405298,1631.3707954453746,,
103.39274789999763,mouse,move,415,517,9,6,10.816653826391969,1316.5512998903714,,
103.40061659998901,mouse,move,429,524,14,7,15.652475842498529,1989.2073480563909,,
103.40853289999359,mouse,move,444,531,15,7,16.55294535724685,2090.9952057991763,,
103.41658749998896,mouse,move,460,538,16,7,17.46424919657298,2168.232960867049,,
103.42514669999946,mouse,move,477,541,17,3,17.26267650163207,2016.8563043817921,,
103.43256669999391,mouse,move,494,547,17,6,18.027756377319946,2429.616764258041,,
103.44055079999089,mouse,move,515,553,21,6,21.840329667841555,2735.4779719839707,,
103.44855249999091,mouse,move,534,556,19,3,19.235384061671343,2403.912176364668,,
103.45657099998789,mouse,move,554,561,20,5,20.615528128088304,2570.995589680841,,
103.46454889999586,mouse,move,569,562,15,1,15.033296378372908,1884.3676109439575,,
103.47250899999926,mouse,move,582,563,13,1,13.038404810405298,1637.9699758587626,,
103.4806544999883,mouse,move,593,566,11,3,11.40175425099138,1399.761127779901,,
103.48850359999051,mouse,move,601,567,8,1,8.06225774829855,1027.156966535606,,
103.49654489998647,mouse,move,606,567,5,0,5.0,621.7900093900416,,
103.50503929999832,mouse,move,608,567,2,0,2.0,235.44923681625502,,
103.51259410000057,mouse,move,610,568,2,1,2.23606797749979,295.9797713814748,,
103.64875429999665,mouse,move,610,569,0,1,1.0,7.344290035037848,,
103.66471339999407,mouse,move,613,571,3,2,3.605551275463989,225.9244741901195,,
103.67270929999358,mouse,move,615,571,2,0,2.0,250.12819071292873,,
103.68064599999343,mouse,move,620,571,5,0,5.0,629.984754381201,,
103.68862849999277,mouse,move,630,573,10,2,10.198039027185569,1277.5495180738346,,
103.69680629999493,mouse,move,641,573,11,0,11.0,1345.1050401203784,,
103.70466599999054,mouse,move,656,573,15,0,15.0,1908.4697899901298,,
103.71256999998877,mouse,move,673,573,17,0,17.0,2150.8097170796905,,
103.72058589999506,mouse,move,691,573,18,0,18.0,2245.536993461363,,
103.72869999999239,mouse,move,708,573,17,0,17.0,2095.1183748779176,,
103.73669219999283,mouse,move,724,573,16,0,16.0,2001.9519029942041,,
103.74465699998836,mouse,move,741,573,17,0,17.0,2134.3913230127473,,
103.75263439999253,mouse,move,756,569,15,-4,15.524174696260024,1946.0193406566516,,
103.7616154999996,mouse,move,775,567,19,-2,19.1049731745428,2127.242003706544,,
103.76890929999354,mouse,move,790,561,15,-6,16.15549442140351,2214.962630569171,,
103.77729849999014,mouse,move,804,557,14,-4,14.560219778561036,1735.5909722574465,,
103.78488029999426,mouse,move,819,553,15,-4,15.524174696260024,2047.5579265910378,,
103.7927178999962,mouse,move,831,550,12,-3,12.36931687685298,1578.2021120977397,,
103.80083399999421,mouse,move,844,547,13,-3,13.341664064126334,1643.8516119077788,,
103.80875599999854,mouse,move,856,545,12,-2,12.165525060596439,1535.663349400443,,
103.81651429999329,mouse,move,862,542,6,-3,6.708203932499369,864.6486906977599,,
103.8246489999874,mouse,move,871,540,9,-2,9.219544457292887,1133.3601071903668,,
103.83254899999883,mouse,move,881,536,10,-4,10.770329614269007,1363.3328605928364,,
103.84063259999675,mouse,move,887,534,6,-2,6.324555320336759,782.3934041721925,,
103.84851749999507,mouse,move,894,530,7,-4,8.06225774829855,1022.4933417062834,,
103.85662509998656,mouse,move,898,528,4,-2,4.47213595499958,551.598001836993,,
103.86462969999411,mouse,move,904,524,6,-4,7.211102550927978,900.8698178702272,,
103.87266929999168,mouse,move,910,521,6,-3,6.708203932499369,834.395235400269,,
103.88052709998738,mouse,move,913,518,3,-3,4.242640687119285,539.9272938285596,,
103.88862399999925,mouse,move,916,515,3,-3,4.242640687119285,523.983336943172,,
103.89651899998717,mouse,move,920,512,4,-3,5.0,633.3122238956096,,
103.90476239999407,mouse,move,925,507,5,-5,7.0710678118654755,857.7853562781252,,
103.91254809999373,mouse,move,929,504,4,-3,5.0,642.2030132447156,,
103.9205884999974,mouse,move,935,502,6,-2,6.324555320336759,786.5970993301056,,
103.92858359999082,mouse,move,940,500,5,-2,5.385164807134504,673.5581558160306,,
103.9382149999874,mouse,move,945,496,5,-4,6.4031242374328485,664.8176007337867,,
103.94458319999103,mouse,move,949,495,4,-1,4.123105625617661,647.4522821620053,,
103.95251189998817,mouse,move,954,492,5,-3,5.830951894845301,735.4234486045124,,
103.96065759999328,mouse,move,962,487,8,-5,9.433981132056603,1158.1547474288952,,
103.9686243999895,mouse,move,966,486,4,-1,4.123105625617661,517.5359777549962,,
103.97663929998816,mouse,move,975,482,9,-4,9.848857801796104,1228.8185508777262,,
103.984641499992,mouse,move,984,480,9,-2,9.219544457292887,1152.1262218990391,,
103.99264109999058,mouse,move,996,477,12,-3,12.36931687685298,1546.2419219764029,,
104.0005361999938,mouse,move,1006,473,10,-4,10.770329614269007,1364.1789983495846,,
104.00865509999858,mouse,move,1020,470,14,-3,14.317821063276353,1763.5173551659382,,
104.01664559998608,mouse,move,1033,466,13,-4,13.601470508735444,1702.2051849087502,,
104.02602769999066,mouse,move,1054,457,21,-9,22.847319317591726,2435.2031321796753,,
104.03255059999356,mouse,move,1072,449,18,-8,19.697715603592208,3019.7788705726925,,
104.04224479998811,mouse,move,1091,441,19,-8,20.615528128088304,2126.583744885201,,
104.04855149998912,mouse,move,1110,432,19,-9,21.02379604162864,3333.5652620670285,,
104.05657609998889,mouse,move,1130,418,20,-14,24.413111231467404,3042.283881085999,,
104.06484389999241,mouse,move,1143,411,13,-7,14.7648230602334,1785.8224744118068,,
104.07270949998929,mouse,move,1157,403,14,-8,16.1245154965971,2050.0045137054226,,
104.08050479998928,mouse,move,1169,393,12,-10,15.620499351813308,2003.8355614046172,,
104.08857919998991,mouse,move,1179,382,10,-11,14.866068747318506,1841.136028208993,,
104.0965373999934,mouse,move,1185,371,6,-11,12.529964086141668,1574.4721269448944,,
104.10460709998733,mouse,move,1191,361,6,-10,11.661903789690601,1445.1471304322883,,
104.11258959998668,mouse,move,1196,352,5,-9,10.295630140987,1289.7751508717624,,
104.12053000000014,mouse,move,1201,338,5,-14,14.866068747318506,1872.2065289034488,,
104.1287328999897,mouse,move,1207,324,6,-14,15.231546211727817,1856.8489474602286,,
104.13685179999447,mouse,move,1211,315,4,-9,9.848857801796104,1213.0778548823691,,
104.1445345999964,mouse,move,1218,301,7,-14,15.652475842498529,2037.3400112674487,,
104.15275959999417,mouse,move,1222,291,4,-10,10.770329614269007,1309.4625674402291,,
104.1606405999919,mouse,move,1225,282,3,-9,9.486832980505138,1203.760053704489,,
104.1685473999969,mouse,move,1229,273,4,-9,9.848857801796104,1245.618682091924,,
104.17650329999742,mouse,move,1234,264,5,-9,10.295630140987,1294.087424465866,,
104.18448889999127,mouse,move,1236,260,2,-4,4.47213595499958,560.0250398776303,,
104.19253929999832,mouse,move,1238,257,2,-3,3.605551275463989,447.8723134634642,,
104.20051589999639,mouse,move,1241,253,3,-4,5.0,626.8334881036405,,
104.2087950999994,mouse,move,1245,249,4,-4,5.656854249492381,683.2609729721663,,
104.21648719999939,mouse,move,1246,247,1,-2,2.23606797749979,290.6966858860336,,
104.22462949999317,mouse,move,1248,243,2,-4,4.47213595499958,549.2472591794307,,
104.23254669999005,mouse,move,1250,241,2,-2,2.8284271247461903,357.250937940188,,
104.24064399999043,mouse,move,1251,239,1,-2,2.23606797749979,276.1498249289229,,
104.2484187999944,mouse,move,1252,239,1,0,1.0,128.62067184868175,,
104.25650329999917,mouse,move,1253,235,1,-4,4.123105625617661,510.001314018781,,
104.26457639998989,mouse,move,1253,235,0,0,0.0,0.0,,
104.27249899999879,mouse,move,1254,234,1,-1,1.4142135623730951,178.5037185753449,,
104.2805023999972,mouse,move,1254,233,0,-1,1.0,124.94689759327387,,
104.37669229999301,mouse,move,1255,232,1,-1,1.4142135623730951,14.702308271811775,,
104.39255559998855,mouse,move,1256,232,1,0,1.0,63.03858593614675,,
104.40057199999865,mouse,move,1259,230,3,-2,3.605551275463989,449.77187651873766,,
104.40850919998775,mouse,move,1263,228,4,-2,4.47213595499958,563.4399991357857,,
104.41660279998905,mouse,move,1270,227,7,-1,7.0710678118654755,873.661635208991,,
104.42459539999254,mouse,move,1280,227,10,0,10.0,1251.1573199751244,,
104.43253279999772,mouse,move,1289,224,9,-3,9.486832980505138,1195.2066135408406,,
104.4405795999919,mouse,move,1299,221,10,-3,10.44030650891055,1297.448242338375,,
104.44852219999302,mouse,move,1306,220,7,-1,7.0710678118654755,890.271172018295,,
104.45656869999948,mouse,move,1313,219,7,-1,7.0710678118654755,878.7755926415866,,
104.46449899999425,mouse,move,1319,219,6,0,6.0,756.591806609845,,
104.47256899999047,mouse,move,1321,219,2,0,2.0,247.8314747132514,,
104.48068339999008,mouse,move,1323,218,2,-1,2.23606797749979,275.56787656591376,,
104.48860669998976,mouse,move,1325,218,2,0,2.0,252.42007750332456,,
104.50456399998802,mouse,move,1325,218,0,0,0.0,0.0,,
104.52923849999206,mouse,move,1326,217,1,-1,1.4142135623730951,57.314780933416785,,
104.53654749999987,mouse,move,1328,216,2,-1,2.23606797749979,305.9335032304005,,
104.54454849999456,mouse,move,1329,216,1,0,1.0,124.98437703579152,,
104.5525450999994,mouse,move,1333,215,4,-1,4.123105625617661,515.6073360077869,,
104.56068830000004,mouse,move,1335,214,2,-1,2.23606797749979,274.5932774985694,,
104.56917209998937,mouse,move,1339,212,4,-2,4.47213595499958,527.13830602105,,
104.5765637000004,mouse,move,1340,211,1,-1,1.4142135623730951,191.32712271526893,,
104.58454929999425,mouse,move,1343,211,3,0,3.0,375.6762174805235,,
104.59260919998633,mouse,move,1348,208,5,-3,5.830951894845301,723.4521396763538,,
104.60058329999447,mouse,move,1350,208,2,0,2.0,250.81200360643544,,
104.60862780000025,mouse,move,1354,207,4,-1,4.123105625617661,512.5372145757756,,
104.61685169998964,mouse,move,1358,206,4,-1,4.123105625617661,501.356489127739,,
104.62459229999513,mouse,move,1365,204,7,-2,7.280109889280518,940.5097646327747,,
104.63257999999041,mouse,move,1370,202,5,-2,5.385164807134504,674.1821563547198,,
104.64058389999263,mouse,move,1377,201,7,-1,7.0710678118654755,883.4527930011612,,
104.64855559999705,mouse,move,1386,200,9,-1,9.055385138137417,1135.9415348192224,,
104.65674409999338,mouse,move,1390,199,4,-1,4.123105625617661,503.52392104408835,,
104.6645475999976,mouse,move,1393,199,3,0,3.0,384.4428779873312,,
104.67270129999088,mouse,move,1395,199,2,0,2.0,245.28741573153502,,
104.68063039999106,mouse,move,1396,199,1,0,1.0,126.11771827532861,,
104.70465619998868,mouse,move,1397,198,1,-1,1.4142135623730951,58.86228814496874,,
104.72899289999623,mouse,move,1397,197,0,-1,1.0,41.09020531500472,,
104.78452479999396,mouse,move,1399,197,2,0,2.0,36.015335331254555,,
104.80120209998859,mouse,move,1400,197,1,0,1.0,59.96174442638973,,
104.82462609998765,mouse,move,1400,197,0,0,0.0,0.0,,
104.84056459998828,mouse,move,1401,197,1,0,1.0,62.741161336418095,,
104.8726125999965,mouse,move,1403,197,2,0,2.0,62.406390398377525,,
104.96071299999312,mouse,move,1403,197,0,0,0.0,0.0,,
104.976662999994,mouse,move,1404,197,1,0,1.0,62.6959247614125,,
105.00865749998775,mouse,move,1405,197,1,0,1.0,31.255372023177518,,
105.04886919999262,mouse,click_press,1405,197,,,,,,
105.09663739999814,mouse,move,1406,197,1,0,1.0,11.36623251312901,,
105.22494549999828,mouse,click_release,1406,197,,,,,,
105.50459159999446,mouse,move,1407,197,1,0,1.0,2.4512555576313275,,
105.5125388999877,mouse,move,1409,199,2,2,2.8284271247461903,355.8978680997711,,
105.5206390999956,mouse,move,1409,200,0,1,1.0,123.45374176247648,,
105.52855099999579,mouse,move,1410,201,1,1,1.4142135623730951,178.74512599258503,,
105.53748229998746,mouse,move,1412,203,2,2,2.8284271247461903,316.687058701789,,
105.5445999999938,mouse,move,1413,205,1,2,2.23606797749979,314.1559739109256,,
105.55267349998758,mouse,move,1415,207,2,2,2.8284271247461903,350.33469089349614,,
105.56059359999199,mouse,move,1417,210,2,3,3.605551275463989,455.240624923342,,
105.56868909999321,mouse,move,1421,219,4,9,9.848857801796104,1216.5842505483413,,
105.5765887999878,mouse,move,1423,227,2,8,8.246211251235321,1043.8638501305938,,
105.58467369999562,mouse,move,1428,236,5,9,10.295630140987,1273.439390843889,,
105.59261459999834,mouse,move,1434,249,6,13,14.317821063276353,1803.0476467865512,,
105.60068319999846,mouse,move,1437,255,3,6,6.708203932499369,831.3962685476621,,
105.60885959998996,mouse,move,1441,264,4,9,9.848857801796104,1204.5469659063606,,
105.61664259999816,mouse,move,1444,271,3,7,7.615773105863909,978.513824725308,,
105.62484179998864,mouse,move,1445,274,1,3,3.1622776601683795,385.6812449797334,,
105.63360419998935,mouse,move,1445,276,0,2,2.0,228.24796857470528,,
105.64099289999285,mouse,move,1445,278,0,2,2.0,270.6836113324164,,
105.64861079999537,mouse,move,1445,280,0,2,2.0,262.5395449322947,,
105.65663009999844,mouse,move,1441,287,-4,7,8.06225774829855,1005.3567948838075,,
105.6646228999889,mouse,move,1435,298,-6,11,12.529964086141668,1567.656403399962,,
105.67290399999183,mouse,move,1427,307,-8,9,12.041594578792296,1454.1056833667424,,
105.6807245999953,mouse,move,1420,321,-7,14,15.652475842498529,2001.4418120801542,,
105.68951759999618,mouse,move,1413,335,-7,14,15.652475842498529,1780.1064302212183,,
105.69753320000018,mouse,move,1404,353,-9,18,20.12461179749811,2510.6806461717033,,
105.70467939999071,mouse,move,1391,371,-13,18,22.20360331117452,3107.050368111672,,
105.71287859999575,mouse,move,1381,383,-10,12,15.620499351813308,1905.1248100077862,,
105.72067089998745,mouse,move,1365,400,-16,17,23.345235059857504,2995.9363839565526,,
105.72870309998689,mouse,move,1346,420,-19,20,27.586228448267445,3434.454875402946,,
105.73729759998969,mouse,move,1324,440,-22,20,29.732137494637012,3459.437720047577,,
105.74509449998732,mouse,move,1298,464,-26,24,35.38361202590826,4538.164146861859,,
105.75291819999984,mouse,move,1263,492,-35,28,44.82186966202994,5728.986232893296,,
105.76058009998815,mouse,move,1228,521,-35,29,45.45327270945405,5932.376144144819,,
105.76912519999314,mouse,move,1205,546,-23,25,33.97057550292606,3975.4450483986675,,
105.77711759999511,mouse,move,1160,579,-45,33,55.80322571321482,6982.036146774296,,
105.78468449998763,mouse,move,1113,612,-47,33,57.42821606144492,7589.398051800776,,
105.79638499999419,mouse,move,1068,642,-45,30,54.08326913195984,4622.304098257533,,
105.80300999998872,mouse,move,1030,674,-38,32,49.678969393496885,7498.712367475659,,
105.80904259999807,mouse,move,998,702,-32,28,42.5205832509386,7048.467192429104,,
105.81710709999606,mouse,move,967,727,-31,25,39.824615503479755,4938.262200180873,,
105.8247713999881,mouse,move,925,759,-42,32,52.80151512977634,6889.28084556802,,
105.83262979998835,mouse,move,891,785,-34,26,42.80186911806539,5446.639152582356,,
105.84135249999235,mouse,move,848,808,-43,23,48.76474136094644,5590.555830027744,,
105.84872719999112,mouse,move,800,838,-48,30,56.60388679233962,7675.415515455696,,
105.85668439998699,mouse,move,764,860,-36,22,42.190046219457976,5302.122133583054,,
105.86457299999893,mouse,move,730,883,-34,23,41.048751503547585,5203.553411432479,,
105.87266209999507,mouse,move,701,906,-29,23,37.013511046643494,4575.726726619834,,
105.88060899999982,mouse,move,677,924,-24,18,30.0,3775.0569381839423,,
105.88898939998762,mouse,move,659,939,-18,15,23.430749027719962,2795.8986518340166,,
105.89667059999192,mouse,move,645,949,-14,10,17.204650534085253,2239.8388955444207,,
105.9046079999971,mouse,move,635,957,-10,8,12.806248474865697,1613.4059599510092,,
105.91247099998873,mouse,move,628,961,-7,4,8.06225774829855,1025.3411874450521,,
105.92054699998698,mouse,move,621,965,-7,4,8.06225774829855,998.2983841061017,,
105.92851599999995,mouse,move,615,967,-6,2,6.324555320336759,793.6447873068992,,
105.9365487999894,mouse,move,609,969,-6,2,6.324555320336759,787.3413166819341,,
105.94452579999052,mouse,move,606,969,-3,0,3.0,376.0812334936688,,
105.95260389999021,mouse,move,604,969,-2,0,2.0,247.58297125264022,,
105.96048399999563,mouse,move,602,969,-2,0,2.0,253.8038855628346,,
105.96854989998974,mouse,move,599,967,-3,-2,3.605551275463989,447.0116512847703,,
105.97661169999628,mouse,move,597,964,-2,-3,3.605551275463989,447.23898788572774,,
105.98460639998666,mouse,move,592,961,-5,-3,5.830951894845301,729.3521835546026,,
105.99253719999979,mouse,move,589,958,-3,-3,4.242640687119285,534.9574671024997,,
106.00052319999668,mouse,move,589,958,0,0,0.0,0.0,,
106.00855009999941,mouse,move,586,955,-3,-3,4.242640687119285,528.5528268291391,,
106.01662149999174,mouse,move,585,954,-1,-1,1.4142135623730951,175.2129201522229,,
106.02452639999683,mouse,move,584,952,-1,-2,2.23606797749979,282.8711275361803,,
106.03250049999042,mouse,move,582,950,-2,-2,2.8284271247461903,354.70173775348496,,
106.04059479999705,mouse,move,581,949,-1,-1,1.4142135623730951,174.71721596855187,,
106.04859599999327,mouse,move,580,948,-1,-1,1.4142135623730951,176.75018285282746,,
106.05653449999227,mouse,move,580,947,0,-1,1.0,125.96838195200588,,
106.07267619999766,mouse,move,580,946,0,-1,1.0,61.95134339418911,,
106.0804952999897,mouse,move,579,946,-1,0,1.0,127.89195700489793,,
106.08850919999531,mouse,move,578,945,-1,-1,1.4142135623730951,176.470078411694,,
106.10459739998623,mouse,move,578,944,0,-1,1.0,62.15735760150406,,
106.22477459999209,mouse,scroll,578,944,0,-1,,,,
106.28856849999283,mouse,move,578,944,0,0,0.0,0.0,,
106.3049081999925,mouse,scroll,578,944,0,-1,,,,
106.35281739999482,mouse,scroll,578,944,0,-1,,,,
106.41654629999539,mouse,move,578,943,0,-1,1.0,7.813855215357976,,
106.4485430999921,mouse,move,578,941,0,-2,2.0,62.50625063149974,,
106.46462139999494,mouse,move,578,941,0,0,0.0,0.0,,
106.48070869999356,mouse,move,578,940,0,-1,1.0,62.16083494967962,,
106.60060879999946,mouse,move,578,939,0,-1,1.0,8.340276613203274,,
106.6247211999871,mouse,move,580,937,2,-2,2.8284271247461903,117.30176698278146,,
106.64055029999872,mouse,move,581,935,1,-2,2.23606797749979,141.26311513977467,,
106.65651099999377,mouse,move,582,934,1,-1,1.4142135623730951,88.60598612916986,,
106.66460969999025,mouse,move,583,933,1,-1,1.4142135623730951,174.62229283559586,,
106.67250639999111,mouse,move,584,932,1,-1,1.4142135623730951,179.08918437065887,,
106.94488549999369,mouse,scroll,584,932,0,-1,,,,
107.00107379999827,mouse,scroll,584,932,0,-1,,,,
107.04152149999572,mouse,scroll,584,932,0,-1,,,,
107.06478809998953,mouse,scroll,584,932,0,-1,,,,
107.3126096999913,mouse,move,586,932,2,0,2.0,3.124495686867106,,
107.320598899998,mouse,move,591,934,5,2,5.385164807134504,674.0555753536163,,
107.3285165999987,mouse,move,605,940,14,6,15.231546211727817,1923.733686601117,,
107.33655899998848,mouse,move,633,941,28,1,28.0178514522438,3483.7674683940218,,
107.34501449999516,mouse,move,701,941,68,0,68.0,8042.1027669934565,,
107.35260459998972,mouse,move,767,949,66,8,66.48308055437865,8759.183752788336,,
107.36057399999117,mouse,move,842,956,75,7,75.32595834106593,9451.898301916692,,
107.36858949999441,mouse,move,918,964,76,8,76.4198926981712,9534.014430452147,,
107.37659159999748,mouse,move,976,966,58,2,58.034472514187634,7252.405305099264,,
107.38459659999353,mouse,move,1030,966,54,0,54.0,6745.7838884034,,
107.39258859999245,mouse,move,1074,966,44,0,44.0,5505.50550624844,,
107.4005565999978,mouse,move,1115,966,41,0,41.0,5145.5823258632545,,
107.40859689998615,mouse,move,1142,966,27,0,27.0,3358.0836584599774,,
107.41653469999437,mouse,move,1159,966,17,0,17.0,2141.6513369437816,,
107.42458839999745,mouse,move,1169,966,10,0,10.0,1241.665321055232,,
107.43264049998834,mouse,move,1173,967,4,1,4.123105625617661,512.0534556552708,,
107.47256679998827,mouse,move,1173,968,0,1,1.0,25.04614752685976,,
107.48066209998797,mouse,move,1173,970,0,2,2.0,247.05693427980253,,
107.48856659999001,mouse,move,1173,978,0,8,8.0,1012.0817253379564,,
107.49658189999172,mouse,move,1173,986,0,8,8.0,998.0911504606235,,
107.50457799999276,mouse,move,1173,993,0,7,7.0,875.4267704370976,,
107.51269129999855,mouse,move,1171,1005,-2,12,12.165525060596439,1499.4546056371912,,
107.52056439999433,mouse,move,1168,1011,-3,6,6.708203932499369,852.040992251785,,
107.52857719999156,mouse,move,1161,1020,-7,9,11.40175425099138,1422.942573748277,,
107.53655759998946,mouse,move,1153,1031,-8,11,13.601470508735444,1704.359494800543,,
107.54453999998805,mouse,move,1141,1045,-12,14,18.439088914585774,2309.96804443042,,
107.55263120000018,mouse,move,1132,1058,-9,13,15.811388300841896,1954.146267195841,,
107.56100279999373,mouse,move,1121,1067,-11,9,14.212670403551895,1697.7244988411635,,
107.56864509999286,mouse,move,1107,1077,-14,10,17.204650534085253,2251.2398801454456,,
107.57680739999341,mouse,move,1093,1087,-14,10,17.204650534085253,2107.8189398732516,,
107.58475339999131,mouse,move,1080,1087,-13,0,13.0,1636.0432926547173,,
107.5929424999922,mouse,move,1071,1087,-9,0,9.0,1099.0218704156596,,
107.60055749998719,mouse,move,1063,1084,-8,-3,8.54400374531753,1121.9965529802412,,
107.60894249999546,mouse,move,1061,1082,-2,-2,2.8284271247461903,337.3198714317156,,
107.61658369998622,mouse,move,1059,1081,-2,-1,2.23606797749979,292.6330916877428,,
107.66454719999456,mouse,move,1059,1081,0,0,0.0,0.0,,
107.67255769998883,mouse,move,1059,1079,0,-2,2.0,249.67230527813453,,
107.68052729999181,mouse,move,1059,1080,0,1,1.0,125.47681183824743,,
107.68854779998946,mouse,move,1058,1081,-1,1,1.4142135623730951,176.3248628871548,,
107.69664689998899,mouse,move,1057,1079,-1,-2,2.23606797749979,276.08845151072506,,
107.70459649999975,mouse,move,1057,1080,0,1,1.0,125.7924925337551,,
107.76059339998756,mouse,move,1055,1078,-2,-2,2.8284271247461903,50.51042335133243,,
107.76856399999815,mouse,move,1054,1078,-1,0,1.0,125.46106926339561,,
107.77695289999247,mouse,move,1054,1076,0,-2,2.0,238.41028041283414,,
107.78492199999164,mouse,move,1053,1072,-1,-4,4.123105625617661,517.3866090331078,,
107.79312099999515,mouse,move,1051,1069,-2,-3,3.605551275463989,439.75500352705615,,
107.80083019999438,mouse,move,1051,1064,0,-5,5.0,648.5757277670615,,
107.80893669999205,mouse,move,1051,1062,0,-2,2.0,246.71559866475152,,
107.81688939999731,mouse,move,1051,1057,0,-5,5.0,628.7172905669256,,
107.82495099998778,mouse,move,1054,1048,3,-9,9.486832980505138,1176.792819256807,,
107.83287099999143,mouse,move,1063,1041,9,-7,11.40175425099138,1439.615435067633,,
107.84094289998757,mouse,move,1073,1036,10,-5,11.180339887498949,1385.0939546880716,,
107.8486520999868,mouse,move,1084,1029,11,-7,13.038404810405298,1691.2785777660345,,
107.85651699999289,mouse,move,1096,1025,12,-4,12.649110640673518,1608.298977846702,,
107.86514599999646,mouse,move,1108,1023,12,-2,12.165525060596439,1409.8418189325407,,
107.87282469999627,mouse,move,1123,1020,15,-3,15.297058540778355,1992.1417090324135,,
107.88060029999178,mouse,move,1138,1020,15,0,15.0,1929.111580927344,,
107.88893019998795,mouse,move,1155,1020,17,0,17.0,2040.840827358881,,
107.89662589998625,mouse,move,1171,1020,16,0,16.0,2079.08312480306,,
107.9049454999913,mouse,move,1189,1020,18,0,18.0,2163.565554722529,,
107.91319669999939,mouse,move,1210,1020,21,0,21.0,2545.0843488718183,,
107.92054459999781,mouse,move,1226,1020,16,0,16.0,2177.492889592477,,
107.92862249999598,mouse,move,1241,1022,15,2,15.132745950421556,1873.3514841541964,,
107.93651989998762,mouse,move,1252,1024,11,2,11.180339887498949,1415.698824846438,,
107.9446961999929,mouse,move,1257,1026,5,2,5.385164807134504,658.6310193670902,,
107.95250569999916,mouse,move,1261,1029,4,3,5.0,640.2458538948507,,
107.96056809999573,mouse,move,1262,1029,1,0,1.0,124.03254619301302,,
107.96861119999085,mouse,move,1263,1029,1,0,1.0,124.33017127807412,,
107.9925535999937,mouse,move,1264,1030,1,1,1.4142135623730951,59.06732667588171,,
108.0165360999963,mouse,move,1264,1032,0,2,2.0,83.39414155250375,,
108.02455599998939,mouse,move,1264,1032,0,0,0.0,0.0,,
108.03266849998909,mouse,move,1264,1036,0,4,4.0,493.06625579651666,,
108.04052499998943,mouse,move,1266,1037,2,1,2.23606797749979,284.61375643123273,,
108.04855339998903,mouse,move,1266,1039,0,2,2.0,249.11563949217455,,
108.0565224999882,mouse,move,1266,1041,0,2,2.0,250.9693692145473,,
108.06461959998705,mouse,move,1266,1041,0,0,0.0,0.0,,
108.07248569998774,mouse,move,1266,1042,0,1,1.0,127.12780156788548,,
108.08062409999548,mouse,move,1266,1043,0,1,1.0,122.87427492495127,,
108.08851019998838,mouse,move,1265,1044,-1,1,1.4142135623730951,179.32990497786935,,
108.09657389999484,mouse,move,1262,1046,-3,2,3.605551275463989,447.1336077204729,,
108.10452129998885,mouse,move,1258,1047,-4,1,4.123105625617661,518.7993090477007,,
108.11298489999899,mouse,move,1253,1049,-5,2,5.385164807134504,636.2735479794909,,
108.12047569999413,mouse,move,1247,1052,-6,3,6.708203932499369,895.5257031094548,,
108.12868869998783,mouse,move,1238,1053,-9,1,9.055385138137417,1102.567289063795,,
108.13652889999503,mouse,move,1228,1055,-10,2,10.198039027185569,1300.7371008172263,,
108.14453089999733,mouse,move,1221,1057,-7,2,7.280109889280518,909.7862893253867,,
108.15250709999236,mouse,move,1214,1058,-7,1,7.0710678118654755,886.5208766421837,,
108.16052489999856,mouse,move,1209,1058,-5,0,5.0,623.6124617891758,,
108.16853450000053,mouse,move,1205,1058,-4,0,4.0,499.4007190142445,,
108.1765022999898,mouse,move,1202,1059,-3,1,3.1622776601683795,396.88215874211556,,
108.20874189998722,mouse,move,1202,1059,0,0,0.0,0.0,,
108.25695849998738,mouse,move,1205,1059,3,0,3.0,62.21923569870245,,
108.26455909998913,mouse,move,1213,1059,8,0,8.0,1052.5484827719547,,
108.2725325999927,mouse,move,1225,1059,12,0,12.0,1504.985263011646,,
108.2805315000005,mouse,move,1238,1059,13,0,13.0,1625.2234666408947,,
108.28879749999032,mouse,move,1253,1059,15,0,15.0,1814.6624750155886,,
108.29691839999577,mouse,move,1271,1059,18,0,18.0,2216.5030954594868,,
108.30492029999732,mouse,move,1294,1059,23,0,23.0,2874.317349074335,,
108.3128299999953,mouse,move,1312,1059,18,0,18.0,2275.686815504309,,
108.32095019999542,mouse,move,1332,1059,20,0,20.0,2462.993522290257,,
108.32880649999424,mouse,move,1353,1059,21,0,21.0,2673.0140146318404,,
108.33654039999237,mouse,move,1374,1059,21,0,21.0,2715.3182747487585,,
108.34479129999818,mouse,move,1390,1059,16,0,16.0,1939.1823908594763,,
108.35252629999013,mouse,move,1407,1059,17,0,17.0,2197.802200088545,,
108.36055889999261,mouse,move,1417,1059,10,0,10.0,1244.9269224053116,,
108.36848679999821,mouse,move,1422,1059,5,0,5.0,630.6840394643815,,
108.37661829999706,mouse,move,1426,1059,4,0,4.0,491.914161048264,,
108.38463259999116,mouse,move,1428,1059,2,0,2.0,249.55392254743794,,
108.40084849999403,mouse,move,1429,1059,1,0,1.0,61.66786917923066,,
108.42450749999261,mouse,move,1429,1060,0,1,1.0,42.267213325148,,
108.45665290000034,mouse,move,1429,1061,0,1,1.0,31.10865006376679,,
108.46455289999722,mouse,move,1429,1062,0,1,1.0,126.58227853100354,,
108.47257879999233,mouse,move,1427,1064,-2,2,2.8284271247461903,352.41245548368835,,
108.48055769999337,mouse,move,1426,1065,-1,1,1.4142135623730951,177.24417678998793,,
108.48853589998907,mouse,move,1423,1065,-3,0,3.0,376.02466742060284,,
108.49684899998829,mouse,move,1421,1066,-2,1,2.23606797749979,268.98124378526893,,
108.50465699999768,mouse,move,1415,1067,-6,1,6.082762530298219,779.042331324616,,
108.51260889999685,mouse,move,1409,1069,-6,2,6.324555320336759,795.3514658127557,,
108.52060449999408,mouse,move,1401,1069,-8,0,8.0,1000.5503030131135,,
108.52860159998818,mouse,move,1392,1070,-9,1,9.055385138137417,1132.3336140374045,,
108.53665759999421,mouse,move,1382,1071,-10,1,10.04987562112089,1247.5019381319626,,
108.5445902999927,mouse,move,1372,1071,-10,0,10.0,1260.6048384410974,,
108.55256539999391,mouse,move,1359,1071,-13,0,13.0,1630.0736038466819,,
108.56061019998742,mouse,move,1345,1071,-14,0,14.0,1740.2545757866903,,
108.56855919999362,mouse,move,1332,1071,-13,0,13.0,1635.4258384542518,,
108.57668489999196,mouse,move,1320,1071,-12,0,12.0,1476.7958455817668,,
108.58457159998943,mouse,move,1307,1071,-13,0,13.0,1648.3446820811157,,
108.5926199999958,mouse,move,1287,1071,-20,0,20.0,2484.965953998594,,
108.60058980000031,mouse,move,1270,1071,-17,0,17.0,2133.0522711229114,,
108.608817299988,mouse,move,1259,1071,-11,0,11.0,1336.9796434455855,,
108.6165508999984,mouse,move,1245,1070,-14,-1,14.035668847618199,1814.8945935591314,,
108.62516619999951,mouse,move,1233,1068,-12,-2,12.165525060596439,1412.0837416024724,,
108.63256869999168,mouse,move,1226,1067,-7,-1,7.0710678118654755,955.2269934950648,,
108.64098879999074,mouse,move,1219,1067,-7,0,7.0,831.3440458882733,,
108.648529099999,mouse,move,1217,1066,-2,-1,2.23606797749979,296.5489403671812,,
108.6885626999865,mouse,move,1217,1066,0,0,0.0,0.0,,
108.69655839999905,mouse,move,1220,1066,3,0,3.0,375.20167030951086,,
108.70456809998723,mouse,move,1225,1066,5,0,5.0,624.2431061561899,,
108.71256559999892,mouse,move,1232,1064,7,-2,7.280109889280518,910.2982030174911,,
108.7205527999904,mouse,move,1240,1064,8,0,8.0,1001.6025651715081,,
108.72879219999595,mouse,move,1250,1064,10,0,10.0,1213.6806069937038,,
108.7365759999957,mouse,move,1260,1064,10,0,10.0,1284.7195457656248,,
108.74463749999995,mouse,move,1270,1064,10,0,10.0,1240.4639328556455,,
108.75257229999988,mouse,move,1280,1064,10,0,10.0,1260.2712103755941,,
108.76059529998747,mouse,move,1289,1064,9,0,9.0,1121.774898906042,,
108.76871809999284,mouse,move,1296,1064,7,0,7.0,861.7718022572079,,
108.776643899997,mouse,move,1302,1064,6,0,6.0,757.0213728395206,,
108.78461919999972,mouse,move,1305,1064,3,0,3.0,376.16139818869647,,
108.7926015999983,mouse,move,1308,1064,3,0,3.0,375.82681906856766,,
108.80059329999494,mouse,move,1309,1064,1,0,1.0,125.12982224317592,,
108.81658799998695,mouse,move,1310,1063,1,-1,1.4142135623730951,88.41763603442695,,
108.83254699999816,mouse,move,1311,1063,1,0,1.0,62.660567660738735,,
109.00053249999473,mouse,move,1311,1062,0,-1,1.0,5.952894744012939,,
109.08850189999794,mouse,move,1311,1061,0,-1,1.0,11.367589184007024,,
109.12094229999639,mouse,click_press,1311,1061,,,,,,
109.29710109998996,mouse,click_release,1311,1061,,,,,,
109.60061319998931,mouse,move,1311,1058,0,-3,3.0,5.858101549507943,,
109.60862099999213,mouse,move,1311,1056,0,-2,2.0,249.7564873369571,,
109.61656389999553,mouse,move,1311,1055,0,-1,1.0,125.89860121265313,,
109.62454639999487,mouse,move,1311,1052,0,-3,3.0,375.8221108984351,,
109.63293919998978,mouse,move,1311,1051,0,-1,1.0,119.14974747482103,,
109.64059669998824,mouse,move,1311,1050,0,-1,1.0,130.5909239570728,,
109.64894249998906,mouse,move,1311,1048,0,-2,2.0,239.64149629781494,,
109.6565389999887,mouse,move,1311,1046,0,-2,2.0,263.27914172261865,,
109.66499149998708,mouse,move,1311,1044,0,-2,2.0,236.61638572994207,,
109.67250729999796,mouse,move,1311,1042,0,-2,2.0,266.1060694942841,,
109.68061489998945,mouse,move,1311,1039,0,-3,3.0,370.02318850817113,,
109.68904619998648,mouse,move,1311,1038,0,-1,1.0,118.60567176503035,,
109.6964936000004,mouse,move,1311,1035,0,-3,3.0,402.8251462784605,,
109.71264329999394,mouse,move,1311,1034,0,-1,1.0,61.92065489758405,,
109.72127809999802,mouse,move,1311,1031,0,-3,3.0,347.4313242442724,,
109.72853109998687,mouse,move,1311,1029,0,-2,2.0,275.7479667826462,,
109.73710659999051,mouse,move,1311,1027,0,-2,2.0,233.2225525217276,,
109.74456769999233,mouse,move,1311,1023,0,-4,4.0,536.1139777009525,,
109.7530482000002,mouse,move,1311,1021,0,-2,2.0,235.83515101062335,,
109.76058159999957,mouse,move,1311,1018,0,-3,3.0,398.2265643997506,,
109.76871569998912,mouse,move,1311,1016,0,-2,2.0,245.87846259205944,,
109.77658279999741,mouse,move,1311,1014,0,-2,2.0,254.22328404247162,,
109.78492319998622,mouse,move,1311,1013,0,-1,1.0,119.89832638022139,,
109.79262519998883,mouse,move,1311,1010,0,-3,3.0,389.5092182528629,,
109.80093889999262,mouse,move,1311,1009,0,-1,1.0,120.2833876066076,,
109.80853829999978,mouse,move,1311,1009,0,0,0.0,0.0,,
109.81692709999334,mouse,move,1311,1008,0,-1,1.0,119.20656122072167,,
109.82467969998834,mouse,move,1311,1006,0,-2,2.0,257.9779688478156,,
109.83293429999321,mouse,move,1311,1004,0,-2,2.0,242.2891477259729,,
109.84064429999853,mouse,move,1311,1001,0,-3,3.0,389.10505809737964,,
109.84852819998923,mouse,move,1311,999,0,-2,2.0,253.68155384501566,,
109.85661119999713,mouse,move,1311,992,0,-7,7.0,866.0150925594613,,
109.8649432999955,mouse,move,1311,991,0,-1,1.0,120.01776265235071,,
109.87259829998948,mouse,move,1311,988,0,-3,3.0,391.90071879313643,,
109.88093869999284,mouse,move,1311,986,0,-2,2.0,239.7966523420575,,
109.8885322999995,mouse,move,1311,986,0,0,0.0,0.0,,
109.89695529999153,mouse,move,1312,985,1,-1,1.4142135623730951,167.89903403898322,,
109.90478979999898,mouse,move,1312,983,0,-2,2.0,255.2811280999069,,
109.91257069999119,mouse,move,1314,982,2,-1,2.23606797749979,287.3790923592014,,
109.9205501999968,mouse,move,1318,977,4,-5,6.4031242374328485,802.4467990395542,,
109.9285530999914,mouse,move,1322,977,4,0,4.0,499.81881601607114,,
109.93693139999232,mouse,move,1328,973,6,-4,7.211102550927978,860.6880333888486,,
109.94456589999027,mouse,move,1334,971,6,-2,6.324555320336759,828.4177512654957,,
109.95295559999067,mouse,move,1346,965,12,-6,13.416407864998739,1599.1522777152468,,
109.96060289999878,mouse,move,1360,960,14,-5,14.866068747318506,1943.9630629853536,,
109.96894019999309,mouse,move,1368,957,8,-3,8.54400374531753,1024.7926488370554,,
109.97657549999713,mouse,move,1379,956,11,-1,11.045361017187261,1446.6178161097905,,
109.98494339999161,mouse,move,1389,952,10,-4,10.770329614269007,1287.1006610225816,,
109.99257539999962,mouse,move,1398,951,9,-1,9.055385138137417,1186.5022443168948,,
110.00116379999963,mouse,move,1405,947,7,-4,8.06225774829855,938.7380359893816,,
110.0085689999978,mouse,move,1412,947,7,0,7.0,945.2816941777851,,
110.01694519999728,mouse,move,1416,946,4,-1,4.123105625617661,492.2405895126819,,
110.02484299999196,mouse,move,1417,945,1,-1,1.4142135623730951,179.0642410957101,,
110.03295029999572,mouse,move,1418,945,1,0,1.0,123.3456267236323,,
110.76093679999758,mouse,click_press,1418,945,,,,,,
110.91366419999395,mouse,click_release,1418,945,,,,,,
111.04870819998905,mouse,move,1409,946,-9,1,9.055385138137417,8.914904957369133,,
111.05710549998912,mouse,move,1385,950,-24,4,24.331050121192877,2897.484920270924,,
111.06469089999155,mouse,move,1356,955,-29,5,29.427877939124322,3879.542005657017,,
111.07265269999334,mouse,move,1305,955,-51,0,51.0,6405.586674935988,,
111.08066969999345,mouse,move,1247,955,-58,0,58.0,7234.626418761592,,
111.08865309999965,mouse,move,1183,955,-64,0,64.0,8016.634510399734,,
111.09657899999002,mouse,move,1129,955,-54,0,54.0,6813.106406290707,,
111.10466549999546,mouse,move,1071,955,-58,0,58.0,7172.44790217393,,
111.11262369999895,mouse,move,1010,955,-61,0,61.0,7665.049882294824,,
111.12082549999468,mouse,move,956,955,-54,0,54.0,6583.920606220958,,
111.12850919998891,mouse,move,895,955,-61,0,61.0,7938.883616720442,,
111.1366854999942,mouse,move,834,955,-61,0,61.0,7460.587302391361,,
111.14472519999254,mouse,move,777,955,-57,0,57.0,7089.816785676664,,
111.1525959999999,mouse,move,719,955,-58,0,58.0,7369.009496583419,,
111.16075439999986,mouse,move,671,955,-48,0,48.0,5883.506569946968,,
111.16882929998974,mouse,move,647,957,-24,2,24.08318915758459,2982.4752241849365,,
111.17667399998754,mouse,move,622,958,-25,1,25.019992006393608,3189.4134910700413,,
111.18492759999936,mouse,move,607,958,-15,0,15.0,1817.3887732058802,,
111.19269209999766,mouse,move,595,958,-12,0,12.0,1545.4955248404847,,
111.2010917999869,mouse,move,590,958,-5,0,5.0,595.2593552632384,,
111.20889719999104,mouse,move,589,958,-1,0,1.0,128.1164321455644,,
111.21710840000014,mouse,move,589,958,0,0,0.0,0.0,,
111.52873649999674,mouse,move,589,958,0,0,0.0,0.0,,
112.76374059999944,keyboard,key_press,,,,,,,,43.347065000009025
112.88489129999653,keyboard,key_release,,,,,,,0.12115069999708794,
