timestamp,device,event,x,y,dx,dy,distance,velocity,hold_time,flight_time
0.9805701000004774,mouse,move,965,868,0,0,0,0,,
0.9881322000001092,mouse,move,951,878,-14,10,17.204650534085253,2275.115448740833,,
0.995965599999181,mouse,move,937,886,-14,8,16.1245154965971,2058.431268479542,,
1.0045358999923337,mouse,move,920,900,-17,14,22.02271554554524,2569.65515362827,,
1.011995199994999,mouse,move,893,915,-27,15,30.886890422961002,4140.722375011717,,
1.0205362999986392,mouse,move,867,930,-26,15,30.01666203960727,3514.378947303549,,
1.0287616999994498,mouse,move,834,947,-33,17,37.12142238654117,4513.023364563767,,
1.0361039999988861,mouse,move,802,961,-32,14,34.92849839314596,4757.1603442827545,,
1.044746399988071,mouse,move,773,977,-29,16,33.12099032335839,3832.383407942922,,
1.0525160999968648,mouse,move,756,985,-17,8,18.788294228055936,2418.1492473057356,,
1.060109799989732,mouse,move,744,992,-12,7,13.892443989449804,1829.4696923106087,,
1.0685403999959817,mouse,move,737,996,-7,4,8.06225774829855,956.3088916947636,,
1.0765347999986261,mouse,move,731,999,-6,3,6.708203932499369,839.1128702942586,,
1.084121599997161,mouse,move,729,1000,-2,1,2.23606797749979,294.73137263821604,,
1.1006951999879675,mouse,move,729,1001,0,1,1.0,60.33692140239326,,
1.3566913999966346,mouse,move,728,1001,-1,0,1.0,3.9063079841268884,,
1.388073299996904,mouse,move,727,1001,-1,0,1.0,31.865502088509984,,
1.4765653999929782,mouse,move,727,999,0,-2,2.0,22.600887537856245,,
1.4919796999893151,mouse,move,726,997,-1,-2,2.23606797749979,145.06451658727107,,
1.4999974999955157,mouse,move,726,997,0,0,0.0,0.0,,
1.5081494999903953,mouse,move,726,995,0,-2,2.0,245.3385673768688,,
1.5165314999903785,mouse,move,724,992,-2,-3,3.605551275463989,430.15405338477694,,
1.524649999992107,mouse,move,723,990,-1,-2,2.23606797749979,275.42870937041346,,
1.5325248000008287,mouse,move,721,986,-2,-4,4.47213595499958,567.9047023475534,,
1.5400245999917388,mouse,move,718,983,-3,-3,4.242640687119285,565.7005109818185,,
1.5480555999965873,mouse,move,716,977,-2,-6,6.324555320336759,787.5177831550874,,
1.5561488999956055,mouse,move,714,973,-2,-4,4.47213595499958,552.5726163051037,,
1.5641294999950333,mouse,move,713,969,-1,-4,4.123105625617661,516.6410578043361,,
1.5721884999948088,mouse,move,712,967,-1,-2,2.23606797749979,277.46221337164235,,
1.580053300000145,mouse,move,711,966,-1,-1,1.4142135623730951,179.81557845254127,,
1.9646486999990884,mouse,move,709,966,-2,0,2.0,5.200270206054194,,
1.9726386999973329,mouse,move,709,966,0,0,0.0,0.0,,
1.9800197000004118,mouse,move,709,967,0,1,1.0,135.48299682737493,,
1.9885636999970302,mouse,move,708,968,-1,1,1.4142135623730951,165.5212503432616,,
1.9961005999939516,mouse,move,708,968,0,0,0.0,0.0,,
2.004670199996326,mouse,move,707,969,-1,1,1.4142135623730951,165.02678794590634,,
2.0200411999976495,mouse,move,707,971,0,2,2.0,130.11515189823723,,
2.036148300001514,mouse,move,706,971,-1,0,1.0,62.08442238268015,,
2.060001599995303,mouse,move,706,972,0,1,1.0,41.92292052925133,,
2.076037399994675,mouse,move,706,973,0,1,1.0,62.3604684542808,,
2.0843843999900855,mouse,move,706,974,0,1,1.0,119.80352228942677,,
2.0922325999999885,mouse,move,706,975,0,1,1.0,127.4177516804095,,
2.1241743999999017,mouse,move,705,976,-1,1,1.4142135623730951,44.27469843205261,,
2.348748099990189,mouse,move,705,978,0,2,2.0,8.905762340320786,,
2.436717399992631,mouse,move,705,979,0,1,1.0,11.367602106328494,,
2.444540299999062,mouse,move,705,979,0,0,0.0,0.0,,
2.4527197999996133,mouse,move,705,980,0,1,1.0,122.25686165812024,,
2.468691399990348,mouse,move,706,981,1,1,1.4142135623730951,88.54551599047586,,
2.4760639000014635,mouse,move,706,982,0,1,1.0,135.63919952422177,,
2.5008863999973983,mouse,move,707,983,1,1,1.4142135623730951,56.97305116747722,,
2.5168346999998903,mouse,move,708,983,1,0,1.0,62.702607791660746,,
2.524604399994132,mouse,move,708,984,0,1,1.0,128.70509810431642,,
2.548701199993957,mouse,move,709,985,1,1,1.4142135623730951,58.688853390632026,,
2.5565329999953974,mouse,move,709,985,0,0,0.0,0.0,,
2.572783299998264,mouse,move,710,986,1,1,1.4142135623730951,87.02692024908089,,
2.64402209999389,mouse,move,710,987,0,1,1.0,14.03729428431409,,
2.7480958999949507,mouse,move,711,987,1,0,1.0,9.608566228866527,,
2.7840790999907767,keyboard,key_press,,,,,,,,
2.82851569999184,mouse,move,712,987,1,0,1.0,12.43474865690641,,
2.8521304999885615,mouse,move,713,987,1,0,1.0,42.34632519177931,,
2.900113199997577,mouse,move,713,987,0,0,0.0,0.0,,
2.996080199998687,mouse,move,714,988,1,1,1.4142135623730951,14.736456931619575,,
3.148198199996841,mouse,move,715,988,1,0,1.0,6.573843989614211,,
3.305284699992626,keyboard,key_press,,,,,,,,0.5212056000018492
3.339364100000239,keyboard,key_press,,,,,,,,0.034079400007613
3.3724073999910615,keyboard,key_press,,,,,,,,0.03304329999082256
3.4059310000011465,keyboard,key_press,,,,,,,,0.03352360001008492
3.4389778999902774,keyboard,key_press,,,,,,,,0.03304689998913091
3.472056300000986,keyboard,key_press,,,,,,,,0.03307840001070872
3.505475899990415,keyboard,key_press,,,,,,,,0.033419599989429116
3.539460299987695,keyboard,key_press,,,,,,,,0.03398439999727998
3.5728221999888774,keyboard,key_press,,,,,,,,0.03336190000118222
3.607029499995406,keyboard,key_press,,,,,,,,0.034207300006528385
3.640534199992544,keyboard,key_press,,,,,,,,0.03350469999713823
3.673387399991043,keyboard,key_press,,,,,,,,0.032853199998498894
3.706188899988774,keyboard,key_press,,,,,,,,0.0328014999977313
3.7397110000019893,keyboard,key_press,,,,,,,,0.033522100013215095
3.7694401999906404,keyboard,key_press,,,,,,,,0.02972919998865109
3.9072943999926792,keyboard,key_release,,,,,,,0.16758339999068994,
3.908013699998264,mouse,move,715,988,0,0,0.0,0.0,,
3.9402461999998195,mouse,move,716,988,1,0,1.0,31.024586983688735,,
3.9562806999892928,mouse,move,717,988,1,0,1.0,62.36552437908919,,
3.96543159999419,mouse,move,718,987,1,-1,1.4142135623730951,154.54365817747475,,
3.9724955999990925,mouse,move,719,986,1,-1,1.4142135623730951,200.20010778477035,,
3.9802630999911344,mouse,move,720,985,1,-1,1.4142135623730951,182.06804812642682,,
4.009294099989347,keyboard,key_release,,,,,,,0.23985389999870677,
4.009675799999968,mouse,move,720,982,0,-3,3.0,101.9967564725096,,
4.010684199995012,mouse,move,720,981,0,-1,1.0,991.6699771071416,,
4.0921956999955,mouse,move,720,981,0,0,0.0,0.0,,
4.100146500000847,mouse,move,719,981,-1,0,1.0,125.77350698389436,,
4.108189199992921,mouse,move,716,981,-3,0,3.0,373.0090644878255,,
4.116110999995726,mouse,move,715,981,-1,0,1.0,126.2339366868539,,
4.692072999998345,mouse,move,715,981,0,0,0.0,0.0,,
4.852115099987714,mouse,move,714,983,-1,2,2.23606797749979,13.971748543966427,,
4.860028399998555,mouse,move,712,984,-2,1,2.23606797749979,282.5708584833563,,
4.868284600001061,mouse,move,709,986,-3,2,3.605551275463989,436.70832518221874,,
4.876221400001668,mouse,move,704,991,-5,5,7.0710678118654755,890.9217583062007,,
4.884140699999989,mouse,move,696,996,-8,5,9.433981132056603,1191.2645226291675,,
4.892466599994805,mouse,move,689,999,-7,3,7.615773105863909,914.7086934272611,,
4.900023499998497,mouse,move,685,1005,-4,6,7.211102550927978,954.2408325377856,,
4.90830549999373,mouse,move,668,1021,-17,16,23.345235059857504,2818.7919673138495,,
4.916110499994829,mouse,move,636,1046,-32,25,40.607881008493905,5202.8034596766465,,
4.924180799993337,mouse,move,579,1081,-57,35,66.88796603276258,8288.16351872048,,
4.931984399998328,mouse,move,496,1128,-83,47,95.38343671728336,12223.004338546749,,
4.940108700000565,mouse,move,399,1125,-97,-3,97.04638066409278,11945.199049440955,,
4.948048899997957,mouse,move,287,1130,-112,5,112.11155159036913,14119.48711961738,,
4.956094299996039,mouse,move,165,1125,-122,-5,122.10241602851272,15176.674380095941,,
4.9640417999908095,mouse,move,37,1113,-128,-12,128.56126943990557,16176.315762755283,,
4.9720369999995455,mouse,move,-77,1101,-114,-12,114.6298390472568,14337.332264609513,,
4.980199500001618,mouse,move,-105,1077,-28,-24,36.87817782917155,4518.000345459036,,
4.988061299998662,mouse,move,-77,1062,28,-15,31.76476034853718,4040.3928312190137,,
4.996126899990486,mouse,move,-76,1022,1,-40,40.01249804748511,4960.883020239975,,
5.004140199991525,mouse,move,-69,964,7,-58,58.42088667591412,7290.490393263457,,
5.012066999988747,mouse,move,-65,885,4,-79,79.1012010022604,9978.957590703078,,
5.020099899993511,mouse,move,-70,790,-5,-95,95.13148795220224,11842.732748544413,,
5.028055599992513,mouse,move,-58,690,12,-100,100.71742649611338,12659.781855619274,,
5.036186199999065,mouse,move,-44,594,14,-96,97.01546268507923,11932.140630075875,,
5.044154499992146,mouse,move,-35,502,9,-92,92.43916918709297,11600.86458433532,,
5.052183199994033,mouse,move,-26,424,9,-78,78.5175139698144,9779.604911300688,,
5.060088599988376,mouse,move,-18,363,8,-61,61.5223536610881,7782.320148900231,,
5.067977999991854,mouse,move,-6,317,12,-46,47.53945729601885,6025.737987053737,,
5.076482999997097,mouse,move,-3,295,3,-22,22.20360331117452,2610.6529450306834,,
5.084367299990845,mouse,move,-4,284,-1,-11,11.045361017187261,1400.9310941930291,,
5.09261890000198,mouse,move,-1,274,3,-10,10.44030650891055,1265.246315238434,,
5.1006171999906655,mouse,move,0,256,1,-18,18.027756377319946,2253.948514412185,,
5.108464799996,mouse,move,3,241,3,-15,15.297058540778355,1949.265830366035,,
5.116864399999031,mouse,move,15,224,12,-17,20.808652046684813,2477.3384493518497,,
5.124645999996574,mouse,move,36,199,21,-25,32.64965543462902,4195.750931034598,,
5.132592299996759,mouse,move,62,175,26,-24,35.38361202590826,4452.841199688388,,
5.140075199989951,mouse,move,86,158,24,-17,29.410882339705484,3930.412322289773,,
5.148661399987759,mouse,move,112,146,26,-12,28.635642126552707,3335.077465451968,,
5.1566198999935295,mouse,move,136,137,24,-9,25.632011235952593,3220.7088292225385,,
5.1645761999971,mouse,move,161,128,25,-9,26.570660511172846,3339.574990793318,,
5.172575999997207,mouse,move,185,119,24,-9,25.632011235952593,3204.0815064889152,,
5.180553099999088,mouse,move,209,112,24,-7,25.0,3133.9709912255476,,
5.188098799990257,mouse,move,228,111,19,-1,19.026297590440446,2521.475491035507,,
5.196547200001078,mouse,move,239,111,11,0,11.0,1302.021682911735,,
5.204091699997662,mouse,move,248,108,9,-3,9.486832980505138,1257.4501934920409,,
5.212538699997822,mouse,move,257,109,9,1,9.055385138137417,1072.0238117634299,,
5.220499499992002,mouse,move,265,110,8,1,8.06225774829855,1012.7446681480184,,
5.228539999996428,mouse,move,272,111,7,1,7.0710678118654755,879.4313547630876,,
5.2365156000014395,mouse,move,280,115,8,4,8.94427190999916,1121.4544240407579,,
5.2445389999920735,mouse,move,289,120,9,5,10.295630140987,1283.2004079324697,,
5.252069800000754,mouse,move,298,124,9,4,9.848857801796104,1307.8102977696171,,
5.2606020999955945,mouse,move,304,127,6,3,6.708203932499369,786.2128542779792,,
5.268087999997078,mouse,move,311,132,7,5,8.602325267042627,1149.1370797549182,,
5.268743199994788,mouse,scroll,311,132,0,-1,,,,
5.276561599996057,mouse,move,317,136,6,4,7.211102550927978,851.0081372494506,,
5.284089099994162,mouse,move,324,139,7,3,7.615773105863909,1011.7267496222352,,
5.292545099990093,mouse,move,332,144,8,5,9.433981132056603,1115.6552905151545,,
5.300142199994298,mouse,move,341,148,9,4,9.848857801796104,1296.397019434434,,
5.308561799989548,mouse,move,348,153,7,5,8.602325267042627,1021.7023696964028,,
5.316324100000202,mouse,move,354,157,6,4,7.211102550927978,928.9904462633988,,
5.324576899991371,mouse,move,361,160,7,3,7.615773105863909,922.8108174211467,,
5.332547599988175,mouse,move,367,164,6,4,7.211102550927978,904.7012876936161,,
5.333214099999168,mouse,scroll,367,164,0,-1,,,,
5.340567599996575,mouse,move,371,166,4,2,4.47213595499958,557.6229364482857,,
5.348569499998121,mouse,move,377,171,6,5,7.810249675906654,976.0493975678565,,
5.35670509999909,mouse,move,385,176,8,5,9.433981132056603,1159.5925476833672,,
5.364602999994531,mouse,move,388,178,3,2,3.605551275463989,456.5202493757853,,
5.372451899995212,mouse,move,390,179,2,1,2.23606797749979,284.88934466049153,,
5.373452699990594,mouse,scroll,390,179,0,-1,,,,
5.41236729999946,mouse,scroll,390,179,0,-1,,,,
5.444390699994983,mouse,scroll,390,179,0,-1,,,,
5.4681909999926575,mouse,scroll,390,179,0,-1,,,,
7.740530600000056,mouse,move,390,179,0,0,0.0,0.0,,
7.756510599996545,mouse,move,391,180,1,1,1.4142135623730951,88.49897138196637,,
7.764533499997924,mouse,move,391,183,0,3,3.0,373.9296263800436,,
7.772694200000842,mouse,move,391,183,0,0,0.0,0.0,,
7.780055700000958,mouse,move,391,188,0,5,5.0,679.2094002474445,,
7.788551299992832,mouse,move,391,194,0,6,6.0,706.2479407856334,,
7.796054799997364,mouse,move,390,200,-1,6,6.082762530298219,810.6566970912871,,
7.804543799997191,mouse,move,385,209,-5,9,10.295630140987,1212.820136788443,,
7.812046499995631,mouse,move,383,213,-2,4,4.47213595499958,596.0702088487235,,
7.820531399993342,mouse,move,378,224,-5,11,12.083045973594572,1424.0646297368264,,
7.828540999995312,mouse,move,368,246,-10,22,24.166091947189145,3017.140923547651,,
7.836096799990628,mouse,move,353,285,-15,39,41.78516483155236,5530.210547851293,,
7.844064899996738,mouse,move,339,336,-14,51,52.88667128870941,6637.300140328971,,
7.852380500000436,mouse,move,335,371,-4,35,35.22782990761707,4236.354549515539,,
7.860249399993336,mouse,move,335,387,0,16,16.0,2033.3210505199763,,
7.86840539998957,mouse,move,335,389,0,2,2.0,245.21824435060788,,
8.396066000001156,mouse,move,335,389,0,0,0.0,0.0,,
8.404008199999225,mouse,move,333,380,-2,-9,9.219544457292887,1160.8300545861105,,
8.41210799998953,mouse,move,332,365,-1,-15,15.033296378372908,1856.008345436601,,
8.420083099990734,mouse,move,330,350,-2,-15,15.132745950421556,1897.4992098076882,,
8.428269700001692,mouse,move,329,335,-1,-15,15.033296378372908,1836.3296555651295,,
8.436089399998309,mouse,move,329,312,0,-23,23.0,2941.2893090465477,,
8.4440850999963,mouse,move,329,278,0,-34,34.0,4252.285604580145,,
8.484073799991165,mouse,move,329,278,0,0,0.0,0.0,,
8.500493499988806,mouse,move,329,277,0,-1,1.0,60.902452550513104,,
8.508081899999524,mouse,move,329,275,0,-2,2.0,263.56017041473217,,
8.516294799992465,mouse,move,329,273,0,-2,2.0,243.5193417330073,,
8.524161499997717,mouse,move,329,264,0,-9,9.0,1144.062948122018,,
8.532286499990732,mouse,move,336,234,7,-30,30.805843601498726,3791.4884465208575,,
8.540141599994968,mouse,move,344,198,8,-36,36.87817782917155,4694.806916434892,,
8.548637499989127,mouse,move,350,180,6,-18,18.973665961010276,2233.2732228550904,,
8.556408399992506,mouse,move,355,160,5,-20,20.615528128088304,2652.9138348355464,,
8.564262999992934,mouse,move,362,142,7,-18,19.313207915827967,2458.840413869006,,
8.572216100001242,mouse,move,369,128,7,-14,15.652475842498529,1968.0974495665414,,
8.580591299993102,mouse,move,376,115,7,-13,14.7648230602334,1762.9218495776615,,
8.588533499991172,mouse,move,383,106,7,-9,11.40175425099138,1435.5914298006485,,
8.59620869999344,mouse,move,394,97,11,-9,14.212670403551895,1851.7654783396094,,
8.604496899992228,mouse,move,401,89,7,-8,10.63014581273465,1282.5638636000126,,
8.612386499997228,mouse,move,408,83,7,-6,9.219544457292887,1168.5693129498418,,
8.620288199992501,mouse,move,414,78,6,-5,7.810249675906654,988.426500699742,,
8.628101599999354,mouse,move,420,73,6,-5,7.810249675906654,999.5968040873848,,
8.636042199999793,mouse,move,425,66,5,-7,8.602325267042627,1083.334416362469,,
8.644175800000085,mouse,move,428,60,3,-6,6.708203932499369,824.752130945521,,
8.652300399990054,mouse,move,429,59,1,-1,1.4142135623730951,174.06562342996554,,
8.692703900000197,mouse,scroll,429,59,0,1,,,,
8.756149499997264,mouse,move,424,62,-5,3,5.830951894845301,56.14831418317998,,
8.764203699989594,mouse,move,413,67,-11,5,12.083045973594572,1500.216779456869,,
8.772083499992732,mouse,move,404,74,-9,7,11.40175425099138,1446.959852591472,,
8.780064499995206,mouse,move,392,78,-12,4,12.649110640673518,1584.902974157764,,
8.78818269999465,mouse,move,379,78,-13,0,13.0,1601.3401986758206,,
8.796071899996605,mouse,move,367,79,-12,1,12.041594578792296,1526.3391187710101,,
8.804048699996201,mouse,move,357,79,-10,0,10.0,1253.6355431383233,,
8.812132499995641,mouse,move,347,79,-10,0,10.0,1237.0419852906596,,
8.82008279999718,mouse,move,345,80,-2,1,2.23606797749979,281.2557987832982,,
8.827999100001762,mouse,move,343,80,-2,0,2.0,252.64328017415255,,
8.83616369999072,mouse,move,341,80,-2,0,2.0,244.95994937959634,,
8.844200399995316,mouse,move,339,80,-2,0,2.0,248.8583621208224,,
8.852283299987903,mouse,move,339,80,0,0,0.0,0.0,,
8.860129199994844,mouse,move,338,80,-1,0,1.0,127.45510382687364,,
8.8682007999887,mouse,move,336,79,-2,-1,2.23606797749979,277.0290870709896,,
8.876333599997452,mouse,move,334,75,-2,-4,4.47213595499958,549.8888390451925,,
8.88407109999389,mouse,move,333,67,-1,-8,8.06225774829855,1041.9719227153957,,
8.89214450000145,mouse,move,333,60,0,-7,7.0,867.044862566503,,
8.900104699991061,mouse,move,333,48,0,-12,12.0,1507.499813529935,,
8.908122199994978,mouse,move,333,42,0,-6,6.0,748.3629556681325,,
8.916237599987653,mouse,move,333,33,0,-9,9.0,1109.002637962746,,
8.924550700001419,mouse,move,334,28,1,-5,5.0990195135927845,613.3716068794329,,
8.932312099990668,mouse,move,338,19,4,-9,9.848857801796104,1268.9537732159652,,
8.940311099999235,mouse,move,343,13,5,-6,7.810249675906654,976.4032588500534,,
8.948162999993656,mouse,move,347,8,4,-5,6.4031242374328485,815.4872377364204,,
8.95696909999242,mouse,move,355,0,8,-8,11.313708498984761,1284.758122275676,,
8.964074899995467,mouse,move,365,-9,10,-9,13.45362404707371,1893.3299616237869,,
8.972574999992503,mouse,move,374,-11,9,-2,9.219544457292887,1084.6395290064336,,
8.980215899995528,mouse,move,382,-8,8,3,8.54400374531753,1118.1933727616708,,
8.988278799995896,mouse,move,388,-7,6,1,6.082762530298219,754.4137382356733,,
8.996168899990153,mouse,move,396,-5,8,2,8.246211251235321,1045.1339345811082,,
9.004283699992811,mouse,move,402,-4,6,1,6.082762530298219,749.5887179357788,,
9.012422499989043,mouse,move,409,-4,7,0,7.0,860.0776531234391,,
9.020298999996157,mouse,move,412,-3,3,1,3.1622776601683795,401.48259472000035,,
9.02871659999073,mouse,move,419,-2,7,1,7.0710678118654755,840.033717024389,,
9.03608499999973,mouse,move,427,-4,8,-2,8.246211251235321,1119.1318659632243,,
9.04428969998844,mouse,move,432,-2,5,2,5.385164807134504,656.3512151016935,,
9.05237349998788,mouse,move,440,-4,8,-2,8.246211251235321,1020.0909537354315,,
9.060866999992868,mouse,move,450,-2,10,2,10.198039027185569,1200.6874693820384,,
9.068478899993352,mouse,move,453,-2,3,0,3.0,394.1197335500142,,
9.076221899988013,mouse,move,457,-1,4,1,4.123105625617661,532.4945923363423,,
9.084411599993473,mouse,move,460,0,3,1,3.1622776601683795,386.128632069584,,
9.092336099987733,mouse,move,461,-1,1,-1,1.4142135623730951,178.4609203605798,,
9.100519999992684,mouse,move,463,0,2,1,2.23606797749979,273.2276758204477,,
9.108178199996473,mouse,move,465,-1,2,-1,2.23606797749979,291.9834917335041,,
9.204126699987683,mouse,move,468,0,3,1,3.1622776601683795,32.95807292931214,,
9.212486399992486,mouse,move,469,0,1,0,1.0,119.6215174498434,,
9.22038519999478,mouse,move,469,0,0,0,0.0,0.0,,
9.228520599994226,mouse,move,473,0,4,0,4.0,491.6783440608051,,
9.236527399989427,mouse,move,474,2,1,2,2.23606797749979,279.27111690564186,,
9.244490400000359,mouse,move,475,3,1,1,1.4142135623730951,177.59808620263934,,
9.252603899993119,mouse,move,477,4,2,1,2.23606797749979,275.59844450547246,,
9.260475899995072,mouse,move,477,4,0,0,0.0,0.0,,
9.26849570000195,mouse,move,480,6,3,2,3.605551275463989,449.5811955874131,,
9.276060399992275,mouse,move,481,6,1,0,1.0,132.19294899716928,,
9.284204899988254,mouse,move,482,7,1,1,1.4142135623730951,173.64031715530496,,
9.292065899993759,mouse,move,484,8,2,1,2.23606797749979,284.45083016586625,,
9.300695199999609,mouse,move,487,10,3,2,3.605551275463989,417.8266224397742,,
9.308569000000716,mouse,move,488,11,1,1,1.4142135623730951,179.610043711326,,
9.316688199993223,mouse,move,490,13,2,2,2.8284271247461903,348.3627854168581,,
9.3241149999958,mouse,move,491,13,1,0,1.0,134.64749281696592,,
9.332539399998495,mouse,move,494,15,3,2,3.605551275463989,427.989088161803,,
9.34007729998848,mouse,move,497,17,3,2,3.605551275463989,478.323044913686,,
9.348634099995252,mouse,move,501,18,4,1,4.123105625617661,481.85134891015036,,
9.356088599990471,mouse,move,503,20,2,2,2.8284271247461903,379.42546469381256,,
9.364678300000378,mouse,move,506,21,3,1,3.1622776601683795,368.1476252396783,,
9.372297599999001,mouse,move,510,23,4,2,4.47213595499958,586.9484015339493,,
9.380582099998719,mouse,move,511,25,1,2,2.23606797749979,269.90982890650685,,
9.388589999987744,mouse,move,514,26,3,1,3.1622776601683795,394.89474949767776,,
9.396842599991942,mouse,move,518,28,4,2,4.47213595499958,541.9063025864141,,
9.404568400001153,mouse,move,520,30,2,2,2.8284271247461903,366.101519761557,,
9.41258609999204,mouse,move,523,31,3,1,3.1622776601683795,394.41207126265385,,
9.420565499996883,mouse,move,523,31,0,0,0.0,0.0,,
9.428676999988966,mouse,move,526,32,3,1,3.1622776601683795,389.8511574005916,,
9.43657489999896,mouse,move,528,34,2,2,2.8284271247461903,358.12394701975103,,
9.444578299997374,mouse,move,528,35,0,1,1.0,124.94689759327387,,
9.452134199993452,mouse,move,530,35,2,0,2.0,264.6938155664082,,
9.460608699999284,mouse,move,532,37,2,2,2.8284271247461903,333.7574043070077,,
9.476705299995956,mouse,move,533,38,1,1,1.4142135623730951,87.85790556176367,,
9.484565999999177,mouse,move,534,39,1,1,1.4142135623730951,179.90936707846134,,
9.500055799988331,mouse,move,535,39,1,0,1.0,64.55861280973069,,
9.50810539998929,mouse,move,536,39,1,0,1.0,124.22977537776751,,
9.516687099996489,mouse,move,537,39,1,0,1.0,116.52702834650411,,
9.52472809999017,mouse,move,539,39,2,0,2.0,248.7252831204414,,
9.53206019999925,mouse,move,539,39,0,0,0.0,0.0,,
9.540527099990868,mouse,move,542,39,3,0,3.0,354.32094426178196,,
9.548568999991403,mouse,move,543,39,1,0,1.0,124.34872355208091,,
9.556808799999999,mouse,move,546,37,3,-2,3.605551275463989,437.57752271931446,,
9.56454059999669,mouse,move,548,36,2,-1,2.23606797749979,289.20406353718624,,
9.572110199995223,mouse,move,551,35,3,-1,3.1622776601683795,417.7602067191555,,
9.580119899997953,mouse,move,552,33,1,-2,2.23606797749979,279.17000346297937,,
9.588145999994595,mouse,move,554,32,2,-1,2.23606797749979,278.59956621964943,,
9.596540999991703,mouse,move,557,31,3,-1,3.1622776601683795,376.68584410454594,,
9.604600299993763,mouse,move,564,28,7,-3,7.615773105863909,944.9670695863625,,
9.61258000000089,mouse,move,568,26,4,-2,4.47213595499958,560.4391081125251,,
9.620881499999086,mouse,move,577,22,9,-4,9.848857801796104,1186.3949652394413,,
9.628579500000342,mouse,move,582,20,5,-2,5.385164807134504,699.5537550345892,,
9.636565499997232,mouse,move,591,16,9,-4,9.848857801796104,1233.265440224289,,
9.64456380000047,mouse,move,597,14,6,-2,6.324555320336759,790.7374464295,,
9.652745200000936,mouse,move,601,13,4,-1,4.123105625617661,503.9608899922175,,
9.660145999994711,mouse,move,605,10,4,-3,5.0,675.6026381209768,,
9.668651599989971,mouse,move,608,8,3,-2,3.605551275463989,423.90322581278645,,
9.676568299997598,mouse,move,610,6,2,-2,2.8284271247461903,357.2735005774302,,
9.684783999997308,mouse,move,610,5,0,-1,1.0,121.71817374482336,,
9.692571699997643,mouse,move,611,5,1,0,1.0,128.40761713431746,,
9.724165799998445,mouse,move,612,4,1,-1,1.4142135623730951,44.76195119776088,,
9.77211379999062,mouse,move,612,3,0,-1,1.0,20.855927257929363,,
9.78055929999391,mouse,move,613,2,1,-1,1.4142135623730951,167.45172717093342,,
9.796722099999897,mouse,move,614,2,1,0,1.0,61.870467965304364,,
9.820085100000142,mouse,move,615,1,1,-1,1.4142135623730951,60.53219031623801,,
9.836750599992229,mouse,move,617,1,2,0,2.0,120.00840064502597,,
9.84459879998758,mouse,move,618,1,1,0,1.0,127.41775191666396,,
9.852564499989967,mouse,move,619,0,1,-1,1.4142135623730951,177.53788894250133,,
9.860567099996842,mouse,move,622,0,3,0,3.0,374.8781642744226,,
9.868175099996733,mouse,move,625,-2,3,-2,3.605551275463989,473.9157827964812,,
9.876563799989526,mouse,move,629,0,4,2,4.47213595499958,533.1143036277259,,
9.88440319999063,mouse,move,631,0,2,0,2.0,255.12156539002805,,
9.892570399999386,mouse,move,635,-1,4,-1,4.123105625617661,504.8371071110128,,
9.900580299989088,mouse,move,637,0,2,1,2.23606797749979,279.1630332931328,,
9.908567299993592,mouse,move,639,0,2,0,2.0,250.40691108951611,,
9.916705299998284,mouse,move,640,0,1,0,1.0,122.88031450275807,,
10.004753399989568,mouse,move,641,0,1,0,1.0,11.35742849759391,,
10.196773099989514,mouse,move,641,0,0,0,0.0,0.0,,
10.204590699999244,mouse,move,643,0,2,0,2.0,255.83299190425745,,
10.220119899997371,mouse,move,644,0,1,0,1.0,64.39481751285271,,
10.364257099994575,mouse,move,645,0,1,0,1.0,6.937834230298647,,
10.396271899997373,mouse,move,646,1,1,1,1.4142135623730951,44.173743463944106,,
10.404195700000855,mouse,move,647,1,1,0,1.0,126.20207470665095,,
10.413153599991347,mouse,move,649,1,2,0,2.0,223.26661406388945,,
10.420074800000293,mouse,move,653,2,4,1,4.123105625617661,595.7212073467113,,
10.42829109999002,mouse,move,660,3,7,1,7.0710678118654755,860.6146100686551,,
10.436092799995095,mouse,move,666,5,6,2,6.324555320336759,810.6637420334889,,
10.44410429999698,mouse,move,674,7,8,2,8.246211251235321,1029.2967920233539,,
10.45211549999658,mouse,move,679,7,5,0,5.0,624.1262233185098,,
10.460095199989155,mouse,move,685,8,6,1,6.082762530298219,762.2796014835563,,
10.468108499990194,mouse,move,686,8,1,0,1.0,124.79253239867712,,
10.476084499998251,mouse,move,687,8,1,0,1.0,125.3761282585081,,
10.484115499988548,mouse,move,689,8,2,0,2.0,249.0349897169093,,
10.500066299995524,mouse,move,689,8,0,0,0.0,0.0,,
10.676487899996573,mouse,move,690,8,1,0,1.0,5.668240170104187,,
10.708260399987921,mouse,move,692,9,2,1,2.23606797749979,70.37746409973073,,
10.732050599996,mouse,move,692,11,0,2,2.0,84.06822974673514,,
10.75605799999903,mouse,move,693,12,1,1,1.4142135623730951,58.907401975835064,,
10.780112499996903,mouse,move,693,13,0,1,1.0,41.57226298981028,,
10.788086299988208,mouse,move,693,14,0,1,1.0,125.41072024510872,,
10.796042799993302,mouse,move,693,15,0,1,1.0,125.68340342610995,,
10.820348199995351,mouse,move,693,15,0,0,0.0,0.0,,
10.828159299999243,mouse,move,693,17,0,2,2.0,256.0458832947428,,
10.844328299994231,mouse,move,692,18,-1,1,1.4142135623730951,87.46450385375836,,
10.851961799999117,mouse,move,689,19,-3,1,3.1622776601683795,414.2631372429955,,
10.868104199995287,mouse,move,689,19,0,0,0.0,0.0,,
10.875956199990469,mouse,move,687,20,-2,1,2.23606797749979,284.7768694436791,,
10.883966900000814,mouse,move,684,22,-3,2,3.605551275463989,450.0919109201,,
10.900264899988542,mouse,move,683,23,-1,1,1.4142135623730951,86.7722152066491,,
10.908424900000682,mouse,move,681,24,-2,1,2.23606797749979,274.02793801141524,,
10.916023300000234,mouse,move,680,24,-1,0,1.0,131.60665404019647,,
10.924013899988495,mouse,move,679,26,-1,2,2.23606797749979,279.8373064331506,,
10.932078300000285,mouse,move,677,27,-2,1,2.23606797749979,277.27642158507825,,
10.940033699997002,mouse,move,676,27,-1,0,1.0,125.70078191072955,,
10.956069699997897,mouse,move,676,28,0,1,1.0,62.35969069245373,,
10.972060999993118,mouse,move,674,29,-2,1,2.23606797749979,139.8302813509853,,
10.980475399992429,mouse,move,673,30,-1,1,1.4142135623730951,168.07063634828626,,
10.988067799989949,mouse,move,673,30,0,0,0.0,0.0,,
11.004138699994655,mouse,move,671,30,-2,0,2.0,124.44853738211937,,
11.02010860000155,mouse,move,670,30,-1,0,1.0,62.6177997087215,,
11.300469499998144,mouse,click_press,670,30,,,,,,
11.396059299993794,mouse,move,670,31,0,1,1.0,2.659923229350624,,
11.572527700001956,mouse,click_release,670,31,,,,,,
12.372128399991198,mouse,move,670,36,0,5,5.0,5.122588144643963,,
12.380187499991735,mouse,move,673,44,3,8,8.54400374531753,1060.1684734955788,,
12.38818129998981,mouse,move,675,50,2,6,6.324555320336759,791.182581733247,,
12.396092399998452,mouse,move,678,59,3,9,9.486832980505138,1199.1800091191592,,
12.404146100001526,mouse,move,680,68,2,9,9.219544457292887,1144.7588628547558,,
12.412226299988106,mouse,move,683,76,3,8,8.54400374531753,1057.4000345917207,,
12.420438499990269,mouse,move,684,83,1,7,7.0710678118654755,861.0442768080758,,
12.428261299995938,mouse,move,688,91,4,8,8.94427190999916,1143.3593986189917,,
12.436102499996196,mouse,move,689,95,1,4,4.123105625617661,525.8258462330258,,
12.444283399992855,mouse,move,690,102,1,7,7.0710678118654755,864.3386198037637,,
12.452227399990079,mouse,move,691,105,1,3,3.1622776601683795,398.07120610190503,,
12.460220299995854,mouse,move,696,113,5,8,9.433981132056603,1180.295152603048,,
12.468183999997564,mouse,move,699,120,3,7,7.615773105863909,956.3108987315603,,
12.47612529998878,mouse,move,701,125,2,5,5.385164807134504,678.1213167983549,,
12.484152199991513,mouse,move,705,130,4,5,6.4031242374328485,797.7082354648511,,
12.492156599997543,mouse,move,707,134,2,4,4.47213595499958,558.7097036168478,,
12.500254300000961,mouse,move,708,137,1,3,3.1622776601683795,390.51553636631917,,
12.508177499999874,mouse,move,711,140,3,3,4.242640687119285,535.4706037587292,,
12.516189599991776,mouse,move,712,143,1,3,3.1622776601683795,394.6877427097326,,
12.524252299990621,mouse,move,714,146,2,3,3.605551275463989,447.1890651990447,,
12.532257999991998,mouse,move,715,147,1,1,1.4142135623730951,176.6508315487594,,
12.540186099999119,mouse,move,715,148,0,1,1.0,126.1336258500603,,
12.548210799999651,mouse,move,716,150,1,2,2.23606797749979,278.6481709411314,,
12.55612329998985,mouse,move,716,150,0,0,0.0,0.0,,
12.564650100001018,mouse,move,717,151,1,1,1.4142135623730951,165.85513446085122,,
12.58810559999256,mouse,move,718,153,1,2,2.23606797749979,95.33235182819112,,
12.604154899992864,mouse,move,718,153,0,0,0.0,0.0,,
12.612078499994823,mouse,move,719,155,1,2,2.23606797749979,282.203540934287,,
12.62010349999764,mouse,move,721,157,2,2,2.8284271247461903,352.4519780377875,,
12.628246799999033,mouse,move,721,158,0,1,1.0,122.80033890792802,,
12.636427299992647,mouse,move,723,161,2,3,3.605551275463989,440.7494992089298,,
12.644229400000768,mouse,move,724,162,1,1,1.4142135623730951,181.26062994592752,,
12.652561499999138,mouse,move,724,163,0,1,1.0,120.01776265235071,,
12.660160599989467,mouse,move,724,165,0,2,2.0,263.1890621975123,,
12.668533399992157,mouse,move,725,168,1,3,3.1622776601683795,377.684604809933,,
12.676174299995182,mouse,move,725,169,0,1,1.0,130.87463513513643,,
12.684138099997654,mouse,move,727,176,2,7,7.280109889280518,914.1502658305276,,
12.692071799989208,mouse,move,728,180,1,4,4.123105625617661,519.6951775346931,,
12.700216199998977,mouse,move,731,189,3,9,9.486832980505138,1164.8289584408803,,
12.708177399996202,mouse,move,735,199,4,10,10.770329614269007,1352.8525370574941,,
12.716131699999096,mouse,move,740,213,5,14,14.866068747318506,1868.9348832594783,,
12.724110899987863,mouse,move,743,223,3,10,10.44030650891055,1308.440260127281,,
12.732171799987555,mouse,move,747,235,4,12,12.649110640673518,1569.1933457998643,,
12.740078499991796,mouse,move,750,249,3,14,14.317821063276353,1810.846630780955,,
12.748060500001884,mouse,move,751,258,1,9,9.055385138137417,1134.4757111867614,,
12.75612099999853,mouse,move,754,268,3,10,10.44030650891055,1295.243038676956,,
12.76421670000127,mouse,move,756,278,2,10,10.198039027185569,1259.6858855605672,,
12.772289000000455,mouse,move,757,290,1,12,12.041594578792296,1491.71792178291,,
12.78015969999251,mouse,move,760,300,3,10,10.44030650891055,1326.477507648691,,
12.788154599998961,mouse,move,763,312,3,12,12.36931687685298,1547.1509170685454,,
12.79611450000084,mouse,move,768,326,5,14,14.866068747318506,1867.620038418765,,
12.804112199999508,mouse,move,774,342,6,16,17.08800749063506,2136.615213558922,,
12.81223319999117,mouse,move,780,359,6,17,18.027756377319946,2219.8936579031865,,
12.820126299993717,mouse,move,788,375,8,16,17.88854381999832,2266.352106805219,,
12.828219999995781,mouse,move,795,390,7,15,16.55294535724685,2045.1641836274678,,
12.836319399997592,mouse,move,799,403,4,13,13.601470508735444,1679.3182835388334,,
12.844190799994976,mouse,move,804,415,5,12,13.0,1651.5486450085089,,
12.852070599998115,mouse,move,806,423,2,8,8.246211251235321,1046.500069538696,,
12.860118699987652,mouse,move,809,432,3,9,9.486832980505138,1178.7667887872167,,
12.868472699992708,mouse,move,811,441,2,9,9.219544457292887,1103.6083854097292,,
12.876123099995311,mouse,move,812,448,1,7,7.0710678118654755,924.2742614058353,,
12.884225599991623,mouse,move,814,452,2,4,4.47213595499958,551.945196795455,,
12.8924388000014,mouse,move,814,456,0,4,4.0,487.02089261655556,,
12.900154099988868,mouse,move,814,459,0,3,3.0,388.83776455527345,,
12.908118499995908,mouse,move,815,460,1,1,1.4142135623730951,177.56686770164504,,
12.91607579999254,mouse,move,815,464,0,4,4.0,502.6830711035769,,
12.924060699995607,mouse,move,815,466,0,2,2.0,250.47276725218583,,
12.93223510000098,mouse,move,815,467,0,1,1.0,122.33313751990151,,
12.94020029999956,mouse,move,815,468,0,1,1.0,125.54612566894562,,
12.948088299992378,mouse,move,816,469,1,1,1.4142135623730951,179.28670938904625,,
12.95608849999553,mouse,move,817,472,1,3,3.1622776601683795,395.27482549463656,,
12.964062499988358,mouse,move,818,473,1,1,1.4142135623730951,177.3530930079122,,
12.97206259999075,mouse,move,818,474,0,1,1.0,124.99843748216844,,
12.980103599998984,mouse,move,819,474,1,0,1.0,124.36264133515981,,
12.988101299997652,mouse,move,819,475,0,1,1.0,125.03594785582087,,
12.99621159999515,mouse,move,819,476,0,1,1.0,123.30000127104752,,
13.004074699987541,mouse,move,819,479,0,3,3.0,381.52891390199846,,
13.012198500000522,mouse,move,819,482,0,3,3.0,369.28530924027126,,
13.020050399994943,mouse,move,819,485,0,3,3.0,382.0731290683344,,
13.02806569999666,mouse,move,819,490,0,5,5.0,623.8069690378896,,
13.036036399993463,mouse,move,819,496,0,6,6.0,752.7569727132994,,
13.044022899994161,mouse,move,819,499,0,3,3.0,375.6338821433635,,
13.05216149998887,mouse,move,819,506,0,7,7.0,860.098789048604,,
13.060076599998865,mouse,move,819,512,0,6,6.0,758.044748951113,,
13.068228099989938,mouse,move,819,521,0,9,9.0,1104.0912727543334,,
13.076050899995607,mouse,move,819,528,0,7,7.0,894.8202683088706,,
13.084101699991152,mouse,move,819,536,0,8,8.0,993.6900686177173,,
13.092105499992613,mouse,move,819,543,0,7,7.0,874.5845721684925,,
13.100125999990269,mouse,move,819,551,0,8,8.0,997.4440499143628,,
13.100831099989591,mouse,click_press,819,551,,,,,,
13.108125499988091,mouse,move,818,558,-1,7,7.0710678118654755,883.9387228939548,,
13.116081100000883,mouse,move,816,569,-2,11,11.180339887498949,1405.342132525696,,
13.124140499989153,mouse,move,816,575,0,6,6.0,744.4722943064102,,
13.132241300001624,mouse,move,815,582,-1,7,7.0710678118654755,872.8851225779664,,
13.14030990000174,mouse,move,813,590,-2,8,8.246211251235321,1022.0126479336782,,
13.148304999995162,mouse,move,813,592,0,2,2.0,250.15321905233841,,
13.156089600000996,mouse,move,813,595,0,3,3.0,385.3762553954699,,
13.16439829999581,mouse,move,813,598,0,3,3.0,361.0673152084708,,
13.172083699988434,mouse,move,813,600,0,2,2.0,260.2336901032355,,
13.18023679999169,mouse,move,813,601,0,1,1.0,122.65273326718673,,
13.18803669999761,mouse,move,813,602,0,1,1.0,128.20677178437091,,
13.196395899998606,mouse,move,813,602,0,0,0.0,0.0,,
13.204078999988269,mouse,move,813,604,0,2,2.0,260.3115933270259,,
13.308511399998679,mouse,move,813,605,0,1,1.0,9.575572331003793,,
13.316932899993844,mouse,click_release,813,605,,,,,,
13.412155899990466,mouse,move,813,605,0,0,0.0,0.0,,
13.46849809998821,mouse,move,814,604,1,-1,1.4142135623730951,25.100432046134728,,
13.548506199993426,mouse,move,814,603,0,-1,1.0,12.498734502316728,,
13.556097499997122,mouse,move,814,601,0,-2,2.0,263.45948638918134,,
13.56408929999452,mouse,move,814,598,0,-3,3.0,375.38476951081293,,
13.572965899991686,mouse,move,814,598,0,0,0.0,0.0,,
13.580077099992195,mouse,move,814,597,0,-1,1.0,140.6232421994131,,
13.604056899988791,mouse,move,814,596,0,-1,1.0,41.701765658677715,,
13.660405599992373,mouse,move,814,595,0,-1,1.0,17.74663834190373,,
15.14819899998838,mouse,move,814,594,0,-1,1.0,0.6721363329093161,,
15.156053599988809,mouse,move,813,593,-1,-1,1.4142135623730951,180.04908745143325,,
15.164084999996703,mouse,move,805,591,-8,-2,8.246211251235321,1026.7464256704827,,
15.17206989999977,mouse,move,801,589,-4,-2,4.47213595499958,560.0741340883708,,
15.252170699997805,mouse,move,801,589,0,0,0.0,0.0,,
15.500040999992052,mouse,move,800,589,-1,0,1.0,4.034367973989662,,
15.508047299997997,mouse,move,800,593,0,4,4.0,499.6065594631291,,
15.516068799988716,mouse,move,800,597,0,4,4.0,498.65985222568617,,
15.524488800001564,mouse,move,800,598,0,1,1.0,118.76484542448425,,
15.53249309999228,mouse,move,799,602,-1,4,4.123105625617661,515.1113314593098,,
15.540093099989463,mouse,move,799,604,0,2,2.0,263.1578948343923,,
15.548479199991561,mouse,move,799,606,0,2,2.0,238.48988200706535,,
15.556010000000242,mouse,move,799,608,0,2,2.0,265.57603411252745,,
15.564615299997968,mouse,move,799,611,0,3,3.0,348.6223607303561,,
15.572094199989806,mouse,move,799,611,0,0,0.0,0.0,,
15.580095799989067,mouse,move,799,612,0,1,1.0,124.97500501054107,,
15.588266799997655,mouse,move,799,614,0,2,2.0,244.76808198482425,,
15.596165499999188,mouse,move,799,615,0,1,1.0,126.60311187991685,,
15.644502600000123,mouse,move,799,616,0,1,1.0,20.688042931426256,,
15.676141299991286,mouse,move,799,617,0,1,1.0,31.60686122626132,,
15.68407479999587,mouse,move,799,619,0,2,2.0,252.09554406562506,,
15.692104099987773,mouse,move,800,620,1,1,1.4142135623730951,176.1316134406595,,
15.700622899996233,mouse,move,801,621,1,1,1.4142135623730951,166.0108889712931,,
15.7081460999907,mouse,move,802,622,1,1,1.4142135623730951,187.98032265702466,,
15.716471699997783,mouse,move,803,624,1,2,2.23606797749979,268.5773968960056,,
15.724097699989215,mouse,move,805,628,2,4,4.47213595499958,586.4327248916453,,
15.73277849999431,mouse,move,805,631,0,3,3.0,345.5902679752085,,
15.740094599997974,mouse,move,810,639,5,8,9.433981132056603,1289.482255208738,,
15.748466399993049,mouse,move,817,649,7,10,12.206555615733702,1458.0562869292935,,
15.756075199999032,mouse,move,819,655,2,6,6.324555320336759,831.2158704873176,,
15.764485299994703,mouse,move,823,661,4,6,7.211102550927978,857.4336279757847,,
15.772139299995615,mouse,move,825,668,2,7,7.280109889280518,951.1510175611827,,
15.780083199992077,mouse,move,832,679,7,11,13.038404810405298,1641.3102904381724,,
15.788096799995401,mouse,move,836,688,4,9,9.848857801796104,1229.017894293631,,
15.796135699987644,mouse,move,837,695,1,7,7.0710678118654755,879.6063912585356,,
15.804136599996127,mouse,move,838,702,1,7,7.0710678118654755,883.7840498404505,,
15.812089399987599,mouse,move,838,707,0,5,5.0,628.709386047911,,
15.82007679999515,mouse,move,838,710,0,3,3.0,375.59155634675324,,
15.828695199990761,mouse,move,838,713,0,3,3.0,348.092453532841,,
15.836079599990626,mouse,move,838,716,0,3,3.0,406.26184931139824,,
15.844502299994929,mouse,move,838,719,0,3,3.0,356.18032204250335,,
15.852631999994628,mouse,move,838,720,0,1,1.0,123.0057689751134,,
15.860089900001185,mouse,move,839,725,1,5,5.0990195135927845,683.7071439828634,,
15.86811840000155,mouse,move,839,727,0,2,2.0,249.11253657710486,,
15.876643700001296,mouse,move,839,729,0,2,2.0,234.59585000638938,,
15.88450999998895,mouse,move,841,730,2,1,2.23606797749979,284.2591791578247,,
15.89259819999279,mouse,move,841,732,0,2,2.0,247.27380616830214,,
15.90063829999417,mouse,move,841,733,0,1,1.0,124.37656245920617,,
15.908731099989382,mouse,move,841,733,0,0,0.0,0.0,,
15.916665699987789,mouse,move,841,736,0,3,3.0,378.09089312659415,,
15.924126400001114,mouse,move,841,737,0,1,1.0,134.03568005869434,,
15.9321290999942,mouse,move,841,740,0,3,3.0,374.87348052434885,,
15.94019519998983,mouse,move,841,741,0,1,1.0,123.97565124926237,,
15.948113199992804,mouse,move,841,744,0,3,3.0,378.883556311355,,
15.956100199997309,mouse,move,841,748,0,4,4.0,500.81382217903223,,
15.964588899994851,mouse,move,839,751,-2,3,3.605551275463989,424.74716699940353,,
15.9720418999932,mouse,move,837,756,-2,5,5.385164807134504,722.5499541563036,,
15.980346799988183,mouse,move,835,759,-2,3,3.605551275463989,434.1474644658412,,
15.988057700000354,mouse,move,831,764,-4,5,6.4031242374328485,830.3990749881528,,
15.996339599994826,mouse,move,828,767,-3,3,4.242640687119285,512.2786667251645,,
16.00410639999609,mouse,move,825,770,-3,3,4.242640687119285,546.2533715853414,,
16.012130699993577,mouse,move,820,775,-5,5,7.0710678118654755,881.2068110713527,,
16.020129199998337,mouse,move,819,776,-1,1,1.4142135623730951,176.80984703775485,,
16.02809680000064,mouse,move,816,780,-3,4,5.0,627.5415430687917,,
16.036244799994165,mouse,move,811,784,-5,4,6.4031242374328485,785.8522634414447,,
16.04413699998986,mouse,move,808,787,-3,3,4.242640687119285,537.5738944063394,,
16.053082499987795,mouse,move,805,790,-3,3,4.242640687119285,474.2765287684918,,
16.06034159999399,mouse,move,804,791,-1,1,1.4142135623730951,194.81940752520708,,
16.068287799993414,mouse,move,803,795,-1,4,4.123105625617661,518.8776554726398,,
16.076264099989203,mouse,move,801,797,-2,2,2.8284271247461903,354.6039048480272,,
16.0840801000013,mouse,move,800,799,-1,2,2.23606797749979,286.08853301413234,,
16.092202999992878,mouse,move,799,799,-1,0,1.0,123.10874207942965,,
16.1005218999926,mouse,move,799,800,0,1,1.0,120.20820060746361,,
16.10810689999198,mouse,move,798,802,-1,2,2.23606797749979,294.80131544922466,,
16.116165799990995,mouse,move,796,803,-2,1,2.23606797749979,277.4656563269606,,
16.124113300000317,mouse,move,792,807,-4,4,5.656854249492381,711.7778223160495,,
16.132157599990023,mouse,move,789,808,-3,1,3.1622776601683795,393.10787317915407,,
16.1401077999908,mouse,move,786,810,-3,2,3.605551275463989,453.5170530441027,,
16.148114700001315,mouse,move,781,812,-5,2,5.385164807134504,672.5655122535688,,
16.15673839999363,mouse,move,775,815,-6,3,6.708203932499369,777.8800211601626,,
16.16457470000023,mouse,move,773,815,-2,0,2.0,255.222489990816,,
16.172103699995205,mouse,move,770,816,-3,1,3.1622776601683795,420.01297148082347,,
16.180703299993183,mouse,move,767,817,-3,1,3.1622776601683795,367.7238081901106,,
16.188109700000496,mouse,move,766,817,-1,0,1.0,135.0183623639988,,
16.196585400000913,mouse,move,766,818,0,1,1.0,117.98435526868,,
16.20410429999174,mouse,move,764,819,-2,1,2.23606797749979,297.39296708661436,,
16.22015399999509,mouse,move,763,820,-1,1,1.4142135623730951,88.1146415246327,,
16.23627249999845,mouse,move,763,820,0,0,0.0,0.0,,
16.24458169999707,mouse,move,763,821,0,1,1.0,120.34852936094606,,
16.268747599999188,mouse,move,763,822,0,1,1.0,41.38062310579726,,
16.276578999997582,mouse,move,760,824,-3,2,3.605551275463989,460.39677148441285,,
16.284592799987877,mouse,move,758,827,-2,3,3.605551275463989,449.9178017707786,,
16.29208590000053,mouse,move,753,831,-5,4,6.4031242374328485,854.5360700672306,,
16.300746799999615,mouse,move,745,836,-8,5,9.433981132056603,1089.2610621358508,,
16.308132899997872,mouse,move,738,840,-7,4,8.06225774829855,1091.5446243891874,,
16.31670199999644,mouse,move,730,845,-8,5,9.433981132056603,1100.9302182999331,,
16.324075999989873,mouse,move,721,850,-9,5,10.295630140987,1396.2069636771835,,
16.332539199996972,mouse,move,709,857,-12,7,13.892443989449804,1641.5119550283143,,
16.34072799999558,mouse,move,698,863,-11,6,12.529964086141668,1530.1343405961588,,
16.34856869999203,mouse,move,689,866,-9,3,9.486832980505138,1209.94719665342,,
16.356103899990558,mouse,move,677,872,-12,6,13.416407864998739,1780.4979121481038,,
16.36466589999327,mouse,move,672,873,-5,1,5.0990195135927845,595.5407045056846,,
16.37212479999289,mouse,move,666,876,-6,3,6.708203932499369,899.3556600626914,,
16.380514899996342,mouse,move,664,877,-2,1,2.23606797749979,266.5126728620075,,
16.38810260000173,mouse,move,663,877,-1,0,1.0,131.7922426150109,,
16.428739299997687,mouse,move,662,878,-1,1,1.4142135623730951,34.801387969834806,,
16.460784599999897,mouse,move,662,879,0,1,1.0,31.20582425288701,,
16.844322099990677,mouse,click_press,662,879,,,,,,
17.0606989999942,mouse,click_release,662,879,,,,,,
17.300223599988385,mouse,move,662,879,0,0,0.0,0.0,,
17.308213999989675,mouse,move,661,878,-1,-1,1.4142135623730951,176.98908216669182,,
17.316147099991213,mouse,move,661,877,0,-1,1.0,126.05412761798344,,
17.3241846000019,mouse,move,661,877,0,0,0.0,0.0,,
17.39611229998991,mouse,move,661,876,0,-1,1.0,13.902849669413918,,
17.40408649999881,mouse,move,660,875,-1,-1,1.4142135623730951,177.34864447771733,,
17.4122570999898,mouse,move,658,872,-2,-3,3.605551275463989,441.2835384720765,,
17.420155599989812,mouse,move,657,869,-1,-3,3.1622776601683795,400.36432995686243,,
17.428214100000332,mouse,move,657,867,0,-2,2.0,248.18514579500376,,
17.436112999988836,mouse,move,655,863,-2,-4,4.47213595499958,566.1719937596654,,
17.44408570000087,mouse,move,653,858,-2,-5,5.385164807134504,675.4505749629225,,
17.45220089999202,mouse,move,652,855,-1,-3,3.1622776601683795,389.6734108359581,,
17.46024299999408,mouse,move,651,850,-1,-5,5.0990195135927845,634.0407993295313,,
17.468358899990562,mouse,move,650,841,-1,-9,9.055385138137417,1115.7585901824566,,
17.476216800001566,mouse,move,646,834,-4,-7,8.06225774829855,1026.0066604319761,,
17.48412680000183,mouse,move,645,828,-1,-6,6.082762530298219,768.996527192681,,
17.492176799991284,mouse,move,644,821,-1,-7,7.0710678118654755,878.3935181528065,,
17.500142599994433,mouse,move,644,813,0,-8,8.0,1004.2933536917656,,
17.508416899989243,mouse,move,641,806,-3,-7,7.615773105863909,920.4129788189048,,
17.516256899994914,mouse,move,640,802,-1,-4,4.123105625617661,525.9063294177104,,
17.524105599994073,mouse,move,640,795,0,-7,7.0,891.8674431116887,,
17.53230320000148,mouse,move,639,791,-1,-4,4.123105625617661,502.9649680263105,,
17.540308999989065,mouse,move,639,786,0,-5,5.0,624.5472042460459,,
17.548424599997816,mouse,move,639,781,0,-5,5.0,616.0973920115508,,
17.556360999995377,mouse,move,638,778,-1,-3,3.1622776601683795,398.4524042563517,,
17.56432109999878,mouse,move,636,774,-2,-4,4.47213595499958,561.8190667313743,,
17.572306199988816,mouse,move,636,772,0,-2,2.0,250.4664941572842,,
17.580452299996978,mouse,move,636,770,0,-2,2.0,245.5162590682855,,
17.588401100001647,mouse,move,636,767,0,-3,3.0,377.41545871548806,,
17.59616209998785,mouse,move,636,765,0,-2,2.0,257.6987506191689,,
17.604567799993674,mouse,move,636,761,0,-4,4.0,475.86756572666974,,
17.6121478999994,mouse,move,636,757,0,-4,4.0,527.6975233807893,,
17.620541399999638,mouse,move,636,756,0,-1,1.0,119.13981056431702,,
17.628428700001677,mouse,move,636,753,0,-3,3.0,380.3582974179115,,
17.63704799998959,mouse,move,636,751,0,-2,2.0,232.03740475498134,,
17.644338099999004,mouse,move,636,749,0,-2,2.0,274.344658841096,,
17.6524994999927,mouse,move,636,747,0,-2,2.0,245.05599548420267,,
17.660138299994287,mouse,move,636,745,0,-2,2.0,261.82122841081656,,
17.668264799998724,mouse,move,636,744,0,-1,1.0,123.05420531028494,,
17.676848499992047,mouse,move,636,741,0,-3,3.0,349.49963329722874,,
17.684454799993546,mouse,move,636,740,0,-1,1.0,131.4699656604416,,
17.692265699995914,mouse,move,636,739,0,-1,1.0,128.02621973098374,,
17.70032530000026,mouse,move,636,736,0,-3,3.0,372.22690932340987,,
17.708149599988246,mouse,move,636,731,0,-5,5.0,639.0348028163966,,
17.716216899993015,mouse,move,636,726,0,-5,5.0,619.7860494892648,,
17.72411349999311,mouse,move,636,718,0,-8,8.0,1013.0942430798241,,
17.732241299992893,mouse,move,636,713,0,-5,5.0,615.1726174528203,,
17.740081199997803,mouse,move,636,701,0,-12,12.0,1530.6317673036813,,
17.74809069999901,mouse,move,638,691,2,-10,10.198039027185569,1273.2429022595152,,
17.756553499988513,mouse,move,639,682,1,-9,9.055385138137417,1070.022350684238,,
17.764216399998986,mouse,move,643,671,4,-11,11.704699910719626,1527.4504293051577,,
17.772146899995278,mouse,move,646,663,3,-8,8.54400374531753,1077.3600339591385,,
17.780432799991104,mouse,move,650,652,4,-11,11.704699910719626,1412.6045350071297,,
17.788584199995967,mouse,move,652,642,2,-10,10.198039027185569,1251.078222281058,,
17.796295699998154,mouse,move,656,633,4,-9,9.848857801796104,1277.1649872271387,,
17.804219599987846,mouse,move,661,624,5,-9,10.295630140987,1299.313488860396,,
17.81230499999947,mouse,move,665,616,4,-8,8.94427190999916,1106.225034895144,,
17.820324999993318,mouse,move,668,614,3,-2,3.605551275463989,449.5699848166418,,
17.828261699993163,mouse,move,670,609,2,-5,5.385164807134504,678.5143456649836,,
17.836301099989214,mouse,move,672,607,2,-2,2.8284271247461903,351.82067394776465,,
17.844278399992618,mouse,move,673,603,1,-4,4.123105625617661,516.8547784160545,,
17.852215799997794,mouse,move,675,599,2,-4,4.47213595499958,563.4258009024918,,
17.860698999997112,mouse,move,677,597,2,-2,2.8284271247461903,333.41511752327267,,
17.86882699999842,mouse,move,677,595,0,-2,2.0,246.06299208642753,,
17.87652399999206,mouse,move,677,594,0,-1,1.0,129.92074845084775,,
17.884316999989096,mouse,move,677,594,0,0,0.0,0.0,,
17.900333300000057,mouse,move,677,593,0,-1,1.0,62.43639288198041,,
17.909170699989772,mouse,move,677,592,0,-1,1.0,113.15545309295901,,
17.916749799987883,mouse,move,677,591,0,-1,1.0,131.9417873163371,,
17.924318399993354,mouse,move,677,589,0,-2,2.0,264.2496628906928,,
17.93381619999127,mouse,move,677,587,0,-2,2.0,210.57508059116267,,
17.940253399996436,mouse,move,678,581,1,-6,6.082762530298219,944.9391855801348,,
17.948417999999947,mouse,move,678,578,0,-3,3.0,367.4399234144996,,
17.956311399990227,mouse,move,678,576,0,-2,2.0,253.37623868836963,,
17.964206699994975,mouse,move,678,573,0,-3,3.0,379.97289503831445,,
17.972257799992803,mouse,move,678,572,0,-1,1.0,124.20663018341445,,
17.980267699997057,mouse,move,679,569,1,-3,3.1622776601683795,394.7961470791179,,
17.988429199991515,mouse,move,679,566,0,-3,3.0,367.57948931412557,,
17.99644719999924,mouse,move,679,563,0,-3,3.0,374.15814381519147,,
18.00427320000017,mouse,move,679,559,0,-4,4.0,511.116790125672,,
18.01224369999545,mouse,move,679,555,0,-4,4.0,501.8505742887195,,
18.02016729999741,mouse,move,679,554,0,-1,1.0,126.20526020404203,,
18.028316500000074,mouse,move,679,553,0,-1,1.0,122.71143175688894,,
18.052299699993455,mouse,move,679,551,0,-2,2.0,83.39170755161724,,
18.156141499988735,mouse,move,679,551,0,0,0.0,0.0,,
18.18809749999491,mouse,move,678,551,-1,0,1.0,31.29302790733342,,
18.19605089999095,mouse,move,669,551,-9,0,9.0,1131.5915211709032,,
18.20426359999692,mouse,move,653,551,-16,0,16.0,1948.2021732644932,,
18.212349399997038,mouse,move,632,551,-21,0,21.0,2597.1456132597536,,
18.22021919999679,mouse,move,602,551,-30,0,30.0,3812.0409668532266,,
18.22810959999333,mouse,move,561,551,-41,0,41.0,5196.18777476125,,
18.236175199999707,mouse,move,513,551,-48,0,48.0,5951.200153994539,,
18.24411999998847,mouse,move,466,551,-47,0,47.0,5915.819160516772,,
18.2521310000011,mouse,move,422,551,-44,0,44.0,5492.447875500215,,
18.260158899996895,mouse,move,378,551,-44,0,44.0,5480.885414995783,,
18.26808739999251,mouse,move,350,551,-28,0,28.0,3531.5633493710056,,
18.27616080000007,mouse,move,323,551,-27,0,27.0,3344.315898470797,,
18.28424819999782,mouse,move,305,551,-18,0,18.0,2225.68439857201,,
18.292104699998163,mouse,move,293,551,-12,0,12.0,1527.3976961083304,,
18.300249499996426,mouse,move,286,551,-7,0,7.0,859.4440626526057,,
18.30805110000074,mouse,move,283,551,-3,0,3.0,384.5365051196289,,
18.31622100000095,mouse,move,282,550,-1,-1,1.4142135623730951,173.10047397598936,,
18.332354099999066,mouse,move,280,550,-2,0,2.0,123.96873509949897,,
18.524267100001452,mouse,move,280,549,0,-1,1.0,5.210694429181776,,
18.532181599992327,mouse,move,280,547,0,-2,2.0,252.70073944101574,,
18.540310999989742,mouse,move,280,546,0,-1,1.0,123.01030830294721,,
18.548529699997744,mouse,move,280,543,0,-3,3.0,365.02123171297166,,
18.556311399996048,mouse,move,280,542,0,-1,1.0,128.50662454449738,,
18.5641781000013,mouse,move,280,540,0,-2,2.0,254.2362106937818,,
18.572496599997976,mouse,move,280,539,0,-1,1.0,120.21398093401191,,
18.580225899990182,mouse,move,280,538,0,-1,1.0,129.37782218419588,,
18.58823979999579,mouse,move,280,535,0,-3,3.0,374.3495673642918,,
18.596302499994636,mouse,move,280,533,0,-2,2.0,248.0558622156869,,
18.604264800000237,mouse,move,280,531,0,-2,2.0,251.18370302462097,,
18.612160799995763,mouse,move,280,529,0,-2,2.0,253.29280662781798,,
18.620124099994428,mouse,move,280,526,0,-3,3.0,376.728240867881,,
18.628149999989546,mouse,move,280,523,0,-3,3.0,373.78985557067745,,
18.636039699995308,mouse,move,280,520,0,-3,3.0,380.2425944977548,,
18.644017300000996,mouse,move,280,517,0,-3,3.0,376.05294798698304,,
18.652273699990474,mouse,move,280,514,0,-3,3.0,363.35448910220543,,
18.660396299994318,mouse,move,280,511,0,-3,3.0,369.33986637039993,,
18.668341999989934,mouse,move,280,508,0,-3,3.0,377.5627070811967,,
18.676022300001932,mouse,move,280,507,0,-1,1.0,130.20324706558546,,
18.684055899997475,mouse,move,280,504,0,-3,3.0,373.4315875404102,,
18.692035100000794,mouse,move,280,503,0,-1,1.0,125.32584715059039,,
18.70015279999643,mouse,move,280,501,0,-2,2.0,246.3752049318095,,
18.70812389999628,mouse,move,280,500,0,-1,1.0,125.45319968622368,,
18.716166499987594,mouse,move,280,499,0,-1,1.0,124.3379008131824,,
18.724184999999125,mouse,move,280,497,0,-2,2.0,249.42320847090787,,
18.732075299994904,mouse,move,280,496,0,-1,1.0,126.73789343053535,,
18.74821879999945,mouse,move,280,496,0,0,0.0,0.0,,
18.756186599988723,mouse,move,280,495,0,-1,1.0,125.50515843095924,,
18.764112799995928,mouse,move,280,493,0,-2,2.0,252.32772301758783,,
18.78009299999394,mouse,move,280,492,0,-1,1.0,62.5774395892677,,
18.788134999995236,mouse,move,280,491,0,-1,1.0,124.34717729902962,,
18.7962189999962,mouse,move,280,490,0,-1,1.0,123.70113803573446,,
18.80413309999858,mouse,move,280,488,0,-2,2.0,252.71351125185228,,
18.81246449999162,mouse,move,280,485,0,-3,3.0,360.08353968196235,,
18.82027169999492,mouse,move,280,484,0,-1,1.0,128.08689409486757,,
18.82822289998876,mouse,move,280,481,0,-3,3.0,377.3015396825661,,
18.83618129999377,mouse,move,280,479,0,-2,2.0,251.30679517757312,,
18.844244899999467,mouse,move,280,476,0,-3,3.0,372.04226373827544,,
18.852166999990004,mouse,move,280,474,0,-2,2.0,252.45831312264608,,
18.86020299998927,mouse,move,280,471,0,-3,3.0,373.320059765346,,
18.868199599994114,mouse,move,280,470,0,-1,1.0,125.05314751196715,,
18.876144299996668,mouse,move,280,467,0,-3,3.0,377.6102305984658,,
18.884348099993076,mouse,move,280,465,0,-2,2.0,243.7894635261144,,
18.89220839999325,mouse,move,280,464,0,-1,1.0,127.221607314956,,
18.90818769999896,mouse,move,280,463,0,-1,1.0,62.58096409996808,,
18.924128899991047,mouse,move,280,462,0,-1,1.0,62.730534746224876,,
18.980184799991548,mouse,move,280,462,0,0,0.0,0.0,,
19.116671899988432,mouse,click_press,280,462,,,,,,
19.34053380000114,mouse,click_release,280,462,,,,,,
19.90831439998874,mouse,move,280,456,0,-6,6.0,6.464614424556824,,
19.916569199995138,mouse,move,281,449,1,-7,7.0710678118654755,856.600742160312,,
19.92439069999091,mouse,move,286,445,5,-4,6.4031242374328485,818.6568101892296,,
19.932377599994652,mouse,move,292,438,6,-7,9.219544457292887,1154.3332773631578,,
19.940141399987624,mouse,move,295,434,3,-4,5.0,644.0145295507483,,
19.94824709999375,mouse,move,299,430,4,-4,5.656854249492381,697.8859623742346,,
19.956454899991513,mouse,move,300,429,1,-1,1.4142135623730951,172.30117239194075,,
20.020266199993785,mouse,move,301,428,1,-1,1.4142135623730951,22.16243145528703,,
20.076197699992917,mouse,move,301,427,0,-1,1.0,17.879012721194716,,
20.14817000000039,mouse,move,302,427,1,0,1.0,13.894234308145759,,
20.412136200000532,mouse,move,302,426,0,-1,1.0,3.788363813243766,,
20.436251399994944,mouse,move,305,424,3,-2,3.605551275463989,149.51363771809622,,
20.44414729998971,mouse,move,314,415,9,-9,12.727922061357855,1611.9659658553603,,
20.45222959999228,mouse,move,337,392,23,-23,32.526911934581186,4024.4623342658965,,
20.460210199991707,mouse,move,377,370,40,-22,45.65084884205331,5720.227657735815,,
20.4681741999957,mouse,move,420,347,43,-23,48.76474136094644,6123.146827786022,,
20.47618819998752,mouse,move,470,319,50,-28,57.30619512757761,7150.7605672684585,,
20.4841912999982,mouse,move,510,292,40,-27,48.25971404805462,6030.127573519736,,
20.492150299993227,mouse,move,552,259,42,-33,53.41348144429457,6711.079466977859,,
20.500262199988356,mouse,move,583,234,31,-25,39.824615503479755,4909.406615884727,,
20.50818769999023,mouse,move,609,211,26,-23,34.713109915419565,4379.926806789261,,
20.51653749999241,mouse,move,628,191,19,-20,27.586228448267445,3303.819066452857,,
20.524547399996663,mouse,move,648,172,20,-19,27.586228448267445,3444.01658367989,,
20.532294599994202,mouse,move,660,154,12,-18,21.633307652783937,2792.403405056908,,
20.540162299992517,mouse,move,666,139,6,-15,16.15549442140351,2053.3948199428705,,
20.548275699999067,mouse,move,672,124,6,-15,16.15549442140351,1991.211379737268,,
20.556119100001524,mouse,move,674,110,2,-14,14.142135623730951,1803.0618888875315,,
20.56414859999495,mouse,move,677,97,3,-13,13.341664064126334,1661.5809297027663,,
20.572149100000388,mouse,move,677,85,0,-12,12.0,1499.9062548396873,,
20.580167499996605,mouse,move,678,73,1,-12,12.041594578792296,1501.7453088487587,,
20.5881323999929,mouse,move,678,61,0,-12,12.0,1506.6102531834838,,
20.596232999989297,mouse,move,678,50,0,-11,11.0,1357.9241049914199,,
20.604143799995654,mouse,move,678,40,0,-10,10.0,1264.094654391986,,
20.61218659998849,mouse,move,678,26,0,-14,14.0,1740.6873243733705,,
20.62015019998944,mouse,move,678,15,0,-11,11.0,1381.284845884983,,
20.628215199991246,mouse,move,677,4,-1,-11,11.045361017187261,1369.5425932687933,,
20.636110399995232,mouse,move,675,-6,-2,-10,10.198039027185569,1291.675831142546,,
20.644188599995687,mouse,move,674,-8,-1,-2,2.23606797749979,276.8027502876799,,
20.6521095999924,mouse,move,674,-4,0,4,4.0,504.9867443075001,,
20.66021199998795,mouse,move,674,-5,0,-1,1.0,123.42022123681336,,
20.66811639998923,mouse,move,674,-7,0,-2,2.0,253.0236323662931,,
20.676235999999335,mouse,move,672,-6,-2,1,2.23606797749979,275.391395477253,,
20.68434829999751,mouse,move,669,-10,-3,-4,5.0,616.3480148817464,,
20.692461999991792,mouse,move,664,-11,-5,-1,5.0990195135927845,628.4456557656478,,
20.700249599991366,mouse,move,662,-8,-2,3,3.605551275463989,462.98619287857815,,
20.70858789999329,mouse,move,657,-8,-5,0,5.0,599.6426128642927,,
20.716374199997517,mouse,move,655,-10,-2,-2,2.8284271247461903,363.25689007753,,
20.724613400001545,mouse,move,650,-9,-5,1,5.0990195135927845,618.8731322337658,,
20.732276899987482,mouse,move,646,-9,-4,0,4.0,521.9547213857569,,
20.74020329999621,mouse,move,642,-9,-4,0,4.0,504.6427124035604,,
20.74824929999886,mouse,move,639,-7,-3,2,3.605551275463989,448.1172351822315,,
20.756518700000015,mouse,move,637,-4,-2,3,3.605551275463989,436.0112311607504,,
20.76415759998781,mouse,move,633,-6,-4,-2,4.47213595499958,585.4424016735564,,
20.772181399996043,mouse,move,631,-3,-2,3,3.605551275463989,449.35707168236786,,
20.780224799993448,mouse,move,629,-3,-2,0,2.0,248.65106803656477,,
20.788101300000562,mouse,move,629,-1,0,2,2.0,253.91988804589846,,
20.836127199989278,mouse,move,628,0,-1,1,1.4142135623730951,29.44689350340936,,
20.908266400001594,mouse,move,625,0,-3,0,3.0,41.586266544234256,,
20.916122900001938,mouse,move,621,0,-4,0,4.0,509.13256536944345,,
20.92504969998845,mouse,move,617,0,-4,0,4.0,448.0889015149954,,
20.932160899988958,mouse,move,614,2,-3,2,3.605551275463989,507.0243102719754,,
20.940219899988733,mouse,move,609,5,-5,3,5.830951894845301,723.5329315061045,,
20.948204299987992,mouse,move,601,7,-8,2,8.246211251235321,1032.7903476780443,,
20.956171199999517,mouse,move,597,9,-4,2,4.47213595499958,561.3395358960687,,
20.964089599990984,mouse,move,592,11,-5,2,5.385164807134504,680.0824425309712,,
20.97229619999416,mouse,move,584,15,-8,4,8.94427190999916,1089.8876400136792,,
20.98008349999145,mouse,move,582,16,-2,1,2.23606797749979,287.14290938811183,,
20.988371599989478,mouse,move,576,19,-6,3,6.708203932499369,809.3777746524481,,
20.996131399995647,mouse,move,573,20,-3,1,3.1622776601683795,407.5205105355871,,
21.00417029998789,mouse,move,571,21,-2,1,2.23606797749979,278.15596408181943,,
21.012174899995443,mouse,move,567,23,-4,2,4.47213595499958,558.695743794811,,
21.020100900001125,mouse,move,566,24,-1,1,1.4142135623730951,178.42714627293367,,
21.028168599994387,mouse,move,563,25,-3,1,3.1622776601683795,391.9676813477734,,
21.03616649999458,mouse,move,562,27,-1,2,2.23606797749979,279.5818874262378,,
21.052211999995052,mouse,move,561,28,-1,1,1.4142135623730951,88.13770604414921,,
21.060200499996427,mouse,move,560,28,-1,0,1.0,125.17994615108263,,
21.140273099998012,mouse,move,560,29,0,1,1.0,12.488666534872067,,
21.14823449999676,mouse,move,558,29,-2,0,2.0,251.21209841414174,,
21.20425539999269,mouse,move,555,31,-3,2,3.605551275463989,64.36082383049944,,
21.996270399991772,mouse,move,555,29,0,-2,2.0,2.5252046994088704,,
22.004196599998977,mouse,move,555,22,0,-7,7.0,883.1470305615574,,
22.012151199989603,mouse,move,558,15,3,-7,7.615773105863909,957.4049122317591,,
22.020345299999462,mouse,move,561,11,3,-4,5.0,610.1951396716853,,
22.02820289999363,mouse,move,562,9,1,-2,2.23606797749979,284.5739130471791,,
22.036302399996202,mouse,move,565,2,3,-7,7.615773105863909,940.2769434465365,,
22.04457420000108,mouse,move,566,-1,1,-3,3.1622776601683795,382.29619409365114,,
22.052281199998106,mouse,move,568,-2,2,-1,2.23606797749979,290.1346799484322,,
22.06050919998961,mouse,move,570,-4,2,-2,2.8284271247461903,343.75633539943857,,
22.068075799994403,mouse,move,572,-2,2,2,2.8284271247461903,373.80423478900593,,
22.076206300000194,mouse,move,574,-2,2,0,2.0,245.98733147721495,,
22.084285799995996,mouse,move,576,-1,2,1,2.23606797749979,276.7582125950532,,
22.092141000000993,mouse,move,582,-3,6,-2,6.324555320336759,805.1424936747222,,
22.100763900001766,mouse,move,591,-3,9,0,9.0,1043.732386922359,,
22.10829139999987,mouse,move,600,-3,9,0,9.0,1195.616074694916,,
22.116245199998957,mouse,move,610,0,10,3,10.44030650891055,1312.618686679328,,
22.124196999997366,mouse,move,623,-3,13,-3,13.341664064126334,1677.8168549002173,,
22.132537199999206,mouse,move,635,-3,12,0,12.0,1438.8144166031068,,
22.140217599997413,mouse,move,648,-1,13,2,13.152946437965905,1712.5340400285781,,
22.14835160000075,mouse,move,659,-1,11,0,11.0,1352.3481676279876,,
22.156954599995515,mouse,move,669,0,10,1,10.04987562112089,1168.1826836263365,,
22.164257199998247,mouse,move,676,-2,7,-2,7.280109889280518,996.9202594360547,,
22.172302899998613,mouse,move,680,-2,4,0,4.0,497.1599736278934,,
22.180140699987533,mouse,move,681,0,1,2,2.23606797749979,285.29280929098366,,
22.188362599990796,mouse,move,685,0,4,0,4.0,486.505552051494,,
22.196779699996114,mouse,move,686,0,1,0,1.0,118.80576438063618,,
22.20413539999572,mouse,move,688,0,2,0,2.0,271.8979838909703,,
22.212186899996595,mouse,move,690,0,2,0,2.0,248.4009190564206,,
22.220192799999495,mouse,move,693,0,3,0,3.0,374.723641178813,,
22.228383499998017,mouse,move,695,-1,2,-1,2.23606797749979,273.000839721054,,
22.236249800000223,mouse,move,700,0,5,1,5.0990195135927845,648.2106596700808,,
22.244366599989007,mouse,move,704,-1,4,-1,4.123105625617661,507.97181540941324,,
22.25213179999264,mouse,move,709,0,5,1,5.0990195135927845,656.6501199206209,,
22.260462199992617,mouse,move,715,-2,6,-2,6.324555320336759,759.2138817288669,,
22.268247699990752,mouse,move,716,0,1,2,2.23606797749979,287.2092965172813,,
22.27745789999608,mouse,move,719,-1,3,-1,3.1622776601683795,343.3451671341837,,
22.284288099996047,mouse,move,720,0,1,1,1.4142135623730951,207.0530236859544,,
22.29287619999377,mouse,move,722,0,2,0,2.0,232.880381054035,,
22.300207199994475,mouse,move,727,0,5,0,5.0,682.035192950456,,
22.308698799999547,mouse,move,729,0,2,0,2.0,235.5268734755853,,
22.316168599994853,mouse,move,732,0,3,0,3.0,401.6171787578264,,
22.324509599988232,mouse,move,735,0,3,0,3.0,359.6691047094218,,
22.33228930000041,mouse,move,737,0,2,0,2.0,257.0793214222923,,
22.340149700001348,mouse,move,737,0,0,0,0.0,0.0,,
22.348925099999178,mouse,move,740,0,3,0,3.0,341.86475838613774,,
22.364581000001635,mouse,move,741,0,1,0,1.0,63.87368339367583,,
22.41214659999241,mouse,move,741,0,0,0,0.0,0.0,,
22.428077399992617,mouse,move,743,0,2,0,2.0,125.54297335816054,,
22.436138599994592,mouse,move,744,0,1,0,1.0,124.05100974481896,,
22.444107099989196,mouse,move,748,0,4,0,4.0,501.9765329370279,,
22.45222130000184,mouse,move,749,-1,1,-1,1.4142135623730951,174.28872349335046,,
22.4604008999886,mouse,move,752,0,3,1,3.1622776601683795,386.60541655908554,,
22.468196199988597,mouse,move,754,-1,2,-1,2.23606797749979,286.8482261747948,,
22.476233599998523,mouse,move,756,0,2,1,2.23606797749979,278.20787502655634,,
22.484588099992834,mouse,move,758,0,2,0,2.0,239.3919446240691,,
22.57226709999668,mouse,move,761,-2,3,-2,3.605551275463989,41.12217606617156,,
22.580096199992113,mouse,move,764,-1,3,1,3.1622776601683795,403.9133057456041,,
22.58822349998809,mouse,move,765,0,1,1,1.4142135623730951,174.00779632512834,,
22.5961796999909,mouse,move,769,0,4,0,4.0,502.7525701450115,,
22.604164799995488,mouse,move,771,-1,2,-1,2.23606797749979,280.03005300054855,,
22.61210199999914,mouse,move,776,-1,5,0,5.0,629.9450685000902,,
22.620208399996045,mouse,move,780,-2,4,-1,4.123105625617661,508.6235107066053,,
22.628239799989387,mouse,move,785,0,5,2,5.385164807134504,670.5138346488224,,
22.636275799988653,mouse,move,792,-1,7,-1,7.0710678118654755,879.9238193768113,,
22.644185400000424,mouse,move,799,-1,7,0,7.0,885.0005043974635,,
22.65211769999587,mouse,move,808,0,9,1,9.055385138137417,1141.583795788938,,
22.660235499992268,mouse,move,814,0,6,0,6.0,739.1165097270209,,
22.6685826999892,mouse,move,818,0,4,0,4.0,479.2026070382345,,
22.67620899999747,mouse,move,820,-1,2,-1,2.23606797749979,293.2048273835636,,
22.684164099991904,mouse,move,822,0,2,1,2.23606797749979,281.0860930804848,,
22.692146399989724,mouse,move,823,0,1,0,1.0,125.27717578555544,,
22.708210899989353,mouse,move,824,0,1,0,1.0,62.249058484426754,,
22.74807580000197,mouse,move,825,0,1,0,1.0,25.0847236462027,,
22.764087599993218,mouse,move,826,0,1,0,1.0,62.4539402532285,,
22.772020199990948,mouse,move,828,0,2,0,2.0,252.12414600160392,,
22.7801560999942,mouse,move,833,0,5,0,5.0,614.5601590482355,,
22.78833250000025,mouse,move,838,0,5,0,5.0,611.5160701898365,,
22.79617739999958,mouse,move,845,0,7,0,7.0,892.2994557738779,,
22.80421679999563,mouse,move,848,0,3,0,3.0,373.16217646512854,,
22.812240799990832,mouse,move,854,0,6,0,6.0,747.7567302576234,,
22.82023699999263,mouse,move,857,0,3,0,3.0,375.1782095651954,,
22.82825919998868,mouse,move,861,2,4,2,4.47213595499958,557.4700153576794,,
22.83621389999462,mouse,move,866,2,5,0,5.0,628.5592160944904,,
22.844156499995734,mouse,move,874,3,8,1,8.06225774829855,1015.0653120094672,,
22.852427999998326,mouse,move,881,5,7,2,7.280109889280518,880.1438538352753,,
22.860313199998927,mouse,move,887,5,6,0,6.0,760.9191903239958,,
22.868848099999013,mouse,move,891,5,4,0,4.0,468.66395622206113,,
22.876147899994976,mouse,move,894,5,3,0,3.0,410.9701637934299,,
22.884338299991214,mouse,move,895,5,1,0,1.0,122.09415907151532,,
22.892296999998507,mouse,move,895,5,0,0,0.0,0.0,,
22.92411729999003,mouse,move,896,5,1,0,1.0,31.4264793313201,,
22.940217899988056,mouse,move,898,5,2,0,2.0,124.21897322119604,,
22.948082399991108,mouse,move,903,5,5,0,5.0,635.7683257752776,,
22.95617879999918,mouse,move,912,5,9,0,9.0,1111.6051567397851,,
22.964114599992172,mouse,move,922,5,10,0,10.0,1260.1124031389631,,
22.972215699992375,mouse,move,937,5,15,0,15.0,1851.6003998991541,,
22.98006099999475,mouse,move,948,5,11,0,11.0,1402.1133668149123,,
22.988243299987516,mouse,move,960,5,12,0,12.0,1466.5803026784854,,
22.99632959999144,mouse,move,968,5,8,0,8.0,989.3276277305413,,
23.004500999988522,mouse,move,974,5,6,0,6.0,734.2683018996602,,
23.012181699989014,mouse,move,977,5,3,0,3.0,390.58939937868416,,
23.068717000001925,mouse,move,978,5,1,0,1.0,17.688063913548422,,
23.076333799996064,mouse,move,979,5,1,0,1.0,131.2887302764262,,
23.084156699987943,mouse,move,980,5,1,0,1.0,127.82983305910537,,
23.116124299995136,mouse,move,981,5,1,0,1.0,31.281672686564363,,
23.196073399987654,mouse,move,982,5,1,0,1.0,12.507958189567871,,
23.244122899996,mouse,move,982,6,0,1,1.0,20.8118710876553,,
23.260125499989954,mouse,move,982,7,0,1,1.0,62.48984542373402,,
23.268267499996,mouse,move,982,8,0,1,1.0,122.81994586801925,,
23.276120900001843,mouse,move,982,8,0,0,0.0,0.0,,
23.292126100001042,mouse,move,983,11,1,3,3.1622776601683795,197.57814087462765,,
23.308111599995755,mouse,move,983,11,0,0,0.0,0.0,,
23.31639059999725,mouse,move,983,12,0,1,1.0,120.78753470462165,,
23.340149700001348,mouse,move,983,14,0,2,2.0,84.17827273149771,,
23.35626409998804,mouse,move,983,14,0,0,0.0,0.0,,
23.364208200000576,mouse,move,983,15,0,1,1.0,125.87958339167886,,
23.380312199995387,mouse,move,983,16,0,1,1.0,62.096373591789664,,
23.39613599999575,mouse,move,983,17,0,1,1.0,63.19594534670034,,
23.40434660000028,mouse,move,983,17,0,0,0.0,0.0,,
23.420378999988316,mouse,move,983,18,0,1,1.0,62.37369331767655,,
23.42819549998967,mouse,move,983,19,0,1,1.0,127.93449751509735,,
23.44416149999597,mouse,move,983,19,0,0,0.0,0.0,,
23.452390899998136,mouse,move,983,21,0,2,2.0,243.03108361167213,,
23.468299100000877,mouse,move,983,22,0,1,1.0,62.86066304344266,,
23.476157299999613,mouse,move,983,22,0,0,0.0,0.0,,
23.492119699993054,mouse,move,983,23,0,1,1.0,62.647220995019474,,
23.500639399993815,mouse,move,983,25,0,2,2.0,234.75004986341506,,
23.50815209999564,mouse,move,983,26,0,1,1.0,133.1079371939517,,
23.516255900001852,mouse,move,982,27,-1,1,1.4142135623730951,174.51239681251175,,
23.524116200002027,mouse,move,981,28,-1,1,1.4142135623730951,179.91852249171495,,
23.532112999993842,mouse,move,980,29,-1,1,1.4142135623730951,176.84743445134671,,
23.540196899994044,mouse,move,980,30,0,1,1.0,123.7026682634705,,
23.548101399996085,mouse,move,979,31,-1,1,1.4142135623730951,178.91246277536248,,
23.556159200001275,mouse,move,978,31,-1,0,1.0,124.10335319266976,,
23.56426639998972,mouse,move,977,32,-1,1,1.4142135623730951,174.43921013282713,,
23.58022649999475,mouse,move,976,33,-1,1,1.4142135623730951,88.60931710498379,,
23.604123899989645,mouse,move,974,34,-2,1,2.23606797749979,93.5695087322287,,
23.67615259999002,mouse,move,974,34,0,0,0.0,0.0,,
23.764137599995593,mouse,move,973,34,-1,0,1.0,11.365573676611339,,
23.788141600001836,mouse,move,972,34,-1,0,1.0,41.659723368600815,,
23.812167399999453,mouse,move,971,34,-1,0,1.0,41.62192310346392,,
23.836376199993538,mouse,move,970,34,-1,0,1.0,41.30729322578291,,
23.852288599999156,mouse,move,969,34,-1,0,1.0,62.844071268126434,,
23.86842469999101,mouse,move,969,33,0,-1,1.0,61.97284353126303,,
23.876114400001825,mouse,move,968,33,-1,0,1.0,130.0440847619038,,
23.884345099999337,mouse,move,967,33,-1,0,1.0,121.49634907144232,,
23.892286499991314,mouse,move,967,32,0,-1,1.0,125.92238157127892,,
23.90026979999675,mouse,move,965,31,-2,-1,2.23606797749979,280.09319153451327,,
23.916393499996047,mouse,move,963,29,-2,-2,2.8284271247461903,175.42047575118247,,
24.108538599990425,mouse,click_press,963,29,,,,,,
24.340617900001234,mouse,click_release,963,29,,,,,,
24.844073699990986,mouse,move,962,29,-1,0,1.0,1.0779576841302165,,
24.852011199996923,mouse,move,962,29,0,0,0.0,0.0,,
24.859996599989245,mouse,move,961,30,-1,1,1.4142135623730951,177.09990278920728,,
24.86819480000122,mouse,move,961,30,0,0,0.0,0.0,,
24.876014499997837,mouse,move,959,32,-2,2,2.8284271247461903,361.7053244970972,,
24.884055799993803,mouse,move,959,34,0,2,2.0,248.71600375601665,,
24.89205260000017,mouse,move,958,35,-1,1,1.4142135623730951,176.84743412953438,,
24.90013729999191,mouse,move,958,36,0,1,1.0,123.69042772416198,,
24.908049899997422,mouse,move,957,38,-1,2,2.23606797749979,282.595856727542,,
24.924012499992386,mouse,move,956,38,-1,0,1.0,62.64643606401774,,
24.93198749999283,mouse,move,956,39,0,1,1.0,125.391849522825,,
24.94000839999353,mouse,move,955,40,-1,1,1.4142135623730951,176.3160695494747,,
24.948041399999056,mouse,move,954,41,-1,1,1.4142135623730951,176.0504869165096,,
24.956021899997722,mouse,move,953,41,-1,0,1.0,125.3054320114171,,
24.963993999990635,mouse,move,953,42,0,1,1.0,125.4374632642676,,
24.972039699991,mouse,move,951,43,-2,1,2.23606797749979,277.9208741809931,,
24.98026489999029,mouse,move,950,43,-1,0,1.0,121.57759082898856,,
24.988158499996644,mouse,move,948,44,-2,1,2.23606797749979,283.27606867583586,,
24.996177699998952,mouse,move,947,44,-1,0,1.0,124.70071824023272,,
25.00410039999406,mouse,move,945,45,-2,1,2.23606797749979,282.2355988338605,,
25.012085999987903,mouse,move,943,45,-2,0,2.0,250.45081165368236,,
25.020160299987765,mouse,move,942,46,-1,1,1.4142135623730951,175.14998976967289,,
25.028035099996487,mouse,move,939,46,-3,0,3.0,380.96205575727413,,
25.036303299988504,mouse,move,935,47,-4,1,4.123105625617661,498.67028247969336,,
25.04403609999281,mouse,move,932,47,-3,0,3.0,387.9577899764275,,
25.05205689999275,mouse,move,931,47,-1,0,1.0,124.67584280962679,,
25.060131499994895,mouse,move,928,49,-3,2,3.605551275463989,446.5300169055545,,
25.076085699998657,mouse,move,928,49,0,0,0.0,0.0,,
25.083963899989612,mouse,move,927,49,-1,0,1.0,126.9325481896984,,
25.092320399999153,mouse,move,926,49,-1,0,1.0,119.66732470033119,,
25.100060600001598,mouse,move,923,49,-3,0,3.0,387.5868839374158,,
25.1080845999968,mouse,move,921,49,-2,0,2.0,249.25224341920782,,
25.116098400001647,mouse,move,916,47,-5,-2,5.385164807134504,671.9864239034887,,
25.124061099995743,mouse,move,907,46,-9,-1,9.055385138137417,1137.2254567988307,,
25.13204759999644,mouse,move,898,42,-9,-4,9.848857801796104,1233.1882302555414,,
25.140041199992993,mouse,move,886,40,-12,-2,12.165525060596439,1521.908159758151,,
25.148016699997243,mouse,move,876,36,-10,-4,10.770329614269007,1350.4268833966773,,
25.15607060000184,mouse,move,867,35,-9,-1,9.055385138137417,1124.3478479951777,,
25.16409229999408,mouse,move,860,33,-7,-2,7.280109889280518,907.5520022341782,,
25.172155599997495,mouse,move,853,30,-7,-3,7.615773105863909,944.4982950701761,,
25.180110299988883,mouse,move,849,29,-4,-1,4.123105625617661,518.3232089307975,,
25.188105299996096,mouse,move,845,28,-4,-1,4.123105625617661,515.7105218133574,,
25.196516399999382,mouse,move,845,28,0,0,0.0,0.0,,
25.203991199989105,mouse,move,844,28,-1,0,1.0,133.78284387206756,,
25.220061599990004,mouse,move,843,27,-1,-1,1.4142135623730951,88.00114261586354,,
25.23614879998786,mouse,move,842,26,-1,-1,1.4142135623730951,87.9092422896234,,
25.26805109999259,mouse,move,842,26,0,0,0.0,0.0,,
25.284022799998638,mouse,move,841,26,-1,0,1.0,62.6107427275317,,
25.292029299991555,mouse,move,840,26,-1,0,1.0,124.89852006304079,,
25.4761518999876,mouse,click_press,840,26,,,,,,
25.700276399991708,mouse,click_release,840,26,,,,,,
25.899977599998238,mouse,move,840,26,0,0,0.0,0.0,,
25.907924099999946,mouse,move,838,28,-2,2,2.8284271247461903,355.9336971167482,,
25.915907699993113,mouse,move,837,31,-1,3,3.1622776601683795,396.09670610686055,,
25.923901899994235,mouse,move,836,34,-1,3,3.1622776601683795,395.5714968007739,,
25.931993199992576,mouse,move,833,39,-3,5,5.830951894845301,720.6446301633554,,
25.94040259999747,mouse,move,832,44,-1,5,5.0990195135927845,606.3476003788139,,
25.94810399999551,mouse,move,829,50,-3,6,6.708203932499369,871.0369457768516,,
25.956120499991812,mouse,move,826,57,-3,7,7.615773105863909,950.0122384304025,,
25.964136800001143,mouse,move,820,74,-6,17,18.027756377319946,2248.8874363903765,,
25.972135099989828,mouse,move,813,90,-7,16,17.46424919657298,2183.4951453782483,,
25.980186899992987,mouse,move,806,102,-7,12,13.892443989449804,1725.3836389378225,,
25.988146699994104,mouse,move,799,113,-7,11,13.038404810405298,1638.031710416714,,
25.996335899995756,mouse,move,795,123,-4,10,10.770329614269007,1315.1870282928558,,
26.00409449999279,mouse,move,790,136,-5,13,13.92838827718412,1795.2192769973385,,
26.012219600001117,mouse,move,786,146,-4,10,10.770329614269007,1325.5627134717272,,
26.020492299998295,mouse,move,783,158,-3,12,12.36931687685298,1495.1970796803957,,
26.02812589998939,mouse,move,778,169,-5,11,12.083045973594572,1582.8764917849624,,
26.036190599988913,mouse,move,773,178,-5,9,10.295630140987,1276.6290304160968,,
26.04413189999468,mouse,move,769,187,-4,9,9.848857801796104,1240.2072449903744,,
26.052151299998513,mouse,move,767,191,-2,4,4.47213595499958,557.6646573138515,,
26.060196799997357,mouse,move,762,198,-5,7,8.602325267042627,1069.20952933682,,
26.068114399997285,mouse,move,757,204,-5,6,7.810249675906654,986.4415575398809,,
26.076130899993586,mouse,move,752,210,-5,6,7.810249675906654,974.2717744040149,,
26.084172299990314,mouse,move,749,215,-3,5,5.830951894845301,725.1165092170637,,
26.092407299991464,mouse,move,747,217,-2,2,2.8284271247461903,343.464131675913,,
26.10817049999605,mouse,move,747,217,0,0,0.0,0.0,,
26.124141899999813,mouse,move,747,219,0,2,2.0,125.22383758021692,,
26.132406199991237,mouse,move,746,220,-1,1,1.4142135623730951,171.12321235199767,,
26.14012489999004,mouse,move,745,221,-1,1,1.4142135623730951,183.2191382735639,,
26.148380999991787,mouse,move,745,222,0,1,1.0,121.12256389683387,,
26.156191099988064,mouse,move,744,223,-1,1,1.4142135623730951,181.0749622984614,,
26.164320199997746,mouse,move,744,224,0,1,1.0,123.01484774561733,,
26.172239999999874,mouse,move,744,226,0,2,2.0,252.53162951875572,,
26.18011509999633,mouse,move,744,227,0,1,1.0,126.98251456492864,,
26.188165100000333,mouse,move,743,230,-1,3,3.1622776601683795,392.82952280685964,,
26.196267599996645,mouse,move,741,233,-2,3,3.605551275463989,444.99244395003245,,
26.204179499996826,mouse,move,740,236,-1,3,3.1622776601683795,399.6862523661847,,
26.212100299992017,mouse,move,739,240,-1,4,4.123105625617661,520.5415650087396,,
26.220085499997367,mouse,move,738,242,-1,2,2.23606797749979,280.02654611048814,,
26.228176599994185,mouse,move,736,246,-2,4,4.47213595499958,552.7228629924506,,
26.23631779999414,mouse,move,734,252,-2,6,6.324555320336759,776.8578735778591,,
26.24415769999905,mouse,move,730,258,-4,6,7.211102550927978,919.7952201445813,,
26.252360699989367,mouse,move,728,261,-2,3,3.605551275463989,439.54056805071843,,
26.260131999995792,mouse,move,727,263,-1,2,2.23606797749979,287.7340954088886,,
26.2681534000003,mouse,move,724,269,-3,6,6.708203932499369,836.2884195687317,,
26.276178899992374,mouse,move,723,273,-1,4,4.123105625617661,513.7506235985766,,
26.284166599987657,mouse,move,722,278,-1,5,5.0990195135927845,638.358916409467,,
26.292103200001293,mouse,move,720,284,-2,6,6.324555320336759,796.8847251304585,,
26.300674999991315,mouse,move,719,287,-1,3,3.1622776601683795,368.916407738074,,
26.308663899995736,mouse,move,717,293,-2,6,6.324555320336759,791.6678537517364,,
26.316512099991087,mouse,move,715,297,-2,4,4.47213595499958,569.8295096517295,,
26.324377099997946,mouse,move,713,300,-2,3,3.605551275463989,458.42991383592255,,
26.332190999994054,mouse,move,712,305,-1,5,5.0990195135927845,652.5575597502263,,
26.34051090000139,mouse,move,708,310,-4,5,6.4031242374328485,769.6155280456064,,
26.348545599990757,mouse,move,708,313,0,3,3.0,373.3804627391687,,
26.356338500001584,mouse,move,706,319,-2,6,6.324555320336759,811.5791696993152,,
26.364157999996678,mouse,move,704,323,-2,4,4.47213595499958,571.9209614176792,,
26.3722129999951,mouse,move,704,326,0,3,3.0,372.4394786577194,,
26.380147999996552,mouse,move,704,329,0,3,3.0,378.07183357916995,,
26.38815009999962,mouse,move,704,332,0,3,3.0,374.90158818930985,,
26.396144300000742,mouse,move,703,335,-1,3,3.1622776601683795,395.5714968007739,,
26.4043740999914,mouse,move,702,340,-1,5,5.0990195135927845,619.5800042990716,,
26.412177299993346,mouse,move,701,345,-1,5,5.0990195135927845,653.4523672752151,,
26.420124600001145,mouse,move,699,349,-2,4,4.47213595499958,562.7239377663527,,
26.428094299990335,mouse,move,697,357,-2,8,8.246211251235321,1034.6953163131616,,
26.436577499989653,mouse,move,696,365,-1,8,8.06225774829855,950.379308391441,,
26.444155899996986,mouse,move,690,374,-6,9,10.816653826391969,1427.3004613013352,,
26.45243729998765,mouse,move,689,386,-1,12,12.041594578792296,1454.0530094387639,,
26.460201099995174,mouse,move,685,397,-4,11,11.704699910719626,1507.59935848122,,
26.46810949999781,mouse,move,683,409,-2,12,12.165525060596439,1538.3042153336087,,
26.47609630000079,mouse,move,677,428,-6,19,19.924858845171276,2494.7236487369455,,
26.484229199995752,mouse,move,671,437,-6,9,10.816653826391969,1329.9873148683193,,
26.492378599999938,mouse,move,664,457,-7,20,21.18962010041709,2600.1448069224202,,
26.500201899994863,mouse,move,658,475,-6,18,18.973665961010276,2425.276542292698,,
26.508249399994384,mouse,move,651,491,-7,16,17.46424919657298,2170.1459083707796,,
26.516143499989994,mouse,move,644,513,-7,22,23.08679276123039,2924.5629994639457,,
26.52447829999437,mouse,move,635,540,-9,27,28.460498941515414,3414.6588912234665,,
26.532157599998754,mouse,move,630,554,-5,14,14.866068747318506,1935.8624795010687,,
26.54024339999887,mouse,move,618,577,-12,23,25.942243542145693,3208.370667314279,,
26.548166699998546,mouse,move,607,603,-11,26,28.231188426986208,3563.059385375409,,
26.556547000000137,mouse,move,600,615,-7,12,13.892443989449804,1657.7501982999572,,
26.564844099993934,mouse,move,591,635,-9,20,21.93171219946131,2643.2985279022355,,
26.572340999991866,mouse,move,585,649,-6,14,15.231546211727817,2031.7126033333234,,
26.580235299989,mouse,move,580,664,-5,15,15.811388300841896,2002.886678563491,,
26.588245899998583,mouse,move,573,680,-7,16,17.46424919657298,2180.142458202729,,
26.59618490000139,mouse,move,568,689,-5,9,10.295630140987,1296.8421888583898,,
26.60423839998839,mouse,move,558,701,-10,12,15.620499351813308,1939.591404610249,,
26.612071999988984,mouse,move,554,707,-4,6,7.211102550927978,920.534945667445,,
26.62027769999986,mouse,move,549,715,-5,8,9.433981132056603,1149.6863301793164,,
26.628187800000887,mouse,move,546,719,-3,4,5.0,632.1032603065585,,
26.636190599994734,mouse,move,545,725,-1,6,6.082762530298219,760.0792891207225,,
26.644094499992207,mouse,move,544,730,-1,5,5.0990195135927845,645.1270278246402,,
26.65210510000179,mouse,move,541,732,-3,2,3.605551275463989,450.09752966698045,,
26.660124000001815,mouse,move,540,735,-1,3,3.1622776601683795,394.35304844288913,,
26.67616299999645,mouse,move,540,735,0,0,0.0,0.0,,
26.7960810999939,mouse,move,540,735,0,0,0.0,0.0,,
26.812086799996905,mouse,move,540,735,0,0,0.0,0.0,,
26.820220399997197,mouse,move,540,733,0,-2,2.0,245.8935772509324,,
26.828347799993935,mouse,move,540,731,0,-2,2.0,246.08115766453344,,
26.836161200000788,mouse,move,540,728,0,-3,3.0,383.95576795872915,,
26.844311699998798,mouse,move,540,727,0,-1,1.0,122.69185942508874,,
26.85211690000142,mouse,move,540,726,0,-1,1.0,128.11971501871676,,
26.860298999992665,mouse,move,540,724,0,-2,2.0,244.43602524290705,,
26.8682245999953,mouse,move,540,723,0,-1,1.0,126.17341269650014,,
26.876121900000726,mouse,move,540,720,0,-3,3.0,379.8766664479325,,
26.884279999998398,mouse,move,540,718,0,-2,2.0,245.1551219733344,,
26.892091499990784,mouse,move,539,715,-1,-3,3.1622776601683795,404.8233582859764,,
26.900184300000547,mouse,move,538,713,-1,-2,2.23606797749979,276.3033776693204,,
26.908088799988036,mouse,move,537,710,-1,-3,3.1622776601683795,400.06042952410877,,
26.91620389999298,mouse,move,537,707,0,-3,3.0,369.68121134337633,,
26.924163099989528,mouse,move,537,705,0,-2,2.0,251.28153594170857,,
26.932279899992864,mouse,move,536,702,-1,-3,3.1622776601683795,389.5965970417848,,
26.940345999988494,mouse,move,536,699,0,-3,3.0,371.92695374778714,,
26.94812479999382,mouse,move,536,697,0,-2,2.0,257.109065489616,,
26.956272600000375,mouse,move,535,696,-1,-1,1.4142135623730951,173.56998959663187,,
26.964213200000813,mouse,move,535,694,0,-2,2.0,251.87013574410125,,
26.97221079999872,mouse,move,535,693,0,-1,1.0,125.03751128609962,,
26.980239299999084,mouse,move,533,691,-2,-2,2.8284271247461903,352.29832778450543,,
26.98819459999504,mouse,move,533,690,0,-1,1.0,125.7023620112804,,
26.996121099989978,mouse,move,533,689,0,-1,1.0,126.15908668879099,,
27.004095399999642,mouse,move,533,688,0,-1,1.0,125.4028565250979,,
27.012108099996112,mouse,move,533,686,0,-2,2.0,249.6037541504091,,
27.020227000000887,mouse,move,533,684,0,-2,2.0,246.3387895926661,,
27.028559699989273,mouse,move,532,683,-1,-1,1.4142135623730951,169.71852632929367,,
27.03612059999432,mouse,move,531,681,-1,-2,2.23606797749979,295.740980043037,,
27.04413769999519,mouse,move,531,680,0,-1,1.0,124.73338238158814,,
27.052322699993965,mouse,move,531,678,0,-2,2.0,244.34941970668933,,
27.060081199990236,mouse,move,531,676,0,-2,2.0,257.7817878405971,,
27.068143099997542,mouse,move,529,673,-2,-3,3.605551275463989,447.2334402804116,,
27.076237699991907,mouse,move,529,671,0,-2,2.0,247.0782992849869,,
27.084264399993117,mouse,move,529,669,0,-2,2.0,249.16840042589266,,
27.092181299987715,mouse,move,529,668,0,-1,1.0,126.31206667791267,,
27.100320400000783,mouse,move,529,665,0,-3,3.0,368.5911212767101,,
27.10811209998792,mouse,move,529,664,0,-1,1.0,128.34169714577956,,
27.116333400001167,mouse,move,528,663,-1,-1,1.4142135623730951,172.0182404357436,,
27.124094499988132,mouse,move,528,661,0,-2,2.0,257.6954302043656,,
27.132306499988772,mouse,move,527,659,-1,-2,2.23606797749979,272.29273956716656,,
27.140150799998082,mouse,move,527,659,0,0,0.0,0.0,,
27.148125899999286,mouse,move,527,656,0,-3,3.0,376.17083165692657,,
27.156133099997533,mouse,move,527,656,0,0,0.0,0.0,,
27.164312699998845,mouse,move,527,653,0,-3,3.0,366.76610097297083,,
27.180332599993562,mouse,move,527,652,0,-1,1.0,62.42236220761544,,
27.188233499997295,mouse,move,527,652,0,0,0.0,0.0,,
27.196175799996126,mouse,move,526,650,-1,-2,2.23606797749979,281.5390979727419,,
27.23617109999759,mouse,move,525,649,-1,-1,1.4142135623730951,35.359493798553856,,
27.26020239999343,mouse,move,525,649,0,0,0.0,0.0,,
27.268239999990328,mouse,move,525,648,0,-1,1.0,124.41524838087584,,
27.316165099997306,mouse,move,525,647,0,-1,1.0,20.865892817216807,,
27.332254599998123,mouse,move,525,646,0,-1,1.0,62.152335370846565,,
27.34027580000111,mouse,move,525,645,0,-1,1.0,124.66962544603497,,
27.34825229999842,mouse,move,525,644,0,-1,1.0,125.36826933328709,,
27.356233400001656,mouse,move,525,642,0,-2,2.0,250.5920235543126,,
27.364146799998707,mouse,move,525,641,0,-1,1.0,126.36793292044823,,
27.372175399999833,mouse,move,525,640,0,-1,1.0,124.55471686966615,,
27.380208399990806,mouse,move,525,638,0,-2,2.0,248.97298671073378,,
27.388187599994126,mouse,move,525,637,0,-1,1.0,125.32584715059039,,
27.39628289999382,mouse,move,525,637,0,0,0.0,0.0,,
27.40422199999739,mouse,move,525,636,0,-1,1.0,125.95886177910864,,
27.42907169999671,mouse,move,525,634,0,-2,2.0,80.48386902274689,,
27.493545899997116,mouse,move,525,634,0,0,0.0,0.0,,
27.676877699996112,mouse,click_press,525,634,,,,,,
27.90069909999147,mouse,click_release,525,634,,,,,,
28.17226259999734,mouse,move,525,633,0,-1,1.0,1.4733687855325672,,
28.204093499996816,mouse,move,525,632,0,-1,1.0,31.41601399949205,,
28.21213679999346,mouse,move,526,630,1,-2,2.23606797749979,278.00380172727085,,
28.284228699994856,mouse,move,526,629,0,-1,1.0,13.87118386366055,,
28.292166599989287,mouse,move,529,628,3,-1,3.1622776601683795,398.37711011563715,,
28.300191199989058,mouse,move,532,627,3,-1,3.1622776601683795,394.0729332625232,,
28.30838689999655,mouse,move,533,625,1,-2,2.23606797749979,272.8342881579412,,
28.316159599999082,mouse,move,534,623,1,-2,2.23606797749979,287.68226958083807,,
28.32419279999158,mouse,move,534,622,0,-1,1.0,124.48339403152649,,
29.100745999996434,mouse,move,534,621,0,-1,1.0,1.2877417799498447,,
29.10816989999148,mouse,move,534,621,0,0,0.0,0.0,,
29.11621860000014,mouse,move,533,621,-1,0,1.0,124.2436665454456,,
29.12420019999263,mouse,move,532,621,-1,0,1.0,125.28816289226062,,
29.13231069999165,mouse,move,530,619,-2,-2,2.8284271247461903,348.7364681693934,,
29.140245999995386,mouse,move,529,618,-1,-1,1.4142135623730951,178.21803355979694,,
29.148256200001924,mouse,move,529,618,0,0,0.0,0.0,,
29.15623819999746,mouse,move,529,617,0,-1,1.0,125.28188430960122,,
29.164197699996294,mouse,move,529,615,0,-2,2.0,251.27206486503187,,
29.172122799995122,mouse,move,529,613,0,-2,2.0,252.3627462486944,,
29.18022139999084,mouse,move,529,610,0,-3,3.0,370.43439626425925,,
29.18817309998849,mouse,move,529,608,0,-2,2.0,251.51854327900395,,
29.196225199993933,mouse,move,529,604,0,-4,4.0,496.7648187796979,,
29.20418799998879,mouse,move,529,600,0,-4,4.0,502.3358620816155,,
29.212385399994673,mouse,move,532,596,3,-4,5.0,609.9494957439358,,
29.220313599988003,mouse,move,535,593,3,-3,4.242640687119285,535.1329041508277,,
29.228235299990047,mouse,move,536,591,1,-2,2.23606797749979,282.2712267471586,,
29.23625619999075,mouse,move,536,590,0,-1,1.0,124.67428841059248,,
29.244131599989487,mouse,move,539,587,3,-3,4.242640687119285,538.7206602583892,,
29.25230829999782,mouse,move,540,584,1,-3,3.1622776601683795,386.74253145462575,,
29.2601183999941,mouse,move,541,583,1,-1,1.4142135623730951,181.0749622984614,,
29.276245799992466,mouse,move,541,583,0,0,0.0,0.0,,
29.284215499996208,mouse,move,542,582,1,-1,1.4142135623730951,177.44878247728326,,
29.420213799996418,mouse,move,542,581,0,-1,1.0,7.353033089372835,,
29.428156599999056,mouse,move,542,576,0,-5,5.0,629.5009314522862,,
29.43630459999258,mouse,move,546,562,4,-14,14.560219778561036,1786.9685554897965,,
29.444218699994963,mouse,move,553,556,7,-6,9.219544457292887,1164.9517259725192,,
29.45233179999923,mouse,move,559,551,6,-5,7.810249675906654,962.6714414711863,,
29.460415299996384,mouse,move,565,546,6,-5,7.810249675906654,966.1965335133008,,
29.468367699999362,mouse,move,568,543,3,-3,4.242640687119285,533.5044370920237,,
29.476521399992635,mouse,move,574,540,6,-3,6.708203932499369,822.7190034014455,,
29.484253299990087,mouse,move,576,538,2,-2,2.8284271247461903,365.8126884308101,,
29.492201000000932,mouse,move,578,535,2,-3,3.605551275463989,453.6597091666584,,
29.50017879999359,mouse,move,578,534,0,-1,1.0,125.34784037205273,,
29.508170399989467,mouse,move,578,533,0,-1,1.0,125.13138802193247,,
29.516212299990002,mouse,move,578,532,0,-1,1.0,124.34872355208091,,
29.524162000001525,mouse,move,578,531,0,-1,1.0,125.79091016649346,,
29.532181399990804,mouse,move,578,529,0,-2,2.0,249.3952169331293,,
29.54036849999102,mouse,move,578,528,0,-1,1.0,122.14337188673424,,
29.548189499997534,mouse,move,578,527,0,-1,1.0,127.86088724803966,,
29.56413679999241,mouse,move,577,524,-1,-3,3.1622776601683795,198.29548959285523,,
29.580177299998468,mouse,move,577,522,0,-2,2.0,124.68439258407547,,
29.588121599997976,mouse,move,575,519,-2,-3,3.605551275463989,453.85386700996327,,
29.596084599994356,mouse,move,575,518,0,-1,1.0,125.58081130913085,,
29.604155900000478,mouse,move,575,516,0,-2,2.0,247.79155755367026,,
29.612003899994306,mouse,move,575,515,0,-1,1.0,127.42099908083925,,
29.62013619999925,mouse,move,575,512,0,-3,3.0,368.8993271492373,,
29.628046699988772,mouse,move,575,510,0,-2,2.0,252.82851939187802,,
29.636152299994137,mouse,move,575,510,0,0,0.0,0.0,,
29.64425699999265,mouse,move,575,507,0,-3,3.0,370.1555888004265,,
29.65217419998953,mouse,move,575,507,0,0,0.0,0.0,,
29.660181899991585,mouse,move,575,504,0,-3,3.0,374.6394094722059,,
29.668644999997923,mouse,move,575,503,0,-1,1.0,118.16001220014854,,
29.67618539999239,mouse,move,575,502,0,-1,1.0,132.61895930369823,,
29.684207899990724,mouse,move,576,501,1,-1,1.4142135623730951,176.28090528725053,,
29.692330799996853,mouse,move,578,500,2,-1,2.23606797749979,275.2795154209391,,
29.700182699991274,mouse,move,582,499,4,-1,4.123105625617661,525.1092892863307,,
29.708124400000088,mouse,move,585,498,3,-1,3.1622776601683795,398.18649113649155,,
29.716143699988606,mouse,move,592,498,7,0,7.0,872.8941441300564,,
29.724153299990576,mouse,move,601,496,9,-2,9.219544457292887,1151.0617827389651,,
29.73251769998751,mouse,move,613,494,12,-2,12.165525060596439,1454.4408523090399,,
29.740308799999184,mouse,move,622,493,9,-1,9.055385138137417,1162.2729941305347,,
29.74854580000101,mouse,move,632,490,10,-3,10.44030650891055,1267.4889530890525,,
29.756162799996673,mouse,move,641,487,9,-3,9.486832980505138,1245.4815525676988,,
29.764118299994152,mouse,move,650,485,9,-2,9.219544457292887,1158.889379701408,,
29.772094299987657,mouse,move,658,484,8,-1,8.06225774829855,1010.8146633480234,,
29.78015459999733,mouse,move,672,480,14,-4,14.560219778561036,1806.4116423811893,,
29.78813079999236,mouse,move,685,478,13,-2,13.152946437965905,1649.024152624695,,
29.79621159999806,mouse,move,697,477,12,-1,12.041594578792296,1490.14881822317,,
29.80405379999138,mouse,move,709,473,12,-4,12.649110640673518,1612.9543561052205,,
29.812149299992598,mouse,move,719,470,10,-3,10.44030650891055,1289.64319774437,,
29.82031329999154,mouse,move,730,466,11,-4,11.704699910719626,1433.6967065453762,,
29.828136600001017,mouse,move,735,465,5,-1,5.0990195135927845,651.7734852831871,,
29.83632139999827,mouse,move,739,464,4,-1,4.123105625617661,503.7515427379731,,
29.84420899998804,mouse,move,742,463,3,-1,3.1622776601683795,400.91760031809775,,
29.852225599999656,mouse,move,745,463,3,0,3.0,374.22348572379354,,
29.860157499992056,mouse,move,745,463,0,0,0.0,0.0,,
29.87615630000073,mouse,move,746,462,1,-1,1.4142135623730951,88.39497722368826,,
29.92411870000069,mouse,move,749,462,3,0,3.0,62.548996714144444,,
29.932173799999873,mouse,move,752,462,3,0,3.0,372.4348549744053,,
29.940551499996218,mouse,move,755,462,3,0,3.0,358.09351030818993,,
29.94830199998978,mouse,move,765,462,10,0,10.0,1290.2393404690872,,
29.956597399999737,mouse,move,774,462,9,0,9.0,1084.9386393902791,,
29.964488599987817,mouse,move,786,463,12,1,12.041594578792296,1525.9522755704277,,
29.972147599997697,mouse,move,799,466,13,3,13.341664064126334,1741.9590086062253,,
29.980601799994474,mouse,move,819,472,20,6,20.8806130178211,2469.85084641737,,
29.988129799996386,mouse,move,847,481,28,9,29.410882339705484,3906.865347002595,,
29.99653920000128,mouse,move,896,505,49,24,54.56189146281496,6488.202657866753,,
30.00425169999653,mouse,move,954,527,58,22,62.03224967708329,8043.079379615672,,
30.01358819998859,mouse,move,1008,541,54,14,55.78530272392541,5974.969503707963,,
30.0201323999936,mouse,move,1062,555,54,14,55.78530272392541,8524.388417410864,,
30.02814369999396,mouse,move,1109,564,47,9,47.853944456021594,5973.305762343024,,
30.036421299999347,mouse,move,1148,572,39,8,39.81205847478876,4809.613710361306,,
30.04417339999054,mouse,move,1170,574,22,2,22.090722034374522,2849.643588120453,,
30.052303399992525,mouse,move,1182,575,12,1,12.041594578792296,1481.130944139502,,
30.060231600000407,mouse,move,1187,577,5,2,5.385164807134504,679.2417953357308,,
30.068171299993992,mouse,move,1188,577,1,0,1.0,125.94934327593427,,
30.076145599989104,mouse,move,1189,578,1,1,1.4142135623730951,177.34642078175176,,
30.10819439998886,mouse,move,1191,580,2,2,2.8284271247461903,88.25376066397678,,
30.116126599998097,mouse,move,1192,580,1,0,1.0,126.06842979698165,,
30.12422629998764,mouse,move,1194,582,2,2,2.8284271247461903,349.2014677577795,,
30.132214500001282,mouse,move,1194,583,0,1,1.0,125.18464714105882,,
30.14016319999064,mouse,move,1194,586,0,3,3.0,377.4202075832806,,
30.14815819999785,mouse,move,1196,589,2,3,3.605551275463989,450.97576888193356,,
30.156257299997378,mouse,move,1196,590,0,1,1.0,123.47050907612714,,
30.164309899992077,mouse,move,1196,595,0,5,5.0,620.9174680589833,,
30.17214769999555,mouse,move,1196,601,0,6,6.0,765.5209366585364,,
30.180095399991842,mouse,move,1196,604,0,3,3.0,377.46769523246667,,
30.188114099990344,mouse,move,1196,611,0,7,7.0,872.959457431749,,
30.196186899993336,mouse,move,1196,618,0,7,7.0,867.1093050001829,,
30.204233500000555,mouse,move,1194,623,-2,5,5.385164807134504,669.2472351431719,,
30.212195599990082,mouse,move,1190,629,-4,6,7.211102550927978,905.678471811863,,
30.220262499991804,mouse,move,1188,636,-2,7,7.280109889280518,902.4668568751466,,
30.228309400001308,mouse,move,1186,640,-2,4,4.47213595499958,555.7588574131499,,
30.23613999999361,mouse,move,1184,646,-2,6,6.324555320336759,807.6718676159254,,
30.24421939998865,mouse,move,1181,652,-3,6,6.708203932499369,830.2849143027279,,
30.252347699992242,mouse,move,1179,657,-2,5,5.385164807134504,662.5204292109539,,
30.260174499999266,mouse,move,1177,662,-2,5,5.385164807134504,688.0417031611646,,
30.268260600001668,mouse,move,1176,667,-1,5,5.0990195135927845,630.5907065307646,,
30.276105799988727,mouse,move,1174,669,-2,2,2.8284271247461903,360.5296397047416,,
30.284203399991384,mouse,move,1174,670,0,1,1.0,123.49338071427537,,
30.292235100001562,mouse,move,1174,671,0,1,1.0,124.50664227158576,,
30.30013209999015,mouse,move,1174,673,0,2,2.0,253.2607322894876,,
30.308150999990175,mouse,move,1173,676,-1,3,3.1622776601683795,394.35304844288913,,
30.316247099995962,mouse,move,1173,680,0,4,4.0,494.06504330985433,,
30.3243233999965,mouse,move,1170,683,-3,3,4.242640687119285,525.3198478060635,,
30.332207499988726,mouse,move,1169,686,-1,3,3.1622776601683795,401.09558012796884,,
30.340241699988837,mouse,move,1167,690,-2,4,4.47213595499958,556.6373696121314,,
30.348561099992367,mouse,move,1165,690,-2,0,2.0,240.4019519618704,,
30.356290399999125,mouse,move,1163,692,-2,2,2.8284271247461903,365.93574091742363,,
30.364234099994064,mouse,move,1161,694,-2,2,2.8284271247461903,356.0591571368595,,
30.372331499995198,mouse,move,1158,697,-3,3,4.242640687119285,523.9509826024691,,
30.380228900001384,mouse,move,1156,700,-2,3,3.605551275463989,456.5491519537667,,
30.388259499988635,mouse,move,1148,703,-8,3,8.54400374531753,1063.9309340375376,,
30.396222399998805,mouse,move,1142,706,-6,3,6.708203932499369,842.4322701442293,,
30.404287400000612,mouse,move,1136,711,-6,5,7.810249675906654,968.4128548241735,,
30.41213169999537,mouse,move,1126,716,-10,5,11.180339887498949,1425.2820385464358,,
30.420217299993965,mouse,move,1118,720,-8,4,8.94427190999916,1106.1976738342464,,
30.428234399994835,mouse,move,1113,723,-5,3,5.830951894845301,727.3143523483849,,
30.4364571999904,mouse,move,1104,728,-9,5,10.295630140987,1252.0832498103043,,
30.44416369999817,mouse,move,1095,732,-9,4,9.848857801796104,1277.993614723269,,
30.45222749999084,mouse,move,1086,737,-9,5,10.295630140987,1276.7715159535871,,
30.460122499993304,mouse,move,1073,743,-13,6,14.317821063276353,1813.530216441925,,
30.468300399996224,mouse,move,1066,745,-7,2,7.280109889280518,890.2175236528964,,
30.476087699993514,mouse,move,1054,750,-12,5,13.0,1669.3847680870895,,
30.48432839999441,mouse,move,1042,756,-12,6,13.416407864998739,1628.066531185249,,
30.492163999995682,mouse,move,1030,761,-12,5,13.0,1659.0943894392185,,
30.500519099994563,mouse,move,1019,765,-11,4,11.704699910719626,1400.9048260689149,,
30.50855089999095,mouse,move,1007,769,-12,4,12.649110640673518,1574.8786880103778,,
30.516130299991346,mouse,move,995,772,-12,3,12.36931687685298,1631.9651788014805,,
30.524184199995943,mouse,move,988,776,-7,4,8.06225774829855,1001.0377262812299,,
30.53212679999706,mouse,move,982,778,-6,2,6.324555320336759,796.2827436165265,,
30.540162899997085,mouse,move,978,780,-4,2,4.47213595499958,556.5057621215212,,
30.5482728999923,mouse,move,977,781,-1,1,1.4142135623730951,174.37898436594907,,
30.556282799996552,mouse,move,976,781,-1,0,1.0,124.84550362288441,,
30.67650770000182,mouse,move,975,781,-1,0,1.0,8.317744493496562,,
30.684100599988597,mouse,move,974,781,-1,0,1.0,131.70198497829298,,
30.69211869999708,mouse,move,974,781,0,0,0.0,0.0,,
30.700376299995696,mouse,move,973,781,-1,0,1.0,121.10056192692241,,
30.708301299993764,mouse,move,972,778,-1,-3,3.1622776601683795,399.0255723582958,,
30.716184899996733,mouse,move,972,775,0,-3,3.0,380.5368104508032,,
30.72428629999922,mouse,move,972,773,0,-2,2.0,246.87091112471933,,
30.73248639999656,mouse,move,970,770,-2,-3,3.605551275463989,439.69601305277877,,
30.7402529999963,mouse,move,970,767,0,-3,3.0,386.2694100507496,,
30.74815229998785,mouse,move,970,766,0,-1,1.0,126.5934957616149,,
30.756512599997222,mouse,move,970,762,0,-4,4.0,478.45172966473547,,
30.764271799998824,mouse,move,970,758,0,-4,4.0,515.5170635084274,,
30.77260679999017,mouse,move,970,753,0,-5,5.0,599.880024617895,,
30.780378700001165,mouse,move,970,748,0,-5,5.0,643.343325689635,,
30.788333699994837,mouse,move,969,743,-1,-5,5.0990195135927845,640.9829689062402,,
30.796653699988383,mouse,move,969,737,0,-6,6.0,721.1538467132661,,
30.804181799991056,mouse,move,968,732,-1,-5,5.0990195135927845,677.3315327615161,,
30.812278099998366,mouse,move,967,727,-1,-5,5.0990195135927845,629.7962660708129,,
30.8214020000014,mouse,move,967,721,0,-6,6.0,657.6135203153933,,
30.82831549999537,mouse,move,966,716,-1,-5,5.0990195135927845,737.5453125102665,,
30.8362524999975,mouse,move,965,714,-1,-2,2.23606797749979,281.72709800928936,,
30.844180999993114,mouse,move,965,711,0,-3,3.0,378.3817874326077,,
30.852292999989004,mouse,move,964,709,-1,-2,2.23606797749979,275.64940564998625,,
30.860360299993772,mouse,move,964,707,0,-2,2.0,247.9144197957059,,
30.876201699997182,mouse,move,964,707,0,0,0.0,0.0,,
31.21296249999432,mouse,click_press,964,707,,,,,,
31.436487200000556,mouse,click_release,964,707,,,,,,
32.27610759998788,mouse,move,963,706,-1,-1,1.4142135623730951,1.010220445804601,,
32.300233299989486,mouse,move,962,706,-1,0,1.0,41.449574517360304,,
32.30811589999939,mouse,move,961,705,-1,-1,1.4142135623730951,179.40952992612569,,
32.31610089998867,mouse,move,960,704,-1,-1,1.4142135623730951,177.10877448621684,,
32.324088599998504,mouse,move,960,704,0,0,0.0,0.0,,
32.340294800000265,mouse,move,959,703,-1,-1,1.4142135623730951,87.26373623794572,,
32.372300099988934,mouse,move,958,703,-1,0,1.0,31.244825086909152,,
32.40419679999468,mouse,move,957,702,-1,-1,1.4142135623730951,44.33730016328819,,
32.41214200000104,mouse,move,957,702,0,0,0.0,0.0,,
32.42044089999399,mouse,move,955,701,-2,-1,2.23606797749979,269.4414897635869,,
32.71630039998854,mouse,move,953,699,-2,-2,2.8284271247461903,9.56003483004028,,
32.78836869999941,mouse,move,953,698,0,-1,1.0,13.875726218728357,,
33.47616729998845,mouse,move,952,697,-1,-1,1.4142135623730951,2.0561448691457596,,
33.52418929999112,mouse,move,952,696,0,-1,1.0,20.82378909550417,,
33.596558299992466,mouse,move,952,695,0,-1,1.0,13.818071273354848,,
33.71628749999218,mouse,move,952,695,0,0,0.0,0.0,,
33.73224420000042,mouse,move,952,693,0,-2,2.0,125.33919914308336,,
33.74019820000103,mouse,move,951,691,-1,-2,2.23606797749979,281.1249657189541,,
33.74813979999453,mouse,move,951,689,0,-2,2.0,251.838420675523,,
33.75700479999068,mouse,move,949,687,-2,-2,2.8284271247461903,319.0555133643406,,
33.76407369998924,mouse,move,949,684,0,-3,3.0,424.3941773984751,,
33.77216059999773,mouse,move,949,683,0,-1,1.0,123.65677811643154,,
33.78005529999791,mouse,move,948,677,-1,-6,6.082762530298219,770.4868494256023,,
33.78812919999473,mouse,move,946,670,-2,-7,7.280109889280518,901.6844266279392,,
33.79612949999864,mouse,move,933,651,-13,-19,23.021728866442675,2877.608196590034,,
33.8044962999993,mouse,move,895,585,-38,-66,76.15773105863909,9102.37259796426,,
33.81231249999837,mouse,move,847,529,-48,-56,73.7563556583431,9436.34447264922,,
33.820179499991355,mouse,move,822,508,-25,-21,32.64965543462902,4150.20407572714,,
33.82879559999856,mouse,move,794,488,-28,-20,34.40930106817051,3993.6051159348963,,
33.836181699996814,mouse,move,756,457,-38,-31,49.040799340956916,6639.606741382994,,
33.84434509999119,mouse,move,720,426,-36,-31,47.50789408087881,5819.621005172348,,
33.85227959998883,mouse,move,688,395,-32,-31,44.553338819890925,5615.141323726904,,
33.860254599989275,mouse,move,668,373,-20,-22,29.732137494637012,3728.1677107194673,,
33.868205599996145,mouse,move,658,362,-10,-11,14.866068747318506,1869.7105690447302,,
33.876116699990234,mouse,move,647,350,-11,-12,16.278820596099706,2057.718978177744,,
33.88419289999001,mouse,move,637,339,-10,-11,14.866068747318506,1840.725681351116,,
33.89226609999605,mouse,move,626,328,-11,-11,15.556349186104045,1926.912398363653,,
33.900641699990956,mouse,move,618,318,-8,-10,12.806248474865697,1528.9947565134503,,
33.90856429999985,mouse,move,609,310,-9,-8,12.041594578792296,1519.9043956870707,,
33.9165767999948,mouse,move,600,301,-9,-9,12.727922061357855,1588.508214587666,,
33.924527399998624,mouse,move,593,295,-7,-6,9.219544457292887,1159.6036088922826,,
33.9325669999962,mouse,move,586,289,-7,-6,9.219544457292887,1146.7665630224737,,
33.940158400000655,mouse,move,581,285,-5,-4,6.4031242374328485,843.4708003362915,,
33.948543199992855,mouse,move,575,280,-6,-5,7.810249675906654,931.477159046392,,
33.9561595999985,mouse,move,569,274,-6,-6,8.48528137423857,1114.080322455419,,
33.96411209998769,mouse,move,563,270,-6,-4,7.211102550927978,906.7717775206022,,
33.97217329998966,mouse,move,557,266,-6,-4,7.211102550927978,894.5445528160554,,
33.98017149999214,mouse,move,556,264,-1,-2,2.23606797749979,279.5714006661088,,
33.98814809999021,mouse,move,551,260,-5,-4,6.4031242374328485,802.7385401021992,,
33.99614619999193,mouse,move,547,258,-4,-2,4.47213595499958,559.1497923308148,,
34.00407369999448,mouse,move,544,255,-3,-3,4.242640687119285,535.1801558818794,,
34.012143999992986,mouse,move,542,252,-2,-3,3.605551275463989,446.76793627630207,,
34.0201081999985,mouse,move,539,249,-3,-3,4.242640687119285,532.7139805856357,,
34.02812409999024,mouse,move,536,247,-3,-2,3.605551275463989,449.79993253190224,,
34.036118699994404,mouse,move,533,246,-3,-1,3.1622776601683795,395.5517047156829,,
34.0445611999894,mouse,move,531,244,-2,-2,2.8284271247461903,335.02246093239035,,
34.05217789999733,mouse,move,528,241,-3,-3,4.242640687119285,557.0182208439911,,
34.06054819999554,mouse,move,528,240,0,-1,1.0,119.470030968356,,
34.068149300001096,mouse,move,525,238,-3,-2,3.605551275463989,474.3459858214266,,
34.07607840000128,mouse,move,523,237,-2,-1,2.23606797749979,282.00779123080235,,
34.084118099999614,mouse,move,521,235,-2,-2,2.8284271247461903,351.8075457208548,,
34.092154500001925,mouse,move,520,234,-1,-1,1.4142135623730951,175.9760044256654,,
34.10021479999705,mouse,move,517,232,-3,-2,3.605551275463989,447.32221848390424,,
34.10837979998905,mouse,move,515,230,-2,-2,2.8284271247461903,346.40871126954903,,
34.11615049999091,mouse,move,512,229,-3,-1,3.1622776601683795,406.9488796907557,,
34.12458249999327,mouse,move,511,227,-1,-2,2.23606797749979,265.1883274281839,,
34.13216129998909,mouse,move,508,225,-3,-2,3.605551275463989,475.7417107522919,,
34.14011849999952,mouse,move,505,223,-3,-2,3.605551275463989,453.1180906274683,,
34.148507499994594,mouse,move,503,221,-2,-2,2.8284271247461903,337.1590328294212,,
34.156190099995,mouse,move,500,218,-3,-3,4.242640687119285,552.2402164494079,,
34.164318600000115,mouse,move,497,216,-3,-2,3.605551275463989,443.56908078927535,,
34.17214239999885,mouse,move,496,215,-1,-1,1.4142135623730951,180.75788780416738,,
34.1801329000009,mouse,move,495,213,-1,-2,2.23606797749979,279.8408080752943,,
34.18813899999077,mouse,move,494,212,-1,-1,1.4142135623730951,176.64200599072947,,
34.196223199993256,mouse,move,493,210,-1,-2,2.23606797749979,276.5973104094654,,
34.204118599998765,mouse,move,493,209,0,-1,1.0,126.65602747197526,,
34.22019680000085,mouse,move,492,209,-1,0,1.0,62.19601695900992,,
34.236162499990314,mouse,move,492,207,0,-2,2.0,125.26854452480605,,
34.24419759999728,mouse,move,492,206,0,-1,1.0,124.45395815027759,,
34.25211940000008,mouse,move,492,206,0,0,0.0,0.0,,
34.260226200000034,mouse,move,492,205,0,-1,1.0,123.35323432255781,,
34.27625669998815,mouse,move,492,203,0,-2,2.0,124.76217220188295,,
34.28433739999309,mouse,move,492,203,0,0,0.0,0.0,,
34.29226769998786,mouse,move,493,201,1,-2,2.23606797749979,281.96511846649804,,
34.30058869998902,mouse,move,494,198,1,-3,3.1622776601683795,380.0357721100079,,
34.30814699998882,mouse,move,495,198,1,0,1.0,132.30488337673728,,
34.31646209998871,mouse,move,497,195,2,-3,3.605551275463989,433.61490246796785,,
34.32431949999591,mouse,move,499,193,2,-2,2.8284271247461903,359.9698528973445,,
34.332212599998456,mouse,move,499,193,0,0,0.0,0.0,,
34.340239299999666,mouse,move,500,192,1,-1,1.4142135623730951,176.18866559855374,,
34.3562372999877,mouse,move,502,191,2,-1,2.23606797749979,139.77172016331838,,
34.37227229999553,mouse,move,502,190,0,-1,1.0,62.36357963901104,,
34.388317799996,mouse,move,503,190,1,0,1.0,62.32276962204446,,
34.396564099995885,mouse,move,504,190,1,0,1.0,121.26650740504867,,
34.40429229999427,mouse,move,504,190,0,0,0.0,0.0,,
34.41228599999158,mouse,move,507,190,3,0,3.0,375.29554536797093,,
34.42026049998822,mouse,move,510,191,3,1,3.1622776601683795,396.5487066904149,,
34.42823399999179,mouse,move,512,191,2,0,2.0,250.83087716860769,,
34.43624640000053,mouse,move,515,194,3,3,4.242640687119285,529.5093458255218,,
34.444260999996914,mouse,move,520,199,5,5,7.0710678118654755,882.273328058035,,
34.45229469999322,mouse,move,526,208,6,9,10.816653826391969,1346.4099768934132,,
34.46080049999,mouse,move,533,217,7,9,11.40175425099138,1340.4681811591656,,
34.46825049999461,mouse,move,539,226,6,9,10.816653826391969,1451.8998415702877,,
34.47636590000184,mouse,move,550,236,11,10,14.866068747318506,1831.8343808166007,,
34.48436769998807,mouse,move,560,249,10,13,16.401219466856727,2049.6912563519118,,
34.49237789999461,mouse,move,571,257,11,8,13.601470508735444,1698.018838185523,,
34.500304999994114,mouse,move,583,268,12,11,16.278820596099706,2053.565692007684,,
34.508408199995756,mouse,move,596,276,13,8,15.264337522473747,1883.7419191653223,,
34.51638019998791,mouse,move,607,283,11,7,13.038404810405298,1635.524940196041,,
34.52532380000048,mouse,move,614,289,7,6,9.219544457292887,1030.85384457416,,
34.53228989998752,mouse,move,623,296,9,7,11.40175425099138,1636.7485784305015,,
34.540286099989316,mouse,move,628,298,5,2,5.385164807134504,673.465496851408,,
34.548348999989685,mouse,move,632,302,4,4,5.656854249492381,701.5905256463584,,
34.557032299999264,mouse,move,633,302,1,0,1.0,115.1635897523755,,
34.56517059999169,mouse,move,634,303,1,1,1.4142135623730951,173.77260161084263,,
34.57238189999771,mouse,move,636,305,2,2,2.8284271247461903,392.2215304293349,,
34.59628929999599,mouse,move,637,306,1,1,1.4142135623730951,59.153800182156225,,
34.660178099991754,mouse,move,638,306,1,0,1.0,15.652195691048682,,
34.66879619999963,mouse,move,639,306,1,0,1.0,116.03485676491313,,
34.67631260000053,mouse,move,641,309,2,3,3.605551275463989,479.69124514854,,
34.68431509999209,mouse,move,642,314,1,5,5.0990195135927845,637.1783216456303,,
34.69236309999542,mouse,move,644,320,2,6,6.324555320336759,785.8542889813293,,
34.7002622,mouse,move,647,329,3,9,9.486832980505138,1201.001756529962,,
34.70826639998995,mouse,move,648,338,1,9,9.055385138137417,1131.3291958598843,,
34.71626639999158,mouse,move,652,346,4,8,8.94427190999916,1118.0339885221215,,
34.724244400000316,mouse,move,654,357,2,11,11.180339887498949,1401.396324299227,,
34.732182199993986,mouse,move,658,367,4,10,10.770329614269007,1356.8406388241492,,
34.740318500000285,mouse,move,661,379,3,12,12.36931687685298,1520.263125410373,,
34.748224499999196,mouse,move,665,390,4,11,11.704699910719626,1480.483166244808,,
34.75626909999119,mouse,move,667,400,2,10,10.198039027185569,1267.6875217337624,,
34.76419099999475,mouse,move,670,410,3,10,10.44030650891055,1317.9043542850034,,
34.77250739998999,mouse,move,673,419,3,9,9.486832980505138,1140.73793780215,,
34.7802670999954,mouse,move,677,430,4,11,11.704699910719626,1508.3959305851583,,
34.7882729999983,mouse,move,677,435,0,5,5.0,624.5394019646883,,
34.7961806999956,mouse,move,678,440,1,5,5.0990195135927845,644.8170157354485,,
34.80423259999952,mouse,move,678,444,0,4,4.0,496.7771579443957,,
34.81216489999497,mouse,move,678,446,0,2,2.0,252.1336814225768,,
34.82021789999271,mouse,move,678,446,0,0,0.0,0.0,,
34.828364199987845,mouse,move,678,448,0,2,2.0,245.5102317855918,,
34.980629999990924,mouse,move,678,449,0,1,1.0,6.567462949524978,,
34.988415100000566,mouse,move,678,449,0,0,0.0,0.0,,
35.37243189998844,mouse,move,677,448,-1,-1,1.4142135623730951,3.6826867012530298,,
35.38843749999069,mouse,move,677,448,0,0,0.0,0.0,,
35.396307699993486,mouse,move,677,447,0,-1,1.0,127.0615739935934,,
35.40426869998919,mouse,move,676,445,-1,-2,2.23606797749979,280.87777649877603,,
35.412322499993024,mouse,move,674,442,-2,-3,3.605551275463989,447.68323943315045,,
35.42024749999109,mouse,move,673,442,-1,0,1.0,126.182965330454,,
35.43629009999859,mouse,move,673,441,0,-1,1.0,62.33403560101305,,
35.45244069999899,mouse,move,673,440,0,-1,1.0,61.917204312853364,,
35.516480799997225,mouse,move,672,440,-1,0,1.0,15.61521609159762,,
35.756210999999894,mouse,move,669,440,-3,0,3.0,12.514067897856036,,
35.76436289999401,mouse,move,667,441,-2,1,2.23606797749979,274.3002219253408,,
35.772348999991664,mouse,move,662,444,-5,3,5.830951894845301,730.1376011519811,,
35.780288299996755,mouse,move,654,451,-8,7,10.63014581273465,1338.9273369085054,,
35.788355099997716,mouse,move,648,454,-6,3,6.708203932499369,831.5817835697266,,
35.796364599998924,mouse,move,643,457,-5,3,5.830951894845301,728.0044814240497,,
35.80434449999302,mouse,move,638,460,-5,3,5.830951894845301,730.7048834143507,,
35.81227070000023,mouse,move,634,463,-4,3,5.0,630.8193075439696,,
35.820313599993824,mouse,move,630,466,-4,3,5.0,621.6663148839598,,
35.82849349999742,mouse,move,627,469,-3,3,4.242640687119285,518.6665711382252,,
35.83627559999877,mouse,move,625,471,-2,2,2.8284271247461903,363.45293998477433,,
35.844392999992124,mouse,move,622,472,-3,1,3.1622776601683795,389.5678003742572,,
35.85243639998953,mouse,move,620,475,-2,3,3.605551275463989,448.2620877523596,,
35.86044389999006,mouse,move,620,475,0,0,0.0,0.0,,
35.86835629999405,mouse,move,619,479,-1,4,4.123105625617661,521.0941842600706,,
35.87640389999433,mouse,move,616,482,-3,3,4.242640687119285,527.1932858207058,,
35.88462789999903,mouse,move,614,486,-2,4,4.47213595499958,543.7908502483633,,
35.89252789999591,mouse,move,610,492,-4,6,7.211102550927978,912.7977916171955,,
35.90029279999726,mouse,move,607,496,-3,4,5.0,643.9232957452116,,
35.90884579998965,mouse,move,604,500,-3,4,5.0,584.5902027883994,,
35.917165699996985,mouse,move,601,505,-3,5,5.830951894845301,700.8439872719177,,
35.92419569999038,mouse,move,597,511,-4,6,7.211102550927978,1025.7613880093793,,
35.93257369998901,mouse,move,592,517,-5,6,7.810249675906654,932.2331913564883,,
35.94047529999807,mouse,move,588,521,-4,4,5.656854249492381,715.9125041768605,,
35.9485924999899,mouse,move,583,527,-5,6,7.810249675906654,962.1851973301141,,
35.95627019999665,mouse,move,579,532,-4,5,6.4031242374328485,833.9898969485027,,
35.96429289999651,mouse,move,573,541,-6,9,10.816653826391969,1348.2560517763777,,
35.97229539998807,mouse,move,570,544,-3,3,4.242640687119285,530.1644100709399,,
35.9803799999936,mouse,move,568,545,-2,1,2.23606797749979,276.5836251601584,,
35.98814659999334,mouse,move,567,546,-1,1,1.4142135623730951,182.08914614120815,,
35.99630739999702,mouse,move,565,550,-2,4,4.47213595499958,548.0021508900136,,
36.0042936999962,mouse,move,560,556,-5,6,7.810249675906654,977.9559591693022,,
36.01232449999952,mouse,move,559,557,-1,1,1.4142135623730951,176.09871517002878,,
36.02038449999236,mouse,move,556,560,-3,3,4.242640687119285,526.3822197132961,,
36.028303300001426,mouse,move,555,561,-1,1,1.4142135623730951,178.5893772735929,,
36.03656339998997,mouse,move,554,562,-1,1,1.4142135623730951,171.2102231612135,,
36.04435319999175,mouse,move,553,563,-1,1,1.4142135623730951,181.54683843629286,,
36.06893369999307,mouse,move,552,563,-1,0,1.0,40.682654947876316,,
36.076305700000376,mouse,move,551,564,-1,1,1.4142135623730951,191.83580588322602,,
36.09228959999746,mouse,move,550,564,-1,0,1.0,62.56295398385771,,
36.10046239999065,mouse,move,549,565,-1,1,1.4142135623730951,173.03905192241263,,
36.10832769999979,mouse,move,548,565,-1,0,1.0,127.14073192853213,,
36.116279199995915,mouse,move,546,565,-2,0,2.0,251.5248696440568,,
36.12413719999313,mouse,move,543,566,-3,1,3.1622776601683795,402.4278011312995,,
36.132478599989554,mouse,move,539,568,-4,2,4.47213595499958,536.1373338907446,,
36.140086599989445,mouse,move,539,568,0,0,0.0,0.0,,
36.148115499992855,mouse,move,537,568,-2,0,2.0,249.1001256897685,,
36.15658569999505,mouse,move,535,569,-2,1,2.23606797749979,263.9923469245987,,
36.16406450000068,mouse,move,533,569,-2,0,2.0,267.42258096148464,,
36.17204189999029,mouse,move,530,570,-3,1,3.1622776601683795,396.4045508919826,,
36.17999899999995,mouse,move,525,570,-5,0,5.0,628.3696313894045,,
36.18798609999067,mouse,move,516,571,-9,1,9.055385138137417,1133.7513175827328,,
36.19594309999957,mouse,move,510,571,-6,0,6.0,754.0530342199871,,
36.20400050000171,mouse,move,501,571,-9,0,9.0,1116.9856278209936,,
36.21195449998777,mouse,move,489,574,-12,3,12.36931687685298,1555.1064745455828,,
36.2200531999988,mouse,move,477,575,-12,1,12.041594578792296,1486.8552437290389,,
36.22808079999231,mouse,move,464,575,-13,0,13.0,1619.4130263725403,,
36.2360966999986,mouse,move,451,575,-13,0,13.0,1621.7767174998735,,
36.24404069999582,mouse,move,439,575,-12,0,12.0,1510.5740186548044,,
36.252124699996784,mouse,move,429,575,-10,0,10.0,1237.0113803573445,,
36.25996559999476,mouse,move,419,575,-10,0,10.0,1275.3637978529648,,
36.26809610000055,mouse,move,411,575,-8,0,8.0,983.9493259088598,,
36.27608019999752,mouse,move,407,575,-4,0,4.0,500.9957292012458,,
36.28412799999933,mouse,move,402,575,-5,0,5.0,621.2878052236327,,
36.29215769999428,mouse,move,398,575,-4,0,4.0,498.15061615201665,,
36.30000370000198,mouse,move,396,575,-2,0,2.0,254.90695870971956,,
36.38005880000128,mouse,move,396,575,0,0,0.0,0.0,,
36.46002059998864,mouse,move,395,575,-1,0,1.0,12.505971603416736,,
36.46809080000094,mouse,move,394,575,-1,0,1.0,123.91266616392218,,
36.47605929999554,mouse,move,394,575,0,0,0.0,0.0,,
36.48413719999371,mouse,move,393,575,-1,0,1.0,123.79455059192414,,
36.49207989999559,mouse,move,390,575,-3,0,3.0,377.7053142245234,,
36.500001899999916,mouse,move,390,575,0,0,0.0,0.0,,
36.508174599992344,mouse,move,389,576,-1,1,1.4142135623730951,173.04116921987477,,
36.53208029999223,mouse,move,388,576,-1,0,1.0,41.831027746719194,,
36.540009499993175,mouse,move,387,577,-1,1,1.4142135623730951,178.35513824908318,,
36.60397949999606,mouse,move,385,577,-2,0,2.0,31.264655305766475,,
36.62036950000038,mouse,move,384,577,-1,0,1.0,61.01281267457859,,
36.628020299991476,mouse,move,383,577,-1,0,1.0,130.70528587384715,,
36.636082400000305,mouse,move,382,577,-1,0,1.0,124.03716139776607,,
36.64403149999271,mouse,move,382,577,0,0,0.0,0.0,,
36.80421489999571,mouse,click_press,382,577,,,,,,
37.020498199999565,mouse,click_release,382,577,,,,,,
37.460299799990025,mouse,move,381,576,-1,-1,1.4142135623730951,1.732535199979885,,
37.66030509999837,mouse,move,381,576,0,0,0.0,0.0,,
37.67632859999139,mouse,move,381,574,0,-2,2.0,124.81667556217778,,
37.68434619999607,mouse,move,381,570,0,-4,4.0,498.9024143966154,,
37.6922951000015,mouse,move,381,568,0,-2,2.0,251.60714043874538,,
37.70052869999199,mouse,move,381,566,0,-2,2.0,242.90711260081528,,
37.70830929999647,mouse,move,381,562,0,-4,4.0,514.0991694338126,,
37.71635759998753,mouse,move,381,560,0,-2,2.0,248.49968343893434,,
37.724317699990934,mouse,move,384,555,3,-5,5.830951894845301,732.5224422247765,,
37.732183699990856,mouse,move,385,553,1,-2,2.23606797749979,284.2700200256838,,
37.74044779999531,mouse,move,388,549,3,-4,5.0,605.0265603399872,,
37.748427699989406,mouse,move,390,543,2,-6,6.324555320336759,792.5607244470143,,
37.75684159999946,mouse,move,393,539,3,-4,5.0,594.2547444139827,,
37.76471419999143,mouse,move,394,537,1,-2,2.23606797749979,284.03170233221954,,
37.79612719999568,mouse,move,395,535,1,-2,2.23606797749979,71.18288534037785,,
38.21219629999541,mouse,move,395,534,0,-1,1.0,2.4034469274470167,,
38.22032490000129,mouse,move,397,533,2,-1,2.23606797749979,275.08648179066046,,
38.228210699991905,mouse,move,399,533,2,0,2.0,253.62043196372602,,
38.236186299996916,mouse,move,406,527,7,-6,9.219544457292887,1155.9687611590655,,
38.244266900001094,mouse,move,420,499,14,-28,31.304951684997057,3874.0875267694105,,
38.252493899999536,mouse,move,466,461,46,-38,59.665735560705194,7252.429266075754,,
38.26060629999847,mouse,move,510,448,44,-13,45.880278987817846,5655.574058704712,,
38.26824239999405,mouse,move,545,435,35,-13,37.33630940518894,4889.447417765928,,
38.27620079999906,mouse,move,580,418,35,-17,38.91015291668744,4889.19291468101,,
38.28415589999349,mouse,move,615,404,35,-14,37.69615364994153,4738.614684456621,,
38.29265429999214,mouse,move,648,390,33,-14,35.84689665786984,4218.075951189863,,
38.30057979999401,mouse,move,673,379,25,-11,27.313000567495326,3446.2179750217047,,
38.308226399996784,mouse,move,691,371,18,-8,19.697715603592208,2576.009677039607,,
38.317037499989965,mouse,move,700,366,9,-5,10.295630140987,1168.4840881336506,,
38.324295499987784,mouse,move,711,361,11,-5,12.083045973594572,1664.790021662406,,
38.3322935999895,mouse,move,717,357,6,-4,7.211102550927978,901.6019491357271,,
38.340169099989,mouse,move,720,356,3,-1,3.1622776601683795,401.53357378822864,,
38.34821939999529,mouse,move,721,355,1,-1,1.4142135623730951,175.67215647470115,,
38.356213299994124,mouse,move,723,353,2,-2,2.8284271247461903,353.8231808200795,,
38.36447329999646,mouse,move,724,352,1,-1,1.4142135623730951,171.2122956383615,,
38.37244529998861,mouse,move,725,350,1,-2,2.23606797749979,280.4902132089074,,
38.3803162999975,mouse,move,729,346,4,-4,5.656854249492381,718.6957493460658,,
38.388261599990074,mouse,move,730,343,1,-3,3.1622776601683795,398.0060744245409,,
38.39636210000026,mouse,move,735,339,5,-4,6.4031242374328485,790.4603702710427,,
38.4042225000012,mouse,move,738,334,3,-5,5.830951894845301,741.8136346942525,,
38.412315099994885,mouse,move,743,328,5,-6,7.810249675906654,965.110061290361,,
38.420249199989485,mouse,move,747,324,4,-4,5.656854249492381,712.9799540392232,,
38.4282525999879,mouse,move,752,319,5,-5,7.0710678118654755,883.5079857642507,,
38.43636100000003,mouse,move,755,315,3,-4,5.0,616.6444665430733,,
38.44413559998793,mouse,move,760,307,5,-8,9.433981132056603,1213.4362085178288,,
38.4521345999965,mouse,move,765,301,5,-6,7.810249675906654,976.4032588500534,,
38.46024069999112,mouse,move,768,297,3,-4,5.0,616.8194326887527,,
38.46838109999953,mouse,move,773,292,5,-5,7.0710678118654755,868.6388635148138,,
38.47668729998986,mouse,move,775,288,2,-4,4.47213595499958,538.4093761535188,,
38.484219099991606,mouse,move,780,281,5,-7,8.602325267042627,1142.1340536195335,,
38.492146499993396,mouse,move,782,278,2,-3,3.605551275463989,454.82141366017714,,
38.50017109999317,mouse,move,786,273,4,-5,6.4031242374328485,797.9368738149209,,
38.50858999999764,mouse,move,789,267,3,-6,6.708203932499369,796.802899302325,,
38.51623439999821,mouse,move,791,264,2,-3,3.605551275463989,471.6591590175951,,
38.5241304999945,mouse,move,796,260,5,-4,6.4031242374328485,810.9223845244486,,
38.53223369999614,mouse,move,796,257,0,-3,3.0,370.224108918952,,
38.54011159999936,mouse,move,799,254,3,-3,4.242640687119285,538.5497004764816,,
38.54826239999966,mouse,move,800,251,1,-3,3.1622776601683795,387.97144575431525,,
38.55617579999671,mouse,move,802,247,2,-4,4.47213595499958,565.1345763725116,,
38.564275799988536,mouse,move,803,246,1,-1,1.4142135623730951,174.59426713579526,,
38.572176999994554,mouse,move,804,244,1,-2,2.23606797749979,283.00359132749793,,
38.58028470000136,mouse,move,805,242,1,-2,2.23606797749979,275.79559870535604,,
38.58827739999106,mouse,move,806,239,1,-3,3.1622776601683795,395.6457347634249,,
38.596519699989585,mouse,move,806,239,0,0,0.0,0.0,,
38.604475999993156,mouse,move,806,236,0,-3,3.0,377.05968837948626,,
38.612395199990715,mouse,move,807,236,1,0,1.0,126.27538139057155,,
38.62017619999824,mouse,move,808,235,1,-1,1.4142135623730951,181.752160519885,,
38.65270669999882,mouse,move,809,234,1,-1,1.4142135623730951,43.473465281753235,,
38.66044099999999,mouse,move,809,233,0,-1,1.0,129.29418303505952,,
38.668194400001084,mouse,move,809,231,0,-2,2.0,257.9513503389619,,
38.684547400000156,mouse,move,810,229,1,-2,2.23606797749979,136.73747799344184,,
38.692361299996264,mouse,move,810,229,0,0,0.0,0.0,,
38.70093899998756,mouse,move,812,226,2,-3,3.605551275463989,420.34010039103447,,
38.716118299998925,mouse,move,813,224,1,-2,2.23606797749979,147.3103486870341,,
38.724319199987804,mouse,move,813,224,0,0,0.0,0.0,,
38.732074799991096,mouse,move,813,223,0,-1,1.0,128.9390891195306,,
38.740105899996706,mouse,move,813,222,0,-1,1.0,124.51594417968599,,
38.98032930000045,mouse,move,816,222,3,0,3.0,12.488375403700319,,
38.988250499998685,mouse,move,824,227,8,5,9.433981132056603,1190.9787827800305,,
38.996361899990006,mouse,move,838,234,14,7,15.652475842498529,1929.6885690812396,,
39.004299599997466,mouse,move,855,246,17,12,20.808652046684813,2621.496406657878,,
39.012301899987506,mouse,move,874,256,19,10,21.470910553583888,2683.0924334640436,,
39.02019080000173,mouse,move,890,265,16,9,18.35755975068582,2327.0113346080784,,
39.02829579998797,mouse,move,907,275,17,10,19.72308292331602,2433.4463857852706,,
39.03629419999197,mouse,move,933,290,26,15,30.01666203960727,3752.8333197391244,,
39.044414599993615,mouse,move,950,299,17,9,19.235384061671343,2368.7729739639312,,
39.05240689999482,mouse,move,969,311,19,12,22.47220505424423,2811.7319233329117,,
39.06030769999779,mouse,move,983,316,14,5,14.866068747318506,1881.5903125920224,,
39.06826029998774,mouse,move,995,320,12,4,12.649110640673518,1590.5629173679795,,
39.07659640000202,mouse,move,1006,326,11,6,12.529964086141668,1503.0966596710275,,
39.08463240000128,mouse,move,1015,331,9,5,10.295630140987,1281.1884198517216,,
39.092267299987725,mouse,move,1019,332,4,1,4.123105625617661,540.0340060694109,,
39.11218719999306,mouse,move,1029,337,10,5,11.180339887498949,561.2648599895145,,
39.11615069999243,mouse,move,1030,338,1,1,1.4142135623730951,356.80927528625415,,
39.12429669999983,mouse,move,1033,340,3,2,3.605551275463989,442.61616403001494,,
39.132315499999095,mouse,move,1037,343,4,3,5.0,623.5346935276425,,
39.14025419999962,mouse,move,1042,346,5,3,5.830951894845301,734.4970706112348,,
39.14878459999454,mouse,move,1049,353,7,7,9.899494936611665,1160.4959840689266,,
39.156905700001516,mouse,move,1053,355,4,2,4.47213595499958,550.6810593588262,,
39.16431549999106,mouse,move,1061,360,8,5,9.433981132056603,1273.176218705869,,
39.172217799990904,mouse,move,1068,362,7,2,7.280109889280518,921.264681096206,,
39.18030870000075,mouse,move,1073,366,5,4,6.4031242374328485,791.3982659085831,,
39.188724899999215,mouse,move,1077,370,4,4,5.656854249492381,672.1387622115079,,
39.19632360000105,mouse,move,1081,373,4,3,5.0,658.0072905618086,,
39.20424339998863,mouse,move,1084,376,3,3,4.242640687119285,535.7004840747044,,
39.21276989999751,mouse,move,1089,381,5,5,7.0710678118654755,829.3048501141178,,
39.22033279998868,mouse,move,1092,384,3,3,4.242640687119285,560.980667742789,,
39.22812549999799,mouse,move,1094,388,2,4,4.47213595499958,573.8878629563656,,
39.23627779999515,mouse,move,1096,391,2,3,3.605551275463989,442.2741161044499,,
39.24406189999718,mouse,move,1100,395,4,4,5.656854249492381,726.7191130662808,,
39.25204229999508,mouse,move,1102,400,2,5,5.385164807134504,674.7988582712993,,
39.26011239999207,mouse,move,1104,406,2,6,6.324555320336759,783.7022245944501,,
39.26814719999675,mouse,move,1106,410,2,4,4.47213595499958,556.5958023093136,,
39.276104799995665,mouse,move,1107,412,1,2,2.23606797749979,280.9977854885882,,
39.2840867999912,mouse,move,1109,415,2,3,3.605551275463989,451.7102577650146,,
39.29207579999638,mouse,move,1109,415,0,0,0.0,0.0,,
39.30014559999108,mouse,move,1110,417,1,2,2.23606797749979,277.09087944784363,,
39.308139000000665,mouse,move,1111,420,1,3,3.1622776601683795,395.6110861933227,,
39.316070899993065,mouse,move,1111,420,0,0,0.0,0.0,,
39.32409359999292,mouse,move,1112,423,1,3,3.1622776601683795,394.1662607632351,,
39.33221309998771,mouse,move,1112,426,0,3,3.0,369.48087960152526,,
39.34061249998922,mouse,move,1113,429,1,3,3.1622776601683795,376.48851817993733,,
39.35006729999441,mouse,move,1113,430,0,1,1.0,105.766383154732,,
39.3562033999915,mouse,move,1113,432,0,2,2.0,325.9399294254522,,
39.364125099993544,mouse,move,1113,433,0,1,1.0,126.23553021978069,,
39.37245039999834,mouse,move,1113,434,0,1,1.0,120.11579155388684,,
39.380100700000185,mouse,move,1113,436,0,2,2.0,261.42765636882973,,
39.38814169999387,mouse,move,1113,437,0,1,1.0,124.3626415602207,,
39.3962412999972,mouse,move,1113,439,0,2,2.0,246.9257740106682,,
39.40413679998892,mouse,move,1113,440,0,1,1.0,126.65442353858094,,
39.4120980000007,mouse,move,1113,441,0,1,1.0,125.60920445669164,,
39.420048200001474,mouse,move,1113,442,0,1,1.0,125.78299915752571,,
39.42816630000016,mouse,move,1110,444,-3,2,3.605551275463989,444.13733214040656,,
39.436968299996806,mouse,move,1108,445,-2,1,2.23606797749979,254.04089733595262,,
39.44469229999231,mouse,move,1103,446,-5,1,5.0990195135927845,660.1527079958419,,
39.452987500000745,mouse,move,1098,447,-5,1,5.0990195135927845,614.6951861810286,,
39.46007109999482,mouse,move,1089,450,-9,3,9.486832980505138,1339.2671788976859,,
39.46810969999933,mouse,move,1080,451,-9,1,9.055385138137417,1126.4878378145302,,
39.47615039999073,mouse,move,1070,452,-10,1,10.04987562112089,1249.8757113028557,,
39.48406389998854,mouse,move,1058,454,-12,2,12.165525060596439,1537.3128279471262,,
39.492138399989926,mouse,move,1048,454,-10,0,10.0,1238.4667779162644,,
39.50008679999155,mouse,move,1036,458,-12,4,12.649110640673518,1591.4033815723426,,
39.50835419999203,mouse,move,1023,459,-13,1,13.038404810405298,1577.0864854310541,,
39.51610459999938,mouse,move,1008,460,-15,1,15.033296378372908,1939.680063494803,,
39.5240996999928,mouse,move,994,463,-14,3,14.317821063276353,1790.8245143969773,,
39.53206610000052,mouse,move,981,464,-13,1,13.038404810405298,1636.6746331811823,,
39.540265299991006,mouse,move,966,467,-15,3,15.297058540778355,1865.6769634267719,,
39.54811209999025,mouse,move,949,470,-17,3,17.26267650163207,2199.9638710427453,,
39.55610899999738,mouse,move,934,473,-15,3,15.297058540778355,1912.873554395081,,
39.5642344999942,mouse,move,922,477,-12,4,12.649110640673518,1556.717819902807,,
39.57211729999108,mouse,move,909,481,-13,4,13.601470508735444,1725.4618300758996,,
39.580079299994395,mouse,move,899,485,-10,4,10.770329614269007,1352.7166050969033,,
39.58829419998801,mouse,move,890,490,-9,5,10.295630140987,1253.287337519076,,
39.59607819998928,mouse,move,886,492,-4,2,4.47213595499958,574.5292849784707,,
39.604094999987865,mouse,move,880,495,-6,3,6.708203932499369,836.7682783258289,,
39.61215909999737,mouse,move,877,497,-3,2,3.605551275463989,447.1114285802396,,
39.620324699993944,mouse,move,876,498,-1,1,1.4142135623730951,173.19162865760904,,
39.62812850000046,mouse,move,875,500,-1,2,2.23606797749979,286.53578713363277,,
39.64416589999746,mouse,move,873,501,-2,1,2.23606797749979,139.42833488705176,,
39.66830879999907,mouse,move,872,503,-1,2,2.23606797749979,92.6180358345916,,
39.6840935999935,mouse,move,872,504,0,1,1.0,63.35208557299073,,
39.70808139999281,mouse,move,872,505,0,1,1.0,41.68785799568989,,
39.78011609999521,mouse,move,872,505,0,0,0.0,0.0,,
39.788075199991,mouse,move,872,507,0,2,2.0,251.2846931259311,,
39.79609009998967,mouse,move,871,507,-1,0,1.0,124.76762032787502,,
39.80411179999646,mouse,move,871,509,0,2,2.0,249.32370922700687,,
39.81207839999115,mouse,move,869,511,-2,2,2.8284271247461903,355.035664729249,,
39.82016119999753,mouse,move,868,513,-1,2,2.23606797749979,276.6452189507945,,
39.828091299990774,mouse,move,866,517,-2,4,4.47213595499958,563.9444595665431,,
39.836063999988255,mouse,move,861,523,-5,6,7.810249675906654,979.6241773018385,,
39.844065599987516,mouse,move,858,527,-3,4,5.0,624.8750250527054,,
39.8521100999933,mouse,move,854,534,-4,7,8.06225774829855,1002.2074389340629,,
39.860471599997254,mouse,move,849,543,-5,9,10.295630140987,1231.313775771627,,
39.86811830000079,mouse,move,845,552,-4,9,9.848857801796104,1287.9879944609881,,
39.876144199995906,mouse,move,841,561,-4,9,9.848857801796104,1227.1343784231685,,
39.884187199990265,mouse,move,837,567,-4,6,7.211102550927978,896.5687624002911,,
39.89355199999409,mouse,move,833,575,-4,8,8.94427190999916,955.0948131671722,,
39.900110199989285,mouse,move,830,579,-3,4,5.0,762.404318816376,,
39.908075200000894,mouse,move,827,582,-3,3,4.242640687119285,532.660474693743,,
39.91606899999897,mouse,move,826,585,-1,3,3.1622776601683795,395.5912908666235,,
39.92406929998833,mouse,move,825,586,-1,1,1.4142135623730951,176.77006665419188,,
39.93223520000174,mouse,move,825,589,0,3,3.0,367.38142704093593,,
39.94010909998906,mouse,move,823,591,-2,2,2.8284271247461903,359.21552588961407,,
39.948097799991956,mouse,move,822,592,-1,1,1.4142135623730951,177.02674551055298,,
39.96436479999102,mouse,move,822,593,0,1,1.0,61.474150123422284,,
40.26014499999292,mouse,move,822,593,0,0,0.0,0.0,,
40.27640459999384,mouse,move,822,593,0,0,0.0,0.0,,
40.30011149999336,mouse,move,822,592,0,-1,1.0,42.181812047128005,,
40.32410449998861,mouse,move,822,591,0,-1,1.0,41.67882299830099,,
40.36414910000167,mouse,move,822,590,0,-1,1.0,24.97215603786348,,
40.404420999999274,mouse,move,822,589,0,-1,1.0,24.831209852513723,,
40.44463859999087,mouse,scroll,822,589,0,-1,,,,
40.48463510000147,mouse,scroll,822,589,0,-1,,,,
40.516685399998096,mouse,scroll,822,589,0,-1,,,,
40.56463239999721,mouse,scroll,822,589,0,-1,,,,
40.692356200001086,mouse,move,822,588,0,-1,1.0,3.4730036480211806,,
40.70019229999161,mouse,move,822,588,0,0,0.0,0.0,,
40.73235959999147,mouse,move,822,586,0,-2,2.0,62.17494163355292,,
40.80420139999478,mouse,move,821,584,-1,-2,2.23606797749979,31.124887981602463,,
41.02185799999279,mouse,move,821,588,0,4,4.0,18.377572745492667,,
41.02830069999618,mouse,move,819,594,-2,6,6.324555320336759,981.6622405216334,,
41.03633089999494,mouse,move,817,598,-2,4,4.47213595499958,556.9146416891107,,
41.04732220000005,mouse,move,813,606,-4,8,8.94427190999916,813.7592373818893,,
41.052424299996346,mouse,move,810,613,-3,7,7.615773105863909,1492.6742148129802,,
41.06256510000094,mouse,move,807,620,-3,7,7.615773105863909,751.0031853912095,,
41.06862349998846,mouse,move,803,626,-4,6,7.211102550927978,1190.26517987891,,
41.07611799999722,mouse,move,797,637,-6,11,12.529964086141668,1671.8879273459656,,
41.08442319999449,mouse,move,790,646,-7,9,11.40175425099138,1372.8452360862716,,
41.092321399992215,mouse,move,784,654,-6,8,10.0,1266.111266222591,,
41.100164199990104,mouse,move,777,663,-7,9,11.40175425099138,1453.7861801985312,,
41.108603899992886,mouse,move,771,669,-6,6,8.48528137423857,1005.4008283992912,,
41.11606659999234,mouse,move,768,673,-3,4,5.0,669.9987940514862,,
41.12409669999033,mouse,move,760,681,-8,8,11.313708498984761,1408.9125293345085,,
41.132036899987725,mouse,move,757,684,-3,3,4.242640687119285,534.3241591537422,,
41.14016559999436,mouse,move,751,690,-6,6,8.48528137423857,1043.8669611759128,,
41.14811449999979,mouse,move,749,692,-2,2,2.8284271247461903,355.82623039838575,,
41.15608479999355,mouse,move,746,696,-3,4,5.0,627.3289592506845,,
41.16413279999688,mouse,move,744,698,-2,2,2.8284271247461903,351.44472211440325,,
41.17212089999521,mouse,move,743,699,-1,1,1.4142135623730951,177.04004239668487,,
41.18010240000149,mouse,move,740,705,-3,6,6.708203932499369,840.4690756399822,,
41.18807079999533,mouse,move,739,706,-1,1,1.4142135623730951,177.47773247652228,,
41.19614819998969,mouse,move,738,708,-1,2,2.23606797749979,276.8301655310199,,
41.204087499994785,mouse,move,737,711,-1,3,3.1622776601683795,398.3068605721484,,
41.212120099997264,mouse,move,736,712,-1,1,1.4142135623730951,176.05925378289894,,
41.21999209999922,mouse,move,735,712,-1,0,1.0,127.03252029368745,,
41.22812799998792,mouse,move,735,713,0,1,1.0,122.91203202948824,,
41.236097999993945,mouse,move,734,714,-1,1,1.4142135623730951,177.44210304942158,,
41.252106200001435,mouse,move,734,714,0,0,0.0,0.0,,
41.26810029998887,mouse,move,733,715,-1,1,1.4142135623730951,88.42095294413838,,
41.284166400000686,mouse,move,733,715,0,0,0.0,0.0,,
41.29205059999367,mouse,move,733,716,0,1,1.0,126.83595049460658,,
41.30029739999736,mouse,move,732,717,-1,1,1.4142135623730951,171.48634157980788,,
41.660158899991075,mouse,move,732,717,0,0,0.0,0.0,,
41.668049200001406,mouse,move,731,715,-1,-2,2.23606797749979,283.3945445131424,,
41.67598729999736,mouse,move,731,715,0,0,0.0,0.0,,
41.68411719999858,mouse,move,731,713,0,-2,2.0,246.00548588535105,,
41.69204579999496,mouse,move,731,710,0,-3,3.0,378.37701503055956,,
41.70022239998798,mouse,move,731,709,0,-1,1.0,122.30022269078901,,
41.70807799999602,mouse,move,731,708,0,-1,1.0,127.29772378636952,,
41.71635389998846,mouse,move,731,707,0,-1,1.0,120.83277962679537,,
41.7242014999938,mouse,move,731,704,0,-3,3.0,382.28248100830984,,
41.73275909999211,mouse,move,730,701,-1,-3,3.1622776601683795,369.5285665130548,,
41.74028549999639,mouse,move,729,699,-1,-2,2.23606797749979,297.09661673947693,,
41.74822090000089,mouse,move,729,699,0,0,0.0,0.0,,
41.75616839999566,mouse,move,729,696,0,-3,3.0,377.4771943345669,,
41.764386700000614,mouse,move,729,695,0,-1,1.0,121.67966603762711,,
41.78027589998965,mouse,move,729,694,0,-1,1.0,62.93583067053228,,
41.78830499999458,mouse,move,729,693,0,-1,1.0,124.54696035491268,,
41.812193499994464,mouse,move,729,692,0,-1,1.0,41.861146577007105,,
41.82007950000116,mouse,move,729,691,0,-1,1.0,126.80699963877076,,
41.828336599995964,mouse,move,729,690,0,-1,1.0,121.10789509983556,,
41.852135099994484,mouse,move,729,689,0,-1,1.0,42.01945501028146,,
42.196142399989185,mouse,move,729,689,0,0,0.0,0.0,,
42.20412479998777,mouse,move,729,691,0,2,2.0,250.55121271237843,,
42.212082300000475,mouse,move,729,692,0,1,1.0,125.66760897304795,,
42.22011689998908,mouse,move,729,694,0,2,2.0,248.923406620928,,
42.2280929999979,mouse,move,729,696,0,2,2.0,250.74911269778636,,
42.23639219999313,mouse,move,729,696,0,0,0.0,0.0,,
42.24539839998761,mouse,move,728,700,-1,4,4.123105625617661,457.80746909325063,,
42.25219529999595,mouse,move,728,701,0,1,1.0,147.125895448374,,
42.26035859998956,mouse,move,728,703,0,2,2.0,244.99895894614735,,
42.26825579999422,mouse,move,728,704,0,1,1.0,126.62715891828715,,
42.27644000000146,mouse,move,728,704,0,0,0.0,0.0,,
42.284330199996475,mouse,move,728,706,0,2,2.0,253.47899942497415,,
42.30017789998965,mouse,move,728,707,0,1,1.0,63.10063923665584,,
42.852395599999,mouse,move,731,703,3,-4,5.0,9.054400103284149,,
42.86029699999199,mouse,move,737,697,6,-6,8.48528137423857,1073.8959401837965,,
42.86829040000157,mouse,move,746,689,9,-8,12.041594578792296,1506.4421353063576,,
42.87635729998874,mouse,move,755,682,9,-7,11.40175425099138,1413.3997284117356,,
42.884135100001004,mouse,move,768,674,13,-8,15.264337522473747,1962.5520710748606,,
42.892234699989785,mouse,move,779,666,11,-8,13.601470508735444,1679.276819543413,,
42.90046839999559,mouse,move,789,659,10,-7,12.206555615733702,1482.5115813219215,,
42.908190899994224,mouse,move,797,653,8,-6,10.0,1294.9174492414074,,
42.918091499988805,mouse,move,806,647,9,-6,10.816653826391969,1092.5250825518826,,
42.93141749998904,mouse,move,822,640,16,-7,17.46424919657298,1310.5394864375376,,
42.932178399991244,mouse,move,835,635,13,-5,13.92838827718412,18305.1494766824,,
42.94031229999382,mouse,move,851,628,16,-7,17.46424919657298,2147.0941603709393,,
42.94826049999392,mouse,move,866,622,15,-6,16.15549442140351,2032.5978738832298,,
42.95630469999742,mouse,move,881,618,15,-4,15.524174696260024,1929.8593632073444,,
42.96427949999634,mouse,move,897,613,16,-5,16.76305461424021,2102.0031369453113,,
42.97227519999433,mouse,move,914,607,17,-6,18.027756377319946,2254.681439004574,,
42.98237059998792,mouse,move,931,603,17,-4,17.46424919657298,1729.9214699432277,,
42.988243799991324,mouse,move,949,595,18,-8,19.697715603592208,3353.830210475691,,
42.99778689999948,mouse,move,964,590,15,-5,15.811388300841896,1656.8398410709133,,
43.00552759999118,mouse,move,976,584,12,-6,13.416407864998739,1733.2292789262117,,
43.01316209998913,mouse,move,996,576,20,-8,21.540659228538015,2821.489191738408,,
43.02133109999704,mouse,move,1023,569,27,-7,27.892651361962706,3414.451136608173,,
43.02995189999638,mouse,move,1054,560,31,-9,32.28002478313795,3744.4349463655994,,
43.03823529998772,mouse,move,1083,556,29,-4,29.274562336608895,3534.1239548021117,,
43.046961499989266,mouse,move,1114,546,31,-10,32.57299494980466,3732.781158354109,,
43.05230399999709,mouse,move,1138,539,24,-7,25.0,4679.457176110492,,
43.060260599988396,mouse,move,1157,532,19,-7,20.248456731316587,2544.862975825028,,
43.06981449999148,mouse,move,1169,526,12,-6,13.416407864998739,1404.2859838043048,,
43.07637399999658,mouse,move,1179,525,10,-1,10.04987562112089,1532.110010414354,,
43.08429149999574,mouse,move,1185,522,6,-3,6.708203932499369,847.2628902059478,,
43.09224629998789,mouse,move,1188,520,3,-2,3.605551275463989,453.2547994949715,,
43.100107799997204,mouse,move,1189,519,1,-1,1.4142135623730951,179.89105904698806,,
43.108103499995195,mouse,move,1190,517,1,-2,2.23606797749979,279.65881387014696,,
43.1241483999911,mouse,move,1191,516,1,-1,1.4142135623730951,88.14100198406247,,
43.15619889998925,mouse,move,1192,516,1,0,1.0,31.20076130037716,,
43.180151799999294,mouse,move,1192,515,0,-1,1.0,41.74859827330504,,
43.18805689999135,mouse,move,1193,514,1,-1,1.4142135623730951,178.89888347950907,,
43.19608840000001,mouse,move,1194,513,1,-1,1.4142135623730951,176.0833668491525,,
43.204110499995295,mouse,move,1195,511,1,-2,2.23606797749979,278.7384822943427,,
43.21214340000006,mouse,move,1196,509,1,-2,2.23606797749979,278.36372619771697,,
43.22017369999958,mouse,move,1196,509,0,0,0.0,0.0,,
43.22828060000029,mouse,move,1197,508,1,-1,1.4142135623730951,174.4456650814623,,
43.23603210000147,mouse,move,1199,506,2,-2,2.8284271247461903,364.88771519275593,,
43.24408009999024,mouse,move,1199,505,0,-1,1.0,124.25447333432771,,
43.25200149999,mouse,move,1201,503,2,-2,2.8284271247461903,357.06152003840043,,
43.26811409999209,mouse,move,1202,501,1,-2,2.23606797749979,138.77760120712617,,
43.28412759999628,mouse,move,1203,500,1,-1,1.4142135623730951,88.31383282873162,,
43.64451859999099,mouse,move,1204,499,1,-1,1.4142135623730951,3.9241089882762554,,
43.65216719999444,mouse,move,1213,481,9,-18,20.12461179749811,2631.1497252337194,,
43.660223499988206,mouse,move,1230,420,17,-61,63.324560795950255,7860.253571109905,,
43.66831809999712,mouse,move,1257,403,27,-17,31.906112267087632,3941.6539707879006,,
43.676095199989504,mouse,move,1289,386,32,-17,36.235341863986875,4659.2356919010535,,
43.68426389999513,mouse,move,1330,359,41,-27,49.09175083453431,6009.738489688895,,
43.69224229999236,mouse,move,1350,346,20,-13,23.853720883753127,2989.7875378573826,,
43.70050039999478,mouse,move,1375,327,25,-19,31.400636936215164,3802.4045394225973,,
43.708278499994776,mouse,move,1391,311,16,-16,22.627416997969522,2909.118807675582,,
43.716232399994624,mouse,move,1399,304,8,-7,10.63014581273465,1336.4696328767373,,
43.72436179999204,mouse,move,1405,295,6,-9,10.816653826391969,1330.5599219907297,,
43.73233359999722,mouse,move,1406,288,1,-7,7.0710678118654755,887.0101868173955,,
43.74026569999114,mouse,move,1408,283,2,-5,5.385164807134504,678.9078316284966,,
43.74820159999945,mouse,move,1408,279,0,-4,4.0,504.03860882993763,,
43.756294099992374,mouse,move,1408,277,0,-2,2.0,247.14241603313388,,
43.76421649999975,mouse,move,1408,275,0,-2,2.0,252.4487526681978,,
43.77225109998835,mouse,move,1408,271,0,-4,4.0,497.846813241856,,
43.780138699992676,mouse,move,1408,268,0,-3,3.0,380.3438306145704,,
43.78820959999575,mouse,move,1405,263,-3,-5,5.830951894845301,722.466130496303,,
43.7962370999885,mouse,move,1403,259,-2,-4,4.47213595499958,557.1019569029912,,
43.804204599990044,mouse,move,1400,251,-3,-8,8.54400374531753,1072.356917937203,,
43.81220649999159,mouse,move,1396,244,-4,-7,8.06225774829855,1007.5429268975438,,
43.82019909999508,mouse,move,1391,237,-5,-7,8.602325267042627,1076.286222666735,,
43.82814829998824,mouse,move,1387,228,-4,-9,9.848857801796104,1238.974715728192,,
43.836212099995464,mouse,move,1384,220,-3,-8,8.54400374531753,1059.5505515595885,,
43.84416059999785,mouse,move,1378,210,-6,-10,11.661903789690601,1467.1829636020882,,
43.85216019999643,mouse,move,1375,204,-3,-6,6.708203932499369,838.56742008185,,
43.860185599987744,mouse,move,1371,196,-4,-8,8.94427190999916,1114.4954668530993,,
43.86818379999022,mouse,move,1367,189,-4,-7,8.06225774829855,1008.0090202549424,,
43.876241299993126,mouse,move,1365,179,-2,-10,10.198039027185569,1265.6579613413483,,
43.88428139999451,mouse,move,1361,173,-4,-6,7.211102550927978,896.8921468252346,,
43.892139799994766,mouse,move,1359,166,-2,-7,7.280109889280518,926.4112146289725,,
43.90016039999318,mouse,move,1355,160,-4,-6,7.211102550927978,899.0727068237951,,
43.908246599996346,mouse,move,1353,156,-2,-4,4.47213595499958,553.0577964000744,,
43.91623360000085,mouse,move,1348,150,-5,-6,7.810249675906654,977.8702480908397,,
43.92417669999122,mouse,move,1344,144,-4,-6,7.211102550927978,907.844866572233,,
43.932191899992176,mouse,move,1343,143,-1,-1,1.4142135623730951,176.44145650821318,,
43.940241399992374,mouse,move,1342,141,-1,-2,2.23606797749979,277.7896735753703,,
43.94840249999834,mouse,move,1342,141,0,0,0.0,0.0,,
44.05220659999759,mouse,move,1342,141,0,0,0.0,0.0,,
44.06018879999465,mouse,move,1343,141,1,0,1.0,125.27874525424521,,
44.06825250000111,mouse,move,1345,143,2,2,2.8284271247461903,350.7604601461282,,
44.076340699990396,mouse,move,1347,144,2,1,2.23606797749979,276.4605203211102,,
44.08434239999042,mouse,move,1349,145,2,1,2.23606797749979,279.44911424990835,,
44.0922978999879,mouse,move,1351,147,2,2,2.8284271247461903,355.53103207121063,,
44.10027779999655,mouse,move,1353,149,2,2,2.8284271247461903,354.44393058564697,,
44.108272400000715,mouse,move,1356,149,3,0,3.0,375.253295779177,,
44.116563899995526,mouse,move,1359,152,3,3,4.242640687119285,511.68554420480166,,
44.12432649999391,mouse,move,1360,153,1,1,1.4142135623730951,182.18297512006717,,
44.132343799996306,mouse,move,1362,158,2,5,5.385164807134504,671.6930644390171,,
44.1402645999915,mouse,move,1364,162,2,4,4.47213595499958,564.6066000549282,,
44.148404599996866,mouse,move,1367,165,3,3,4.242640687119285,521.2089292777488,,
44.1561376999889,mouse,move,1368,167,1,2,2.23606797749979,289.1554460439045,,
44.16545960000076,mouse,move,1371,173,3,6,6.708203932499369,719.6176663521572,,
44.17229189998761,mouse,move,1373,176,2,3,3.605551275463989,527.7214528637958,,
44.18038289999822,mouse,move,1374,177,1,1,1.4142135623730951,174.78847614866115,,
44.18831959999807,mouse,move,1377,183,3,6,6.708203932499369,845.2132413509244,,
44.19628479999665,mouse,move,1378,183,1,0,1.0,125.54612566894562,,
44.204319500000565,mouse,move,1380,187,2,4,4.47213595499958,556.6027297619905,,
44.212211299993214,mouse,move,1381,188,1,1,1.4142135623730951,179.20038060903948,,
44.220143099999405,mouse,move,1381,191,0,3,3.0,378.2243623967664,,
44.22807399999874,mouse,move,1382,194,1,3,3.1622776601683795,398.72872693296205,,
44.23611629998777,mouse,move,1383,195,1,1,1.4142135623730951,175.8469050274599,,
44.24410309999075,mouse,move,1385,199,2,4,4.47213595499958,559.9408966457013,,
44.25211459999264,mouse,move,1387,202,2,3,3.605551275463989,450.046966812164,,
44.260081899992656,mouse,move,1387,205,0,3,3.0,376.5391035850359,,
44.26816769999277,mouse,move,1388,208,1,3,3.1622776601683795,391.0902644293155,,
44.27633579999383,mouse,move,1390,210,2,2,2.8284271247461903,346.2772400411312,,
44.28415799999493,mouse,move,1390,212,0,2,2.0,255.68254451669492,,
44.29233799999929,mouse,move,1390,213,0,1,1.0,122.24938868791749,,
44.30023480000091,mouse,move,1390,214,0,1,1.0,126.63357306695973,,
44.308187999995425,mouse,move,1390,215,0,1,1.0,125.73555307163738,,
44.31620669999393,mouse,move,1390,216,0,1,1.0,124.70849391882128,,
44.324527599994326,mouse,move,1390,217,0,1,1.0,120.17930752106756,,
44.33218559999659,mouse,move,1391,220,1,3,3.1622776601683795,412.93779828058246,,
44.34018499999365,mouse,move,1391,221,0,1,1.0,125.00937574910465,,
44.34826009999961,mouse,move,1392,226,1,5,5.0990195135927845,631.4497046269895,,
44.3562183999893,mouse,move,1392,229,0,3,3.0,376.9649301841316,,
44.36414839999634,mouse,move,1392,232,0,3,3.0,378.3102140401205,,
44.37226340000052,mouse,move,1392,235,0,3,3.0,369.68576690746863,,
44.38028789999953,mouse,move,1392,239,0,4,4.0,498.47342519701994,,
44.3882009999943,mouse,move,1392,241,0,2,2.0,252.74544758978615,,
44.39616649999516,mouse,move,1392,243,0,2,2.0,251.08279452426055,,
44.40417069999967,mouse,move,1392,247,0,4,4.0,499.7376374588034,,
44.41229559999192,mouse,move,1392,249,0,2,2.0,246.1568760116213,,
44.42022369999904,mouse,move,1392,250,0,1,1.0,126.1336258500603,,
44.42821279999043,mouse,move,1392,253,0,3,3.0,375.5116350067748,,
44.436258899993845,mouse,move,1392,256,0,3,3.0,372.85144339839593,,
44.444306299992604,mouse,move,1392,257,0,1,1.0,124.26373737532884,,
44.45231569999305,mouse,move,1392,261,0,4,4.0,499.4131894744955,,
44.460289299997385,mouse,move,1392,265,0,4,4.0,501.6554627553205,,
44.46839129998989,mouse,move,1392,271,0,6,6.0,740.5578876265973,,
44.47647270000016,mouse,move,1389,277,-3,6,6.708203932499369,830.0794322735135,,
44.48438100000203,mouse,move,1388,285,-1,8,8.06225774829855,1019.4678687441534,,
44.49240099999588,mouse,move,1383,296,-5,11,12.083045973594572,1506.6142123269747,,
44.50036769999133,mouse,move,1378,305,-5,9,10.295630140987,1292.333104907609,,
44.508264299991424,mouse,move,1374,316,-4,11,11.704699910719626,1482.2455120658728,,
44.51623629999813,mouse,move,1367,325,-7,9,11.40175425099138,1430.2250679133176,,
44.52418690000195,mouse,move,1359,339,-8,14,16.1245154965971,2028.0878787566253,,
44.53210859998944,mouse,move,1350,351,-9,12,15.0,1893.5329567750712,,
44.54036069998983,mouse,move,1342,362,-8,11,13.601470508735444,1648.2435389890256,,
44.54813080000167,mouse,move,1333,373,-9,11,14.212670403551895,1829.1489661517392,,
44.556258500000695,mouse,move,1323,385,-10,12,15.620499351813308,1921.884340427469,,
44.56420789999538,mouse,move,1314,395,-9,10,13.45362404707371,1692.4074843468372,,
44.572460999988834,mouse,move,1302,407,-12,12,16.97056274847714,2056.2652532913407,,
44.58011689998966,mouse,move,1292,417,-10,10,14.142135623730951,1847.2205256341624,,
44.58853449999879,mouse,move,1279,425,-13,8,15.264337522473747,1813.3835660909426,,
44.596366999991005,mouse,move,1265,434,-14,9,16.64331697709324,2124.904818848075,,
44.60418859998754,mouse,move,1256,442,-9,8,12.041594578792296,1539.5308612216052,,
44.61217100000067,mouse,move,1243,453,-13,11,17.029386365926403,2133.366698976124,,
44.62016569999105,mouse,move,1231,464,-12,11,16.278820596099706,2036.2015604956307,,
44.62811419999343,mouse,move,1216,475,-15,11,18.601075237738275,2340.199437901066,,
44.63614069999312,mouse,move,1201,489,-15,14,20.518284528683193,2556.3177635934876,,
44.644187699988834,mouse,move,1184,500,-17,11,20.248456731316587,2516.2739831121594,,
44.65223849999893,mouse,move,1166,513,-18,13,22.20360331117452,2757.9375072451935,,
44.66013859999657,mouse,move,1146,527,-20,14,24.413111231467404,3090.228128600353,,
44.668148500000825,mouse,move,1122,543,-24,16,28.844410203711913,3601.0949185874797,,
44.67622069999925,mouse,move,1104,556,-18,13,22.20360331117452,2750.626014656599,,
44.68419639999047,mouse,move,1090,568,-14,12,18.439088914585774,2311.908539047723,,
44.69216959999176,mouse,move,1077,578,-13,10,16.401219466856727,2057.0435288474932,,
44.70019659999525,mouse,move,1068,584,-9,6,10.816653826391969,1347.5338011315873,,
44.70822689999477,mouse,move,1059,592,-9,8,12.041594578792296,1499.5198908527184,,
44.71616250000079,mouse,move,1051,597,-8,5,9.433981132056603,1188.8176224731674,,
44.72456959998817,mouse,move,1045,601,-6,4,7.211102550927978,857.7395965020607,,
44.73226150000119,mouse,move,1041,605,-4,4,5.656854249492381,735.4300289812658,,
44.74056739998923,mouse,move,1035,610,-6,5,7.810249675906654,940.3255140500439,,
44.74833539999963,mouse,move,1033,612,-2,2,2.8284271247461903,364.1126571780446,,
44.75803420000011,mouse,move,1030,615,-3,3,4.242640687119285,437.43975408400667,,
44.7641208999994,mouse,move,1028,616,-2,1,2.23606797749979,367.3695069186588,,
44.77236949998769,mouse,move,1027,618,-1,2,2.23606797749979,271.08454533783373,,
44.78049609999289,mouse,move,1026,620,-1,2,2.23606797749979,275.1541820773096,,
44.80416359999799,mouse,move,1025,621,-1,1,1.4142135623730951,59.75339862968775,,
44.836163299987675,mouse,move,1024,621,-1,0,1.0,31.250292981572,,
44.844128400000045,mouse,move,1023,622,-1,1,1.4142135623730951,177.55126240432858,,
44.852237499988405,mouse,move,1022,626,-1,4,4.123105625617661,508.4541603305038,,
45.1804403999995,mouse,move,1022,627,0,1,1.0,3.046895685462263,,
45.188163899991196,mouse,move,1019,626,-3,-1,3.1622776601683795,409.435833957071,,
45.19624710000062,mouse,move,1015,619,-4,-7,8.06225774829855,997.4091620768576,,
45.20429619999777,mouse,move,1008,608,-7,-11,13.038404810405298,1619.8587189896057,,
45.21216529999219,mouse,move,1001,599,-7,-9,11.40175425099138,1448.9273562506817,,
45.22033489999012,mouse,move,998,590,-3,-9,9.486832980505138,1161.2359213317513,,
45.228278700000374,mouse,move,992,581,-6,-9,10.816653826391969,1361.6472988281864,,
45.23622739998973,mouse,move,987,572,-5,-9,10.295630140987,1295.259621670665,,
45.244181199988816,mouse,move,985,560,-2,-12,12.165525060596439,1529.5236317224644,,
45.25230469999951,mouse,move,981,550,-4,-10,10.770329614269007,1325.823795172825,,
45.2603694999998,mouse,move,981,538,0,-12,12.0,1487.9476241912535,,
45.268107700001565,mouse,move,981,525,0,-13,13.0,1679.9772553087378,,
45.27650769999309,mouse,move,981,513,0,-12,12.0,1428.571430012761,,
45.28416659998766,mouse,move,981,498,0,-15,15.0,1958.5057920380852,,
45.292227199999616,mouse,move,981,483,0,-15,15.0,1860.9036520539335,,
45.30024229999981,mouse,move,981,468,0,-15,15.0,1871.467604850615,,
45.308143599992036,mouse,move,981,454,0,-14,14.0,1771.860328524759,,
45.317625199997565,mouse,move,981,439,0,-15,15.0,1582.0114739340652,,
45.324236999993445,mouse,move,981,433,0,-6,6.0,907.4684660362154,,
45.3321861000004,mouse,move,981,431,0,-2,2.0,251.60080993451018,,
45.340273299996625,mouse,move,983,427,2,-4,4.47213595499958,552.9894100661314,,
45.34827729999961,mouse,move,985,424,2,-3,3.605551275463989,450.46867492751244,,
45.35687779998989,mouse,move,986,422,1,-2,2.23606797749979,259.9927887944858,,
45.36429829998815,mouse,move,986,421,0,-1,1.0,134.76180853504763,,
45.37230049999198,mouse,move,987,420,1,-1,1.4142135623730951,176.72809498591195,,
45.380242399987765,mouse,move,988,417,1,-3,3.1622776601683795,398.17646430282565,,
45.39631450000161,mouse,move,990,415,2,-2,2.8284271247461903,175.98366873712325,,
45.40425110000069,mouse,move,991,414,1,-1,1.4142135623730951,178.18884188900682,,
45.41223489999538,mouse,move,991,413,0,-1,1.0,125.25363870150227,,
45.42018899999675,mouse,move,992,411,1,-2,2.23606797749979,281.1214313516932,,
45.42817919999652,mouse,move,993,410,1,-1,1.4142135623730951,176.99351235441813,,
45.436248400001205,mouse,move,995,408,2,-2,2.8284271247461903,350.5213804471838,,
45.452154499987955,mouse,move,996,406,1,-2,2.23606797749979,140.5792733204479,,
45.4601285999961,mouse,move,996,405,0,-1,1.0,125.40600180321772,,
45.46820439999283,mouse,move,998,403,2,-2,2.8284271247461903,350.23491491750997,,
45.47621269999945,mouse,move,998,402,0,-1,1.0,124.87044680806811,,
45.492257499994594,mouse,move,998,402,0,0,0.0,0.0,,
45.5002039999963,mouse,move,998,401,0,-1,1.0,125.84156544202565,,
45.508232399995904,mouse,move,998,399,0,-2,2.0,249.11563949217455,,
45.51623359999212,mouse,move,998,399,0,0,0.0,0.0,,
45.5243163999985,mouse,move,998,398,0,-1,1.0,123.71950304485792,,
45.53225979999115,mouse,move,998,396,0,-2,2.0,251.78135330580434,,
45.540285800001584,mouse,move,994,394,-4,-2,4.47213595499958,557.206073908167,,
45.548180699988734,mouse,move,987,392,-7,-2,7.280109889280518,922.1281968270505,,
45.55616829999781,mouse,move,980,392,-7,0,7.0,876.3583544554509,,
45.56433290000132,mouse,move,968,391,-12,-1,12.041594578792296,1474.8541966066316,,
45.57229519999237,mouse,move,957,388,-11,-3,11.40175425099138,1431.9674294874305,,
45.580481099997996,mouse,move,942,388,-15,0,15.0,1832.4191585148237,,
45.588338000001386,mouse,move,923,387,-19,-1,19.026297590440446,2421.603632760062,,
45.59614860000147,mouse,move,905,387,-18,0,18.0,2304.5604690811906,,
45.60430110000016,mouse,move,877,387,-28,0,28.0,3434.529286048464,,
45.61215580000135,mouse,move,850,387,-27,0,27.0,3437.432364814853,,
45.620256499998504,mouse,move,813,387,-37,0,37.0,4567.506513385487,,
45.628184799992596,mouse,move,775,387,-38,0,38.0,4792.95687957307,,
45.636128300000564,mouse,move,735,387,-40,0,40.0,5035.5636633567865,,
45.64420169999357,mouse,move,684,387,-51,0,51.0,6317.041152942113,,
45.65221349999774,mouse,move,650,387,-34,0,34.0,4243.740480579443,,
45.66012509999564,mouse,move,612,387,-38,0,38.0,4803.073968615994,,
45.66874649999954,mouse,move,575,387,-37,0,37.0,4291.646366396103,,
45.67613249999704,mouse,move,541,387,-34,0,34.0,4603.303548812371,,
45.68439709999075,mouse,move,503,385,-38,-2,38.05259518088089,4604.287589217695,,
45.69212319998769,mouse,move,467,379,-36,-6,36.49657518178932,4723.803108453872,,
45.70040899999731,mouse,move,438,377,-29,-2,29.068883707497267,3508.2772543097094,,
45.708113000000594,mouse,move,402,369,-36,-8,36.87817782917155,4786.887047434941,,
45.7161053000018,mouse,move,344,352,-58,-17,60.440052945046304,7562.285316608126,,
45.72423159999016,mouse,move,300,322,-44,-30,53.25410782277739,6553.30321290682,,
45.73225649999222,mouse,move,266,298,-34,-24,41.617304093369626,5186.021518362621,,
45.74015420000069,mouse,move,243,286,-23,-12,25.942243542145693,3284.784622652381,,
45.748159199996735,mouse,move,226,275,-17,-11,20.248456731316587,2529.4761700583113,,
45.756112599992775,mouse,move,214,265,-12,-10,15.620499351813308,1964.002735885281,,
45.76414699999441,mouse,move,207,259,-7,-6,9.219544457292887,1147.5087692196005,,
45.77214339999773,mouse,move,204,253,-3,-6,6.708203932499369,838.9029975630258,,
45.780166600001394,mouse,move,203,248,-1,-5,5.0990195135927845,635.5343891794761,,
45.78818869999668,mouse,move,202,243,-1,-5,5.0990195135927845,635.6215350828813,,
45.79617399998824,mouse,move,202,237,0,-6,6.0,751.3806627605132,,
45.80432749999454,mouse,move,202,232,0,-5,5.0,613.2335801969477,,
45.81219189999683,mouse,move,199,223,-3,-9,9.486832980505138,1206.3009228602452,,
45.82035499998892,mouse,move,199,218,0,-5,5.0,612.5124039697666,,
45.828204699995695,mouse,move,199,212,0,-6,6.0,764.3604207578846,,
45.83613159999368,mouse,move,199,205,0,-7,7.0,883.0690436086032,,
45.844233700001496,mouse,move,199,200,0,-5,5.0,617.1239549222147,,
45.85216669998772,mouse,move,199,191,0,-9,9.0,1134.5014516108702,,
45.860144099991885,mouse,move,199,183,0,-8,8.0,1002.8330027105263,,
45.86821409998811,mouse,move,199,174,0,-9,9.0,1115.2416362096312,,
45.8762132999982,mouse,move,200,164,1,-10,10.04987562112089,1256.3600870642124,,
45.884370299987495,mouse,move,205,155,5,-9,10.295630140987,1262.1834197005053,,
45.89249040000141,mouse,move,207,146,2,-9,9.219544457292887,1135.3978942990288,,
45.90016389999073,mouse,move,212,139,5,-7,8.602325267042627,1121.043236985945,,
45.908209599991096,mouse,move,215,132,3,-7,7.615773105863909,946.5643891168302,,
45.91614139999729,mouse,move,220,124,5,-8,9.433981132056603,1189.3871661784112,,
45.92416619999858,mouse,move,225,115,5,-9,10.295630140987,1282.976540141359,,
45.93240259999584,mouse,move,230,108,5,-7,8.602325267042627,1044.4278167531766,,
45.9402235999878,mouse,move,235,100,5,-8,9.433981132056603,1206.2372000703729,,
45.94843609999225,mouse,move,239,95,4,-5,6.4031242374328485,779.6802720201595,,
45.95616679999512,mouse,move,246,89,7,-6,9.219544457292887,1192.5885694534747,,
45.96413609999581,mouse,move,252,83,6,-6,8.48528137423857,1064.74613498024,,
45.97220779999043,mouse,move,258,77,6,-6,8.48528137423857,1051.2384478979914,,
45.980135699996026,mouse,move,262,74,4,-3,5.0,630.6840394643815,,
45.98821709999174,mouse,move,268,68,6,-6,8.48528137423857,1049.976659828172,,
45.996122299999115,mouse,move,276,63,8,-5,9.433981132056603,1193.3893036557467,,
46.00416519999271,mouse,move,283,58,7,-5,8.602325267042627,1069.555169639113,,
46.012307699988014,mouse,move,292,52,9,-6,10.816653826391969,1328.4192609927634,,
46.02017099999648,mouse,move,298,49,6,-3,6.708203932499369,853.1028862279961,,
46.02808629999345,mouse,move,307,44,9,-5,10.295630140987,1300.7251961306274,,
46.03611889999593,mouse,move,315,40,8,-4,8.94427190999916,1113.496490207153,,
46.044276799992076,mouse,move,322,36,7,-4,8.06225774829855,988.2761191120326,,
46.052181199993356,mouse,move,329,33,7,-3,7.615773105863909,963.485287261606,,
46.06054269999731,mouse,move,334,31,5,-2,5.385164807134504,644.0429115094066,,
46.06838449998759,mouse,move,341,26,7,-5,8.602325267042627,1096.9835085964799,,
46.07633869998972,mouse,move,348,22,7,-4,8.06225774829855,1013.5849923483948,,
46.08433509999304,mouse,move,353,20,5,-2,5.385164807134504,673.4486525058358,,
46.09236840000085,mouse,move,358,16,5,-4,6.4031242374328485,797.0727137300738,,
46.100170199992135,mouse,move,363,13,5,-3,5.830951894845301,747.3854625034147,,
46.10841380000056,mouse,move,367,10,4,-3,5.0,606.5311265574096,,
46.11626749999414,mouse,move,370,8,3,-2,3.605551275463989,459.0895092012227,,
46.12464419999742,mouse,move,373,6,3,-2,3.605551275463989,430.4262148639988,,
46.13219859999663,mouse,move,375,4,2,-2,2.8284271247461903,374.40791128915464,,
46.14827369998966,mouse,move,375,4,0,0,0.0,0.0,,
46.15622029999213,mouse,move,377,2,2,-2,2.8284271247461903,355.9292180136442,,
46.188227599996026,mouse,move,377,1,0,-1,1.0,31.24287271585651,,
46.21239469999273,mouse,move,377,1,0,0,0.0,0.0,,
46.228169999987585,mouse,move,377,-1,0,-2,2.0,126.78047331283878,,
46.244192899990594,mouse,move,377,-2,0,-1,1.0,62.41067471008586,,
46.268202599996584,mouse,move,376,0,-1,2,2.23606797749979,93.13185824653735,,
46.28426889999537,mouse,move,375,-1,-1,-1,1.4142135623730951,88.02359986307833,,
46.30047209998884,mouse,move,374,0,-1,1,1.4142135623730951,87.27989304230364,,
46.30820099999255,mouse,move,373,-1,-1,-1,1.4142135623730951,182.97733981469148,,
46.31647299999895,mouse,move,373,-1,0,0,0.0,0.0,,
46.340243799990276,mouse,move,372,0,-1,1,1.4142135623730951,59.49373024421454,,
46.34822419998818,mouse,move,371,0,-1,0,1.0,125.30700218817742,,
46.3562438999943,mouse,move,370,0,-1,0,1.0,124.69294353122378,,
46.372089500000584,mouse,move,370,0,0,0,0.0,0.0,,
46.38025180000113,mouse,move,369,0,-1,0,1.0,122.51448732988294,,
46.45229649999237,mouse,move,369,1,0,1,1.0,13.880271555320721,,
46.460267899994506,mouse,move,369,2,0,1,1.0,125.44847827637415,,
46.46838330000173,mouse,move,370,2,1,0,1.0,123.22251510824077,,
46.47656229999848,mouse,move,372,3,2,1,2.23606797749979,273.3913654957728,,
46.484290799999144,mouse,move,372,4,0,1,1.0,129.39121432538246,,
46.49224149998918,mouse,move,373,5,1,1,1.4142135623730951,177.87283687548558,,
46.508241299990914,mouse,move,374,5,1,0,1.0,62.500781252981476,,
46.51653839999926,mouse,move,375,5,1,0,1.0,120.52403839820572,,
46.5325165999966,mouse,move,375,6,0,1,1.0,62.5852724441305,,
46.54029369998898,mouse,move,376,7,1,1,1.4142135623730951,181.84330454262962,,
46.55635210000037,mouse,move,378,8,2,1,2.23606797749979,139.24600059246094,,
46.57236779999221,mouse,move,378,8,0,0,0.0,0.0,,
46.60415210000065,mouse,move,379,9,1,1,1.4142135623730951,44.49409179996379,,
46.756300799999735,mouse,move,379,10,0,1,1.0,6.5725175437318315,,
46.76438809999672,mouse,move,379,11,0,1,1.0,123.65066219536325,,
46.772403199996916,mouse,move,380,13,1,2,2.23606797749979,278.9819188089794,,
46.78024619999633,mouse,move,381,14,1,1,1.4142135623730951,180.31538473533445,,
46.78823369999009,mouse,move,381,15,0,1,1.0,125.19561825116786,,
46.79619889998867,mouse,move,381,16,0,1,1.0,125.54612566894562,,
46.80414769999334,mouse,move,381,18,0,2,2.0,251.6103058103254,,
46.820297300000675,mouse,move,382,20,1,2,2.23606797749979,138.45965079529591,,
47.037889699990046,mouse,click_press,382,20,,,,,,
47.2926310999901,mouse,click_release,382,20,,,,,,
47.508115399992676,mouse,move,386,23,4,3,5.0,7.269363804264748,,
47.51627129998815,mouse,move,388,25,2,2,2.8284271247461903,346.79521896006344,,
47.52412399998866,mouse,move,390,26,2,1,2.23606797749979,284.7514838659161,,
47.532165099997655,mouse,move,394,30,4,4,5.656854249492381,703.492587228647,,
47.54020559998753,mouse,move,399,36,5,6,7.810249675906654,971.3636820772391,,
47.54833429999417,mouse,move,404,43,5,7,8.602325267042627,1058.2658063428516,,
47.5563065999886,mouse,move,409,51,5,8,9.433981132056603,1183.3449743037427,,
47.56433149999066,mouse,move,415,59,6,8,10.0,1246.1214466769957,,
47.57227179998881,mouse,move,422,68,7,9,11.40175425099138,1435.9349462416044,,
47.58028799999738,mouse,move,428,77,6,9,10.816653826391969,1349.3492945321984,,
47.588361799993436,mouse,move,437,89,9,12,15.0,1857.8612310596945,,
47.59626500000013,mouse,move,443,99,6,10,11.661903789690601,1475.59264346242,,
47.60416499999701,mouse,move,451,111,8,12,14.422205101855956,1825.595583234391,,
47.61224609999044,mouse,move,461,125,10,14,17.204650534085253,2128.9985952489956,,
47.62039630000072,mouse,move,471,139,10,14,17.204650534085253,2110.9482604586806,,
47.62855939999281,mouse,move,483,153,12,14,18.439088914585774,2258.8341356170413,,
47.636520499989274,mouse,move,493,170,10,17,19.72308292331602,2477.4318790211664,,
47.64492349998909,mouse,move,502,187,9,17,19.235384061671343,2289.1091350816764,,
47.65233979999903,mouse,move,517,210,15,23,27.459060435491963,3702.5282686384444,,
47.66040039999643,mouse,move,529,233,12,23,25.942243542145693,3218.401055813658,,
47.66892919999373,mouse,move,547,263,18,30,34.9857113690718,4102.067275604363,,
47.676564399997005,mouse,move,564,290,17,27,31.906112267087632,4178.818138802863,,
47.68550219999452,mouse,move,583,323,19,33,38.07886552931954,4260.429360684105,,
47.69285159998981,mouse,move,595,346,12,23,25.942243542145693,3529.8450973910244,,
47.70039779999934,mouse,move,607,366,12,20,23.323807579381203,3090.8016683801584,,
47.70855899999151,mouse,move,621,389,14,23,26.92582403567252,3299.2481573168866,,
47.71633519999159,mouse,move,631,409,10,20,22.360679774997898,2875.5278638367135,,
47.726335499988636,mouse,move,642,426,11,17,20.248456731316587,2024.7849301819438,,
47.732305899990024,mouse,move,651,442,9,16,18.35755975068582,3074.7621175160652,,
47.74079319999146,mouse,move,657,453,6,11,12.529964086141668,1476.319216243629,,
47.74856849999924,mouse,move,663,466,6,13,14.317821063276353,1841.4493394404642,,
47.75678079998761,mouse,move,670,477,7,11,13.038404810405298,1587.6678675725802,,
47.76472799999465,mouse,move,679,490,9,13,15.811388300841896,1989.554596189731,,
47.77228920000198,mouse,move,689,500,10,10,14.142135623730951,1870.3559765672208,,
47.78082479999284,mouse,move,694,510,5,10,11.180339887498949,1309.848153552808,,
47.78904079999484,mouse,move,698,517,4,7,8.06225774829855,981.2874569549537,,
47.796670099996845,mouse,move,700,526,2,9,9.219544457292887,1208.4391038320061,,
47.80463999998756,mouse,move,706,536,6,10,11.661903789690601,1463.2434288109987,,
47.81248079999932,mouse,move,707,542,1,6,6.082762530298219,775.7834049041435,,
47.82071359999827,mouse,move,712,549,5,7,8.602325267042627,1044.8845190141303,,
47.828509300001315,mouse,move,714,555,2,6,6.324555320336759,811.2876737005533,,
47.83669749999535,mouse,move,716,559,2,4,4.47213595499958,546.168383558769,,
47.84425029999693,mouse,move,717,563,1,4,4.123105625617661,545.904250709276,,
47.85226289999264,mouse,move,718,570,1,7,7.0710678118654755,882.4935496158843,,
47.8601181999984,mouse,move,720,573,2,3,3.605551275463989,458.99599923885876,,
47.86808299999393,mouse,move,721,577,1,4,4.123105625617661,517.6659335990224,,
47.87616729999718,mouse,move,722,580,1,3,3.1622776601683795,391.16282905114144,,
47.88440779999655,mouse,move,724,586,2,6,6.324555320336759,767.4965500657844,,
47.89213469999959,mouse,move,726,589,2,3,3.605551275463989,466.62326082226116,,
47.90025959999184,mouse,move,727,592,1,3,3.1622776601683795,389.20819495419386,,
47.90811209999083,mouse,move,728,595,1,3,3.1622776601683795,402.70966705830136,,
47.916313900001114,mouse,move,730,598,2,3,3.605551275463989,439.60487587399376,,
47.92425079998793,mouse,move,731,601,1,3,3.1622776601683795,398.42730353425367,,
47.9323493999982,mouse,move,732,604,1,3,3.1622776601683795,390.47213791985877,,
47.940252699991106,mouse,move,732,605,0,1,1.0,126.52942453125205,,
47.94129789998988,mouse,click_press,732,605,,,,,,
47.94902619998902,mouse,move,734,609,2,4,4.47213595499958,509.7322569171356,,
47.95631809999759,mouse,move,735,611,1,2,2.23606797749979,306.6509380096442,,
47.964317099991604,mouse,move,736,614,1,3,3.1622776601683795,395.3341245823637,,
47.97227439998824,mouse,move,738,619,2,5,5.385164807134504,676.7577959123184,,
47.98057899999549,mouse,move,740,622,2,3,3.605551275463989,434.1631472095366,,
47.98921949999931,mouse,move,741,627,1,5,5.0990195135927845,590.1301442437092,,
47.99611709998862,mouse,move,743,630,2,3,3.605551275463989,522.7254814789278,,
48.00428629999806,mouse,move,745,633,2,3,3.605551275463989,441.35916262307256,,
48.01232059999893,mouse,move,746,637,1,4,4.123105625617661,513.1879099821917,,
48.02048169999034,mouse,move,747,638,1,1,1.4142135623730951,173.28712598317654,,
48.02828729999601,mouse,move,748,642,1,4,4.123105625617661,528.2240471743195,,
48.036223999995855,mouse,move,750,644,2,2,2.8284271247461903,356.37319349367107,,
48.04423309999402,mouse,move,750,645,0,1,1.0,124.85797408316452,,
48.05236459999287,mouse,move,750,647,0,2,2.0,245.957080524132,,
48.060342600001604,mouse,move,750,648,0,1,1.0,125.34469778205647,,
48.06861209998897,mouse,move,751,649,1,1,1.4142135623730951,171.01560729597676,,
48.0762751000002,mouse,move,751,649,0,0,0.0,0.0,,
48.08425139999599,mouse,move,751,650,0,1,1.0,125.37141287663464,,
48.33259669999825,mouse,click_release,751,650,,,,,,
48.34077979999711,mouse,move,751,653,0,3,3.0,11.69461159071256,,
48.34832629999437,mouse,move,751,661,0,8,8.0,1060.094083734661,,
48.35626689999481,mouse,move,751,671,0,10,10.0,1259.3506787205063,,
48.3643951999984,mouse,move,751,681,0,10,10.0,1230.2695515153366,,
48.37215509999078,mouse,move,751,696,0,15,15.0,1933.0146026019418,,
48.380393699990236,mouse,move,751,711,0,15,15.0,1820.6976914749903,,
48.38829029999033,mouse,move,751,727,0,16,16.0,2026.1884861596482,,
48.39618299998983,mouse,move,748,746,-3,19,19.235384061671343,2437.110755873807,,
48.40454459999455,mouse,move,746,761,-2,15,15.132745950421556,1809.7907029613718,,
48.41224330000114,mouse,move,744,776,-2,15,15.132745950421556,1965.623538711316,,
48.420278099991265,mouse,move,741,795,-3,19,19.235384061671343,2394.0090712034516,,
48.42833759999485,mouse,move,739,810,-2,15,15.132745950421556,1877.628381871629,,
48.43633359999512,mouse,move,737,825,-2,15,15.132745950421556,1892.5395134942269,,
48.44435320000048,mouse,move,734,841,-3,16,16.278820596099706,2029.8793687004645,,
48.45219729999371,mouse,move,734,854,0,13,13.0,1657.2965682756335,,
48.46019030000025,mouse,move,734,867,0,13,13.0,1626.4231189002455,,
48.468186499987496,mouse,move,734,880,0,13,13.0,1625.7722444078481,,
48.47658109999611,mouse,move,734,892,0,12,12.0,1429.4903852102368,,
48.484052200001315,mouse,move,733,904,-1,12,12.041594578792296,1611.7565780679474,,
48.49200359999668,mouse,move,733,917,0,13,13.0,1634.932214148535,,
48.500002599990694,mouse,move,733,932,0,15,15.0,1875.2344057035475,,
48.508287299991935,mouse,move,730,947,-3,15,15.297058540778355,1846.42274777451,,
48.51612759999989,mouse,move,725,966,-5,19,19.6468827043885,2505.884045821133,,
48.524045799989835,mouse,move,723,982,-2,16,16.1245154965971,2036.3864915098864,,
48.532091799992486,mouse,move,719,995,-4,13,13.601470508735444,1690.4636470612472,,
48.54009489998862,mouse,move,717,1009,-2,14,14.142135623730951,1767.0822094648256,,
48.54801959999895,mouse,move,716,1024,-1,15,15.033296378372908,1897.0177241746806,,
48.556119899993064,mouse,move,716,1035,0,11,11.0,1357.9743969971191,,
48.564100799994776,mouse,move,713,1047,-3,12,12.36931687685298,1549.864911751731,,
48.57201219999115,mouse,move,712,1054,-1,7,7.0710678118654755,893.7821137986331,,
48.58022259999416,mouse,move,712,1061,0,7,7.0,852.577218824294,,
48.58814049999637,mouse,move,712,1066,0,5,5.0,631.4805691664454,,
48.596074299988686,mouse,move,712,1075,0,9,9.0,1134.3870539611826,,
48.604033299998264,mouse,move,712,1080,0,5,5.0,628.2196248251147,,
48.61210189999838,mouse,move,712,1081,0,1,1.0,123.93723818081618,,
48.620353699996485,mouse,move,712,1083,0,2,2.0,242.37136145555465,,
48.62838149999152,mouse,move,712,1083,0,0,0.0,0.0,,
48.63640519999899,mouse,move,712,1083,0,0,0.0,0.0,,
48.64408410000033,mouse,move,713,1082,1,-1,1.4142135623730951,184.16876924126151,,
48.65209920000052,mouse,move,713,1082,0,0,0.0,0.0,,
48.66014609999547,mouse,move,714,1084,1,2,2.23606797749979,277.8794292090887,,
48.668087500002,mouse,move,714,1080,0,-4,4.0,503.689525362149,,
48.676446500001475,mouse,move,714,1082,0,2,2.0,239.26306976027305,,
48.68447349999042,mouse,move,714,1080,0,-2,2.0,249.1590884209667,,
48.692427399990265,mouse,move,715,1082,1,2,2.23606797749979,281.1285001750869,,
48.700054599990835,mouse,move,715,1080,0,-2,2.0,262.21942519541824,,
48.708068699997966,mouse,move,715,1082,0,2,2.0,249.56015001315748,,
48.71608529999503,mouse,move,717,1081,2,-1,2.23606797749979,278.9297181247611,,
48.84409639998921,mouse,move,717,1077,0,-4,4.0,31.24729027546657,,
48.85208869999042,mouse,move,717,1071,0,-6,6.0,750.7225703608125,,
48.86009409998951,mouse,move,717,1062,0,-9,9.0,1124.2411373598368,,
48.86806159999105,mouse,move,717,1057,0,-5,5.0,627.5494193953855,,
48.87633780000033,mouse,move,718,1050,1,-7,7.0710678118654755,854.3858055556005,,
48.884047100000316,mouse,move,719,1041,1,-9,9.055385138137417,1174.6053647090991,,
48.89212169998791,mouse,move,719,1036,0,-5,5.0,619.2257211108736,,
48.90003959999012,mouse,move,719,1026,0,-10,10.0,1262.9611383328909,,
48.908141299994895,mouse,move,719,1021,0,-5,5.0,617.1544240165354,,
48.91604289998941,mouse,move,719,1016,0,-5,5.0,632.7832342149856,,
48.92424480000045,mouse,move,719,1008,0,-8,8.0,975.3837512316607,,
48.93213359999936,mouse,move,719,1004,0,-4,4.0,507.04796680776167,,
48.940061499990406,mouse,move,719,999,0,-5,5.0,630.6840406220223,,
48.948144399997545,mouse,move,719,996,0,-3,3.0,371.15391720178985,,
48.95608189998893,mouse,move,719,995,0,-1,1.0,125.98425210523726,,
48.964084499995806,mouse,move,719,992,0,-3,3.0,374.8781642744226,,
48.97254879999673,mouse,move,719,990,0,-2,2.0,236.28652100962225,,
48.980032499996014,mouse,move,719,990,0,0,0.0,0.0,,
48.996047399996314,mouse,move,719,988,0,-2,2.0,124.88370205012224,,
49.24427729999297,mouse,click_press,719,988,,,,,,
49.42091010000149,mouse,click_release,719,988,,,,,,
49.82855219999328,mouse,move,719,987,0,-1,1.0,1.2011942754007443,,
49.86041860000114,mouse,move,719,987,0,0,0.0,0.0,,
49.87643749998824,mouse,move,719,984,0,-3,3.0,187.27877709552033,,
49.89261669998814,mouse,move,719,984,0,0,0.0,0.0,,
49.90049749999889,mouse,move,719,983,0,-1,1.0,126.89067082473376,,
49.91627209998842,mouse,move,718,980,-1,-3,3.1622776601683795,200.46642464898528,,
49.92423489999783,mouse,move,718,980,0,0,0.0,0.0,,
49.932281599991256,mouse,move,718,979,0,-1,1.0,124.27454743144844,,
49.94040120000136,mouse,move,718,978,0,-1,1.0,123.15877614113317,,
49.94842499999504,mouse,move,718,977,0,-1,1.0,124.62922814472873,,
49.9562900000019,mouse,move,718,976,0,-1,1.0,127.14558158015056,,
49.964318599988474,mouse,move,718,975,0,-1,1.0,124.55471709542277,,
49.972123799991095,mouse,move,718,975,0,0,0.0,0.0,,
49.980181299994,mouse,move,718,973,0,-2,2.0,248.21594778513835,,
49.99627939998754,mouse,move,718,972,0,-1,1.0,62.11913209640737,,
50.004114800001844,mouse,move,718,972,0,0,0.0,0.0,,
50.020173500000965,mouse,move,718,971,0,-1,1.0,62.271541286326766,,
50.028191999997944,mouse,move,718,969,0,-2,2.0,249.42320892355926,,
50.05247879998933,mouse,move,718,969,0,0,0.0,0.0,,
50.06820249999873,mouse,move,718,968,0,-1,1.0,63.598262457436675,,
50.076256899992586,mouse,move,718,967,0,-1,1.0,124.15574105622034,,
50.08426740000141,mouse,move,718,966,0,-1,1.0,124.83615241228927,,
50.10024159999739,mouse,move,718,965,0,-1,1.0,62.600944037987404,,
50.11630989999685,mouse,move,717,964,-1,-1,1.4142135623730951,88.01264367858275,,
50.14827890000015,mouse,move,717,964,0,0,0.0,0.0,,
50.29246969999804,mouse,click_press,717,964,,,,,,
50.468470199994044,mouse,click_release,717,964,,,,,,
51.89468689999194,keyboard,key_press,,,,,,,,48.1252467000013
52.06454120000126,keyboard,key_release,,,,,,,0.16985430000931956,
52.15139879999333,keyboard,key_press,,,,,,,,0.25671190000139177
52.365076199988835,keyboard,key_release,,,,,,,0.21367739999550395,
52.40499679998902,keyboard,key_press,,,,,,,,0.25359799999569077
52.499807799991686,keyboard,key_release,,,,,,,0.09481100000266451,
52.53514199999336,keyboard,key_press,,,,,,,,0.1301452000043355
52.64974739999161,keyboard,key_release,,,,,,,0.11460539999825414,
52.705895999999484,keyboard,key_press,,,,,,,,0.17075400000612717
52.80215109999699,keyboard,key_press,,,,,,,,0.09625509999750648
52.88598469999852,keyboard,key_release,,,,,,,0.18008869999903254,
52.91934729999048,keyboard,key_release,,,,,,,0.11719619999348652,
53.066843299995526,keyboard,key_press,,,,,,,,0.2646921999985352
53.183123399998294,keyboard,key_release,,,,,,,0.11628010000276845,
53.277275399988866,keyboard,key_press,,,,,,,,0.21043209999334067
53.392487299992354,keyboard,key_release,,,,,,,0.11521190000348724,
53.47270509999362,keyboard,key_press,,,,,,,,0.1954297000047518
53.56672569998773,keyboard,key_press,,,,,,,,0.09402059999410994
53.56753499999468,keyboard,key_release,,,,,,,0.09482990000105929,
53.74703289999161,keyboard,key_press,,,,,,,,0.180307200003881
53.76085829999647,keyboard,key_release,,,,,,,0.19413260000874288,
53.862650999988546,keyboard,key_release,,,,,,,0.11561809999693651,
53.945852599994396,keyboard,key_press,,,,,,,,0.1988197000027867
54.05609040000127,keyboard,key_release,,,,,,,0.11023780000687111,
54.086667199997464,keyboard,key_press,,,,,,,,0.14081460000306834
54.14146329999494,keyboard,key_press,,,,,,,,0.05479609999747481
54.20811359999061,keyboard,key_release,,,,,,,0.12144639999314677,
54.312838300000294,keyboard,key_release,,,,,,,0.1713750000053551,
54.335861699990346,keyboard,key_press,,,,,,,,0.1943983999954071
54.49663399999554,keyboard,key_release,,,,,,,0.16077230000519194,
54.51227909998852,keyboard,key_press,,,,,,,,0.1764173999981722
54.67107070000202,keyboard,key_press,,,,,,,,0.158791600013501
54.67790619999869,keyboard,key_release,,,,,,,0.16562710001016967,
54.78657399999793,keyboard,key_release,,,,,,,0.11550329999590758,
54.8964272000012,keyboard,key_press,,,,,,,,0.2253564999991795
55.01374889998988,keyboard,key_release,,,,,,,0.11732169998867903,
55.086746599990875,keyboard,key_press,,,,,,,,0.19031939998967573
55.22983369999565,keyboard,key_release,,,,,,,0.1430871000047773,
55.3413145999948,keyboard,key_press,,,,,,,,0.2545680000039283
55.41260479998891,keyboard,key_press,,,,,,,,0.07129019999410957
55.514265899997554,keyboard,key_release,,,,,,,0.17295130000275094,
55.54561479999393,keyboard,key_release,,,,,,,0.13301000000501517,
55.702005300001474,keyboard,key_press,,,,,,,,0.2894005000125617
55.800422999993316,keyboard,key_release,,,,,,,0.0984176999918418,
55.93948109999474,keyboard,key_press,,,,,,,,0.23747579999326263
56.044723599989084,keyboard,key_release,,,,,,,0.10524249999434687,
56.14958179999667,keyboard,key_press,,,,,,,,0.21010070000193082
56.259610299995984,keyboard,key_release,,,,,,,0.11002849999931641,
56.388687099999515,keyboard,key_press,,,,,,,,0.2391053000028478
56.526896399998805,keyboard,key_release,,,,,,,0.13820929999928921,
56.72240779999993,keyboard,key_press,,,,,,,,0.33372070000041276
56.82736479998857,keyboard,key_release,,,,,,,0.10495699998864438,
56.93807679999736,keyboard,key_press,,,,,,,,0.21566899999743327
57.04253209999297,keyboard,key_release,,,,,,,0.10445529999560677,
57.128069899990805,keyboard,key_press,,,,,,,,0.18999309999344405
57.24786889999814,keyboard,key_release,,,,,,,0.11979900000733323,
57.395954799998435,keyboard,key_press,,,,,,,,0.26788490000762977
57.5869212999969,keyboard,key_press,,,,,,,,0.19096649999846704
57.60172739998961,keyboard,key_release,,,,,,,0.20577259999117814,
57.698007200000575,keyboard,key_release,,,,,,,0.11108590000367258,
57.83362999999372,keyboard,key_press,,,,,,,,0.246708699996816
57.916738799991435,keyboard,key_release,,,,,,,0.08310879999771714,
58.03651189999073,keyboard,key_press,,,,,,,,0.2028818999970099
58.14578819999588,keyboard,key_release,,,,,,,0.1092763000051491,
58.48903069998778,keyboard,key_press,,,,,,,,0.45251879999705125
58.67747840000084,keyboard,key_release,,,,,,,0.18844770001305733,
58.74505259998841,keyboard,key_press,,,,,,,,0.25602190000063274
58.87781619999441,keyboard,key_release,,,,,,,0.13276360000600107,
60.02088159999403,mouse,move,717,962,0,-2,2.0,0.2025808250139794,,
60.03616579998925,mouse,move,713,960,-4,-2,4.47213595499958,292.59862841350815,,
60.044146999993245,mouse,move,709,959,-4,-1,4.123105625617661,516.6022181568015,,
60.052176799988956,mouse,move,698,952,-11,-7,13.038404810405298,1623.7521255036804,,
60.06010969998897,mouse,move,679,936,-19,-16,24.839484696748443,3131.198514629396,,
60.068158800000674,mouse,move,663,920,-16,-16,22.627416997969522,2811.173543013354,,
60.07611199999519,mouse,move,644,896,-19,-24,30.610455730027933,3848.8225809899336,,
60.08414209999319,mouse,move,623,865,-21,-31,37.44329045369811,4662.867269778109,,
60.09212899999693,mouse,move,608,835,-15,-30,33.54101966249684,4199.504143882682,,
60.100153099992895,mouse,move,604,827,-4,-8,8.94427190999916,1114.6760277785372,,
60.10812089999672,mouse,move,603,825,-1,-2,2.23606797749979,280.63806526596505,,
60.11616459999641,mouse,move,603,824,0,-1,1.0,124.32089710439827,,
60.25286249999772,mouse,move,603,819,0,-5,5.0,36.57700666910117,,
60.26026209999691,mouse,move,603,800,0,-19,19.0,2567.7063627873727,,
60.2681881999888,mouse,move,601,770,-2,-30,30.066592756745816,3793.36531049371,,
60.2762015999906,mouse,move,581,699,-20,-71,73.76313442364011,9204.973470320396,,
60.284174499989604,mouse,move,555,614,-26,-85,88.88756943465155,11148.712444124129,,
60.292282700000214,mouse,move,517,522,-38,-92,99.53893710503444,12276.32976181809,,
60.30038639999111,mouse,move,488,440,-29,-82,86.97700845625813,10732.999562416662,,
60.30813849999686,mouse,move,462,369,-26,-71,75.61084578286372,9753.595248619169,,
60.31621509999968,mouse,move,434,300,-28,-69,74.46475676452586,9219.814864979651,,
60.324153099994874,mouse,move,399,240,-35,-60,69.46221994724903,8750.5946068679,,
60.332569699996384,mouse,move,361,194,-38,-46,59.665735560705194,7089.054434094417,,
60.34015659999568,mouse,move,310,163,-51,-31,59.682493245507096,7866.519032943998,,
60.34819009999046,mouse,move,264,140,-46,-23,51.42956348249516,6401.887535433803,,
60.35677069998928,mouse,move,223,125,-41,-15,43.657759905886145,5087.961204563498,,
60.364728599990485,mouse,move,191,123,-32,-2,32.0624390837628,4029.0075370287163,,
60.372558099988964,mouse,move,178,123,-13,0,13.0,1660.3869982151093,,
60.38020659999165,mouse,move,171,126,-7,3,7.615773105863909,995.7211352798081,,
60.38823769999726,mouse,move,167,130,-4,4,5.656854249492381,704.3685479624128,,
60.39617880000151,mouse,move,164,138,-3,8,8.54400374531753,1075.921942898298,,
60.40425099999993,mouse,move,158,151,-6,13,14.317821063276353,1773.7198119561829,,
60.41239479999058,mouse,move,154,171,-4,20,20.396078054371138,2504.491524569873,,
60.42019789999176,mouse,move,149,197,-5,26,26.476404589747453,3393.0623195566263,,
60.42828139998892,mouse,move,145,226,-4,29,29.274562336608895,3621.5206713563975,,
60.43621529999655,mouse,move,140,252,-5,26,26.476404589747453,3337.1235539002364,,
60.44453059999796,mouse,move,138,274,-2,22,22.090722034374522,2656.635603119455,,
60.452281199992285,mouse,move,133,297,-5,23,23.53720459187964,3036.823550320775,,
60.460397599992575,mouse,move,130,316,-3,19,19.235384061671343,2369.940375164362,,
60.46820249999291,mouse,move,130,329,0,13,13.0,1665.6203153708354,,
60.47624069999438,mouse,move,130,341,0,12,12.0,1492.8715381320083,,
60.4842009999993,mouse,move,130,354,0,13,13.0,1633.104278979126,,
60.49228109999967,mouse,move,130,366,0,12,12.0,1485.1301344599776,,
60.500158299997565,mouse,move,130,381,0,15,15.0,1904.2299299259848,,
60.508273200000986,mouse,move,130,394,0,13,13.0,1601.9913978632992,,
60.516199199992116,mouse,move,130,407,0,13,13.0,1640.1715890169296,,
60.52432469998894,mouse,move,133,421,3,14,14.317821063276353,1762.0849263276946,,
60.5321588999941,mouse,move,136,435,3,14,14.317821063276353,1827.6047399657436,,
60.54020489999675,mouse,move,139,445,3,10,10.44030650891055,1297.5772440307314,,
60.548199199998635,mouse,move,139,450,0,5,5.0,625.445629864068,,
60.556145199996536,mouse,move,140,453,1,3,3.1622776601683795,397.9710119561793,,
60.564175599996815,mouse,move,140,456,0,3,3.0,373.5803944878815,,
60.5723769999895,mouse,move,140,458,0,2,2.0,243.86080447041422,,
60.58064689999446,mouse,move,140,461,0,3,3.0,362.761339097226,,
60.58832519999123,mouse,move,140,462,0,1,1.0,130.23716192657085,,
60.59624569999869,mouse,move,140,464,0,2,2.0,252.5093110430879,,
60.60411000000022,mouse,move,139,465,-1,1,1.4142135623730951,179.82701093525571,,
60.61240349999571,mouse,move,138,466,-1,1,1.4142135623730951,170.52071660244405,,
60.620146199988085,mouse,move,138,467,0,1,1.0,129.15391284493782,,
60.62806930000079,mouse,move,138,468,0,1,1.0,126.21322441930717,,
60.63614599998982,mouse,move,136,470,-2,2,2.8284271247461903,350.1958879971786,,
60.64411989999644,mouse,move,134,473,-2,3,3.605551275463989,452.16911078285096,,
60.65743529998872,keyboard,key_press,,,,,,,,1.9123827000003075
60.660153099990566,mouse,move,133,475,-1,2,2.23606797749979,139.46485906238055,,
60.6686861999915,mouse,move,131,477,-2,2,2.8284271247461903,331.4653671511296,,
60.676307299989276,mouse,move,131,477,0,0,0.0,0.0,,
60.69217109998863,mouse,move,130,478,-1,1,1.4142135623730951,89.1472133051915,,
60.71639889999642,mouse,move,130,479,0,1,1.0,41.27489906959525,,
60.733355999997,mouse,move,129,480,-1,1,1.4142135623730951,83.39949415434133,,
60.75616279999667,mouse,move,129,481,0,1,1.0,43.84657207562758,,
60.77867329999572,keyboard,key_press,,,,,,,,0.12123800000699703
60.92756219999865,keyboard,key_release,,,,,,,0.27012690000992734,
61.014894499996444,keyboard,key_release,,,,,,,0.23622120000072755,
61.0282867999922,mouse,move,128,482,-1,1,1.4142135623730951,5.196945371949303,,
61.04432089999318,mouse,move,126,485,-2,3,3.605551275463989,224.86770540558925,,
61.052692500001285,mouse,move,125,488,-1,3,3.1622776601683795,377.73874254708613,,
61.06062829999428,mouse,move,122,491,-3,3,4.242640687119285,534.6204151901023,,
61.06824179999239,mouse,move,120,494,-2,3,3.605551275463989,473.5734256723811,,
61.07628919999115,mouse,move,119,496,-1,2,2.23606797749979,277.8621639094166,,
61.084381399996346,mouse,move,114,502,-5,6,7.810249675906654,965.1577656129925,,
61.092328699989594,mouse,move,106,510,-8,8,11.313708498984761,1423.5914723990843,,
61.10032769999816,mouse,move,97,519,-9,9,12.727922061357855,1591.1891546100464,,
61.10822399999597,mouse,move,90,528,-7,9,11.40175425099138,1443.9363061374572,,
61.11633969999093,mouse,move,82,539,-8,11,13.601470508735444,1675.9454535261814,,
61.12447539999266,mouse,move,75,551,-7,12,13.892443989449804,1707.590494548063,,
61.13242029999674,mouse,move,65,570,-10,19,21.470910553583888,2702.4771290471253,,
61.140205099989544,mouse,move,52,593,-13,23,26.419689627245813,3393.7531666404648,,
61.148396399992635,mouse,move,38,628,-14,35,37.69615364994153,4601.974489484869,,
61.15620859999035,mouse,move,24,657,-14,29,32.202484376209235,4122.076289089564,,
61.16425599998911,mouse,move,13,685,-11,28,30.083217912982647,3738.253090143664,,
61.17220119999547,mouse,move,4,710,-9,25,26.570660511172846,3344.2406094119383,,
61.180237799999304,mouse,move,-12,743,-16,33,36.6742416417845,4563.402635976526,,
61.188341799992486,mouse,move,-8,761,4,18,18.439088914585774,2275.307123654899,,
61.19633919998887,mouse,move,-4,778,4,17,17.46424919657298,2183.740866340221,,
61.20436219999101,mouse,move,-5,790,-1,12,12.041594578792296,1500.8842796435415,,
61.21235549999983,mouse,move,-6,804,-1,14,14.035668847618199,1755.9291947168572,,
61.22026370000094,mouse,move,-3,817,3,13,13.341664064126334,1687.067102785915,,
61.22823979999521,mouse,move,-4,833,-1,16,16.0312195418814,2009.9070414620417,,
61.23613619999378,mouse,move,-1,851,3,18,18.24828759089466,2310.962919076459,,
61.24420729999838,mouse,move,0,867,1,16,16.0312195418814,1986.249647847974,,
61.25218440000026,mouse,move,0,886,0,19,19.0,2381.8179533314164,,
61.26025789999403,mouse,move,0,900,0,14,14.0,1734.0682493097888,,
61.26817789999768,mouse,move,0,907,0,7,7.0,883.8383834309718,,
61.27653459999419,mouse,move,1,914,1,7,7.0710678118654755,846.1555177064307,,
61.284285000001546,mouse,move,2,917,1,3,3.1622776601683795,408.0147679046475,,
61.29233419999946,mouse,move,4,923,2,6,6.324555320336759,785.7371318859663,,
61.30018989999371,mouse,move,9,929,5,6,7.810249675906654,994.2143515690944,,
61.30836319999071,mouse,move,17,938,8,9,12.041594578792296,1473.2843017161038,,
61.31612879999739,mouse,move,28,946,11,8,13.601470508735444,1751.5028455030724,,
61.32416759998887,mouse,move,40,956,12,10,15.620499351813308,1943.1382007718914,,
61.33234259999881,mouse,move,58,965,18,9,20.12461179749811,2461.7262107674555,,
61.34018619998824,mouse,move,77,966,19,1,19.026297590440446,2425.7098291708658,,
61.34822929999791,mouse,move,100,968,23,2,23.08679276123039,2870.384893071955,,
61.35619900000165,mouse,move,124,968,24,0,24.0,3011.4056976716065,,
61.36432290000084,mouse,move,142,968,18,0,18.0,2215.684585210597,,
61.372152799987816,mouse,move,165,968,23,0,23.0,2937.45769911061,,
61.38021219999064,mouse,move,188,964,23,-4,23.345235059857504,2896.646779125624,,
61.38819969999895,mouse,move,196,964,8,0,8.0,1001.5649441846558,,
61.39633889999823,mouse,move,211,961,15,-3,15.297058540778355,1879.4302317348488,,
61.40415689999645,mouse,move,225,960,14,-1,14.035668847618199,1795.301720492033,,
61.41219989999081,mouse,move,238,957,13,-3,13.341664064126334,1658.7920021737677,,
61.420264699991094,mouse,move,253,957,15,0,15.0,1859.9345302390668,,
61.428598200000124,mouse,move,267,957,14,0,14.0,1679.9663988515904,,
61.43620839998766,mouse,move,280,957,13,0,13.0,1708.23368916535,,
61.44432509999024,mouse,move,293,957,13,0,13.0,1601.63613240317,,
61.45214159999159,mouse,move,306,957,13,0,13.0,1663.1484676962655,,
61.46016729999974,mouse,move,320,957,14,0,14.0,1744.39612566975,,
61.46825140000146,mouse,move,335,957,15,0,15.0,1855.4941176878463,,
61.47627419998753,mouse,move,353,957,18,0,18.0,2243.6057275843627,,
61.48425369999313,mouse,move,369,957,16,0,16.0,2005.1381651436395,,
61.4922235999984,mouse,move,390,957,21,0,21.0,2634.913861670694,,
61.50024489998759,mouse,move,417,957,27,0,27.0,3366.0379285612335,,
61.50824250000005,mouse,move,441,957,24,0,24.0,3000.900265406147,,
61.51623129998916,mouse,move,462,957,21,0,21.0,2628.6801557973718,,
61.52455539999937,mouse,move,486,955,24,-2,24.08318915758459,2893.1883480538654,,
61.53220679999504,mouse,move,503,952,17,-3,17.26267650163207,2256.146131611236,,
61.540511999992304,mouse,move,518,952,15,0,15.0,1806.0973853653745,,
61.54830840000068,mouse,move,528,950,10,-2,10.198039027185569,1308.044612414979,,
61.55629209999461,mouse,move,534,949,6,-1,6.082762530298219,761.8976833953907,,
61.56425759999547,mouse,move,538,949,4,0,4.0,502.1655890485211,,
61.572197000001324,mouse,move,540,949,2,0,2.0,251.9082044645226,,
61.580366099995445,mouse,move,542,950,2,1,2.23606797749979,273.7226841523825,,
61.58840409999539,mouse,move,546,955,4,5,6.4031242374328485,796.6066481063506,,
61.596355099987704,mouse,move,554,961,8,6,10.0,1257.703434745602,,
61.60419009999896,mouse,move,562,971,8,10,12.806248474865697,1634.4924641313887,,
61.612368599991896,mouse,move,567,977,5,6,7.810249675906654,954.9733670785321,,
61.6203000999958,mouse,move,576,986,9,9,12.727922061357855,1604.7307640534364,,
61.62831020000158,mouse,move,582,990,6,4,7.211102550927978,900.2512510115439,,
61.636174300001585,mouse,move,588,993,6,3,6.708203932499369,853.0161026047642,,
61.644382699989364,mouse,move,595,998,7,5,8.602325267042627,1047.9905072668894,,
61.65214209999249,mouse,move,605,1005,10,7,12.206555615733702,1573.1313775316642,,
61.660457699996186,mouse,move,612,1010,7,5,8.602325267042627,1034.480405889799,,
61.668284899991704,mouse,move,621,1018,9,8,12.041594578792296,1538.4293982123813,,
61.67616899999848,mouse,move,630,1022,9,4,9.848857801796104,1249.2050828034162,,
61.68425949999073,mouse,move,636,1025,6,3,6.708203932499369,829.1457807212948,,
61.69218769999861,mouse,move,643,1026,7,1,7.0710678118654755,891.8881719476856,,
61.7001780999999,mouse,move,646,1027,3,1,3.1622776601683795,395.75961900001863,,
61.70828539998911,mouse,move,648,1027,2,0,2.0,246.69125389005444,,
61.716771999999764,mouse,move,650,1027,2,0,2.0,235.66563729747946,,
61.724176999996416,mouse,move,652,1027,2,0,2.0,270.0877786501394,,
61.73218909998832,mouse,move,653,1024,1,-3,3.1622776601683795,394.6877427097326,,
61.740229699993506,mouse,move,653,1020,0,-4,4.0,497.4753124666176,,
61.74822649999987,mouse,move,653,1016,0,-4,4.0,500.20007963374013,,
61.75624269999389,mouse,move,653,1012,0,-4,4.0,498.9895465414124,,
61.76426199999696,mouse,move,653,1009,0,-3,3.0,374.09748966261105,,
61.77229379999335,mouse,move,653,1007,0,-2,2.0,249.0101846285252,,
61.78024480000022,mouse,move,653,1006,0,-1,1.0,125.7703432443754,,
61.788252799990005,mouse,move,653,1004,0,-2,2.0,249.75025006879406,,
61.79643149999902,mouse,move,653,1002,0,-2,2.0,244.53764018686454,,
61.80424749999656,mouse,move,653,1001,0,-1,1.0,127.94268171876365,,
61.88431629999832,mouse,move,653,1001,0,0,0.0,0.0,,
61.89220459999342,mouse,move,652,1001,-1,0,1.0,126.77002657364972,,
61.900272599988966,mouse,move,651,1001,-1,0,1.0,123.94645519980243,,
61.90830029999779,mouse,move,650,1001,-1,0,1.0,124.56868080530509,,
61.916404499992495,mouse,move,648,1001,-2,0,2.0,246.7856174954724,,
61.924410399995395,mouse,move,645,1003,-3,2,3.605551275463989,450.3617674662598,,
61.93241870000202,mouse,move,642,1004,-3,1,3.1622776601683795,394.8750243563977,,
61.94041299998935,mouse,move,633,1005,-9,1,9.055385138137417,1132.7302143387087,,
61.94823379999434,mouse,move,624,1009,-9,4,9.848857801796104,1259.315900612316,,
61.95639339998888,mouse,move,612,1012,-12,3,12.36931687685298,1515.9219673913876,,
61.96422280000115,mouse,move,600,1016,-12,4,12.649110640673518,1615.5913123420482,,
61.97220340000058,mouse,move,588,1017,-12,1,12.041594578792296,1508.85830384378,,
61.98016809999535,mouse,move,573,1018,-15,1,15.033296378372908,1887.4906008059863,,
61.988232799994876,mouse,move,560,1018,-13,0,13.0,1611.9632473334216,,
61.99620069999946,mouse,move,548,1018,-12,0,12.0,1506.0429966605475,,
62.00429969999823,mouse,move,538,1018,-10,0,10.0,1234.7203360322012,,
62.01239849999547,mouse,move,531,1018,-7,0,7.0,864.3255793924612,,
62.020226099994034,mouse,move,528,1018,-3,0,3.0,383.2592366179341,,
62.02833909999754,mouse,move,522,1016,-6,-2,6.324555320336759,779.5581557506157,,
62.03628979998757,mouse,move,522,1015,0,-1,1.0,125.77508914354442,,
62.04427709999436,mouse,move,520,1015,-2,0,2.0,250.39750582800352,,
62.052298800001154,mouse,move,518,1014,-2,-1,2.23606797749979,278.75238111698945,,
62.06014299999515,mouse,move,518,1014,0,0,0.0,0.0,,
62.068173099993146,mouse,move,517,1013,-1,-1,1.4142135623730951,176.11406616681356,,
62.076438399992185,mouse,move,516,1012,-1,-1,1.4142135623730951,171.10250838294775,,
62.10811570000078,mouse,move,516,1012,0,0,0.0,0.0,,
62.852208500000415,mouse,move,516,1012,0,0,0.0,0.0,,
63.054845699996804,keyboard,key_press,,,,,,,,2.2761724000010872
63.18154159998812,keyboard,key_release,,,,,,,0.12669589999131858,
