timestamp,device,event,x,y,dx,dy,distance,velocity,hold_time,flight_time
2.4370125999994343,mouse,move,1152,975,0,0,0,0,,
2.445034000003943,mouse,move,1152,976,0,1,1.0,124.66651699676996,,
2.485003099995083,mouse,move,1151,976,-1,0,1.0,25.019327435986106,,
2.5169523999938974,mouse,move,1150,977,-1,1,1.4142135623730951,44.26430508416716,,
3.220994699993753,mouse,move,1150,978,0,1,1.0,1.4203692022485088,,
3.2289523999934318,mouse,move,1149,978,-1,0,1.0,125.66445078858884,,
3.2370835000037914,mouse,move,1147,979,-2,1,2.23606797749979,275.00190314359236,,
3.2449061999941478,mouse,move,1147,980,0,1,1.0,127.8331012607896,,
3.2530529999930877,mouse,move,1146,980,-1,0,1.0,122.74758188860856,,
3.260898799999268,mouse,move,1144,981,-2,1,2.23606797749979,285.00190875862984,,
3.2850521999935154,mouse,move,1143,982,-1,1,1.4142135623730951,58.55132456341162,,
3.5490251000010176,mouse,move,1143,982,0,0,0.0,0.0,,
3.581081299998914,mouse,move,1143,982,0,0,0.0,0.0,,
3.596986200005631,mouse,move,1145,981,2,-1,2.23606797749979,140.58987963177623,,
3.605008700003964,mouse,move,1146,981,1,0,1.0,124.64942352231836,,
3.6128585999977076,mouse,move,1148,979,2,-2,2.8284271247461903,360.3137781373526,,
3.6208980999945197,mouse,move,1150,978,2,-1,2.23606797749979,278.13520472497817,,
3.6290397999982815,mouse,move,1150,977,0,-1,1.0,122.82447149096124,,
3.6449399999983143,mouse,move,1151,977,1,0,1.0,62.89229066288086,,
3.6530004999949597,mouse,move,1153,975,2,-2,2.8284271247461903,350.89971167090465,,
3.6610517999943113,mouse,move,1153,974,0,-1,1.0,124.20354477917006,,
3.6768975000013597,mouse,move,1154,974,1,0,1.0,63.108603567856456,,
3.684924300003331,mouse,move,1155,973,1,-1,1.4142135623730951,176.18647057678737,,
3.6929710999975214,mouse,move,1156,971,1,-2,2.23606797749979,277.8828825264984,,
3.708937200004584,mouse,move,1157,971,1,0,1.0,62.63270301185882,,
3.724921200002427,mouse,move,1158,970,1,-1,1.4142135623730951,88.47682448473064,,
3.7329387000063434,mouse,move,1158,967,0,-3,3.0,374.18147783406624,,
3.7409122999961255,mouse,move,1158,966,0,-1,1.0,125.41386591771193,,
3.7569612999941455,mouse,move,1158,964,0,-2,2.0,124.61835629925498,,
3.7729638000018895,mouse,move,1158,964,0,0,0.0,0.0,,
3.780934199996409,mouse,move,1158,963,0,-1,1.0,125.46421769140842,,
3.8049356999981683,mouse,move,1158,962,0,-1,1.0,41.66406265969634,,
3.820940999998129,mouse,move,1158,961,0,-1,1.0,62.479303730792644,,
3.8450459000014234,mouse,move,1159,959,1,-2,2.23606797749979,92.76404287900726,,
3.8774246999964816,keyboard,key_press,,,,,,,,
3.9090288000006694,mouse,move,1159,958,0,-1,1.0,15.629175920625423,,
4.064329400003771,keyboard,key_press,,,,,,,,0.18690470000728965
4.274462300003506,keyboard,key_release,,,,,,,0.3970376000070246,
4.305978100004722,keyboard,key_release,,,,,,,0.24164870000095107,
4.444971000004443,mouse,move,1159,958,0,0,0.0,0.0,,
4.45302939999965,mouse,move,1150,947,-9,-11,14.212670403551895,1763.7087277878495,,
4.461069299999508,mouse,move,1144,938,-6,-9,10.816653826391969,1345.3716870338155,,
4.469056300004013,mouse,move,1137,929,-7,-9,11.40175425099138,1427.5390314962553,,
4.476969399998779,mouse,move,1132,920,-5,-9,10.295630140987,1301.0868241013263,,
4.485050000002957,mouse,move,1126,914,-6,-6,8.48528137423857,1050.0806090948463,,
4.492951899999753,mouse,move,1123,909,-3,-5,5.830951894845301,737.9177029840693,,
4.50100360000215,mouse,move,1120,907,-3,-2,3.605551275463989,447.80000178725345,,
4.508960199993453,mouse,move,1119,905,-1,-2,2.23606797749979,281.0331020717332,,
4.517168799997307,mouse,move,1118,901,-1,-4,4.123105625617661,502.29096602120273,,
4.524922299999162,mouse,move,1116,899,-2,-2,2.8284271247461903,364.79359309599107,,
4.533037000001059,mouse,move,1114,896,-2,-3,3.605551275463989,444.32342226095585,,
4.540925099994638,mouse,move,1114,896,0,0,0.0,0.0,,
4.549013299998478,mouse,move,1114,895,0,-1,1.0,123.63690308415107,,
4.556968300006702,mouse,move,1113,893,-1,-2,2.23606797749979,281.0896260450317,,
4.580967999994755,mouse,move,1112,891,-1,-2,2.23606797749979,93.1706637421669,,
4.604948399995919,mouse,move,1111,888,-1,-3,3.1622776601683795,131.86926239824248,,
4.6209515999944415,mouse,move,1110,887,-1,-1,1.4142135623730951,88.37067352177635,,
4.629038800005219,mouse,move,1107,883,-3,-4,5.0,618.2609547602041,,
4.637032600003295,mouse,move,1104,878,-3,-5,5.830951894845301,729.4342986125434,,
4.6449654000025475,mouse,move,1101,875,-3,-3,4.242640687119285,534.8225957441073,,
4.653037600000971,mouse,move,1099,871,-2,-4,4.47213595499958,554.016991139096,,
4.660941800000728,mouse,move,1094,867,-5,-4,6.4031242374328485,810.0913739062285,,
4.668918199997279,mouse,move,1092,864,-2,-3,3.605551275463989,452.0273904296604,,
4.677153800002998,mouse,move,1088,860,-4,-4,5.656854249492381,686.8782171990149,,
4.685097599998699,mouse,move,1082,853,-6,-7,9.219544457292887,1160.5962464163863,,
4.693012899995665,mouse,move,1076,846,-6,-7,9.219544457292887,1164.7751141240683,,
4.70120009999664,mouse,move,1066,836,-10,-10,14.142135623730951,1727.347032202255,,
4.708998300004168,mouse,move,1058,827,-8,-9,12.041594578792296,1544.1505177050894,,
4.7172821999993175,mouse,move,1049,816,-9,-11,14.212670403551895,1715.6979697816912,,
4.724972199997865,mouse,move,1037,802,-12,-14,18.439088914585774,2397.800899618914,,
4.733215899992501,mouse,move,1028,791,-9,-11,14.212670403551895,1724.0644871597185,,
4.741120000006049,mouse,move,1014,774,-14,-17,22.02271554554524,2786.239484292765,,
4.74926919999416,mouse,move,997,755,-17,-19,25.495097567963924,3128.5399309330214,,
4.757590499997605,mouse,move,978,730,-19,-25,31.400636936215164,3773.525401465662,,
4.765035399992485,mouse,move,960,709,-18,-21,27.65863337187866,3715.11147106075,,
4.773002699992503,mouse,move,943,690,-17,-19,25.495097567963924,3199.967061351388,,
4.780962899996666,mouse,move,918,661,-25,-29,38.28837943815329,4809.977063155248,,
4.788950799993472,mouse,move,895,639,-23,-22,31.827660925679098,3984.4841495769597,,
4.79693060000136,mouse,move,866,612,-29,-27,39.6232255123179,4965.440922472985,,
4.8049060000048485,mouse,move,841,590,-25,-22,33.301651610693426,4175.546254247861,,
4.812915699993027,mouse,move,815,564,-26,-26,36.76955262170047,4590.627948108756,,
4.820909500005655,mouse,move,793,542,-22,-22,31.11269837220809,3892.103670727326,,
4.828915699996287,mouse,move,766,513,-27,-29,39.6232255123179,4949.067667392858,,
4.837195200001588,mouse,move,748,491,-18,-22,28.42534080710379,3433.219492590614,,
4.844922100004624,mouse,move,728,463,-20,-28,34.40930106817051,4453.183172378655,,
4.852916999996523,mouse,move,705,432,-23,-31,38.600518131237564,4828.142712272427,,
4.860933499992825,mouse,move,685,402,-20,-30,36.05551275463989,4497.662667158176,,
4.868922499998007,mouse,move,665,374,-20,-28,34.40930106817051,4307.084872431057,,
4.87691750000522,mouse,move,645,347,-20,-27,33.60059523282288,4202.70108849386,,
4.884962700001779,mouse,move,631,323,-14,-24,27.784887978899608,3453.598169192017,,
4.892924300002051,mouse,move,616,300,-15,-23,27.459060435491963,3448.937454099091,,
4.901056300004711,mouse,move,604,274,-12,-26,28.635642126552707,3521.352941119421,,
4.908944599999813,mouse,move,595,249,-9,-25,26.570660511172846,3368.363339080807,,
4.917187200000626,mouse,move,590,232,-5,-17,17.72004514666935,2149.812576726064,,
4.92519120000361,mouse,move,586,219,-4,-13,13.601470508735444,1699.3341458851453,,
4.933187200003886,mouse,move,585,205,-1,-14,14.035668847618199,1755.3362740288023,,
4.941012399998726,mouse,move,584,193,-1,-12,12.041594578792296,1538.8225970878195,,
4.949076699995203,mouse,move,584,182,0,-11,11.0,1364.0365567756678,,
4.956910399996559,mouse,move,584,172,0,-10,10.0,1276.535991711295,,
4.9649994999927,mouse,move,584,160,0,-12,12.0,1483.477767084658,,
4.973063600002206,mouse,move,584,148,0,-12,12.0,1488.0767830080085,,
4.981182300005457,mouse,move,584,137,0,-11,11.0,1354.896719375595,,
4.988994999992428,mouse,move,584,123,0,-14,14.0,1791.9541289627657,,
4.996992300002603,mouse,move,584,112,0,-11,11.0,1375.4642174240457,,
5.004916699996102,mouse,move,584,97,0,-15,15.0,1892.88779116476,,
5.013135700006387,mouse,move,584,84,0,-13,13.0,1581.7009348742392,,
5.02100330000394,mouse,move,584,72,0,-12,12.0,1525.2427682815858,,
5.029056300001685,mouse,move,584,57,0,-15,15.0,1862.6598788279564,,
5.036970500004827,mouse,move,587,45,3,-12,12.36931687685298,1562.9270010792666,,
5.044946699999855,mouse,move,588,33,1,-12,12.041594578792296,1509.6906529799523,,
5.052943000002415,mouse,move,589,25,1,-8,8.06225774829855,1008.2485331612637,,
5.0609955999971135,mouse,move,590,19,1,-6,6.082762530298219,755.3787018233651,,
5.068940700002713,mouse,move,595,13,5,-6,7.810249675906654,983.0272331880059,,
5.077022299999953,mouse,move,596,12,1,-1,1.4142135623730951,174.9917792090739,,
5.084993399999803,mouse,move,598,10,2,-2,2.8284271247461903,354.8352328787153,,
5.1009849999973085,mouse,move,601,8,3,-2,3.605551275463989,225.4653240467747,,
5.108967099993606,mouse,move,602,8,1,0,1.0,125.28031476225996,,
5.125064399995608,mouse,move,603,8,1,0,1.0,62.12221924643397,,
5.156933899997966,mouse,move,603,8,0,0,0.0,0.0,,
5.165232200000901,mouse,move,605,7,2,-1,2.23606797749979,269.46097112771054,,
5.172968500002753,mouse,move,606,6,1,-1,1.4142135623730951,182.80231661576025,,
5.181034399996861,mouse,move,607,6,1,0,1.0,123.9787253413129,,
5.188929600000847,mouse,move,611,4,4,-2,4.47213595499958,566.4373230243211,,
5.197061200000462,mouse,move,612,3,1,-1,1.4142135623730951,173.9157807122896,,
5.204948700004024,mouse,move,613,2,1,-1,1.4142135623730951,179.29807438787702,,
5.212917600001674,mouse,move,613,2,0,0,0.0,0.0,,
5.220920599997044,mouse,move,614,2,1,0,1.0,124.95314264383356,,
5.228923799993936,mouse,move,615,2,1,0,1.0,124.95002004052121,,
5.236943500000052,mouse,move,617,0,2,-2,2.8284271247461903,352.6849037481583,,
5.2449100999947404,mouse,move,618,-1,1,-1,1.4142135623730951,177.5178323646245,,
5.260966699992423,mouse,move,619,-1,1,0,1.0,62.27968562113607,,
5.3649290000030305,mouse,move,619,0,0,1,1.0,9.618871455306078,,
5.38095940000494,mouse,move,619,1,0,1,1.0,62.38147518969441,,
5.38892389999819,mouse,move,619,2,0,1,1.0,125.55716000345774,,
5.396909599992796,mouse,move,619,2,0,0,0.0,0.0,,
5.412990800003172,mouse,move,619,4,0,2,2.0,124.3688281166544,,
5.420976900000824,mouse,move,619,5,0,1,1.0,125.21756555691019,,
5.428938099998049,mouse,move,619,6,0,1,1.0,125.609204686287,,
5.436924199995701,mouse,move,619,9,0,3,3.0,375.65269667073056,,
5.445012099997257,mouse,move,617,10,-2,1,2.23606797749979,276.47077449890446,,
5.453003100003116,mouse,move,610,14,-7,4,8.06225774829855,1008.9172497043365,,
5.460907600005157,mouse,move,603,16,-7,2,7.280109889280518,921.0082721741182,,
5.4689728999946965,mouse,move,598,17,-5,1,5.0990195135927845,632.2169690161904,,
5.476933700003428,mouse,move,587,21,-11,4,11.704699910719626,1470.2919176315436,,
5.485213599997223,mouse,move,578,22,-9,1,9.055385138137417,1093.6587573429151,,
5.492855799995596,mouse,move,571,24,-7,2,7.280109889280518,952.6196502095155,,
5.500925600004848,mouse,move,564,26,-7,2,7.280109889280518,902.1425414425935,,
5.508980800004792,mouse,move,551,27,-13,1,13.038404810405298,1618.6320402343138,,
5.516945399998804,mouse,move,539,29,-12,2,12.165525060596439,1527.44959818999,,
5.5249279999989085,mouse,move,526,30,-13,1,13.038404810405298,1633.3531443682527,,
5.532919599994784,mouse,move,511,30,-15,0,15.0,1876.970820328987,,
5.540903700006311,mouse,move,499,30,-12,0,12.0,1502.9871848643752,,
5.548892999999225,mouse,move,487,30,-12,0,12.0,1502.0089382853025,,
5.556947899996885,mouse,move,481,30,-6,0,6.0,744.8882049116772,,
5.564904800005024,mouse,move,477,30,-4,0,4.0,502.70834067392525,,
5.572924399995827,mouse,move,475,30,-2,0,2.0,249.38899724346305,,
5.709365400005481,mouse,click_press,475,30,,,,,,
5.845486100006383,mouse,click_release,475,30,,,,,,
5.988947999998345,mouse,move,479,38,4,8,8.94427190999916,21.499433950249518,,
5.996954999995069,mouse,move,489,54,10,16,18.867962264113206,2356.4334047500697,,
6.005116999993334,mouse,move,502,72,13,18,22.20360331117452,2720.363062471759,,
6.0130096999928355,mouse,move,518,93,16,21,26.40075756488817,3344.9589578413215,,
6.021289199998137,mouse,move,535,112,17,19,25.495097567963924,3079.304010102091,,
6.028983199998038,mouse,move,561,138,26,26,36.76955262170047,4778.990462980537,,
6.037130900003831,mouse,move,593,168,32,30,43.86342439892262,5383.534539530878,,
6.044937300001038,mouse,move,624,191,31,23,38.600518131237564,4944.727165536807,,
6.053048200003104,mouse,move,663,225,39,34,51.73973328110612,6379.0372545496475,,
6.060932899999898,mouse,move,704,255,41,30,50.80354318352215,6443.307063576509,,
6.06907090000459,mouse,move,738,276,34,21,39.96248240537617,4910.6024062835595,,
6.076877600004082,mouse,move,772,299,34,23,41.048751503547585,5258.143838782121,,
6.084948699994129,mouse,move,800,319,28,20,34.40930106817051,4263.272801799094,,
6.092927699995926,mouse,move,821,335,21,16,26.40075756488817,3308.780243005875,,
6.101146300003165,mouse,move,843,355,22,20,29.732137494637012,3617.6645010641837,,
6.108893500000704,mouse,move,858,369,15,14,20.518284528683193,2648.4774544612105,,
6.1168964999960735,mouse,move,869,380,11,11,15.556349186104045,1943.814718868543,,
6.124885600002017,mouse,move,881,397,12,17,20.808652046684813,2604.630312701636,,
6.132973400002811,mouse,move,888,406,7,9,11.40175425099138,1409.7473045663485,,
6.140893999996479,mouse,move,895,418,7,12,13.892443989449804,1753.9635886873045,,
6.148993099996005,mouse,move,899,430,4,12,12.649110640673518,1561.7921301642161,,
6.157105100006447,mouse,move,902,436,3,6,6.708203932499369,826.9482154665169,,
6.1650057999941055,mouse,move,904,443,2,7,7.280109889280518,921.4512512375857,,
6.172974600005546,mouse,move,906,449,2,6,6.324555320336759,793.6647062615565,,
6.181042500000331,mouse,move,907,453,1,4,4.123105625617661,511.05066104969166,,
6.189150100006373,mouse,move,908,458,1,5,5.0990195135927845,628.9184850995151,,
6.19737759999407,mouse,move,909,462,1,4,4.123105625617661,501.1371172024352,,
6.205216400005156,mouse,move,909,467,0,5,5.0,637.8527316590023,,
6.213014900000417,mouse,move,911,474,2,7,7.280109889280518,933.5269466826915,,
6.222610700002406,mouse,move,911,481,0,7,7.0,729.4858165602624,,
6.228929399992921,mouse,move,911,488,0,7,7.0,1107.822813317144,,
6.236904499994125,mouse,move,911,498,0,10,10.0,1253.9027721897553,,
6.244955000001937,mouse,move,911,506,0,8,8.0,993.727096731516,,
6.253023700002814,mouse,move,911,516,0,10,10.0,1239.3570214425654,,
6.260995499993442,mouse,move,911,526,0,10,10.0,1254.4218384501053,,
6.2689952999935485,mouse,move,911,536,0,10,10.0,1250.031250764563,,
6.276978699999745,mouse,move,911,546,0,10,10.0,1252.5991422499583,,
6.28492799999367,mouse,move,911,560,0,14,14.0,1761.1613614657156,,
6.292927699993015,mouse,move,910,572,-1,12,12.041594578792296,1505.2557695635508,,
6.3009484999929555,mouse,move,908,583,-2,11,11.180339887498949,1393.9182983720193,,
6.308907900005579,mouse,move,904,597,-4,14,14.560219778561036,1829.311223894853,,
6.316964800003916,mouse,move,902,607,-2,10,10.198039027185569,1265.752216024833,,
6.324974699993618,mouse,move,898,616,-4,9,9.848857801796104,1229.5856146092476,,
6.33305190000101,mouse,move,896,625,-2,9,9.219544457292887,1141.4282732698637,,
6.340905699995346,mouse,move,895,632,-1,7,7.0710678118654755,900.3371383234343,,
6.349043299996993,mouse,move,892,638,-3,6,6.708203932499369,824.3467276767506,,
6.357055100001162,mouse,move,890,643,-2,5,5.385164807134504,672.1541731361318,,
6.364954000004218,mouse,move,888,646,-2,3,3.605551275463989,456.4624535149224,,
6.37289790000068,mouse,move,887,648,-1,2,2.23606797749979,281.48239258998683,,
6.380965899996227,mouse,move,885,652,-2,4,4.47213595499958,554.305398793781,,
6.38889499999641,mouse,move,883,654,-2,2,2.8284271247461903,356.71477528103776,,
6.396955100004561,mouse,move,881,655,-2,1,2.23606797749979,277.42434650170185,,
6.404962400003569,mouse,move,880,657,-1,2,2.23606797749979,279.2536782407081,,
6.41311520000454,mouse,move,879,660,-1,3,3.1622776601683795,387.8762707035228,,
6.421048000003793,mouse,move,878,661,-1,1,1.4142135623730951,178.27419858136912,,
6.436930800002301,mouse,move,878,661,0,0,0.0,0.0,,
6.444919300003676,mouse,move,877,662,-1,1,1.4142135623730951,177.0311775839948,,
6.4530494999926304,mouse,scroll,877,662,0,-1,,,,
6.477283899992472,mouse,scroll,877,662,0,-1,,,,
6.5010254999942845,mouse,scroll,877,662,0,-1,,,,
6.517113800000516,mouse,scroll,877,662,0,-1,,,,
6.653077499999199,mouse,move,876,663,-1,1,1.4142135623730951,6.793936354193635,,
6.661055499993381,mouse,move,876,664,0,1,1.0,125.34469801068587,,
6.669068000002881,mouse,move,873,665,-3,1,3.1622776601683795,394.66803824265014,,
6.677016300003743,mouse,move,873,666,0,1,1.0,125.81306693148493,,
6.684986899999785,mouse,move,872,667,-1,1,1.4142135623730951,177.42874602605582,,
6.69309840000642,mouse,move,869,669,-3,2,3.605551275463989,444.4987083171861,,
6.700973099999828,mouse,move,866,672,-3,3,4.242640687119285,538.7685487282936,,
6.708926299994346,mouse,move,860,678,-6,6,8.48528137423857,1066.9015465583498,,
6.716914000004181,mouse,move,857,686,-3,8,8.54400374531753,1069.645046108094,,
6.724941899999976,mouse,move,852,690,-5,4,6.4031242374328485,797.6088691670841,,
6.732992399993236,mouse,move,847,699,-5,9,10.295630140987,1278.8808334397409,,
6.740901900004246,mouse,move,840,708,-7,9,11.40175425099138,1441.5265484695663,,
6.748906199994963,mouse,move,833,716,-7,8,10.63014581273465,1328.0543988935683,,
6.756959699996514,mouse,move,821,729,-12,13,17.69180601295413,2196.7847531564707,,
6.764927700001863,mouse,move,810,740,-11,11,15.556349186104045,1952.3530591944927,,
6.7729917999968166,mouse,move,801,748,-9,8,12.041594578792296,1493.2347796192475,,
6.780941000004532,mouse,move,790,756,-11,8,13.601470508735444,1711.0489729198223,,
6.788865800001076,mouse,move,779,765,-11,9,14.212670403551895,1793.4421574991095,,
6.796906999996281,mouse,move,769,771,-10,6,11.661903789690601,1450.2690887734323,,
6.804962599999271,mouse,move,758,777,-11,6,12.529964086141668,1555.4352353010022,,
6.812913000001572,mouse,move,746,784,-12,7,13.892443989449804,1747.3893119125473,,
6.820931499998551,mouse,move,733,790,-13,6,14.317821063276353,1785.5984371978577,,
6.828945300003397,mouse,move,724,793,-9,3,9.486832980505138,1183.8120460665218,,
6.836953199992422,mouse,move,716,796,-8,3,8.54400374531753,1066.9468596045847,,
6.845056499994826,mouse,move,708,800,-8,4,8.94427190999916,1103.7814109493856,,
6.8529924000031315,mouse,move,703,801,-5,1,5.0990195135927845,642.5256755070031,,
6.860918000005768,mouse,move,699,802,-4,1,4.123105625617661,520.2263076923184,,
6.868956299993442,mouse,move,696,802,-3,0,3.0,373.2132421780686,,
6.941046499996446,mouse,move,712,792,16,-10,18.867962264113206,261.7271454833952,,
6.949145699996734,mouse,move,765,763,53,-29,60.41522986797286,7459.407085369519,,
6.957301600006758,mouse,move,825,728,60,-35,69.46221994724903,8516.806221493014,,
6.964884799992433,mouse,move,892,692,67,-36,76.05918747922567,10029.959334174098,,
6.972933299999568,mouse,move,965,653,73,-39,82.76472678623425,10283.248644202607,,
6.980940299996291,mouse,move,1045,607,80,-46,92.28217596047462,11525.1874607513,,
6.988907299994025,mouse,move,1118,571,73,-36,81.39410298049853,10216.40554834291,,
6.996903699997347,mouse,move,1195,528,77,-43,88.19297024139736,11029.084363559177,,
7.00497809999797,mouse,move,1268,484,73,-44,85.23496934944014,10556.19852160645,,
7.012900999994599,mouse,move,1333,440,65,-44,78.49203781276162,9906.983282151512,,
7.021118399992702,mouse,move,1384,401,51,-39,64.20280367709809,7813.031334962955,,
7.028904699996929,mouse,move,1439,356,55,-45,71.06335201775947,9126.716409485898,,
7.03697220000322,mouse,move,1469,326,30,-30,42.42640687119285,5258.928644327052,,
7.044952099997317,mouse,move,1492,292,23,-34,41.048751503547585,5144.018287686485,,
7.053049099995405,mouse,move,1506,260,14,-32,34.92849839314596,4313.757984610829,,
7.060878899996169,mouse,move,1510,231,4,-29,29.274562336608895,3738.8646368686655,,
7.069017799993162,mouse,move,1510,207,0,-24,24.0,2948.8014361727824,,
7.076914299992495,mouse,move,1496,189,-14,-18,22.80350850198276,2887.799468613743,,
7.084906999996747,mouse,move,1470,163,-26,-26,36.76955262170047,4600.391932906415,,
7.0933552000060445,mouse,move,1442,141,-28,-22,35.608987629529715,4214.979237037548,,
7.1009632000059355,mouse,move,1402,116,-40,-25,47.16990566028302,6200.040176256389,,
7.109103399998276,mouse,move,1352,90,-50,-26,56.356011214421486,6923.172805023536,,
7.116953300006571,mouse,move,1296,66,-56,-24,60.92618484691127,7761.396295815914,,
7.124924000003375,mouse,move,1234,41,-62,-25,66.85057965343307,8387.03999400793,,
7.133028099997318,mouse,move,1171,27,-63,-14,64.53681120105021,7963.476666043497,,
7.140976499998942,mouse,move,1110,10,-61,-17,63.324560795950255,7966.956970335485,,
7.148973899995326,mouse,move,1049,-10,-61,-20,64.19501538281614,8026.985696831638,,
7.156950200005667,mouse,move,992,-9,-57,1,57.0087712549569,7147.270185555384,,
7.164953100000275,mouse,move,944,-5,-48,4,48.16637831516918,6018.615545317506,,
7.172929499996826,mouse,move,891,-9,-53,-4,53.150729063673246,6663.498456278182,,
7.180979400000069,mouse,move,849,-2,-42,7,42.579337712087536,5289.424427003152,,
7.188930100004654,mouse,move,807,-7,-42,-5,42.2965719651132,5319.8550996416925,,
7.197010300005786,mouse,move,773,0,-34,7,34.713109915419565,4296.070630746456,,
7.204971500003012,mouse,move,745,-1,-28,-1,28.0178514522438,3519.300037934875,,
7.21297140000388,mouse,move,723,-2,-22,-1,22.02271554554524,2752.8738538175153,,
7.22096700000111,mouse,move,706,-4,-17,-2,17.11724276862369,2140.8328048619323,,
7.22894180000003,mouse,move,691,-1,-15,3,15.297058540778355,1918.1745677447689,,
7.237033600002178,mouse,move,674,-3,-17,-2,17.11724276862369,2115.3813445808173,,
7.244926999992458,mouse,move,658,-2,-16,1,16.0312195418814,2030.9650545546983,,
7.2529148000030546,mouse,move,643,-1,-15,1,15.033296378372908,1882.0321438230976,,
7.2611861000041245,mouse,move,625,0,-18,1,18.027756377319946,2179.5553752116393,,
7.269012799995835,mouse,move,604,-1,-21,-1,21.02379604162864,2686.163525354956,,
7.277134499992826,mouse,move,577,0,-27,1,27.018512172212592,3326.706500144351,,
7.284965500002727,mouse,move,549,0,-28,0,28.0,3575.53313300971,,
7.293054099995061,mouse,move,504,3,-45,3,45.09988913511872,5575.734883399204,,
7.300976800004719,mouse,move,457,14,-47,11,48.27007354458868,6092.629215513153,,
7.309036599996034,mouse,move,399,36,-58,22,62.03224967708329,7696.499881377406,,
7.317024300005869,mouse,move,323,70,-76,34,83.2586331859946,10423.35504381504,,
7.325037799993879,mouse,move,223,120,-100,50,111.80339887498948,13951.88108095968,,
7.332901000001584,mouse,move,113,182,-110,62,126.26955294131677,16058.290876181116,,
7.34132170000521,mouse,move,-18,249,-131,67,147.13938969562162,17473.534223077135,,
7.348926399994525,mouse,move,-126,309,-108,60,123.54756169184401,16246.211141193313,,
7.357022600001073,mouse,move,-103,362,23,53,57.77542730261716,7136.116604813075,,
7.365151599995443,mouse,move,-76,399,27,37,45.803929962395145,5634.632795438861,,
7.372914799998398,mouse,move,-60,426,16,27,31.38470965295043,4042.7542303435425,,
7.3810407999990275,mouse,move,-49,449,11,23,25.495097567963924,3137.472011566411,,
7.388971699998365,mouse,move,-33,470,16,21,26.40075756488817,3328.847617180181,,
7.397112399994512,mouse,move,-40,490,-7,20,21.18962010041709,2602.923595077249,,
7.404959799998323,mouse,move,-34,502,6,12,13.416407864998739,1709.6628002246125,,
7.41328949999297,mouse,move,-29,506,5,4,6.4031242374328485,768.7100665747622,,
7.4209188999957405,mouse,move,-21,506,8,0,8.0,1048.5752480005392,,
7.429061500006355,mouse,move,-21,505,0,-1,1.0,122.81089562257532,,
7.436976199998753,mouse,move,-24,491,-3,-14,14.317821063276353,1809.0162706140293,,
7.444954199992935,mouse,move,-11,481,13,-10,16.401219466856727,2055.805901080139,,
7.452963100004126,mouse,move,-17,464,-6,-17,18.027756377319946,2250.9653450697433,,
7.4609570000029635,mouse,move,-13,446,4,-18,18.439088914585774,2306.6449314187134,,
7.468975499999942,mouse,move,-18,416,-5,-30,30.4138126514911,3792.955373567427,,
7.477094500005478,mouse,move,-12,384,6,-32,32.55764119219941,4010.0555696515116,,
7.484933500003535,mouse,move,-15,343,-3,-41,41.10960958218893,5244.241560451221,,
7.493176599993603,mouse,move,-13,302,2,-41,41.048751503547585,4979.771148355188,,
7.5009334000060335,mouse,move,-14,248,-1,-54,54.00925846556311,6962.82724564433,,
7.509190299999318,mouse,move,-14,204,0,-44,44.0,5328.87645917784,,
7.516937199994572,mouse,move,-14,150,0,-54,54.0,6970.530151812942,,
7.525018000000273,mouse,move,-7,97,7,-53,53.46026561849464,6615.714481336274,,
7.533062699993025,mouse,move,-4,45,3,-52,52.08646657242167,6474.6313248911365,,
7.541106300006504,mouse,move,0,-15,4,-60,60.13318551349163,7475.904497080847,,
7.548919699998805,mouse,move,0,-58,0,-43,43.0,5503.366017658088,,
7.557131499997922,mouse,move,17,-71,17,-13,21.400934559032695,2606.119798501438,,
7.56517580000218,mouse,move,45,-72,28,-1,28.0178514522438,3482.9446238223395,,
7.572924899999634,mouse,move,84,-73,39,-1,39.01281840626232,5034.496705304941,,
7.5809945999935735,mouse,move,141,-78,57,-5,57.21887800367987,7090.583051000026,,
7.588952899997821,mouse,move,208,-76,67,2,67.02984409947557,8422.633485003053,,
7.597231399995508,mouse,move,291,-74,83,2,83.02409288875127,10028.881187648987,,
7.604938599994057,mouse,move,382,-58,91,16,92.39588735436226,11988.25609452914,,
7.613061700001708,mouse,move,465,-43,83,15,84.34453153583817,10383.293503267436,,
7.620939200001885,mouse,move,544,-39,79,4,79.1012010022604,10041.409203488867,,
7.629188599996269,mouse,move,637,-41,93,-2,93.02150289046077,11276.153775279721,,
7.636947699997108,mouse,move,732,-36,95,5,95.13148795220224,12260.634344435208,,
7.645134799997322,mouse,move,836,-27,104,9,104.38869670610895,12750.387402545774,,
7.652925200003665,mouse,move,954,-31,118,-4,118.06777714516353,15155.547474973911,,
7.66117690000101,mouse,move,1085,-25,131,6,131.13733259449805,15892.159510972522,,
7.668924500001594,mouse,move,1200,-6,115,19,116.55899793666725,15044.529651488687,,
7.677043400006369,mouse,move,1343,-23,143,-17,144.00694427700353,17737.248173067783,,
7.685048999992432,mouse,move,1480,-20,137,3,137.03284277865654,17117.123390778015,,
7.6930076999997254,mouse,move,1596,-11,116,9,116.3486140871476,14619.047580701046,,
7.700950300000841,mouse,move,1722,-14,126,-3,126.03570922560003,15868.318838655008,,
7.709043399998336,mouse,move,1828,-11,106,3,106.04244433244644,13102.821460906829,,
7.716968099994119,mouse,move,1937,-13,109,-2,109.01834707974616,13756.779075265478,,
7.725061299992376,mouse,move,2011,-6,74,7,74.33034373659252,9184.29592158887,,
7.733120100005181,mouse,move,1987,0,-24,6,24.73863375370596,3069.7664310317828,,
7.741032799996901,mouse,move,1970,0,-17,0,17.0,2148.444907274073,,
7.748960400000215,mouse,move,1949,0,-21,0,21.0,2648.973206421014,,
7.756987999993726,mouse,move,1926,0,-23,0,23.0,2865.1153543514174,,
7.765146499994444,mouse,move,1921,0,-5,0,5.0,612.8577556609595,,
7.7889298999944,mouse,move,1918,-3,-3,-3,4.242640687119285,178.38663467490042,,
7.797014199997648,mouse,move,1909,-3,-9,0,9.0,1113.2689282170184,,
7.805209800004377,mouse,move,1893,-4,-16,-1,16.0312195418814,1956.0763737515554,,
7.812926300000981,mouse,move,1861,-11,-32,-7,32.7566787083184,4245.017653435209,,
7.820934000003035,mouse,move,1794,-20,-67,-9,67.60177512462228,8442.096370653784,,
7.828953599993838,mouse,move,1722,-28,-72,-8,72.44308110509934,9033.253677013794,,
7.836920200003078,mouse,move,1629,-38,-93,-10,93.53608929178085,11741.029947944075,,
7.844938499998534,mouse,move,1527,-44,-102,-6,102.17631819555841,12742.890419847536,,
7.85290119999263,mouse,move,1417,-54,-110,-10,110.45361017187261,13871.376575002794,,
7.861009100000956,mouse,move,1308,-44,-109,10,109.45775440780794,13500.136199928522,,
7.868914199993014,mouse,move,1175,-58,-133,-14,133.73481222179961,16917.535813102255,,
7.877024100002018,mouse,move,1040,-49,-135,9,135.29966740535616,16683.27195836556,,
7.884916599999997,mouse,move,894,-53,-146,-4,146.05478424207814,18505.51590490684,,
7.893117400002666,mouse,move,742,-55,-152,-2,152.0131573252789,18536.381484221736,,
7.900860299996566,mouse,move,593,-50,-149,5,149.08386901338454,19254.267668552035,,
7.909099800002878,mouse,move,445,-43,-148,7,148.16544806398016,17982.334844406014,,
7.916991699996288,mouse,move,303,-44,-142,-1,142.00352108310554,17993.578378042956,,
7.925039499998093,mouse,move,172,-37,-131,7,131.18688958886096,16300.962941355692,,
7.932981599995401,mouse,move,52,-17,-120,20,121.6552506059644,15317.768681733825,,
7.941184800001793,mouse,move,-47,-13,-99,4,99.08077512817509,12078.307861684747,,
7.948929599995608,mouse,move,-92,-5,-45,8,45.70557952810576,5901.453822513343,,
7.957212599998456,mouse,move,-75,0,17,5,17.72004514666935,2139.326951657199,,
7.965108699994744,mouse,move,-57,0,18,0,18.0,2279.606389035514,,
7.972879199995077,mouse,move,-54,10,3,10,10.44030650891055,1343.5823316984213,,
7.981073300004937,mouse,move,-36,32,18,22,28.42534080710379,3469.000960801191,,
7.988908700004686,mouse,move,-24,58,12,26,28.635642126552707,3654.6496831649097,,
7.997190399997635,mouse,move,-18,100,6,42,42.42640687119285,5122.910381602058,,
8.004849599994486,mouse,move,-12,169,6,69,69.26037828369117,9042.769259474015,,
8.012942600005772,mouse,move,-10,245,2,76,76.02631123499285,9394.08267996706,,
8.020903800002998,mouse,move,-11,335,-1,90,90.00555538409837,11305.526229144152,,
8.028926500002854,mouse,move,-2,426,9,91,91.44397191723465,11398.154227239946,,
8.03694789999281,mouse,move,0,517,2,91,91.02197536858887,11347.39265995348,,
8.044973399999435,mouse,move,0,612,0,95,95.0,11837.268696228775,,
8.052916600005119,mouse,move,9,701,9,89,89.45389874119518,11261.695371787586,,
8.060921399999643,mouse,move,27,778,18,77,79.07591289387686,9878.561981308147,,
8.068974099995103,mouse,move,42,845,15,67,68.65857557508748,8526.155899735037,,
8.076920199993765,mouse,move,65,923,23,78,81.32035415564789,10233.995817991019,,
8.084965500005637,mouse,move,91,995,26,72,76.55063683601855,9514.95117932881,,
8.093065599998226,mouse,move,130,1071,39,76,85.42247947700886,10545.85493452713,,
8.101636499995948,mouse,move,169,1138,39,67,77.52418977325722,9045.046587157362,,
8.10911780000606,mouse,move,215,1140,46,2,46.04345773288535,6154.472841704635,,
8.117039599994314,mouse,move,265,1132,50,-8,50.635955604688654,6391.976025622324,,
8.125010899995686,mouse,move,320,1119,55,-13,56.515484603779164,7089.870484619539,,
8.132924799996545,mouse,move,382,1106,62,-13,63.34824385884742,8004.680859244928,,
8.14112600000226,mouse,move,446,1096,64,-10,64.77653896280658,7898.4220501473965,,
8.14897330000531,mouse,move,518,1087,72,-9,72.56031973468694,9246.533165099587,,
8.15717059999588,mouse,move,599,1079,81,-8,81.39410298049853,9929.37956084697,,
8.16490899999917,mouse,move,688,1077,89,-2,89.02246907382428,11503.989072155446,,
8.173037800006568,mouse,move,772,1051,84,-26,87.93179174792243,10817.315184023882,,
8.18097509999643,mouse,move,865,1010,93,-41,101.6366075781753,12804.934638729419,,
8.189007199995103,mouse,move,958,960,93,-50,105.58882516630251,13145.855403164021,,
8.196930299993255,mouse,move,1052,908,94,-52,107.42439201596628,13558.378922520698,,
8.20490690000588,mouse,move,1156,835,104,-73,127.06297651164952,15929.465726065113,,
8.21289720000641,mouse,move,1271,751,115,-84,142.41137595009747,17823.032419392584,,
8.220910799995181,mouse,move,1380,662,109,-89,140.71957930579526,17560.09527590184,,
8.228898600005778,mouse,move,1480,559,100,-103,143.55835050598765,17972.201396573146,,
8.23694930000056,mouse,move,1571,463,91,-96,132.27622613304328,16430.40061345747,,
8.244920800003456,mouse,move,1643,377,72,-86,112.16059914247963,14070.19997512885,,
8.252968000000692,mouse,move,1695,281,52,-96,109.17875251164945,13567.297016247785,,
8.260919899999863,mouse,move,1736,185,41,-96,104.38869670610895,13127.516281265784,,
8.268926999997348,mouse,move,1752,108,16,-77,78.64477096412705,9821.879455586732,,
8.277025500006857,mouse,move,1757,40,5,-68,68.18357573492314,8419.284516250907,,
8.28505390000646,mouse,move,1757,-11,0,-51,51.0,6352.448807050451,,
8.292971599992597,mouse,move,1746,-57,-11,-46,47.29693436154187,5973.569905951323,,
8.300863299999037,mouse,move,1722,-49,-24,8,25.298221281347036,3205.6744758042723,,
8.309026400005678,mouse,move,1701,-37,-21,12,24.186773244895647,2962.9397196186615,,
8.317153199997847,mouse,move,1674,-29,-27,8,28.160255680657446,3465.1099704424673,,
8.324998800002504,mouse,move,1629,-33,-45,-4,45.17742799230607,5758.313955017923,,
8.33288739999989,mouse,move,1583,-25,-46,8,46.69047011971501,5918.727040943206,,
8.34103860000323,mouse,move,1524,-22,-59,3,59.07622195096772,7247.54906354421,,
8.348909499996807,mouse,move,1460,-17,-64,5,64.19501538281614,8155.994287210072,,
8.357144900001003,mouse,move,1388,-8,-72,9,72.56031973468694,8810.782681802591,,
8.365019100005156,mouse,move,1300,0,-88,8,88.36288813749809,11221.824196857378,,
8.373001100000693,mouse,move,1209,0,-91,0,91.0,11400.651472173711,,
8.38091120000172,mouse,move,1110,13,-99,13,99.84988733093293,12623.087864625046,,
8.389024000003701,mouse,move,998,52,-112,39,118.59595271340417,14618.374998081477,,
8.3970180000033,mouse,move,881,109,-117,57,130.14607178090316,16280.469325423835,,
8.405103199998848,mouse,move,768,171,-113,62,128.89142717807107,15941.649835382661,,
8.41294549999293,mouse,move,653,242,-115,71,135.15176654413364,17233.68994378376,,
8.420986700002686,mouse,move,539,320,-114,78,138.13037319865606,17177.830800260752,,
8.428938500001095,mouse,move,444,384,-95,64,114.54693361238441,14405.157780037396,,
8.436970900002052,mouse,move,350,448,-94,64,113.718951806636,14157.530973692732,,
8.444933899998432,mouse,move,262,514,-88,66,110.0,13813.889244004393,,
8.452922399999807,mouse,move,188,561,-74,47,87.66413177577246,10973.79129507261,,
8.460967999999411,mouse,move,117,606,-71,45,84.05950273467003,10447.884898428905,,
8.468947000001208,mouse,move,61,635,-56,29,63.06346010171025,7903.679670072831,,
8.47698429999582,mouse,move,14,646,-47,11,48.27007354458868,6005.757353457881,,
8.484949299992877,mouse,move,-27,657,-41,11,42.44997055358225,5329.563159983307,,
8.492980099996203,mouse,move,-41,659,-14,2,14.142135623730951,1760.9871517002878,,
8.50094280000485,mouse,move,-41,659,0,0,0.0,0.0,,
8.508976700002677,mouse,move,-47,649,-6,-10,11.661903789690601,1451.5868747240302,,
8.516920399997616,mouse,move,-55,625,-8,-24,25.298221281347036,3184.689917477189,,
8.525018300002557,mouse,move,-48,594,7,-31,31.78049716414141,3924.5356382210357,,
8.532920199999353,mouse,move,-41,564,7,-30,30.805843601498726,3898.5362525456962,,
8.541100600006757,mouse,move,-41,532,0,-32,32.0,3911.789151023862,,
8.548925099996268,mouse,move,-42,495,-1,-37,37.013511046643494,4730.463428495575,,
8.557158399999025,mouse,move,-49,451,-7,-44,44.553338819890925,5411.358605294271,,
8.565056399995228,mouse,move,-56,400,-7,-51,51.478150704935004,6517.871705454973,,
8.572973100002855,mouse,move,-45,362,11,-38,39.56008088970496,4997.041804235804,,
8.58105809999688,mouse,move,-50,312,-5,-50,50.24937810560445,6215.136443133751,,
8.588990899996134,mouse,move,-43,266,7,-46,46.52956049652737,5865.464968347808,,
8.597007799995481,mouse,move,-48,214,-5,-52,52.23983154643591,6516.213442937748,,
8.605207400003565,mouse,move,-47,162,1,-52,52.009614495783374,6342.94531983391,,
8.612911599993822,mouse,move,-35,120,12,-42,43.68065933568311,5669.720333184455,,
8.62118499999633,mouse,move,-38,75,-3,-45,45.09988913511872,5451.191665028262,,
8.62902180000674,mouse,move,-30,45,8,-30,31.04834939252005,3961.8657297978984,,
8.637016799999401,mouse,move,-22,25,8,-20,21.540659228538015,2694.266322490401,,
8.645126300005359,mouse,move,-21,7,1,-18,18.027756377319946,2223.041662750576,,
8.652917600004002,mouse,move,-19,-8,2,-15,15.132745950421556,1942.2620041656253,,
8.660933399994974,mouse,move,-6,-12,13,-4,13.601470508735444,1696.8325711788186,,
8.668900899996515,mouse,move,0,-17,6,-5,7.810249675906654,980.2635298896437,,
8.676915400006692,mouse,move,2,-21,2,-4,4.47213595499958,558.0056084997194,,
8.684969699999783,mouse,move,15,-41,13,-20,23.853720883753127,2961.6131636783,,
8.692917099993792,mouse,move,50,-64,35,-23,41.88078318274385,5269.746484927647,,
8.700987400006852,mouse,move,100,-71,50,-7,50.48762224545735,6255.978360625483,,
8.70909859999665,mouse,move,170,-73,70,-2,70.02856560004639,8633.564169065228,,
8.716874499994447,mouse,move,243,-70,73,3,73.06161783043132,9395.905020787373,,
8.724952499993378,mouse,move,332,-75,89,-5,89.1403387922662,11034.951572673192,,
8.732907800003886,mouse,move,430,-70,98,5,98.12746812182611,12334.854498537123,,
8.740960900002392,mouse,move,521,-63,91,7,91.26883367283708,11333.37890871485,,
8.748939500001143,mouse,move,618,-53,97,10,97.51410154434076,12221.956428397132,,
8.757016000003205,mouse,move,711,-44,93,9,93.43446901438462,11568.68309175145,,
8.76495050000085,mouse,move,804,-40,93,4,93.08598175880189,11731.801850957598,,
8.77310099999886,mouse,move,889,-35,85,5,85.14693182963201,10446.835390518825,,
8.781040699992445,mouse,move,964,-26,75,9,75.53806987208503,9513.970292720745,,
8.789052499996615,mouse,move,1013,-23,49,3,49.09175083453431,6127.430890559792,,
8.79713370000536,mouse,move,1048,-15,35,8,35.90264614203248,4442.736982524285,,
8.805072500006645,mouse,move,1073,-9,25,6,25.709920264364882,3238.514669749368,,
8.813110400005826,mouse,move,1085,-9,12,0,12.0,1492.9272572715502,,
8.820964800004731,mouse,move,1088,-3,3,6,6.708203932499369,854.0695576281395,,
8.82892709999578,mouse,move,1089,-2,1,1,1.4142135623730951,177.61370005686456,,
8.837037999997847,mouse,move,1087,-5,-2,-3,3.605551275463989,444.53159014974494,,
8.845020099994144,mouse,move,1068,-11,-19,-6,19.924858845171276,2496.1925877166573,,
8.852893699993729,mouse,move,1012,-27,-56,-16,58.240879114244144,7396.982208560174,,
8.861049500002991,mouse,move,927,-32,-85,-5,85.14693182963201,10440.046559862734,,
8.868889699995634,mouse,move,826,-27,-101,5,101.1236866416568,12898.100397509184,,
8.877050399998552,mouse,move,646,-24,-180,3,180.02499826412998,22059.994632783764,,
8.884873999995762,mouse,move,419,-39,-227,-15,227.49505489130968,29078.052938858753,,
8.892968999993172,mouse,move,175,-28,-244,11,244.24782496472716,30172.67758404528,,
8.900909799995134,mouse,move,-116,-40,-291,-12,291.247317584214,36677.32690815575,,
8.909084900005837,mouse,move,-314,-40,-198,0,198.0,24219.887186794884,,
8.91693849999865,mouse,move,-299,-69,15,-29,32.64965543462902,4157.2852531966455,,
8.924946400002227,mouse,move,-326,-75,-27,-6,27.65863337187866,3453.918425495473,,
8.9329088999948,mouse,move,-330,-19,-4,56,56.142675390472796,7050.885455929899,,
8.940968599999906,mouse,move,-289,2,41,21,46.06517122512408,5715.4945216251845,,
8.948913899992476,mouse,move,-192,2,97,0,97.0,12208.475462311177,,
8.95697499999369,mouse,move,-6,2,186,0,186.0,23073.77404721276,,
9.053255299993907,mouse,move,0,2,6,0,6.0,62.31804429344828,,
9.060956400004216,mouse,move,-39,-26,-39,-28,48.010415536631214,6234.228288473862,,
9.069048200006364,mouse,move,-74,-73,-35,-47,58.60034129593445,7241.941382680744,,
9.07703169999877,mouse,move,-60,-85,14,-12,18.439088914585774,2309.64976916456,,
9.084879600006389,mouse,move,-41,-64,19,21,28.319604517012593,3608.5582754011216,,
9.0929635999928,mouse,move,-19,-36,22,28,35.608987629529715,4404.872302002375,,
9.100913400005084,mouse,move,-21,-81,-2,-45,45.044422518220834,5666.107631464767,,
9.109207100002095,mouse,move,-13,-96,8,-15,17.0,2049.748605100923,,
9.116891900004703,mouse,move,0,-94,13,2,13.152946437965905,1711.5535125836718,,
9.124933500002953,mouse,move,37,-86,37,8,37.8549864614954,4707.394855467879,,
9.132931300002383,mouse,move,102,-55,65,31,72.01388754955533,9004.212102664374,,
9.141077499996754,mouse,move,181,-71,79,-16,80.60397012554654,9894.67115725626,,
9.148958299992955,mouse,move,284,-44,103,27,106.48004507887852,13511.324374455478,,
9.156941399996867,mouse,move,414,-70,130,-26,132.5745073534124,16606.895477752296,,
9.16491560000577,mouse,move,564,-71,150,-1,150.00333329629711,18811.08238178472,,
9.1730394000042,mouse,move,750,-65,186,6,186.09674903124989,22907.598545905104,,
9.180915000004461,mouse,move,979,-68,229,-3,229.01964981197574,29079.64470064203,,
9.189045699997223,mouse,move,1227,-52,248,16,248.51559307214507,30565.09197158631,,
9.196943699993426,mouse,move,1518,-55,291,-3,291.0154635066666,36846.72874735043,,
9.205218100003549,mouse,move,1833,-50,315,5,315.03968004046726,38074.02103536777,,
9.213014099994325,mouse,move,2134,-50,301,0,301.0,38609.54340124775,,
9.221072600004845,mouse,move,2264,-47,130,3,130.034610777285,16136.329417078521,,
9.229136900001322,mouse,move,2239,-9,-25,38,45.48626166217664,5640.447612570226,,
9.237221699993825,mouse,move,2246,-16,7,-7,9.899494936611665,1224.4576174787046,,
9.245045200004824,mouse,move,2245,-6,-1,10,10.04987562112089,1284.5753955378989,,
9.25311309999961,mouse,move,2229,-9,-16,-3,16.278820596099706,2017.7271169228945,,
9.261101700001745,mouse,move,2179,-22,-50,-13,51.66236541235796,6467.011165729151,,
9.269005900001503,mouse,move,2148,-3,-31,19,36.359317925395686,4599.999737672753,,
9.276951899999403,mouse,move,2112,-9,-36,-6,36.49657518178932,4593.075156233464,,
9.285002300006454,mouse,move,2058,-8,-54,1,54.00925846556311,6708.891287173578,,
9.293070200001239,mouse,move,2023,0,-35,8,35.90264614203248,4450.060878944917,,
9.300951600002008,mouse,move,1977,0,-46,0,46.0,5836.526504873239,,
9.30920530000003,mouse,move,1934,0,-43,0,43.0,5209.784703866709,,
9.31691619999765,mouse,move,1919,0,-15,0,15.0,1945.2982148169206,,
9.349031899997499,mouse,move,1919,0,0,0,0.0,0.0,,
9.357110900004045,mouse,move,1910,-3,-9,-3,9.486832980505138,1174.258320685497,,
9.36492900000303,mouse,move,1868,-36,-42,-33,53.41348144429457,6832.028427779925,,
9.37299869999697,mouse,move,1773,-79,-95,-43,104.27847332982968,12922.224296832532,,
9.380923699995037,mouse,move,1660,-98,-113,-19,114.58621208504974,14458.828026875879,,
9.389051299993298,mouse,move,1508,-107,-152,-9,152.26621424334422,18734.46211377606,,
9.39696699999331,mouse,move,1334,-103,-174,4,174.04597093871493,21987.439005829507,,
9.405115000001388,mouse,move,1167,-89,-167,14,167.5857989210303,20567.721987591725,,
9.412942199996905,mouse,move,977,-78,-190,11,190.31815467789718,24314.97275997591,,
9.421137700002873,mouse,move,781,-70,-196,8,196.16319736382766,23935.476446950495,,
9.42905150000297,mouse,move,582,-63,-199,7,199.12307751739877,25161.499850257318,,
9.437096499998006,mouse,move,347,-64,-235,-1,235.00212764994276,29210.95435611491,,
9.445046900000307,mouse,move,96,-55,-251,9,251.16130275183716,31591.027203556354,,
9.45308870000008,mouse,move,-176,-65,-272,-10,272.18376145538144,33846.124184019434,,
9.461096900005941,mouse,move,-292,-66,-116,-1,116.00431026474836,14485.690939268217,,
9.46907089999877,mouse,move,-276,-68,16,-2,16.1245154965971,2022.1363821294324,,
9.477105199999642,mouse,move,-298,-56,-22,12,25.059928172283335,3119.117803612265,,
9.48499169999559,mouse,move,-288,-52,10,4,10.770329614269007,1365.6665973249148,,
9.492988300000434,mouse,move,-265,-46,23,6,23.769728648009426,2972.4793829389546,,
9.500917900004424,mouse,move,-274,-40,-9,6,10.816653826391969,1364.0856816168277,,
9.509059699994395,mouse,move,-267,-25,7,15,16.55294535724685,2033.0817973465266,,
9.516870799998287,mouse,move,-245,0,22,25,33.301651610693426,4263.375400916896,,
9.52519939999911,mouse,move,-250,5,-5,5,7.0710678118654755,849.0103752331497,,
9.532890200003749,mouse,move,-244,48,6,43,43.41658669218482,5645.262738076398,,
9.54108379999525,mouse,move,-222,112,22,64,67.67569726275453,8259.580322807782,,
9.548999499995261,mouse,move,-176,177,46,65,79.63039620647382,10059.804718009796,,
9.556914400003734,mouse,move,-196,244,-20,67,69.92138442565336,8834.146274849341,,
9.56500319999759,mouse,move,-168,358,28,114,117.38824472663352,14512.442490330606,,
9.572934399999212,mouse,move,-147,492,21,134,135.63554106501732,17101.515664374267,,
9.581140099995537,mouse,move,-118,625,29,133,136.12494260788506,16589.071336858797,,
9.589078699995298,mouse,move,-81,753,37,128,133.24038426843418,16783.864191726756,,
9.596922500000801,mouse,move,-49,895,32,142,145.5609837834301,18557.45731422377,,
9.604956399998628,mouse,move,-17,1025,32,130,133.88054376943649,16664.45235883617,,
9.613064999997732,mouse,move,-3,1160,14,135,135.72398461583714,16738.275982392046,,
9.620916800005944,mouse,move,-12,1265,-9,105,105.38500842150178,13421.764221107498,,
9.62901889999921,mouse,move,0,1244,12,-21,24.186773244895647,2985.2474377010662,,
9.637108700000681,mouse,move,0,1244,0,0,0.0,0.0,,
9.645019899995532,mouse,move,2,1268,2,24,24.08318915758459,3044.189146180025,,
9.653070000000298,mouse,move,11,1254,9,-14,16.64331697709324,2067.467108140198,,
9.660907199999201,mouse,move,32,1273,21,19,28.319604517012593,3613.484984557784,,
9.669109800001024,mouse,move,55,1259,23,-14,26.92582403567252,3282.5962535888416,,
9.677007599995704,mouse,move,103,1283,48,24,53.665631459994955,6795.010192223624,,
9.68506580000394,mouse,move,148,1264,45,-19,48.84669896727925,6061.738219125307,,
9.692905400006566,mouse,move,193,1260,45,-4,45.17742799230607,5762.721054285093,,
9.701033899997128,mouse,move,261,1239,68,-21,71.16881339463234,8755.466996034525,,
9.708994800006622,mouse,move,338,1239,77,0,77.0,9672.273223904054,,
9.71702519999235,mouse,move,432,1214,94,-25,97.26767191621273,12112.43177040784,,
9.724973499993212,mouse,move,532,1214,100,0,100.0,12581.306693148494,,
9.732984799993574,mouse,move,644,1221,112,7,112.21853679316978,14007.5314603245,,
9.740970300001209,mouse,move,781,1216,137,-5,137.09121051329294,17167.517423106787,,
9.749038399997517,mouse,move,937,1202,156,-14,156.62694531912445,19413.114040579603,,
9.757132600003388,mouse,move,1125,1197,188,-5,188.06647760831805,23234.720846025713,,
9.764899000001606,mouse,move,1316,1182,191,-15,191.58809983921236,24668.842692003585,,
9.772923600001377,mouse,move,1513,1176,197,-6,197.0913493789111,24560.89392424849,,
9.780901599995559,mouse,move,1720,1171,207,-5,207.06037766796427,25953.920508769548,,
9.78894240000227,mouse,move,1922,1148,202,-23,203.3051893090779,25284.199226370205,,
9.796950300005847,mouse,move,2145,1146,223,-2,223.00896842952304,27848.620528467916,,
9.804941199996392,mouse,move,2167,1147,22,1,22.02271554554524,2755.9743672929662,,
9.812985299999127,mouse,move,2181,1134,14,-13,19.1049731745428,2375.0292970061637,,
9.820984399993904,mouse,move,2170,1122,-11,-12,16.278820596099706,2035.0815225124582,,
9.828909300005762,mouse,move,2173,1125,3,3,4.242640687119285,535.3557370782031,,
9.836920100002317,mouse,move,2187,1119,14,-6,15.231546211727817,1901.376419118982,,
9.844923700002255,mouse,move,2170,1116,-17,-3,17.26267650163207,2156.863973932411,,
9.85302270000102,mouse,move,2180,1128,10,12,15.620499351813308,1928.6948208661709,,
9.860956699994858,mouse,move,2184,1131,4,3,5.0,630.1991434185851,,
9.869051000001491,mouse,move,2171,1135,-13,4,13.601470508735444,1680.3763756705364,,
9.87695609999355,mouse,move,2170,1131,-1,-4,4.123105625617661,521.575391805276,,
9.885106100002304,mouse,move,2160,1118,-10,-13,16.401219466856727,2012.4195643238204,,
9.892961000005016,mouse,move,2116,1106,-44,-12,45.60701700396552,5806.186837288433,,
9.90103850000014,mouse,move,2122,1094,6,-12,13.416407864998739,1660.9604299717373,,
9.908965599999647,mouse,move,2096,1106,-26,12,28.635642126552707,3612.3730151426275,,
9.91705780000484,mouse,move,2072,1096,-24,-10,26.0,3212.9705127544153,,
9.925089099997422,mouse,move,2052,1102,-20,6,20.8806130178211,2599.9045032697145,,
9.932941199993365,mouse,move,2019,1095,-33,-7,33.734255586866,4296.208097743614,,
9.940951600001426,mouse,move,1988,1089,-31,-6,31.575306807693888,3941.789021262265,,
9.948929999998654,mouse,move,1957,1089,-31,0,31.0,3885.4908265781687,,
9.956943600001978,mouse,move,1935,1088,-22,-1,22.02271554554524,2748.16755720421,,
9.964929900001152,mouse,move,1923,1086,-12,-2,12.165525060596439,1523.2992827534247,,
9.972945500005153,mouse,move,1916,1090,-7,4,8.06225774829855,1005.8208673430153,,
9.980924799994682,mouse,move,1905,1087,-11,-3,11.40175425099138,1428.9166049595367,,
9.988960799993947,mouse,move,1868,1092,-37,5,37.33630940518894,4646.131086187529,,
9.996953299996676,mouse,move,1803,1096,-65,4,65.12296062065974,8148.008833084224,,
10.005081900002551,mouse,move,1710,1101,-93,5,93.13431161500041,11457.607896523763,,
10.012948300005519,mouse,move,1599,1101,-111,0,111.0,14110.647813246938,,
10.02100700000301,mouse,move,1463,1099,-136,-2,136.01470508735443,16877.99584668717,,
10.028955400004634,mouse,move,1293,1090,-170,-9,170.23806859806652,21417.90405154383,,
10.037100300003658,mouse,move,1128,1079,-165,-11,165.36626016210198,20303.04364472378,,
10.044915799997398,mouse,move,947,1079,-181,0,181.0,23159.10692150011,,
10.052970200005802,mouse,move,784,1066,-163,-13,163.51758315239374,20301.646675328513,,
10.060953199994401,mouse,move,610,1039,-174,-27,176.08236708995025,22057.167398400295,,
10.068995599998743,mouse,move,439,1001,-171,-38,175.17134468856486,21780.978886151835,,
10.076956399992923,mouse,move,278,957,-161,-44,166.90416411821485,20965.75271834941,,
10.08505029999651,mouse,move,126,913,-152,-44,158.24032355881985,19550.565671517317,,
10.093044699999155,mouse,move,-9,870,-135,-43,141.6827441857335,17722.74894161757,,
10.10103099999833,mouse,move,-121,833,-112,-37,117.95338062132852,14769.46528849634,,
10.10896430000139,mouse,move,-97,784,24,-49,54.56189146281496,6877.578238786963,,
10.117028399996343,mouse,move,-71,739,26,-45,51.97114584074513,6444.754637624429,,
10.124942399997963,mouse,move,-38,694,33,-45,55.80322571321482,7051.203651983182,,
10.132950900006108,mouse,move,-20,652,18,-42,45.69463863518345,5705.767445677467,,
10.14096150000114,mouse,move,-2,610,18,-42,45.69463863518345,5704.271672973628,,
10.148921200001496,mouse,move,1,562,3,-48,48.093658625644196,6042.144631517957,,
10.156920499997796,mouse,move,23,507,22,-55,59.23681287847955,7405.249572572778,,
10.164973799997824,mouse,move,61,446,38,-61,71.8679344353238,8924.035418408332,,
10.172975499997847,mouse,move,114,375,53,-71,88.60022573334675,11072.675273141605,,
10.180962900005397,mouse,move,178,306,64,-69,94.11163583744573,11782.511924841707,,
10.188939500003471,mouse,move,257,232,79,-74,108.2450922675019,13570.329751227726,,
10.196943699993426,mouse,move,346,160,89,-72,114.47707194019246,14302.125394650078,,
10.205015600004117,mouse,move,441,78,95,-82,125.49501982150527,15547.147469033354,,
10.213286500002141,mouse,move,556,1,115,-77,138.3979768638256,16733.1217759722,,
10.221079099996132,mouse,move,667,-70,111,-71,131.76494222667878,16908.983179977076,,
10.228942200003075,mouse,move,781,-75,114,-5,114.10959644131601,14512.03677182672,,
10.237095799995586,mouse,move,889,-68,108,7,108.2266141020775,13273.476035307642,,
10.245125500005088,mouse,move,999,-65,110,3,110.04090148667449,13704.235694541907,,
10.25302940000256,mouse,move,1110,-65,111,0,111.0,14043.699950086888,,
10.260970000002999,mouse,move,1208,-70,98,-5,98.12746812182611,12357.689358034655,,
10.269096000003628,mouse,move,1296,-63,88,7,88.2779700718135,10863.643867213146,,
10.276908200001344,mouse,move,1383,-52,87,11,87.69264507357501,11225.089616141038,,
10.28509479999775,mouse,move,1453,-34,70,18,72.27724399837061,8828.725481896743,,
10.29303240000445,mouse,move,1496,-22,43,12,44.64302857109943,5624.247698728163,,
10.301039800004219,mouse,move,1519,-15,23,7,24.041630560342615,3002.426575546989,,
10.308942799994838,mouse,move,1525,-4,6,11,12.529964086141668,1585.4693282315343,,
10.38896549999481,mouse,move,1521,-1,-4,3,5.0,62.48227065572311,,
10.397043300006771,mouse,move,1500,-2,-21,-1,21.02379604162864,2602.663597823507,,
10.40495500000543,mouse,move,1459,-11,-41,-9,41.97618372363071,5305.583342486445,,
10.413040500003262,mouse,move,1420,-8,-39,3,39.11521443121589,4837.698898237597,,
10.420934499998111,mouse,move,1377,-4,-43,4,43.18564576337837,5470.692398221269,,
10.429014699999243,mouse,move,1340,0,-37,4,37.21558813185679,4605.775615287274,,
10.436979299993254,mouse,move,1313,0,-27,0,27.0,3390.000755882525,,
10.444942400004948,mouse,move,1282,6,-31,6,31.575306807693888,3965.202843280573,,
10.452902000004542,mouse,move,1252,27,-30,21,36.61966684720111,4600.691849975712,,
10.460863999993308,mouse,move,1200,66,-52,39,65.0,8163.777956759147,,
10.468934499993338,mouse,move,1127,145,-73,79,107.56393447619885,13328.03847045279,,
10.476924400005373,mouse,move,1058,231,-69,86,110.25878649794764,13799.770501742007,,
10.485030800002278,mouse,move,1036,321,-22,90,92.64987857520376,11429.22611894073,,
10.492972099993494,mouse,move,1054,402,18,81,82.97590011563598,10448.65452852954,,
10.50094949999766,mouse,move,1099,460,45,58,73.40980860893181,9202.222349462518,,
10.50897179999447,mouse,move,1157,529,58,69,90.13878188659973,11236.027314167044,,
10.517154300003313,mouse,move,1203,590,46,61,76.40026177965623,9337.031677004548,,
10.524990799996885,mouse,move,1242,654,39,64,74.94664769020693,9563.790946426843,,
10.533056800006307,mouse,move,1281,705,39,51,64.20280367709809,7959.683064977417,,
10.540863000001991,mouse,move,1317,756,36,51,62.42595614005443,7996.971147878079,,
10.548994299999322,mouse,move,1353,787,36,31,47.50789408087881,5842.5951688505875,,
10.556956500004162,mouse,move,1376,833,23,46,51.42956348249516,6459.215223334106,,
10.564965500001563,mouse,move,1399,867,23,34,41.048751503547585,5125.3279456698665,,
10.572910999995656,mouse,move,1402,870,3,3,4.242640687119285,533.9677415232694,,
10.653126999997767,mouse,move,1427,863,25,-7,25.96150997149434,323.6450330459176,,
10.66104340000311,mouse,move,1475,847,48,-16,50.59644256269407,6391.3448699596665,,
10.668919599993387,mouse,move,1504,841,29,-6,29.614185789921695,3759.9585874502422,,
10.67698649999511,mouse,move,1573,816,69,-25,73.38937252763509,9097.59294300977,,
10.68492879999394,mouse,move,1630,779,57,-37,67.95586803212802,8556.195062152045,,
10.692967599999974,mouse,move,1702,720,72,-59,93.08598175880189,11579.586715546147,,
10.700925900004222,mouse,move,1787,651,85,-69,109.48059188732951,13756.7812006203,,
10.708895000003395,mouse,move,1831,590,44,-61,75.21303078589507,9438.083446525206,,
10.717023399993195,mouse,move,1929,514,98,-76,124.01612798341996,15257.138937433532,,
10.72490079999261,mouse,move,2020,408,91,-106,139.70325694127536,17734.69126255379,,
10.733071599999676,mouse,move,2009,318,-11,-90,90.6697303403953,11096.799611053793,,
10.740883899998153,mouse,move,2007,209,-2,-109,109.01834707974616,13954.70566939285,,
10.74891559999378,mouse,move,2011,103,4,-106,106.07544484940895,13207.097489593438,,
10.757085599994753,mouse,move,2001,4,-10,-99,99.50376877284599,12179.163863034619,,
10.765342900005635,mouse,move,1959,-75,-42,-79,89.47066558375433,10835.34151185505,,
10.772908099999768,mouse,move,1934,-70,-25,5,25.495097567963924,3370.0493824005307,,
10.780821499996819,mouse,move,1928,-53,-6,17,18.027756377319946,2278.1303085953496,,
10.789067000005161,mouse,move,1921,-48,-7,5,8.602325267042627,1043.2751510931785,,
10.796808900005999,mouse,move,1919,-21,-2,27,27.073972741361768,3497.070840288884,,
10.805117199997767,mouse,move,1906,-16,-13,5,13.92838827718412,1676.4426285744184,,
10.812848200002918,mouse,move,1892,-9,-14,7,15.652475842498529,2024.6379293842097,,
10.821074999999837,mouse,move,1872,-6,-20,3,20.223748416156685,2458.2764165569406,,
10.828933099997812,mouse,move,1843,-6,-29,0,29.0,3690.4595267906275,,
10.836968300005537,mouse,move,1807,-4,-36,2,36.05551275463989,4487.195430104295,,
10.84494260000065,mouse,move,1763,0,-44,4,44.181444068749045,5540.479301735528,,
10.852963900004397,mouse,move,1701,4,-62,4,62.12889826803627,7745.489912982981,,
10.86096930000349,mouse,move,1630,29,-71,25,75.27283706623525,9402.757772849554,,
10.869296499993652,mouse,move,1540,73,-90,44,100.17983829094555,12030.435009282044,,
10.876976900006412,mouse,move,1452,133,-88,60,106.50821564555478,13867.534955029958,,
10.88507980000577,mouse,move,1348,204,-104,71,125.92458060283545,15540.68057273523,,
10.89290059999621,mouse,move,1255,294,-93,90,129.41792766073794,16547.91425671595,,
10.901285400002962,mouse,move,1173,387,-82,93,123.98790263570072,14787.222418645506,,
10.908905499993125,mouse,move,1092,479,-81,92,122.57650672131263,16085.944656835223,,
10.917279500004952,mouse,move,1008,572,-84,93,125.31959144523253,14965.320189663209,,
10.924918100005016,mouse,move,938,639,-70,67,96.89685237405806,12685.158585768022,,
10.933315600006608,mouse,move,875,705,-63,66,91.2414379544733,10865.309668016627,,
10.94103940000059,mouse,move,826,770,-49,65,81.40024569987489,10538.885750963545,,
10.949960400001146,mouse,move,793,829,-33,59,67.60177512462228,7577.824808924568,,
10.956904699996812,mouse,move,781,889,-12,60,61.18823416311342,8811.28899979815,,
10.965248399996199,mouse,move,777,935,-4,46,46.17358552246078,5533.94603423615,,
10.972920000000158,mouse,move,778,976,1,41,41.012193308819754,5345.976496122291,,
10.981182000003173,mouse,move,803,1016,25,40,47.16990566028302,5709.259942274433,,
10.988979200003087,mouse,move,840,1059,37,43,56.72741841473134,7275.357617524255,,
10.996965099999215,mouse,move,910,1095,70,36,78.71467461661771,9856.706777542213,,
11.004987499996787,mouse,move,979,1107,69,12,70.03570517957252,8730.019096626136,,
11.013055000003078,mouse,move,1060,1102,81,-5,81.15417426109393,10059.395624147433,,
11.02088840000215,mouse,move,1150,1095,90,-7,90.27181176868004,11523.963001937354,,
11.028989500002353,mouse,move,1258,1079,108,-16,109.17875251164945,13477.028120737394,,
11.037061499999254,mouse,move,1379,1079,121,0,121.0,14990.089202980786,,
11.04489449999528,mouse,move,1521,1074,142,-5,142.08800090085018,18139.66564189153,,
11.052972000004956,mouse,move,1668,1054,147,-20,148.35430563350698,18366.364030428467,,
11.060991199992714,mouse,move,1813,1011,145,-43,151.24152868838638,18859.927289416413,,
11.068909099994926,mouse,move,1958,958,145,-53,154.38264151127873,19497.92766619232,,
11.07699169999978,mouse,move,2065,897,107,-61,123.1665539016173,15238.48190280855,,
11.084926299998187,mouse,move,2063,827,-2,-70,70.02856560004639,8825.720970698609,,
11.092953500003205,mouse,move,2069,747,6,-80,80.22468448052632,9994.105594775723,,
11.101046499999939,mouse,move,2066,671,-3,-76,76.05918747922567,9398.145003079379,,
11.109008999992511,mouse,move,2086,581,20,-90,92.19544457292888,11578.70576564237,,
11.117364799996722,mouse,move,2107,478,21,-103,105.11898020814318,12580.360965458221,,
11.124968699994497,mouse,move,2100,376,-7,-102,102.23991392797629,13445.72048000198,,
11.132973600004334,mouse,move,2074,269,-26,-107,110.11357772772621,13755.771788830674,,
11.14100220000546,mouse,move,2081,145,7,-124,124.19742348374221,15469.374917959538,,
11.148956999997608,mouse,move,2088,13,7,-132,132.1854757528224,16617.0709362004,,
11.156906999996863,mouse,move,2085,-126,-3,-139,139.0323703315167,17488.34847101214,,
11.165002099995036,mouse,move,2069,-144,-16,-18,24.08318915758459,2975.0329412881674,,
11.173092700002599,mouse,move,2056,-134,-13,10,16.401219466856727,2027.1944542463182,,
11.181134200000088,mouse,move,2058,-125,2,9,9.219544457292887,1146.495611536599,,
11.189158399996813,mouse,move,2036,-114,-22,11,24.596747752497688,3065.3208746709456,,
11.196859599993331,mouse,move,2007,-102,-29,12,31.38470965295043,4075.301208531235,,
11.204960000002757,mouse,move,1980,-98,-27,4,27.294688127912362,3369.5481823308933,,
11.213161799998488,mouse,move,1946,-78,-34,20,39.44616584663204,4809.452299149076,,
11.221210799994878,mouse,move,1923,-65,-23,13,26.419689627245813,3282.3567696725663,,
11.228940100001637,mouse,move,1901,-61,-22,4,22.360679774997898,2892.9760464008314,,
11.236976899992442,mouse,move,1854,-68,-47,-7,47.51841748206689,5912.60421267595,,
11.244947700004559,mouse,move,1790,-69,-64,-1,64.00781202322104,8030.287038429772,,
11.253258900003857,mouse,move,1701,-69,-89,0,89.0,10708.441621849752,,
11.261003799998434,mouse,move,1586,-45,-115,24,117.47765745025733,15168.389202250673,,
11.269064099993557,mouse,move,1447,-50,-139,-5,139.0898989862312,17256.169009887788,,
11.27699389999907,mouse,move,1287,-29,-160,21,161.37224048763778,20350.10219367988,,
11.284977100003744,mouse,move,1127,-20,-160,9,160.25292509030842,20073.770542701222,,
11.292951399998856,mouse,move,971,-15,-156,5,156.08010763707205,19572.89138015121,,
11.300975100006326,mouse,move,795,0,-176,15,176.63804799646084,22014.537910440955,,
11.308908699997119,mouse,move,614,0,-181,0,181.0,22814.35920768145,,
11.316986799996812,mouse,move,425,0,-189,0,189.0,23396.5907833745,,
11.324921999999788,mouse,move,226,0,-199,0,199.0,25078.13286689352,,
11.333079100004397,mouse,move,35,0,-191,0,191.0,23415.184304723938,,
11.340944800002035,mouse,move,-139,23,-174,23,175.5135322418189,22313.78418888808,,
11.349075399994035,mouse,move,-162,29,-23,6,23.769728648009426,2923.49010791281,,
11.357126300004893,mouse,move,-155,27,7,-2,7.280109889280518,904.2603782760067,,
11.365211500000441,mouse,move,-129,21,26,-6,26.68332812825267,3300.268161943295,,
11.37308839999605,mouse,move,-133,7,-4,-14,14.560219778561036,1848.4708180475882,,
11.381179799995152,mouse,move,-126,-13,7,-20,21.18962010041709,2618.7829180076683,,
11.389083500005654,mouse,move,-114,-27,12,-14,18.439088914585774,2332.9692283469067,,
11.397110599995358,mouse,move,-115,-37,-1,-10,10.04987562112089,1251.993326856722,,
11.405086400001892,mouse,move,-115,-36,0,1,1.0,125.37927219598977,,
11.413148199993884,mouse,move,-93,-41,22,-5,22.561028345356956,2798.510055789846,,
11.420904099999461,mouse,move,-97,-53,-4,-12,12.649110640673518,1630.9017176056632,,
11.428864200002863,mouse,move,-49,-44,48,9,48.83646178829912,6135.156815546144,,
11.437033700000029,mouse,move,-31,-38,18,6,18.973665961010276,2322.5002714477355,,
11.444875300003332,mouse,move,-11,-41,20,-3,20.223748416156685,2579.0334125227077,,
11.453024799993727,mouse,move,-2,-28,9,13,15.811388300841896,1940.166675191935,,
11.460873699994409,mouse,move,15,-44,17,-16,23.345235059857504,2974.332079378191,,
11.468935900003999,mouse,move,48,-45,33,-1,33.015148038438355,4095.0544515351544,,
11.476875699998345,mouse,move,102,-40,54,5,54.230987451824994,6830.271227290192,,
11.48524969999562,mouse,move,180,-48,78,-8,78.40918313565064,9363.408545637258,,
11.493014099993161,mouse,move,282,-41,102,7,102.23991392797629,13167.780377152021,,
11.500995099995635,mouse,move,391,-42,109,-1,109.00458705944443,13658.011154699921,,
11.508947099995567,mouse,move,522,-31,131,11,131.4610208388783,16531.818516096864,,
11.516975699996692,mouse,move,652,-26,130,5,130.09611831257686,16204.0851822656,,
11.524929099992733,mouse,move,775,-16,123,10,123.40583454602137,15516.11067058857,,
11.5330549999926,mouse,move,902,-20,127,-4,127.06297651164952,15636.788111312178,,
11.54094079999777,mouse,move,1038,-14,136,6,136.13228860193308,17262.964887860548,,
11.549077499992563,mouse,move,1167,-6,129,8,129.24782396620841,15884.550745255043,,
11.55692970000382,mouse,move,1305,0,138,6,138.13037319865606,17591.29581526571,,
11.56530930000008,mouse,move,1440,0,135,0,135.0,16110.554210254375,,
11.572958999997354,mouse,move,1578,0,138,0,138.0,18039.923140670868,,
11.581153399994946,mouse,move,1721,22,143,22,144.68241081762497,17656.254376176625,,
11.58889129999443,mouse,move,1835,50,114,28,117.38824472663352,15170.555930481045,,
11.597079900006065,mouse,move,1928,91,93,41,101.6366075781753,12411.963880731138,,
11.60490390000632,mouse,move,2003,145,75,54,92.41753080449618,11812.056595281436,,
11.613040700001875,mouse,move,1980,211,-23,66,69.8927750200262,8589.712793507377,,
11.62120270000014,mouse,move,1972,285,-8,74,74.43117626371358,9119.232575292323,,
11.629182100004982,mouse,move,1960,381,-12,96,96.74709297958259,12124.607479368295,,
11.636903199992958,mouse,move,1957,477,-3,96,96.04686356149273,12439.531117466953,,
11.645003900004667,mouse,move,1938,560,-19,83,85.14693182963201,10511.058514270448,,
11.652960899999016,mouse,move,1932,653,-6,93,93.1933474020544,11712.121084358767,,
11.660884900004021,mouse,move,1921,742,-11,89,89.67719888578144,11317.16290120392,,
11.669013000006089,mouse,move,1918,830,-3,88,88.05112151472007,10832.92792809101,,
11.676889800000936,mouse,move,1882,938,-36,108,113.84199576606166,14452.822953552186,,
11.684932799995295,mouse,move,1843,1043,-39,105,112.00892821556681,13926.262376491999,,
11.693000500003109,mouse,move,1806,1162,-37,119,124.61942063739504,15446.709783047798,,
11.700955099993735,mouse,move,1764,1201,-42,39,57.3149195236284,7205.254769714558,,
11.709060199995292,mouse,move,1712,1208,-52,7,52.46903848937962,6473.583111780918,,
11.717268399996101,mouse,move,1657,1224,-55,16,57.28001396647874,6978.389167032504,,
11.72489929999574,mouse,move,1610,1225,-47,1,47.01063709417264,6160.562593716435,,
11.73301260000153,mouse,move,1564,1220,-46,-5,46.2709412050371,5703.097527765811,,
11.74100819999876,mouse,move,1527,1221,-37,1,37.013511046643494,4629.234961662296,,
11.749025700002676,mouse,move,1504,1209,-23,-12,25.942243542145693,3235.7023423104456,,
11.757030399996438,mouse,move,1499,1184,-5,-25,25.495097567963924,3185.0160015780048,,
11.764999199993326,mouse,move,1503,1168,4,-16,16.492422502470642,2069.6243485732816,,
11.773050100004184,mouse,move,1528,1147,25,-21,32.64965543462902,4055.4044132452927,,
11.781371999997646,mouse,move,1568,1137,40,-10,41.23105625617661,4954.524362053316,,
11.788896199999726,mouse,move,1624,1129,56,-8,56.568542494923804,7518.213561478988,,
11.797224299996742,mouse,move,1677,1108,53,-21,57.0087712549569,6845.351433746675,,
11.804898899994441,mouse,move,1724,1093,47,-15,49.33558553417604,6428.424354229037,,
11.813115099997958,mouse,move,1763,1083,39,-10,40.26164427839479,4900.275584961564,,
11.820908099994995,mouse,move,1818,1075,55,-8,55.57877292636101,7131.884120043132,,
11.829249200003687,mouse,move,1883,1053,65,-22,68.62215385719105,8226.990898763614,,
11.836896499997238,mouse,move,1959,1022,76,-31,82.0792300158816,10733.099274921313,,
11.84504630000447,mouse,move,1995,988,36,-34,49.51767361255979,6075.93727068412,,
11.853009200000088,mouse,move,1983,944,-12,-44,45.60701700396552,5727.438122927613,,
11.860970599998836,mouse,move,1946,915,-37,-29,47.01063709417264,5904.820396106399,,
11.869000000006054,mouse,move,1952,867,6,-48,48.373546489791295,6024.553073244694,,
11.877103999999235,mouse,move,1949,835,-3,-32,32.14031735997639,3965.9819085658073,,
11.884956699999748,mouse,move,1955,775,6,-60,60.29925372672534,7678.792481922221,,
11.892993400004343,mouse,move,1938,710,-17,-65,67.1863081289633,8359.937298959352,,
11.900981500002672,mouse,move,1929,683,-9,-27,28.460498941515414,3562.862125845889,,
11.908906199998455,mouse,move,1919,639,-10,-44,45.12205669071391,5693.850456764796,,
11.916933800006518,mouse,move,1919,608,0,-31,31.0,3861.67720973432,,
11.925082400004612,mouse,move,1914,592,-5,-16,16.76305461424021,2057.1698964436696,,
11.932901199994376,mouse,move,1906,580,-8,-12,14.422205101855956,1844.554806458468,,
11.940968700000667,mouse,move,1890,571,-16,-9,18.35755975068582,2275.495473984566,,
11.948932800005423,mouse,move,1864,568,-26,-3,26.1725046566048,3286.3103980331066,,
11.956977399997413,mouse,move,1830,568,-34,0,34.0,4226.437614530579,,
11.965037300004042,mouse,move,1799,569,-31,1,31.016124838541646,3848.2021877484176,,
11.9730239000055,mouse,move,1745,580,-54,11,55.10898293381942,6900.180668088045,,
11.981151400003,mouse,move,1687,602,-58,22,62.03224967708329,7632.389996452643,,
11.988896299997577,mouse,move,1631,627,-56,25,61.326992425847855,7918.3711176111965,,
11.997364499999094,mouse,move,1588,652,-43,25,49.73932046178355,5873.65915458738,,
12.00507149999612,mouse,move,1556,682,-32,30,43.86342439892262,5691.374648481527,,
12.013170699996408,mouse,move,1517,716,-39,34,51.73973328110612,6388.252331003868,,
12.021018500003265,mouse,move,1481,750,-36,34,49.51767361255979,6309.752232382696,,
12.029154699994251,mouse,move,1446,781,-35,31,46.75467891024384,5746.500695907584,,
12.036907600006089,mouse,move,1420,804,-26,23,34.713109915419565,4477.43552250358,,
12.045044600003166,mouse,move,1388,832,-32,28,42.5205832509386,5225.5847691053605,,
12.052895500004524,mouse,move,1371,843,-17,11,20.248456731316587,2579.125543289752,,
12.060991100006504,mouse,move,1354,853,-17,10,19.72308292331602,2436.271915422344,,
12.06909020000603,mouse,move,1344,857,-10,4,10.770329614269007,1329.8180803914825,,
12.07697019999614,mouse,move,1341,859,-3,2,3.605551275463989,457.5572690342038,,
12.084932800004026,mouse,move,1338,859,-3,0,3.0,376.76135898184447,,
12.10905620000267,mouse,move,1338,859,0,0,0.0,0.0,,
12.117001899998286,mouse,move,1336,859,-2,0,2.0,251.70847138746447,,
12.12500899999577,mouse,move,1334,858,-2,-1,2.23606797749979,279.26065344533157,,
12.132949000006192,mouse,move,1333,855,-1,-3,3.1622776601683795,398.27174509040185,,
12.1410051999992,mouse,move,1333,851,0,-4,4.0,496.5120036086698,,
12.149013200003537,mouse,move,1332,849,-1,-2,2.23606797749979,279.22926776828984,,
12.157026300003054,mouse,move,1329,843,-3,-6,6.708203932499369,837.1546508722374,,
12.165008399999351,mouse,move,1325,835,-4,-8,8.94427190999916,1120.5412002039347,,
12.172880199999781,mouse,move,1322,830,-3,-5,5.830951894845301,740.739334653665,,
12.180945899992366,mouse,move,1320,827,-2,-3,3.605551275463989,447.0227356309638,,
12.18894310000178,mouse,move,1317,826,-3,-1,3.1622776601683795,395.4231051425795,,
12.205016699997941,mouse,move,1315,826,-2,0,2.0,124.42763291842506,,
12.213017400004901,mouse,move,1310,826,-5,0,5.0,624.9453167410859,,
12.220933399992646,mouse,move,1301,826,-9,0,9.0,1136.937849157843,,
12.229016199999023,mouse,move,1286,826,-15,0,15.0,1855.7925456728688,,
12.236924700002419,mouse,move,1267,829,-19,3,19.235384061671343,2432.241771943152,,
12.244992599997204,mouse,move,1252,833,-15,4,15.524174696260024,1924.1902733418538,,
12.252990299995872,mouse,move,1226,847,-26,14,29.5296461204668,3692.2672925195297,,
12.260993699994287,mouse,move,1190,864,-36,17,39.81205847478876,4974.393193226863,,
12.268914999993285,mouse,move,1151,881,-39,17,42.5440947723653,5370.84756009095,,
12.27695080000558,mouse,move,1106,899,-45,18,48.46648326421054,6031.320240680488,,
12.284950100001879,mouse,move,1055,916,-51,17,53.75872022286245,6720.4280684222695,,
12.292922199994791,mouse,move,996,943,-59,27,64.88451279003334,8138.948689519709,,
12.300959700005478,mouse,move,923,982,-73,39,82.76472678623425,10297.322137006224,,
12.309079400001792,mouse,move,850,1018,-73,36,81.39410298049853,10024.274667468982,,
12.316929399996297,mouse,move,806,1049,-44,31,53.823786563191554,6856.533324951191,,
12.324904799999786,mouse,move,736,1064,-70,15,71.58910531638176,8976.240098938117,,
12.332934100006241,mouse,move,674,1068,-62,4,62.12889826803627,7737.772684802312,,
12.34094300000288,mouse,move,628,1073,-46,5,46.2709412050371,5777.440250777729,,
12.348943499993766,mouse,move,596,1068,-32,-5,32.38826948140329,4048.280672245832,,
12.357009300001664,mouse,move,560,1053,-36,-15,39.0,4835.230226612315,,
12.3649371000065,mouse,move,546,1045,-14,-8,16.1245154965971,2033.9205689801342,,
12.372934700004407,mouse,move,534,1034,-12,-11,16.278820596099706,2035.4632140092078,,
12.380973899998935,mouse,move,527,1023,-7,-11,13.038404810405298,1621.8535201612735,,
12.388965999998618,mouse,move,526,1018,-1,-5,5.0990195135927845,638.0074716025885,,
12.396979900004226,mouse,move,526,1014,0,-4,4.0,499.1327564857224,,
12.40492990000348,mouse,move,526,1011,0,-3,3.0,377.358490601403,,
12.4129610999953,mouse,move,526,1009,0,-2,2.0,249.02878798152116,,
12.420978399997693,mouse,move,529,1003,3,-6,6.708203932499369,836.716092761509,,
12.428927500004647,mouse,move,533,997,4,-6,7.211102550927978,907.1596211671459,,
12.436950599992997,mouse,move,534,992,1,-5,5.0990195135927845,635.5423116995968,,
12.444950399993104,mouse,move,539,983,5,-9,10.295630140987,1286.9859422547315,,
12.45293010000023,mouse,move,541,974,2,-9,9.219544457292887,1155.3748197374482,,
12.461075200000778,mouse,move,543,967,2,-7,7.280109889280518,893.8023951567677,,
12.468952600000193,mouse,move,543,965,0,-2,2.0,253.89087771960274,,
12.477097399998456,mouse,move,543,964,0,-1,1.0,122.77772323608653,,
12.484942900002352,mouse,move,543,961,0,-3,3.0,382.38480638714356,,
12.492926699997042,mouse,move,543,959,0,-2,2.0,250.50727740300454,,
12.500948200002313,mouse,move,543,957,0,-2,2.0,249.3299256605302,,
12.50893029999861,mouse,move,543,956,0,-1,1.0,125.28031476225996,,
12.51693990000058,mouse,move,543,955,0,-1,1.0,124.85017975356112,,
12.524921599993831,mouse,move,543,951,0,-4,4.0,501.14637275039456,,
12.532938699994702,mouse,move,543,945,0,-6,6.0,748.4002942895289,,
12.533408300005249,mouse,scroll,543,945,0,-1,,,,
12.540932100004284,mouse,move,543,941,0,-4,4.0,500.41283999363657,,
12.548933300000499,mouse,move,544,938,1,-3,3.1622776601683795,395.2254238944399,,
12.549417200003518,mouse,scroll,544,938,0,-1,,,,
12.556907299993327,mouse,move,545,936,1,-2,2.23606797749979,280.4198619903428,,
12.564929600004689,mouse,move,545,936,0,0,0.0,0.0,,
12.572904899992864,mouse,move,545,933,0,-3,3.0,376.16139887504914,,
12.573312799999258,mouse,scroll,545,933,0,-1,,,,
12.580925600006594,mouse,move,545,933,0,0,0.0,0.0,,
12.588910899998154,mouse,move,546,932,1,-1,1.4142135623730951,177.10212063013378,,
12.59708409999439,mouse,scroll,546,932,0,-1,,,,
12.60493139999744,mouse,move,547,929,1,-3,3.1622776601683795,197.3894485383964,,
12.612923699998646,mouse,move,547,929,0,0,0.0,0.0,,
12.620915699997568,mouse,move,548,928,1,-1,1.4142135623730951,176.95364896946128,,
12.621328299996094,mouse,scroll,548,928,0,-1,,,,
12.628931800005375,mouse,move,549,927,1,-1,1.4142135623730951,176.42164656074948,,
12.636932099994738,mouse,move,550,927,1,0,1.0,124.99531284197708,,
12.644932499999413,mouse,move,551,925,1,-2,2.23606797749979,279.49452229800784,,
12.69305620000523,mouse,move,552,924,1,-1,1.4142135623730951,29.38704966995771,,
12.772973700004513,mouse,move,552,923,0,-1,1.0,12.512903932292343,,
12.781030700003612,mouse,move,552,921,0,-2,2.0,248.23135164748487,,
12.788944500003709,mouse,move,552,920,0,-1,1.0,126.36154565288287,,
12.796953700002632,mouse,move,552,919,0,-1,1.0,124.85641513938948,,
12.804923400006373,mouse,move,552,918,0,-1,1.0,125.4752374029836,,
12.813011199992616,mouse,move,552,917,0,-1,1.0,123.64301808910228,,
12.820970899992972,mouse,move,552,917,0,0,0.0,0.0,,
12.829039799995371,mouse,scroll,552,917,0,1,,,,
12.837076199997682,mouse,move,552,915,0,-2,2.0,124.18272242150375,,
12.845024399997783,mouse,scroll,552,915,0,1,,,,
12.861036799993599,mouse,move,552,915,0,0,0.0,0.0,,
12.861396099993726,mouse,scroll,552,915,0,1,,,,
12.893502999999328,mouse,scroll,552,915,0,1,,,,
12.90931420000561,mouse,move,552,913,0,-2,2.0,41.42725166438936,,
12.925330400001258,mouse,scroll,552,913,0,1,,,,
13.21321089999401,mouse,scroll,552,913,0,1,,,,
13.229030600006809,mouse,scroll,552,913,0,1,,,,
13.24515760000213,mouse,scroll,552,913,0,1,,,,
13.2529738000012,mouse,scroll,552,913,0,1,,,,
13.269228499993915,mouse,scroll,552,913,0,1,,,,
13.4932778999937,mouse,move,552,912,0,-1,1.0,1.712435207908293,,
13.517607999994652,mouse,scroll,552,912,0,1,,,,
13.525209999992512,mouse,scroll,552,912,0,1,,,,
13.54119429999264,mouse,scroll,552,912,0,1,,,,
13.557469199993648,mouse,scroll,552,912,0,1,,,,
13.58933829999296,mouse,scroll,552,912,0,1,,,,
13.837473699997645,mouse,scroll,552,912,0,-1,,,,
13.853216400006204,mouse,scroll,552,912,0,-1,,,,
13.869190400000662,mouse,scroll,552,912,0,-1,,,,
13.877278900006786,mouse,scroll,552,912,0,-1,,,,
13.885137000004761,mouse,scroll,552,912,0,-1,,,,
14.133241000003181,mouse,scroll,552,912,0,-1,,,,
14.165056099998765,mouse,scroll,552,912,0,-1,,,,
14.181249100001878,mouse,scroll,552,912,0,-1,,,,
14.19726859999355,mouse,scroll,552,912,0,-1,,,,
14.205051099997945,mouse,scroll,552,912,0,-1,,,,
14.213031999999657,mouse,scroll,552,912,0,-1,,,,
14.34099850000348,mouse,move,554,912,2,0,2.0,2.359267900269178,,
14.37297359999502,mouse,move,555,912,1,0,1.0,31.274335350461406,,
14.428992400004063,mouse,move,556,912,1,0,1.0,17.851149968199774,,
14.477235900005326,mouse,scroll,556,912,0,-1,,,,
14.493121699997573,mouse,scroll,556,912,0,-1,,,,
14.509084100005566,mouse,scroll,556,912,0,-1,,,,
14.517052199997124,mouse,scroll,556,912,0,-1,,,,
14.525084799999604,mouse,scroll,556,912,0,-1,,,,
14.541070299994317,mouse,scroll,556,912,0,-1,,,,
14.597148400003789,mouse,move,559,912,3,0,3.0,17.840576607465003,,
14.604899300000397,mouse,move,561,910,2,-2,2.8284271247461903,364.9159614991555,,
14.61302479999722,mouse,move,563,910,2,0,2.0,246.13869925323343,,
14.620976000005612,mouse,move,565,910,2,0,2.0,251.53435932803094,,
14.629075599994394,mouse,move,568,910,3,0,3.0,370.3886616814505,,
14.645075499996892,mouse,move,568,910,0,0,0.0,0.0,,
14.668960800001514,mouse,move,569,909,1,-1,1.4142135623730951,59.20853253253822,,
14.677077400003327,mouse,move,568,909,-1,0,1.0,123.20429733837338,,
14.685018100004527,mouse,move,550,909,-18,0,18.0,2266.802674484674,,
14.693083399994066,mouse,move,520,909,-30,0,30.0,3719.6384559669696,,
14.701023500005249,mouse,move,482,909,-38,0,38.0,4785.833924822139,,
14.708921700002975,mouse,move,427,912,-55,3,55.08175741568164,6973.963362733428,,
14.717060199996922,mouse,move,358,920,-69,8,69.46221994724903,8535.015051779641,,
14.724929799995152,mouse,move,274,938,-84,18,85.90692637965812,10916.301514559662,,
14.733040899998741,mouse,move,174,960,-100,22,102.39140588936164,12623.615273397712,,
14.741519400005927,mouse,move,53,985,-121,25,123.5556554755791,14572.820118046538,,
14.748952199995983,mouse,move,-51,1013,-104,28,107.70329614269008,14490.272345116262,,
14.757683799994993,mouse,move,-108,1049,-57,36,67.4166151627327,7720.992162991814,,
14.76490890000423,mouse,move,-93,1092,15,43,45.5411901469428,6303.19166360652,,
14.773088999994798,mouse,move,-83,1122,10,30,31.622776601683793,3865.817855300755,,
14.781132599993725,mouse,move,-68,1121,15,-1,15.033296378372908,1868.9761276514319,,
14.788926599998376,mouse,move,-47,1115,21,-6,21.840329667841555,2802.197800206372,,
14.79689870000584,mouse,move,-29,1114,18,-1,18.027756377319946,2261.3560241894584,,
14.805044599997927,mouse,move,-12,1110,17,-4,17.46424919657298,2143.9312063170514,,
14.812934400004451,mouse,move,-1,1107,11,-3,11.40175425099138,1445.1258893208662,,
14.820977600000333,mouse,move,10,1129,11,22,24.596747752497688,3058.0798395030874,,
14.828966999994009,mouse,move,32,1119,22,-10,24.166091947189145,3024.769315132364,,
14.837054999996326,mouse,move,64,1118,32,-1,32.01562118716424,3958.4101357556983,,
14.844930599996587,mouse,move,117,1110,53,-8,53.600373133029585,6805.878045006223,,
14.852935000002617,mouse,move,180,1107,63,-3,63.071388124885914,7879.589735317315,,
14.860941099992488,mouse,move,248,1104,68,-3,68.06614430096654,8501.7854369899,,
14.868927699993947,mouse,move,335,1100,87,-4,87.09190547921202,10904.753645268558,,
14.87694279999414,mouse,move,424,1087,89,-13,89.94442728707543,11221.872126973558,,
14.884931199994753,mouse,move,510,1092,86,5,86.14522621712709,10783.789771482981,,
14.89300280000316,mouse,move,614,1101,104,9,104.38869670610895,12932.838173024773,,
14.900939900006051,mouse,move,724,1095,110,-6,110.16351483136329,13879.56744796363,,
14.909160600000178,mouse,move,782,1082,58,-13,59.43904440685432,7230.411576790704,,
14.916932299995096,mouse,move,841,1073,59,-9,59.682493245507096,7679.464375172394,,
14.924960999996983,mouse,move,930,1067,89,-6,89.20201791439474,11110.39369928244,,
14.93293039999844,mouse,move,984,1067,54,0,54.0,6775.91788467485,,
14.941021899998304,mouse,move,1032,1049,48,-18,51.264022471905186,6335.540069550349,,
14.948939499998232,mouse,move,1097,1029,65,-20,68.00735254367721,8589.389782799886,,
14.956999799993355,mouse,move,1166,996,69,-33,76.48529270389177,9489.137221961373,,
14.964941800004453,mouse,move,1218,974,52,-22,56.462376853972415,7109.339810509809,,
14.972956700003124,mouse,move,1293,918,75,-56,93.60021367496978,11678.275922406605,,
14.980947799995192,mouse,move,1351,875,58,-43,72.20110802473879,9035.190161104421,,
14.988993899998604,mouse,move,1393,841,42,-34,54.037024344425184,6715.927507924396,,
14.99693720000505,mouse,move,1403,818,10,-23,25.079872407968907,3157.3618505681693,,
15.004939399994328,mouse,move,1403,808,0,-10,10.0,1249.656346179673,,
15.012937799998326,mouse,move,1403,805,0,-3,3.0,375.075014815494,,
15.021015499994974,mouse,move,1397,800,-6,-5,7.810249675906654,966.890287971604,,
15.02895360000548,mouse,move,1386,796,-11,-4,11.704699910719626,1474.4964028204163,,
15.037107700001798,mouse,move,1360,789,-26,-7,26.92582403567252,3302.1209021020795,,
15.044904900001711,mouse,move,1322,776,-38,-13,40.162171256046406,5150.845336337606,,
15.053226200005156,mouse,move,1284,764,-38,-12,39.84971769034255,4788.8812654087615,,
15.060954899992794,mouse,move,1252,760,-32,-4,32.2490309931942,4172.6333076425635,,
15.068948200001614,mouse,move,1218,750,-34,-10,35.4400902933387,4433.7245260695345,,
15.076942900006543,mouse,move,1186,746,-32,-4,32.2490309931942,4033.801265002141,,
15.084952899997006,mouse,move,1157,744,-29,-2,29.068883707497267,3629.074125106968,,
15.092946899996605,mouse,move,1130,744,-27,0,27.0,3377.5331500319917,,
15.100954199995613,mouse,move,1099,744,-31,0,31.0,3871.4672865810785,,
15.108939400000963,mouse,move,1072,744,-27,0,27.0,3381.2553200806665,,
15.11694659999921,mouse,move,1050,745,-22,1,22.02271554554524,2750.364116091516,,
15.12495179999678,mouse,move,1024,750,-26,5,26.476404589747453,3307.400764226541,,
15.132959700000356,mouse,move,1003,757,-21,7,22.135943621178654,2764.2632414605387,,
15.140948400003253,mouse,move,989,762,-14,5,14.866068747318506,1860.887095763582,,
15.148963400002685,mouse,move,984,763,-5,1,5.0990195135927845,636.1845931321528,,
15.15701939999417,mouse,move,980,767,-4,4,5.656854249492381,702.1914418411435,,
15.172956900001736,mouse,move,980,767,0,0,0.0,0.0,,
15.180938799996511,mouse,move,985,773,5,6,7.810249675906654,978.4950551898123,,
15.188965800000005,mouse,move,1005,788,20,15,25.0,3114.488599615918,,
15.196944199997233,mouse,move,1048,810,43,22,48.30113870293329,6053.98810785571,,
15.204969400001573,mouse,move,1111,846,63,36,72.56031973468694,9041.559050920254,,
15.212989199993899,mouse,move,1178,890,67,44,80.15609770940699,9994.775154755696,,
15.220956599994679,mouse,move,1260,947,82,57,99.86490875177326,12534.190418705974,,
15.228954000005615,mouse,move,1357,1011,97,64,116.21101496846157,14531.09945851777,,
15.236956399996416,mouse,move,1480,1071,123,60,136.85393673548452,17101.611628112343,,
15.244951800006675,mouse,move,1627,1144,147,73,164.12799883018133,20527.803314354358,,
15.252950900001451,mouse,move,1794,1157,167,13,167.50522379914005,20940.50879580417,,
15.26109980000183,mouse,move,1970,1147,176,-10,176.28386199536246,21632.841486234294,,
15.26899460000277,mouse,move,2114,1140,144,-7,144.1700384962146,18261.392116208222,,
15.277083299995866,mouse,move,2117,1124,3,-16,16.278820596099706,2012.5385550206533,,
15.284905499996967,mouse,move,2110,1108,-7,-16,17.46424919657298,2232.6518363267123,,
15.292928800001391,mouse,move,2116,1112,6,4,7.211102550927978,898.7701503061514,,
15.30083609999565,mouse,move,2123,1112,7,0,7.0,885.2579268628945,,
15.309038699997473,mouse,move,2113,1115,-10,3,10.44030650891055,1272.8045383890508,,
15.316872199997306,mouse,move,2120,1112,7,-3,7.615773105863909,972.2056687337694,,
15.32494219999353,mouse,move,2096,1105,-24,-7,25.0,3097.8934339156426,,
15.333051800000248,mouse,move,2072,1100,-24,-5,24.515301344262525,3022.9975983958075,,
15.340935600004741,mouse,move,2072,1096,0,-4,4.0,507.3695423172373,,
15.348871599999256,mouse,move,2058,1085,-14,-11,17.804493814764857,2243.509806838397,,
15.356956000003265,mouse,move,2047,1079,-11,-6,12.529964086141668,1549.8941269517188,,
15.364913199999137,mouse,move,2041,1074,-6,-5,7.810249675906654,981.5324083796787,,
15.372921200003475,mouse,move,2022,1052,-19,-22,29.068883707497267,3629.9804809877683,,
15.380994399994961,mouse,move,2030,1022,8,-30,31.04834939252005,3845.854113023772,,
15.388912199996412,mouse,move,2048,973,18,-49,52.20153254455275,6592.933963346842,,
15.397087599994848,mouse,move,2053,903,5,-70,70.178344238091,8584.086925596137,,
15.404930300006527,mouse,move,2053,831,0,-72,72.0,9180.511799862428,,
15.412880499992752,mouse,move,2049,758,-4,-73,73.10950690573696,9195.933062363518,,
15.421088300005067,mouse,move,2037,672,-12,-86,86.83317338436964,10579.348090120158,,
15.428926099993987,mouse,move,2026,574,-11,-98,98.6154146165801,12582.027451069254,,
15.436949900002219,mouse,move,1994,479,-32,-95,100.24470060806208,12493.419639724205,,
15.4449270000041,mouse,move,1984,375,-10,-104,104.47966309287182,13097.44933224315,,
15.452953300002264,mouse,move,1976,261,-8,-114,114.28035701729323,14238.2364281714,,
15.46102059999248,mouse,move,1963,152,-13,-109,109.77249200050075,13607.091856461127,,
15.468948399997316,mouse,move,1950,41,-13,-111,111.75866856758807,14097.059524636377,,
15.477117100002943,mouse,move,1950,-73,0,-114,114.0,13955.708977129887,,
15.484897899994394,mouse,move,1941,-120,-9,-47,47.853944456021594,6150.260192859207,,
15.493049800003064,mouse,move,1932,-100,-9,20,21.93171219946131,2690.380423721533,,
15.500894700002391,mouse,move,1936,-123,4,-23,23.345235059857504,2975.8486484034433,,
15.509114300002693,mouse,move,1930,-126,-6,-3,6.708203932499369,816.1229174476434,,
15.516972600002191,mouse,move,1925,-105,-5,21,21.587033144922902,2747.036018770266,,
15.525280600006226,mouse,move,1919,-98,-6,7,9.219544457292887,1109.7188797321503,,
15.532876600002055,mouse,move,1909,-89,-10,9,13.45362404707371,1771.1458734151997,,
15.541047100006836,mouse,move,1884,-65,-25,24,34.655446902326915,4241.533184266612,,
15.54888449999271,mouse,move,1854,-63,-30,2,30.066592756745816,3836.296834528934,,
15.557079799997155,mouse,move,1821,-45,-33,18,37.589892258425,4586.762197605551,,
15.56492380000418,mouse,move,1792,-27,-29,18,34.132096331752024,4351.363628401299,,
15.57309360000363,mouse,move,1761,-11,-31,16,34.88552708502482,4270.058886064767,,
15.580919300002279,mouse,move,1740,0,-21,11,23.706539182259394,3029.3186790134196,,
15.588956799998414,mouse,move,1709,10,-31,10,32.57299494980466,4052.627678440811,,
15.596924800003762,mouse,move,1666,53,-43,43,60.81118318204309,7631.925595033017,,
15.605384399998002,mouse,move,1620,112,-46,59,74.81310045707235,8843.574224315176,,
15.61297069999273,mouse,move,1558,190,-62,78,99.6393496566492,13134.11672698121,,
15.62096179999935,mouse,move,1469,302,-89,112,143.05593311708537,17901.907496911263,,
15.629055700002937,mouse,move,1382,420,-87,118,146.60491124106312,18113.01241380467,,
15.63710799999535,mouse,move,1298,555,-84,135,159.0,19745.911124745562,,
15.644908400005079,mouse,move,1209,696,-89,141,166.73931749890306,21375.739358360992,,
15.653186800002004,mouse,move,1121,844,-88,148,172.18594600024707,20799.42332627105,,
15.660927000004449,mouse,move,1051,980,-70,136,152.95751043999115,19761.441615420306,,
15.669211300002644,mouse,move,977,1140,-74,160,176.28386199536246,21279.270672690927,,
15.676896300006774,mouse,move,930,1228,-47,88,99.76472322419383,12981.746671512534,,
15.685122499999125,mouse,move,899,1200,-31,-28,41.773197148410844,5078.067295623316,,
15.693004100001417,mouse,move,877,1216,-22,16,27.202941017470888,3451.4490724673024,,
15.701063999993494,mouse,move,863,1198,-14,-18,22.80350850198276,2829.2545223141537,,
15.708918899996206,mouse,move,864,1187,1,-11,11.045361017187261,1406.1746188205038,,
15.716899499995634,mouse,move,889,1180,25,-7,25.96150997149434,3253.0774595087796,,
15.725031399997533,mouse,move,919,1174,30,-6,30.59411708155671,3762.23478823042,,
15.73296360000677,mouse,move,942,1153,23,-21,31.144823004794873,3926.3789325194016,,
15.740988399993512,mouse,move,979,1137,37,-16,40.311288741492746,5023.3387508835085,,
15.748936999996658,mouse,move,1021,1149,42,12,43.68065933568311,5495.390297460119,,
15.756927800000994,mouse,move,1045,1119,24,-30,38.41874542459709,4807.87222853155,,
15.765039100006106,mouse,move,1103,1119,58,0,58.0,7150.518408078566,,
15.77293340000324,mouse,move,1137,1103,34,-16,37.57658845611187,4759.964590876673,,
15.780934700000216,mouse,move,1149,1084,12,-19,22.47220505424423,2808.5692403403527,,
15.813094099998125,mouse,move,1150,1080,1,-4,4.123105625617661,128.20841265340127,,
15.821170700000948,mouse,move,1150,1080,0,0,0.0,0.0,,
15.828900900000008,mouse,move,1146,1079,-4,-1,4.123105625617661,533.3763196449347,,
15.837092799993115,mouse,move,1133,1079,-13,0,13.0,1586.9334355812075,,
15.845062599997618,mouse,move,1108,1079,-25,0,25.0,3136.8415751807524,,
15.85322289999749,mouse,move,1064,1071,-44,-8,44.721359549995796,5480.357284743951,,
15.861023200006457,mouse,move,987,1053,-77,-18,79.07591289387686,10137.54763316509,,
15.869248899995,mouse,move,880,1031,-107,-22,109.23827168167757,13280.118632314228,,
15.876900899995235,mouse,move,760,1006,-120,-25,122.57650672131263,16018.884829790002,,
15.885138300000108,mouse,move,632,975,-128,-31,131.70041761513136,15988.105171197281,,
15.89303839999775,mouse,move,494,934,-138,-41,143.96180048887967,18222.782057424305,,
15.90110669999558,mouse,move,363,903,-131,-31,134.61797799699713,16684.800767595454,,
15.908913699997356,mouse,move,254,889,-109,-14,109.89540481748998,14076.521684704703,,
15.916980299996794,mouse,move,165,887,-89,-2,89.02246907382428,11035.93448045348,,
15.924995900000795,mouse,move,83,876,-82,-11,82.73451516749222,10321.687100928113,,
15.932898200000636,mouse,move,10,866,-73,-10,73.68174807915459,9324.0889463362,,
15.941223500005435,mouse,move,-46,859,-56,-7,56.43580423808985,6778.8312980383635,,
15.948880199997802,mouse,move,-29,856,17,-3,17.26267650163207,2254.5844187236225,,
15.95696820000012,mouse,move,-12,853,17,-3,17.26267650163207,2134.3566390561928,,
15.965034099994227,mouse,move,-5,852,7,-1,7.0710678118654755,876.6619741170682,,
15.981042500003241,mouse,move,-1,851,4,-1,4.123105625617661,257.5588830424089,,
15.988905799997156,mouse,move,0,850,1,-1,1.4142135623730951,179.84988026242954,,
15.996859899998526,mouse,move,1,845,1,-5,5.0990195135927845,641.0554949917899,,
16.004935399992974,mouse,move,11,835,10,-10,14.142135623730951,1751.2396301720994,,
16.013018500001635,mouse,move,25,825,14,-10,17.204650534085253,2128.4718134934283,,
16.02095580000605,mouse,move,42,813,17,-12,20.808652046684813,2621.6285178980515,,
16.029076299993903,mouse,move,59,800,17,-13,21.400934559032695,2635.420798108901,,
16.037086600001203,mouse,move,78,791,19,-9,21.02379604162864,2624.5953363132908,,
16.044896899999003,mouse,move,102,776,24,-15,28.30194339616981,3623.669180971509,,
16.052996900005382,mouse,move,131,761,29,-15,32.64965543462902,4030.8216554215,,
16.061000600006082,mouse,move,161,745,30,-16,34.0,4248.035283309973,,
16.069097100000363,mouse,move,192,733,31,-12,33.24154027718932,4105.66791831911,,
16.076983999999356,mouse,move,221,722,29,-11,31.016124838541646,3932.6129204756467,,
16.084943199995905,mouse,move,257,705,36,-17,39.81205847478876,5002.017601273018,,
16.092984000002616,mouse,move,297,694,40,-11,41.48493702538308,5159.304670027781,,
16.100957899994683,mouse,move,340,686,43,-8,43.73785545725808,5485.127164972559,,
16.10893909999868,mouse,move,364,686,24,0,24.0,3007.0666050195814,,
16.116964899993036,mouse,move,392,686,28,0,28.0,3488.7487876208293,,
16.124905499993474,mouse,move,410,686,18,0,18.0,2266.831221696911,,
16.132912700006273,mouse,move,421,686,11,0,11.0,1373.763610552752,,
16.141097500003525,mouse,move,430,686,9,0,9.0,1099.5992575287419,,
16.1490022999933,mouse,move,434,688,4,2,4.47213595499958,565.7494131141831,,
16.157094800000777,mouse,move,435,688,1,0,1.0,123.57120779436147,,
16.165017099992838,mouse,move,436,690,1,2,2.23606797749979,282.2498491272449,,
16.365041099998052,mouse,move,436,690,0,0,0.0,0.0,,
16.372944300004747,mouse,move,435,690,-1,0,1.0,126.53102530024975,,
16.381002199996146,mouse,move,434,690,-1,0,1.0,124.10181325994665,,
16.388936999996076,mouse,move,432,690,-2,0,2.0,252.05424207511882,,
16.396959399993648,mouse,move,429,691,-3,1,3.1622776601683795,394.1810008383594,,
16.405086600003415,mouse,move,428,691,-1,0,1.0,123.04360650632903,,
16.412994600003003,mouse,move,423,694,-5,3,5.830951894845301,737.3484945812882,,
16.42092920000141,mouse,move,423,696,0,2,2.0,252.06059541772942,,
16.42902110000432,mouse,move,422,703,-1,7,7.0710678118654755,873.8451796639528,,
16.437019200006034,mouse,move,423,713,1,10,10.04987562112089,1256.5328789296148,,
16.44488860000274,mouse,move,427,725,4,12,12.649110640673518,1607.3792977820763,,
16.4529457000026,mouse,move,430,742,3,17,17.26267650163207,2142.5421680172985,,
16.460985199999413,mouse,move,433,765,3,23,23.194827009486403,2885.108155816144,,
16.46892939999816,mouse,move,437,801,4,36,36.22154055254967,4559.495047741047,,
16.476911200006725,mouse,move,446,850,9,49,49.8196748283246,6241.659121359045,,
16.484968499993556,mouse,move,451,926,5,76,76.16429609731846,9452.831124794115,,
16.493016399996122,mouse,move,459,1011,8,85,85.37564055396598,10608.437049011913,,
16.500941199992667,mouse,move,459,1109,0,98,98.0,12366.242686595275,,
16.50891030000639,mouse,move,464,1188,5,79,79.1580697086532,9933.12539337262,,
16.516954299993813,mouse,move,457,1181,-7,-7,9.899494936611665,1230.6681939447483,,
16.524946299992735,mouse,move,455,1120,-2,-61,61.032778078668514,7636.733994857922,,
16.53293190000113,mouse,move,455,1081,0,-39,39.0,4883.790818347223,,
16.54094969999278,mouse,move,452,1076,-3,-5,5.830951894845301,727.2508544636722,,
16.549041499994928,mouse,move,451,1075,-1,-1,1.4142135623730951,174.77119577814838,,
16.901121999995667,mouse,move,451,1080,0,5,5.0,14.20129771455537,,
16.909002000000328,mouse,move,435,1153,-16,73,74.73285756613352,9483.86516775719,,
16.917038300001877,mouse,move,370,1186,-65,33,72.89718787443039,9070.988870546716,,
16.924931500005187,mouse,move,313,1288,-57,102,116.84605256490268,14803.381710322265,,
16.932928700000048,mouse,move,335,1222,22,-66,69.57010852370435,8699.308328966239,,
16.94108079999569,mouse,move,335,1080,0,-142,142.0,17418.824606656934,,
16.96513369999593,mouse,move,331,1111,-4,31,31.25699921617557,1299.5106293154013,,
16.972964899992803,mouse,move,283,1205,-48,94,105.54619841567009,13477.653291683253,,
16.980963599999086,mouse,move,204,1178,-79,-27,83.48652585896721,10437.51181984441,,
16.98904549999861,mouse,move,81,1190,-123,12,123.58397954427588,15291.451212158956,,
16.996924399994896,mouse,move,-33,1195,-114,5,114.10959644131601,14482.934990305168,,
17.00505449999764,mouse,move,-133,1207,-100,12,100.71742649611338,12388.214961944585,,
17.01306929999555,mouse,move,-167,1252,-34,45,56.4003546088143,7037.025830155308,,
17.02094190000207,mouse,move,-187,1238,-20,-14,24.413111231467404,3101.0226877071777,,
17.028946899998118,mouse,move,-114,1199,73,-39,82.76472678623425,10339.12889782756,,
17.036966600004234,mouse,move,-90,1201,24,2,24.08318915758459,3003.003745678476,,
17.044863599992823,mouse,move,-48,1162,42,-39,57.3149195236284,7257.809244833589,,
17.05311459999939,mouse,move,-11,1123,37,-39,53.75872022286245,6515.418758947678,,
17.06089750000683,mouse,move,0,1092,11,-31,32.89376840679705,4226.415394691643,,
17.069113599995035,mouse,move,13,1086,13,-6,14.317821063276353,1742.6541891936054,,
17.076913600001717,mouse,move,40,1088,27,2,27.073972741361768,3471.0221433548163,,
17.08493319999252,mouse,move,140,1092,100,4,100.07996802557443,12479.421435027925,,
17.0929896000016,mouse,move,293,1100,153,8,153.20900756809309,19017.055681866084,,
17.100933800000348,mouse,move,483,1062,190,-38,193.76274151652584,24390.466195097833,,
17.108915799995884,mouse,move,662,1053,179,-9,179.22611416866684,22453.7853005383,,
17.116932000004454,mouse,move,804,1047,142,-6,142.12670403551894,17729.93486734189,,
17.125043899999582,mouse,move,976,1038,172,-9,172.23530416264836,21232.424495627347,,
17.132941200005007,mouse,move,1264,1001,288,-37,290.36700914532287,36767.883826860525,,
17.14093120000325,mouse,move,1535,955,271,-46,274.8763358312243,34402.54516791232,,
17.149174199992558,mouse,move,1761,873,226,-82,240.41630560342617,29166.117422699557,,
17.157057799995528,mouse,move,1972,833,211,-40,214.75800334329801,27241.108537013853,,
17.165178399998695,mouse,move,2049,808,77,-25,80.95677859203639,9969.309972226563,,
17.220936300000176,mouse,move,1934,808,-115,0,115.0,2062.4880061290883,,
17.22898990000249,mouse,move,1954,808,20,0,20.0,2483.3614773835184,,
17.237100199999986,mouse,move,1919,809,-35,1,35.014282800023196,4317.261113747678,,
17.2449115000054,mouse,move,1899,827,-20,18,26.90724809414742,3444.6568529561337,,
17.252981700003147,mouse,move,1891,867,-8,40,40.792156108742276,5054.664831123583,,
17.260938799998257,mouse,move,1879,923,-12,56,57.271284253105414,7197.5071682271055,,
17.26893960000598,mouse,move,1817,999,-62,76,98.08159868191383,12258.973926014558,,
17.27695020000101,mouse,move,1722,1105,-95,106,142.3411395205195,17769.098395725316,,
17.28497029999562,mouse,move,1690,1106,-32,1,32.01562118716424,3991.9229446865315,,
17.29291970000486,mouse,move,1557,1207,-133,101,167.0029939851379,21008.25141407657,,
17.300969899995835,mouse,move,1341,1255,-216,48,221.2690669750293,27486.157762921845,,
17.308964600000763,mouse,move,1118,1243,-223,-12,223.32263655975405,27933.835718923197,,
17.316973099994357,mouse,move,865,1282,-253,39,255.98828098176682,31964.572789729667,,
17.32496209999954,mouse,move,612,1288,-253,6,253.07113624433742,31677.448501713447,,
17.333097599999746,mouse,move,399,1255,-213,-33,215.5411793602327,26493.906871701838,,
17.340935800006264,mouse,move,209,1248,-190,-7,190.12890364171355,24256.704789826555,,
17.349047299998347,mouse,move,52,1236,-157,-12,157.45793088949188,19411.690937949526,,
17.356978199997684,mouse,move,-45,1220,-97,-16,98.3107318658548,12395.911166963388,,
17.36503939999966,mouse,move,-66,1245,-21,25,32.64965543462902,4050.2227244861456,,
17.37299639999401,mouse,move,-74,1256,-8,11,13.601470508735444,1709.3716876204044,,
17.380978400004096,mouse,move,-78,1249,-4,-7,8.06225774829855,1010.0548406551026,,
17.388981900003273,mouse,move,-72,1262,6,13,14.317821063276353,1788.9449696694162,,
17.396985100000165,mouse,move,-83,1249,-11,-13,17.029386365926403,2127.8221677002825,,
17.404927399998996,mouse,move,-80,1219,3,-30,30.14962686336267,3796.082604258247,,
17.41297819999454,mouse,move,-71,1200,9,-19,21.02379604162864,2611.392166401357,,
17.420970499995747,mouse,move,-75,1194,-4,-6,7.211102550927978,902.2562403613439,,
17.428926099993987,mouse,move,-58,1169,17,-25,30.23243291566195,3800.1449195973705,,
17.436975499993423,mouse,move,-43,1172,15,3,15.297058540778355,1900.397364008522,,
17.444968800002243,mouse,move,-24,1167,19,-5,19.6468827043885,2457.9188423690775,,
17.452978799992707,mouse,move,-10,1155,14,-12,18.439088914585774,2302.0086063095428,,
17.460968800005503,mouse,move,1,1147,11,-8,13.601470508735444,1702.311700494622,,
17.46897020000324,mouse,move,28,1138,27,-9,28.460498941515414,3556.93990421183,,
17.47692879999522,mouse,move,51,1110,23,-28,36.235341863986875,4552.979405988708,,
17.48496719999821,mouse,move,70,1098,19,-12,22.47220505424423,2795.60671848761,,
17.49298270000145,mouse,move,97,1097,27,-1,27.018512172212592,3370.783127851557,,
17.50097029999597,mouse,move,178,1100,81,3,81.05553651663777,10147.670961519216,,
17.508971599992947,mouse,move,297,1087,119,-13,119.70797801316336,14961.066084060658,,
17.516955300001428,mouse,move,445,1079,148,-8,148.21605850919124,18564.8331414941,,
17.524974400002975,mouse,move,617,1079,172,0,172.0,21448.79100732106,,
17.53295550000621,mouse,move,814,1050,197,-29,199.12307751739877,24949.327465723603,,
17.54116900000372,mouse,move,1009,1005,195,-45,200.124960961895,24365.36933372782,,
17.549050100002205,mouse,move,1211,948,202,-57,209.88806540630173,26631.82365997653,,
17.557128500004183,mouse,move,1416,881,205,-67,215.67104580819372,26697.247692042736,,
17.564981400006218,mouse,move,1619,806,203,-75,216.41164478835236,27558.181656746277,,
17.57298300000548,mouse,move,1792,731,173,-75,188.55768348173987,23564.99743790646,,
17.581031800000346,mouse,move,1966,641,174,-90,195.8979326077741,24338.775063698668,,
17.58897219999926,mouse,move,2037,555,71,-86,111.5212984142491,14044.796034139634,,
17.59707950000302,mouse,move,2019,461,-18,-94,95.70788891204319,11805.149540251745,,
17.604986599995755,mouse,move,2005,374,-14,-87,88.11923740024082,11144.318078840639,,
17.612976399992476,mouse,move,1994,288,-11,-86,86.70063436907483,10851.414854520835,,
17.620973400000366,mouse,move,1961,212,-33,-76,82.85529554590944,10360.797231982124,,
17.628950400001486,mouse,move,1948,140,-13,-72,73.16419889536138,9171.894056047877,,
17.63696489999711,mouse,move,1926,87,-22,-53,57.38466694161429,7160.105680072654,,
17.644984300000942,mouse,move,1919,71,-7,-16,17.46424919657298,2177.750104525052,,
17.65323399999761,mouse,move,1916,65,-3,-6,6.708203932499369,813.1451974264323,,
17.661005300004035,mouse,move,1909,63,-7,-2,7.280109889280518,936.7943437084666,,
17.66894279999542,mouse,move,1890,52,-19,-11,21.95449840010015,2765.9210612822453,,
17.676965599996038,mouse,move,1854,33,-36,-19,40.70626487409524,5073.8227141351235,,
17.684980199992424,mouse,move,1795,8,-59,-25,64.07807737440318,7995.168492912553,,
17.692955799997435,mouse,move,1720,-18,-75,-26,79.37883848986453,9952.71057224419,,
17.700981100002537,mouse,move,1658,-30,-62,-12,63.150613615387776,7868.941170453889,,
17.70894430000044,mouse,move,1608,-11,-50,19,53.48831648126533,6716.937474300755,,
17.717101200003526,mouse,move,1531,-13,-77,-2,77.02596964660685,9443.04449208134,,
17.724883200004115,mouse,move,1450,-3,-81,10,81.61494961096282,10487.657363761222,,
17.73310159999528,mouse,move,1357,7,-93,10,93.53608929178085,11381.301639289353,,
17.74094220000552,mouse,move,1239,44,-118,37,123.664869708418,15772.373229969873,,
17.749314100001357,mouse,move,1123,104,-116,60,130.59862173851607,15599.639484879928,,
17.756904099995154,mouse,move,995,182,-128,78,149.89329538041386,19748.78728628562,,
17.765011800001957,mouse,move,853,279,-142,97,171.96802028284213,21210.456743408962,,
17.773018599997158,mouse,move,701,396,-152,117,191.81501505356664,23956.51385928722,,
17.781261500000255,mouse,move,549,521,-152,125,196.7968495682794,23874.710295446865,,
17.788910999996006,mouse,move,379,673,-170,152,228.04385543136215,29811.602792084486,,
17.797600499994587,mouse,move,199,838,-180,165,244.1823089414956,28100.846882024736,,
17.804910899998504,mouse,move,19,996,-180,158,239.50782868207042,32762.616074873178,,
17.813481299992418,mouse,move,-148,1148,-167,152,225.8162970203878,26348.396478663704,,
17.821070599995437,mouse,move,-152,1210,-4,62,62.12889826803627,8186.380594168139,,
17.829041599994525,mouse,move,-97,1179,55,-31,63.13477647065839,7920.559086423294,,
17.83693210000638,mouse,move,-83,1151,14,-28,31.304951684997057,3967.4230578502916,,
17.8448395000014,mouse,move,-47,1134,36,-17,39.81205847478876,5034.784948259062,,
17.85316860000603,mouse,move,-14,1100,33,-34,47.38143096192854,5688.661552339281,,
17.86082040000474,mouse,move,-2,1083,12,-17,20.808652046684813,2719.445365820855,,
17.8689188999997,mouse,move,0,1079,2,-4,4.47213595499958,552.2178129016437,,
17.876833699992858,mouse,move,2,1079,2,0,2.0,252.69116108159363,,
17.884922299999744,mouse,move,14,1079,12,0,12.0,1483.5694668773826,,
17.89291080000112,mouse,move,41,1079,27,0,27.0,3379.858546079231,,
17.900923099994543,mouse,move,100,1073,59,-6,59.30430001273095,7401.657459331183,,
17.908966300004977,mouse,move,177,1034,77,-39,86.31338250816034,10731.22418890404,,
17.91692360000161,mouse,move,290,971,113,-63,129.37542270462347,16258.70870262089,,
17.924927100000787,mouse,move,422,875,132,-96,163.21764610482532,20393.283703581543,,
17.933048799997778,mouse,move,565,753,143,-122,187.97074240423694,23144.260742686398,,
17.94095709999965,mouse,move,725,602,160,-151,220.00227271553356,27819.161218395424,,
17.94901860000391,mouse,move,880,432,155,-170,230.05434140654683,28537.41131116804,,
17.956922700002906,mouse,move,1049,219,169,-213,271.9007171744863,34399.95916157887,,
17.96524249999493,mouse,move,1204,0,155,-219,268.30206857197356,32248.620018416266,,
17.97292169999855,mouse,move,1355,-242,151,-242,285.24550829066527,37145.21150069299,,
17.980935500003397,mouse,move,1502,-261,147,-19,148.22280526288793,18495.94514128739,,
17.989102799998363,mouse,move,1651,-265,149,-4,149.05368160498418,18250.05591772736,,
17.997036100001424,mouse,move,1772,-257,121,8,121.26417442921878,15285.464356880886,,
18.005088699996122,mouse,move,1888,-281,116,-24,118.45674315968678,14710.372207445203,,
18.013123800003086,mouse,move,1990,-276,102,5,102.12247548899312,12709.546290709899,,
18.0211144000059,mouse,move,1996,-243,6,33,33.54101966249684,4197.559588852961,,
18.029043200003798,mouse,move,1987,-259,-9,-16,18.35755975068582,2315.301149675972,,
18.03703009999299,mouse,move,1964,-238,-23,21,31.144823004794873,3899.488292947541,,
18.045106999998097,mouse,move,1953,-240,-11,-2,11.180339887498949,1384.2365115859577,,
18.053101600002265,mouse,move,1925,-209,-28,31,41.773197148410844,5225.176635058163,,
18.060867299995152,mouse,move,1899,-204,-26,5,26.476404589747453,3409.4034812053305,,
18.069200900004944,mouse,move,1855,-171,-44,33,55.0,6599.78879900377,,
18.076957199999015,mouse,move,1776,-190,-79,-19,81.25269226308751,10475.702632079445,,
18.08508429999347,mouse,move,1671,-181,-105,9,105.38500842150178,12967.111084325596,,
18.092965599993477,mouse,move,1541,-165,-130,16,130.98091464026353,16619.20173577041,,
18.100967599995784,mouse,move,1384,-164,-157,1,157.00318468107582,19620.49295623764,,
18.10901990000275,mouse,move,1204,-146,-180,18,180.89776118017602,22465.35288348422,,
18.117037300005904,mouse,move,1013,-121,-191,25,192.62917743685665,24026.389772377468,,
18.125007800001185,mouse,move,808,-120,-205,1,205.00243900988104,25720.147936924248,,
18.133048400006373,mouse,move,598,-88,-210,32,212.4241040936739,26418.93688986043,,
18.14095620000444,mouse,move,388,-88,-210,0,210.0,26556.058581574376,,
18.14893320000556,mouse,move,246,-14,-142,74,160.12495120998477,20073.329721388203,,
18.157006499997806,mouse,move,240,-1,-6,13,14.317821063276353,1773.4781411597824,,
18.165003300004173,mouse,move,225,0,-15,1,15.033296378372908,1879.9140114049364,,
18.172939900003257,mouse,move,225,1,0,1,1.0,125.99853843149427,,
18.413029500006814,mouse,move,281,26,56,25,61.326992425847855,255.4337731619329,,
18.420938600000227,mouse,move,333,21,52,-5,52.23983154643591,6605.028586052435,,
18.429025000004913,mouse,move,414,73,81,52,96.25487000666512,11903.30307069746,,
18.436936300000525,mouse,move,483,104,69,31,75.64390259630977,9561.5009718077,,
18.445048399997177,mouse,move,541,144,58,40,70.45565981523414,8685.255340086602,,
18.453101499995682,mouse,move,600,195,59,51,77.98717843338096,9684.118966342292,,
18.46113250000053,mouse,move,675,254,75,59,95.42536350467836,11882.12718802992,,
18.46897970000282,mouse,move,734,333,59,79,98.60020283954795,12565.017179477212,,
18.47724379999272,mouse,move,796,408,62,75,97.30878685915265,11774.880141583919,,
18.484945400006836,mouse,move,846,476,50,68,84.40379138403677,10959.254080884413,,
18.49293019999459,mouse,move,873,538,27,62,67.62396025078685,8469.08630829932,,
18.50100740000198,mouse,move,895,600,22,62,65.7875368135941,8144.84434623219,,
18.508926099995733,mouse,move,898,607,3,7,7.615773105863909,961.7453763714939,,
18.517261100001633,mouse,move,898,632,0,25,25.0,2999.4001178528797,,
18.52512019999267,mouse,move,889,702,-9,70,70.57619995437555,8980.188575646118,,
18.53315659999498,mouse,move,866,767,-23,65,68.9492567037528,8579.619815330923,,
18.541026599996258,mouse,move,854,804,-12,37,38.897300677553446,4942.47784895137,,
18.557065000000875,mouse,move,817,855,-37,51,63.00793600809346,3928.567437521938,,
18.5649526000052,mouse,move,776,888,-41,33,52.630789467763066,6672.59869147933,,
18.572933100003866,mouse,move,689,974,-87,86,122.3315167894194,15328.80355991012,,
18.58100029999332,mouse,move,607,1040,-82,66,105.26157893552613,13048.093399583575,,
18.589010900002904,mouse,move,386,1178,-221,138,260.547500467765,32525.34144209503,,
18.59719210000185,mouse,move,144,1222,-242,44,245.96747752497686,30064.963276380415,,
18.604997100002947,mouse,move,-78,1230,-222,8,222.14409737825582,28461.767757460275,,
18.613190599993686,mouse,move,-245,1212,-167,-18,167.96725871431016,20500.06211071736,,
18.621166099997936,mouse,move,-228,1218,17,6,18.027756377319946,2260.3919964534043,,
18.629112900001928,mouse,move,-201,1201,27,-17,31.906112267087632,4014.9635389160817,,
18.63719530000526,mouse,move,-159,1196,42,-5,42.2965719651132,5233.169844065845,,
18.645084599993424,mouse,move,-100,1182,59,-14,60.63827174318213,7686.140954729944,,
18.65386029999354,mouse,move,-76,1146,24,-36,43.266615305567875,4930.275112526884,,
18.661038699996425,mouse,move,-62,1131,14,-15,20.518284528683193,2858.336749196917,,
18.669112699994002,mouse,move,-26,1105,36,-26,44.40720662234904,5500.025592726299,,
18.676999200004502,mouse,move,-6,1085,20,-20,28.284271247461902,3586.416180790655,,
18.684953400006634,mouse,move,-1,1080,5,-5,7.0710678118654755,888.9728457884137,,
18.708936099996208,mouse,move,0,1079,1,-1,1.4142135623730951,58.968071275873626,,
18.717000899996492,mouse,move,6,1079,6,0,6.0,743.9738120956267,,
18.724933000004967,mouse,move,30,1068,24,-11,26.40075756488817,3328.3440118860804,,
18.73297029999958,mouse,move,93,1036,63,-32,70.66116330771806,8791.654331067211,,
18.740932400003658,mouse,move,171,976,78,-60,98.40731680114035,12359.467571460835,,
18.749386600000435,mouse,move,292,901,121,-75,142.35870187663275,16838.814072402627,,
18.756941400002688,mouse,move,449,815,157,-86,179.0111728356641,23695.024723654453,,
18.76535899999726,mouse,move,616,732,167,-83,186.48860555004427,22154.605311523654,,
18.77292590000434,mouse,move,813,632,197,-100,220.92758994747578,29196.57848535559,,
18.780932499998016,mouse,move,1017,535,204,-97,225.88713996153035,28212.61710837258,,
18.789055500004906,mouse,move,1207,450,190,-85,208.1465829649865,25624.348490512948,,
18.796927200004575,mouse,move,1387,375,180,-75,195.0,24772.285530216937,,
18.804989399999613,mouse,move,1556,304,169,-71,183.30848316430968,22736.781930134122,,
18.812928600003943,mouse,move,1709,245,153,-59,163.98170629676957,20654.688911645597,,
18.820991999993566,mouse,move,1844,199,135,-46,142.6218777046495,17687.56081655172,,
18.82897370000137,mouse,move,1941,175,97,-24,99.92497185388645,12519.259275115504,,
18.837077999996836,mouse,move,1980,160,39,-15,41.78516483155236,5155.925231658332,,
18.844915599998785,mouse,move,1927,159,-53,-1,53.009433122794285,6763.477736757814,,
18.86094929999672,mouse,move,1918,159,-9,0,9.0,561.3177246150244,,
18.86892490000173,mouse,move,1909,159,-9,0,9.0,1128.4417466203538,,
18.876934999992955,mouse,move,1893,162,-16,3,16.278820596099706,2032.2868146382218,,
18.88496710000618,mouse,move,1852,170,-41,8,41.773197148410844,5200.7814991887035,,
18.893011199994362,mouse,move,1769,183,-83,13,84.01190391843289,10443.915918729079,,
18.901075000001583,mouse,move,1659,199,-110,16,111.15754585272202,13784.7597600608,,
18.909143299999414,mouse,move,1552,227,-107,28,110.60289327137876,13708.32682239324,,
18.917067000002135,mouse,move,1454,257,-98,30,102.48902380255166,12934.490675740166,,
18.925052199992933,mouse,move,1371,300,-83,43,93.47726996441435,11706.315442584711,,
18.93333359999815,mouse,move,1307,338,-64,38,74.43117626371358,8987.752821603483,,
18.94093029999931,mouse,move,1242,384,-65,46,79.63039620647382,10482.235206645979,,
18.94896069999959,mouse,move,1185,419,-57,35,66.88796603276258,8329.344245670487,,
18.957120000006398,mouse,move,1131,459,-54,40,67.20119046564577,8236.14653334974,,
18.96494160000293,mouse,move,1101,477,-30,18,34.9857113690718,4472.960952309327,,
18.973050800006604,mouse,move,1078,489,-23,12,25.942243542145693,3199.11255492457,,
18.981218600005377,mouse,move,1078,490,0,1,1.0,122.43198904848208,,
18.989055300000473,mouse,move,1070,497,-8,7,10.63014581273465,1356.4569039757716,,
18.99693290000141,mouse,move,1061,511,-9,14,16.64331697709324,2112.7395368018992,,
19.005061699994258,mouse,move,1053,520,-8,9,12.041594578792296,1481.349595191097,,
19.01293589999841,mouse,move,1046,534,-7,14,15.652475842498529,1987.8179160096533,,
19.02105300000403,mouse,move,1044,541,-2,7,7.280109889280518,896.8855729558436,,
19.02893299999414,mouse,move,1042,545,-2,4,4.47213595499958,567.5299442402053,,
19.03704860000289,mouse,move,1041,548,-1,3,3.1622776601683795,389.65420384922555,,
19.060935600005905,mouse,move,1041,549,0,1,1.0,41.86377526997085,,
19.08493969999836,mouse,move,1041,550,0,1,1.0,41.65954984000231,,
19.09308969999256,mouse,move,1049,554,8,4,8.94427190999916,1097.4566768541897,,
19.101077500003157,mouse,move,1073,560,24,6,24.73863375370596,3097.052219746157,,
19.1090675000014,mouse,move,1116,567,43,7,43.56604182158393,5452.5709425727355,,
19.116899500004365,mouse,move,1168,573,52,6,52.3450093132096,6683.479225409004,,
19.125371999994968,mouse,move,1206,575,38,2,38.05259518088089,4491.306606442715,,
19.133140499994624,mouse,move,1241,577,35,2,35.05709628591621,4512.723986286547,,
19.141036500004702,mouse,move,1267,581,26,4,26.30589287593181,3331.546712557879,,
19.149176999999327,mouse,move,1286,584,19,3,19.235384061671343,2362.924153844784,,
19.15689490000659,mouse,move,1307,590,21,6,21.840329667841555,2829.828016336534,,
19.165079700003844,mouse,move,1320,593,13,3,13.341664064126334,1630.0537665679126,,
19.17300169999362,mouse,move,1334,597,14,4,14.560219778561036,1837.9474624277102,,
19.181092300001183,mouse,move,1349,604,15,7,16.55294535724685,2045.9478087871794,,
19.189013800001703,mouse,move,1363,611,14,7,15.652475842498529,1975.9484745906498,,
19.197126600003685,mouse,move,1377,619,14,8,16.1245154965971,1987.5401208779278,,
19.20497869999963,mouse,move,1390,628,13,9,15.811388300841896,2013.6509098215552,,
19.21297880000202,mouse,move,1404,639,14,11,17.804493814764857,2225.5339070065397,,
19.22101439999824,mouse,move,1428,656,24,17,29.410882339705484,3660.072969478669,,
19.229070500005037,mouse,move,1450,676,22,20,29.732137494637012,3690.6365945743546,,
19.236911999993026,mouse,move,1462,691,12,15,19.209372712298546,2449.7064007805066,,
19.24496339999314,mouse,move,1468,705,6,14,15.231546211727817,1891.7885351012155,,
19.252983600003063,mouse,move,1469,716,1,11,11.045361017187261,1377.1927138376584,,
19.260956400001305,mouse,move,1472,732,3,16,16.278820596099706,2041.7946768623756,,
19.269023100001505,mouse,move,1472,743,0,11,11.0,1363.6307287649188,,
19.276944400000502,mouse,move,1472,758,0,15,15.0,1893.6285713074828,,
19.285013600005186,mouse,move,1472,781,0,23,23.0,2850.344518248344,,
19.292938900005538,mouse,move,1460,807,-12,26,28.635642126552707,3613.193459589087,,
19.300997900005314,mouse,move,1449,847,-11,40,41.48493702538308,5147.653186070042,,
19.309145799998078,mouse,move,1430,902,-19,55,58.18934610390462,7141.637250774007,,
19.317033800005447,mouse,move,1416,959,-14,57,58.69412236331676,7440.938426531485,,
19.324921099992935,mouse,move,1381,1013,-35,54,64.35060217278468,8158.761841805336,,
19.332987100002356,mouse,move,1349,1073,-32,60,68.0,8430.44878757433,,
19.340936099993996,mouse,move,1328,1122,-21,49,53.31041174104736,6706.555767657713,,
19.349059999993187,mouse,move,1293,1124,-35,2,35.05709628591621,4315.303769052679,,
19.356907399997,mouse,move,1271,1104,-22,-20,29.732137494637012,3788.788322271916,,
19.36507359999814,mouse,move,1249,1101,-22,-3,22.20360331117452,2718.963937702909,,
19.372946599993156,mouse,move,1225,1096,-24,-5,24.515301344262525,3113.8449586921497,,
19.380930100000114,mouse,move,1202,1089,-23,-7,24.041630560342615,3011.4148605736154,,
19.388920500001404,mouse,move,1195,1084,-7,-5,8.602325267042627,1076.5825572754256,,
19.397122900001705,mouse,move,1190,1080,-5,-4,6.4031242374328485,780.6403293180599,,
19.40489289999823,mouse,move,1187,1079,-3,-1,3.1622776601683795,406.9855420311685,,
19.412941699993098,mouse,move,1186,1080,-1,1,1.4142135623730951,175.7048955465332,,
19.44495150000148,mouse,move,1184,1078,-2,-2,2.8284271247461903,88.36128698103614,,
19.453053699995507,mouse,move,1169,1066,-15,-12,19.209372712298546,2370.883553412453,,
19.460941600002116,mouse,move,1124,1028,-45,-38,58.89821729050889,7466.907192176216,,
19.468991200003074,mouse,move,1073,972,-51,-56,75.7429864739964,9409.534196105855,,
19.477133799999137,mouse,move,1004,887,-69,-85,109.48059188732951,13445.409567001336,,
19.48506589999306,mouse,move,936,802,-68,-85,108.85311203635843,13723.11394457423,,
19.493089399999008,mouse,move,867,713,-69,-89,112.61438629233834,14035.568792779066,,
19.50106819999928,mouse,move,814,642,-53,-71,88.60022573334675,11104.455022097098,,
19.510103299995535,mouse,move,783,598,-31,-44,53.823786563191554,5957.187699694313,,
19.5170999999973,mouse,move,775,581,-8,-17,18.788294228055936,2685.3079627994275,,
19.52509789999749,mouse,move,772,579,-3,-2,3.605551275463989,450.8122476372237,,
19.533024899996235,mouse,move,771,579,-1,0,1.0,126.15112907258396,,
19.565248099999735,mouse,scroll,771,579,0,-1,,,,
19.581062299999758,mouse,move,773,579,2,0,2.0,41.63422666200373,,
19.58892249999917,mouse,move,778,579,5,0,5.0,636.1161294080446,,
19.59707879999769,mouse,move,785,582,7,3,7.615773105863909,933.7289098301461,,
19.605066799995257,mouse,move,789,584,4,2,4.47213595499958,559.8567797147591,,
19.61309820000315,mouse,move,793,585,4,1,4.123105625617661,513.3732128352414,,
19.621005099994363,mouse,move,793,586,0,1,1.0,126.47181589641733,,
19.709048200005782,mouse,scroll,793,586,0,-1,,,,
19.7330132000061,mouse,move,794,586,1,0,1.0,8.927925747291747,,
19.741004900002736,mouse,move,794,585,0,-1,1.0,125.12982224317592,,
19.757018999996944,mouse,move,794,584,0,-1,1.0,62.44497039244415,,
19.76499110000441,mouse,move,793,580,-1,-4,4.123105625617661,517.1919095040514,,
19.772989200006123,mouse,move,791,577,-2,-3,3.605551275463989,450.80097456786353,,
19.7810002000042,mouse,move,787,570,-4,-7,8.06225774829855,1006.3984209503305,,
19.78898990000016,mouse,move,780,561,-7,-9,11.40175425099138,1427.0566174895844,,
19.796997700002976,mouse,move,772,550,-8,-11,13.601470508735444,1698.5277484394896,,
19.804982300003758,mouse,move,763,534,-9,-16,18.35755975068582,2299.120776105008,,
19.813011899997946,mouse,move,752,514,-11,-20,22.825424421026653,2842.6602119093977,,
19.821020999996108,mouse,move,734,484,-18,-30,34.9857113690718,4368.245043400641,,
19.829012699992745,mouse,move,711,441,-23,-43,48.76474136094644,6101.923418229677,,
19.836986199996318,mouse,move,686,395,-25,-46,52.354560450833695,6566.070160829756,,
19.844986600000993,mouse,move,652,347,-34,-48,58.82176467941097,7352.352962981128,,
19.85299970000051,mouse,move,617,305,-35,-42,54.67174773134658,6822.796138154642,,
19.860975000003236,mouse,move,587,273,-30,-32,43.86342439892262,5499.909017080971,,
19.868973399992683,mouse,move,568,254,-19,-19,26.870057685088806,3359.4291008879427,,
19.876984400005313,mouse,move,556,247,-12,-7,13.892443989449804,1734.1710108036204,,
19.885000299997046,mouse,move,551,244,-5,-3,5.830951894845301,727.4232339299258,,
19.892995899994276,mouse,move,549,244,-2,0,2.0,250.13757575327838,,
19.96501509999507,mouse,move,544,244,-5,0,5.0,69.42593086211411,,
19.97300090000499,mouse,move,534,244,-10,0,10.0,1252.222693728717,,
19.98097710000002,mouse,move,520,244,-14,0,14.0,1755.2217859039665,,
19.988973200001055,mouse,move,504,244,-16,0,16.0,2000.9754752847946,,
19.996983599994564,mouse,move,481,244,-23,0,23.0,2871.2673547684562,,
20.00497369999357,mouse,move,463,244,-18,0,18.0,2252.787825213637,,
20.01297440000053,mouse,move,443,244,-20,0,20.0,2499.7812669643436,,
20.021011399992858,mouse,move,415,244,-28,0,28.0,3483.8870258466095,,
20.028994699998293,mouse,move,388,244,-27,0,27.0,3382.0600480526177,,
20.036988299994846,mouse,move,357,244,-31,0,31.0,3878.1024836579995,,
20.044981500002905,mouse,move,327,244,-30,0,30.0,3753.1902078958788,,
20.052994400000898,mouse,move,289,244,-38,0,38.0,4742.35295704628,,
20.060998500004644,mouse,move,252,244,-37,0,37.0,4622.630899499803,,
20.069023799995193,mouse,move,214,244,-38,0,38.0,4735.025487489252,,
20.077047800004948,mouse,move,187,244,-27,0,27.0,3364.9052800568857,,
20.084976500002085,mouse,move,166,244,-21,0,21.0,2648.605699242267,,
20.09297909999441,mouse,move,153,239,-13,-5,13.92838827718412,1740.4828793822815,,
20.100975099994685,mouse,move,146,238,-7,-1,7.0710678118654755,884.3256392723476,,
20.108996499999193,mouse,move,143,235,-3,-3,4.242640687119285,528.915237331944,,
20.11696739999752,mouse,move,141,235,-2,0,2.0,250.9126949804703,,
20.124975700004143,mouse,move,140,234,-1,-1,1.4142135623730951,176.5934794155581,,
20.13308309999411,mouse,move,140,230,0,-4,4.0,493.37642215135924,,
20.140926499996567,mouse,move,140,227,0,-3,3.0,382.4871865594196,,
20.14897199999541,mouse,move,140,220,0,-7,7.0,870.0515817545697,,
20.15698679999332,mouse,move,138,207,-2,-13,13.152946437965905,1641.0823029142857,,
20.164993300000788,mouse,move,138,192,0,-15,15.0,1873.4777975405423,,
20.17307940000319,mouse,move,138,174,0,-18,18.0,2226.042219939667,,
20.180977099997108,mouse,move,138,161,0,-13,13.0,1646.0488509325753,,
20.188916099999915,mouse,move,139,142,1,-19,19.026297590440446,2396.5609754015977,,
20.196953100006795,mouse,move,141,126,2,-16,16.1245154965971,2006.2853655337187,,
20.204928799998015,mouse,move,150,96,9,-30,31.32091952673165,3927.0433392941936,,
20.213004599994747,mouse,move,153,86,3,-10,10.44030650891055,1292.7891370682335,,
20.22093729999324,mouse,move,161,61,8,-25,26.248809496813376,3308.937625500157,,
20.22895220000646,mouse,move,171,47,10,-14,17.204650534085253,2146.5833018131675,,
20.236949700003606,mouse,move,180,39,9,-8,12.041594578792296,1505.6698447127521,,
20.2450189999945,mouse,move,188,26,8,-13,15.264337522473747,1891.655724746931,,
20.25305749999825,mouse,move,199,15,11,-11,15.556349186104045,1935.2303512904011,,
20.26097909999953,mouse,move,209,7,10,-8,12.806248474865697,1616.6239740447752,,
20.268927500001155,mouse,move,223,-4,14,-11,17.804493814764857,2240.009789533469,,
20.27706949999265,mouse,move,242,-17,19,-13,23.021728866442675,2827.5274982182477,,
20.284982500001206,mouse,move,261,-17,19,0,19.0,2401.1120914259704,,
20.292984600004274,mouse,move,272,-11,11,6,12.529964086141668,1565.8344786165085,,
20.30093840000336,mouse,move,285,-3,13,8,15.264337522473747,1919.1251382015478,,
20.308981299996958,mouse,move,291,-1,6,2,6.324555320336759,786.352599854699,,
20.332948299997952,mouse,move,290,0,-1,1,1.4142135623730951,59.00669930798427,,
20.341052300005686,mouse,move,285,5,-5,5,7.0710678118654755,872.5404497923873,,
20.34895400000096,mouse,move,280,20,-5,15,15.811388300841896,2001.0109609705619,,
20.35708899999736,mouse,move,274,39,-6,19,19.924858845171276,2449.2758271650396,,
20.365095300003304,mouse,move,273,61,-1,22,22.02271554554524,2750.6732859362564,,
20.37323670000478,mouse,move,273,92,0,31,31.0,3807.698920870405,,
20.381156400006148,mouse,move,273,132,0,40,40.0,5050.696363889862,,
20.389063599999645,mouse,move,273,190,0,58,58.0,7335.08701534068,,
20.39748359999794,mouse,move,273,251,0,61,61.0,7244.655583414158,,
20.40512100000342,mouse,move,279,323,6,72,72.24956747275377,9459.969023611198,,
20.41319000000658,mouse,move,287,396,8,73,73.43704787094863,9101.133702092053,,
20.420891600006144,mouse,move,313,474,26,78,82.21921916437786,10675.60236431844,,
20.42933240000275,mouse,move,336,551,23,77,80.36168241145776,9520.62392708867,,
20.43689820000145,mouse,move,364,614,28,63,68.94200461257273,9112.321846256129,,
20.445177899993723,mouse,move,399,674,35,60,69.46221994724903,8389.460972267374,,
20.452898300005472,mouse,move,435,725,36,51,62.42595614005443,8085.844780717811,,
20.461244899997837,mouse,move,470,756,35,31,46.75467891024384,5601.643657658733,,
20.46911989999353,mouse,move,505,779,35,23,41.88078318274385,5318.194692781113,,
20.477204800001346,mouse,move,541,801,36,22,42.190046219457976,5218.375759585275,,
20.484904800003278,mouse,move,566,810,25,9,26.570660511172846,3450.7351304551066,,
20.49304349999875,mouse,move,594,819,28,9,29.410882339705484,3613.707638329799,,
20.500946899992414,mouse,move,610,820,16,1,16.0312195418814,2028.3953178037598,,
20.509072000000742,mouse,move,624,822,14,2,14.142135623730951,1740.5491143782701,,
20.517155800000182,mouse,move,632,822,8,0,8.0,989.6335882325276,,
20.5249926999968,mouse,move,635,822,3,0,3.0,382.80442538431794,,
20.53299490000063,mouse,move,636,822,1,0,1.0,124.96563439071862,,
20.541017499999725,mouse,move,637,822,1,0,1.0,124.64786978197634,,
20.5489482999983,mouse,move,638,822,1,0,1.0,126.09068444287784,,
20.55700070000603,mouse,move,638,821,0,-1,1.0,124.18657779548225,,
20.565067000003182,mouse,move,639,820,1,-1,1.4142135623730951,175.3237001936601,,
20.572943999999552,mouse,move,639,819,0,-1,1.0,126.95188529400443,,
20.580913800004055,mouse,move,639,816,0,-3,3.0,376.4209890216903,,
20.58897280000383,mouse,move,641,814,2,-2,2.8284271247461903,350.96502355440674,,
20.596914800000377,mouse,move,642,813,1,-1,1.4142135623730951,178.06768609771143,,
20.605110999997123,mouse,move,643,812,1,-1,1.4142135623730951,172.54502854182812,,
20.637124600005336,mouse,move,646,812,3,0,3.0,93.71017315235906,,
20.64508719999867,mouse,move,650,812,4,0,4.0,502.3484795605178,,
20.652949099996476,mouse,move,654,812,4,0,4.0,508.78286433510726,,
20.66105890000472,mouse,move,659,812,5,0,5.0,616.5380151074604,,
20.669014200000674,mouse,move,666,812,7,0,7.0,879.9165340789627,,
20.677075900006457,mouse,move,672,812,6,0,6.0,744.2598950216601,,
20.68500359999598,mouse,move,683,813,11,1,11.045361017187261,1393.2617318749112,,
20.692978099992615,mouse,move,692,818,9,5,10.295630140987,1291.0690507657255,,
20.701134599992656,mouse,move,704,823,12,5,13.0,1593.8208790455083,,
20.709379299994907,mouse,move,718,828,14,5,14.866068747318506,1803.1060855166793,,
20.716945499996655,mouse,move,727,835,9,7,11.40175425099138,1506.9327070865486,,
20.725053899994236,mouse,move,736,841,9,6,10.816653826391969,1334.0059481054163,,
20.732971599994926,mouse,move,747,849,11,8,13.601470508735444,1717.8562597157272,,
20.740975799999433,mouse,move,764,861,17,12,20.808652046684813,2599.7166531281405,,
20.74897200000123,mouse,move,781,872,17,11,20.248456731316587,2532.2599143045622,,
20.756999299992458,mouse,move,802,888,21,16,26.40075756488817,3288.871425478336,,
20.765010899995104,mouse,move,819,901,17,13,21.400934559032695,2671.243515897373,,
20.77294919999258,mouse,move,833,908,14,7,15.652475842498529,1971.7667318536173,,
20.78101439999591,mouse,move,845,915,12,7,13.892443989449804,1722.5169845402966,,
20.78896459999669,mouse,move,856,921,11,6,12.529964086141668,1576.0564620909847,,
20.796971599993412,mouse,move,863,924,7,3,7.615773105863909,951.1393916548288,,
20.805006099995808,mouse,move,870,925,7,1,7.0710678118654755,880.0880963043558,,
20.812971799998195,mouse,move,876,928,6,3,6.708203932499369,842.1361500544899,,
20.821091200006776,mouse,move,880,929,4,1,4.123105625617661,507.80915107764815,,
20.82896990000154,mouse,move,882,930,2,1,2.23606797749979,283.8117936951876,,
20.83699529999285,mouse,move,884,932,2,2,2.8284271247461903,352.4344117188484,,
20.844960699992953,mouse,move,886,933,2,1,2.23606797749979,280.722622526292,,
20.853071999998065,mouse,scroll,886,933,0,-1,,,,
20.885071199998492,mouse,move,889,934,3,1,3.1622776601683795,78.83914834598545,,
20.88560460000008,mouse,scroll,889,934,0,-1,,,,
21.005105300006107,mouse,move,890,934,1,0,1.0,8.330965949980541,,
21.012989800001378,mouse,move,890,934,0,0,0.0,0.0,,
21.021013599995058,mouse,move,892,936,2,2,2.8284271247461903,352.50468942073206,,
21.02907600000617,mouse,move,895,937,3,1,3.1622776601683795,392.22534925203576,,
21.03708999999799,mouse,move,903,939,8,2,8.246211251235321,1028.975699981909,,
21.044945200002985,mouse,move,909,943,6,4,7.211102550927978,918.0036849909563,,
21.053246800001943,mouse,move,914,944,5,1,5.0990195135927845,614.221296404615,,
21.060953499996685,mouse,move,925,948,11,4,11.704699910719626,1518.7693719368092,,
21.068902900005924,mouse,move,936,949,11,1,11.045361017187261,1389.4584502416812,,
21.077128599994467,mouse,move,950,952,14,3,14.317821063276353,1740.6203828511304,,
21.08496199999354,mouse,move,975,960,25,8,26.248809496813376,3350.8833328980413,,
21.092999600004987,mouse,move,1008,968,33,8,33.95585369269929,4224.625963513261,,
21.10096049999993,mouse,move,1049,979,41,11,42.44997055358225,5332.307977811065,,
21.10914149999735,mouse,move,1083,991,34,12,36.05551275463989,4407.225616184499,,
21.116894399994635,mouse,move,1104,997,21,6,21.840329667841555,2817.05293186914,,
21.124937200002023,mouse,move,1124,1002,20,5,20.615528128088304,2563.2277452070407,,
21.13290219999908,mouse,move,1138,1005,14,3,14.317821063276353,1797.592099003971,,
21.141117499995744,mouse,move,1151,1010,13,5,13.92838827718412,1695.4205303324716,,
21.14896299999964,mouse,move,1168,1014,17,4,17.46424919657298,2226.021182576129,,
21.15693850000389,mouse,move,1187,1017,19,3,19.235384061671343,2411.8091720170596,,
21.16500530000485,mouse,move,1209,1020,22,3,22.20360331117452,2752.4673115150454,,
21.172931599998265,mouse,move,1226,1020,17,0,17.0,2144.758590278497,,
21.1809831999999,mouse,move,1236,1020,10,0,10.0,1241.9891696020857,,
21.189148899997235,mouse,move,1239,1020,3,0,3.0,367.3904259254186,,
21.1970122000057,mouse,move,1240,1020,1,0,1.0,127.17306969380455,,
21.229068800006644,mouse,move,1240,1020,0,0,0.0,0.0,,
21.2369663999998,mouse,move,1236,1020,-4,0,4.0,506.4829826106363,,
21.245146999994176,mouse,move,1232,1020,-4,0,4.0,488.9616901877892,,
21.25301600000239,mouse,move,1229,1020,-3,0,3.0,381.24285129860533,,
21.260976599995047,mouse,move,1227,1020,-2,0,2.0,251.23734415054338,,
21.269083399994997,mouse,move,1223,1021,-4,1,4.123105625617661,508.59841437347166,,
21.276914999994915,mouse,move,1219,1023,-4,2,4.47213595499958,571.037330181137,,
21.284993499997654,mouse,move,1207,1026,-12,3,12.36931687685298,1531.1402949383125,,
21.29294289999234,mouse,move,1190,1030,-17,4,17.46424919657298,2196.926712487346,,
21.300997199999983,mouse,move,1170,1030,-20,0,20.0,2483.1456465516403,,
21.309128599998076,mouse,move,1143,1030,-27,0,27.0,3320.461421936583,,
21.316935099996044,mouse,move,1115,1032,-28,2,28.071337695236398,3595.8928716506025,,
21.324988399996073,mouse,move,1091,1037,-24,5,24.515301344262525,3044.131144273181,,
21.332943899993552,mouse,move,1067,1039,-24,2,24.08318915758459,3027.237655108608,,
21.3409599000006,mouse,move,1051,1041,-16,2,16.1245154965971,2011.5413525976796,,
21.3491112000047,mouse,move,1035,1046,-16,5,16.76305461424021,2056.4884872113425,,
21.35696370000369,mouse,move,1021,1046,-14,0,14.0,1782.8716971412373,,
21.364983399995253,mouse,move,1013,1046,-8,0,8.0,997.543550059854,,
21.372946300005424,mouse,move,1006,1046,-7,0,7.0,879.0767171582495,,
21.38103869999759,mouse,move,999,1044,-7,-2,7.280109889280518,899.6230903476009,,
21.388953799993033,mouse,move,996,1043,-3,-1,3.1622776601683795,399.52466323720165,,
21.397001999997883,mouse,move,994,1042,-2,-1,2.23606797749979,277.83454389206895,,
21.405019300000276,mouse,move,993,1042,-1,0,1.0,124.73027075218359,,
21.421069899995928,mouse,move,992,1040,-1,-2,2.23606797749979,139.31366915290553,,
21.429093900005682,mouse,move,991,1039,-1,-1,1.4142135623730951,176.2479512280476,,
21.436935399993672,mouse,move,990,1037,-1,-2,2.23606797749979,285.1581943409597,,
21.445063799998024,mouse,move,987,1033,-3,-4,5.0,615.127207977301,,
21.452978799992707,mouse,move,986,1031,-1,-2,2.23606797749979,282.5101679093035,,
21.46093010000186,mouse,move,985,1026,-1,-5,5.0990195135927845,641.2812380016645,,
21.469038600000204,mouse,move,984,1023,-1,-3,3.1622776601683795,389.99539505636466,,
21.476933400001144,mouse,move,984,1021,0,-2,2.0,253.33130665270238,,
21.484991399993305,mouse,move,983,1016,-1,-5,5.0990195135927845,632.789714389822,,
21.493144299995038,mouse,move,983,1014,0,-2,2.0,245.31148420500256,,
21.500881800006027,mouse,move,983,1009,0,-5,5.0,646.2035532017418,,
21.50913849999779,mouse,move,983,1002,0,-7,7.0,847.7963359434634,,
21.516957200001343,mouse,move,983,995,0,-7,7.0,895.2894978472175,,
21.525159099997836,mouse,move,983,990,0,-5,5.0,609.6148456013743,,
21.5409423999954,mouse,move,983,984,0,-6,6.0,380.148638176144,,
21.549009900001693,mouse,move,985,979,2,-5,5.385164807134504,667.5134555853883,,
21.557161300006555,mouse,move,989,971,4,-8,8.94427190999916,1097.2681876319841,,
21.56487420000485,mouse,move,990,968,1,-3,3.1622776601683795,409.9985298483055,,
21.572976700001163,mouse,move,992,963,2,-5,5.385164807134504,664.6300289522596,,
21.580987800000003,mouse,move,993,961,1,-2,2.23606797749979,279.12121654002493,,
21.588962099995115,mouse,move,998,958,5,-3,5.830951894845301,731.2180252083975,,
21.59706559999904,mouse,move,1001,953,3,-5,5.830951894845301,719.5596831023609,,
21.604940000004717,mouse,move,1007,950,6,-3,6.708203932499369,851.9003260774292,,
21.613124399998924,mouse,move,1013,945,6,-5,7.810249675906654,954.2849422602994,,
21.620934299993678,mouse,move,1019,941,6,-4,7.211102550927978,923.3284108338833,,
21.628976299994974,mouse,move,1021,939,2,-2,2.8284271247461903,351.7069291581991,,
21.636943799996516,mouse,move,1022,939,1,0,1.0,125.5098838790771,,
21.64498709999316,mouse,move,1026,936,4,-3,5.0,621.6353986655511,,
21.652953400000115,mouse,move,1027,934,1,-2,2.23606797749979,280.69090739080156,,
21.66093230000115,mouse,move,1032,930,5,-4,6.4031242374328485,802.5071421627287,,
21.668945199999143,mouse,move,1037,928,5,-2,5.385164807134504,672.0619012446283,,
21.677040399998077,mouse,move,1043,922,6,-6,8.48528137423857,1048.186749599284,,
21.684980799996993,mouse,move,1049,917,6,-5,7.810249675906654,983.6090973972966,,
21.692982299995492,mouse,move,1055,912,6,-5,7.810249675906654,976.0981912605328,,
21.700985200004652,mouse,move,1063,907,8,-5,9.433981132056603,1178.8203177921368,,
21.708934299997054,mouse,move,1070,905,7,-2,7.280109889280518,915.8407739541797,,
21.71702749999531,mouse,move,1074,901,4,-4,5.656854249492381,698.9638524577236,,
21.724938600003952,mouse,move,1075,901,1,0,1.0,126.40467177860101,,
21.732943299997714,mouse,move,1076,900,1,-1,1.4142135623730951,176.67290010558142,,
21.756948700000066,mouse,move,1078,898,2,-2,2.8284271247461903,117.82461964679078,,
21.84538309999334,mouse,click_press,1078,898,,,,,,
21.86907699999574,mouse,move,1078,898,0,0,0.0,0.0,,
22.029517500006477,mouse,click_release,1078,898,,,,,,
22.213029599995934,mouse,move,1077,904,-1,6,6.082762530298219,17.68488602875745,,
22.220996899995953,mouse,move,1077,909,0,5,5.0,627.5651726417265,,
22.22900710000249,mouse,move,1076,913,-1,4,4.123105625617661,514.7319195840687,,
22.237022300003446,mouse,move,1074,917,-2,4,4.47213595499958,557.9568762434932,,
22.245019399997545,mouse,move,1074,921,0,4,4.0,500.1813160959873,,
22.253022399992915,mouse,move,1073,922,-1,1,1.4142135623730951,176.71042898804936,,
22.269043199994485,mouse,move,1073,924,0,2,2.0,124.83771096349757,,
22.277016399995773,mouse,move,1073,926,0,2,2.0,250.8403150149082,,
22.284989799998584,mouse,move,1073,926,0,0,0.0,0.0,,
22.365008599997964,mouse,move,1073,927,0,1,1.0,12.497063190247214,,
22.373000799998408,mouse,move,1073,929,0,2,2.0,250.24398787427552,,
22.381108799992944,mouse,move,1073,930,0,1,1.0,123.33497788282078,,
22.389076299994485,mouse,move,1073,931,0,1,1.0,125.5098838790771,,
22.396965699997963,mouse,move,1073,932,0,1,1.0,126.7523512002388,,
22.405379400006495,mouse,move,1073,933,0,1,1.0,118.8537740810744,,
22.428965800005244,mouse,move,1073,934,0,1,1.0,42.39731370845287,,
22.452986599993892,mouse,move,1073,935,0,1,1.0,41.63058684442623,,
22.468986199994106,mouse,move,1073,937,0,2,2.0,125.00312507645631,,
22.485041599997203,mouse,move,1073,938,0,1,1.0,62.284340459104364,,
22.492971800005762,mouse,move,1073,938,0,0,0.0,0.0,,
22.500992600005702,mouse,move,1072,941,-1,3,3.1622776601683795,394.25963247954724,,
22.524996899999678,mouse,move,1072,943,0,2,2.0,83.31840547326556,,
22.525474900001427,mouse,click_press,1072,943,,,,,,
22.5329844999942,mouse,move,1072,945,0,2,2.0,250.3881017291463,,
22.540986599997268,mouse,move,1071,947,-1,2,2.23606797749979,279.43514535464305,,
22.54919510000036,mouse,move,1071,950,0,3,3.0,365.47481255644936,,
22.556981100002304,mouse,move,1071,950,0,0,0.0,0.0,,
22.564999599999283,mouse,move,1071,951,0,1,1.0,124.71160446177963,,
22.573095300002024,mouse,move,1070,952,-1,1,1.4142135623730951,174.68700197564957,,
22.765361700003268,mouse,click_release,1070,952,,,,,,
23.416996400002972,keyboard,key_press,,,,,,,,19.3526669999992
23.515962599994964,keyboard,key_release,,,,,,,0.09896619999199174,
23.777942300002906,keyboard,key_press,,,,,,,,0.3609458999999333
24.050221199999214,keyboard,key_press,,,,,,,,0.2722788999963086
24.063453099995968,keyboard,key_release,,,,,,,0.2855107999930624,
24.27040880000277,keyboard,key_release,,,,,,,0.22018760000355542,
24.606551300006686,keyboard,key_press,,,,,,,,0.5563301000074716
24.76057739999669,keyboard,key_release,,,,,,,0.1540260999900056,
24.918073799999547,keyboard,key_press,,,,,,,,0.3115224999928614
25.088919999994687,keyboard,key_release,,,,,,,0.1708461999951396,
25.160865800004103,keyboard,key_press,,,,,,,,0.24279200000455603
25.310002500002156,keyboard,key_release,,,,,,,0.1491366999980528,
25.476705799999763,keyboard,key_press,,,,,,,,0.31583999999566004
25.648312699995586,keyboard,key_release,,,,,,,0.17160689999582246,
25.801867500005756,keyboard,key_press,,,,,,,,0.3251617000059923
26.01189959999465,keyboard,key_release,,,,,,,0.2100320999888936,
26.14670680000563,keyboard,key_press,,,,,,,,0.34483929999987595
26.33896090000053,keyboard,key_release,,,,,,,0.19225409999489784,
26.44007209999836,keyboard,key_press,,,,,,,,0.293365299992729
26.612032899996848,keyboard,key_release,,,,,,,0.17196079999848735,
26.824884799993015,keyboard,key_press,,,,,,,,0.3848126999946544
27.008184899998014,keyboard,key_release,,,,,,,0.18330010000499897,
27.398042000000714,keyboard,key_press,,,,,,,,0.5731572000076994
27.574459099996602,keyboard,key_release,,,,,,,0.17641709999588784,
27.734563199992408,keyboard,key_press,,,,,,,,0.3365211999916937
27.916604600002756,keyboard,key_release,,,,,,,0.1820414000103483,
28.05513959999371,keyboard,key_press,,,,,,,,0.3205764000013005
28.220413000002736,keyboard,key_release,,,,,,,0.16527340000902768,
28.40659030000097,keyboard,key_press,,,,,,,,0.35145070000726264
28.55104599999322,keyboard,key_release,,,,,,,0.14445569999224972,
28.710490199999185,keyboard,key_press,,,,,,,,0.3038998999982141
28.886844299995573,keyboard,key_release,,,,,,,0.17635409999638796,
29.0048483999999,keyboard,key_press,,,,,,,,0.29435820000071544
29.213785700005246,keyboard,key_release,,,,,,,0.2089373000053456,
29.348186500006705,keyboard,key_press,,,,,,,,0.34333810000680387
29.529535399997258,keyboard,key_release,,,,,,,0.18134889999055304,
29.61003989999881,keyboard,key_press,,,,,,,,0.26185339999210555
29.814182100002654,keyboard,key_release,,,,,,,0.20414220000384375,
29.888072500005364,keyboard,key_press,,,,,,,,0.2780326000065543
30.06459779999568,keyboard,key_release,,,,,,,0.17652529999031685,
30.261661399999866,keyboard,key_press,,,,,,,,0.37358889999450184
30.431521699996665,keyboard,key_release,,,,,,,0.16986029999679886,
30.554614699998638,keyboard,key_press,,,,,,,,0.2929532999987714
30.71516530000372,keyboard,key_release,,,,,,,0.16055060000508092,
30.76959650000208,keyboard,key_press,,,,,,,,0.2149818000034429
30.96701490000123,keyboard,key_press,,,,,,,,0.197418399999151
30.97993739999947,keyboard,key_release,,,,,,,0.2103408999973908,
31.137589499994647,keyboard,key_release,,,,,,,0.17057459999341518,
31.239301699999487,keyboard,key_press,,,,,,,,0.27228679999825545
31.459952100005466,keyboard,key_release,,,,,,,0.22065040000597946,
31.504858300002525,keyboard,key_press,,,,,,,,0.2655566000030376
31.70880059999763,keyboard,key_release,,,,,,,0.2039422999951057,
31.77885449999303,keyboard,key_press,,,,,,,,0.2739961999905063
31.89453940000385,keyboard,key_release,,,,,,,0.11568490001081955,
32.06208689999767,keyboard,key_press,,,,,,,,0.28323240000463556
32.20508830000472,keyboard,key_release,,,,,,,0.14300140000705142,
32.342619200004265,keyboard,key_press,,,,,,,,0.28053230000659823
32.48025670000061,keyboard,key_release,,,,,,,0.13763749999634456,
32.65475129999686,keyboard,key_press,,,,,,,,0.3121320999925956
32.781351099998574,keyboard,key_release,,,,,,,0.12659980000171345,
32.94903879999765,keyboard,key_press,,,,,,,,0.2942875000007916
33.05322929999966,keyboard,key_release,,,,,,,0.10419050000200514,
33.18330930000229,keyboard,key_press,,,,,,,,0.23427050000464078
33.386773999998695,keyboard,key_release,,,,,,,0.2034646999964025,
33.41509809999843,keyboard,key_press,,,,,,,,0.23178879999613855
33.53739539999515,keyboard,key_release,,,,,,,0.1222972999967169,
33.67664700000023,keyboard,key_press,,,,,,,,0.26154890000179876
33.809677700002794,keyboard,key_release,,,,,,,0.13303070000256412,
34.35315779999655,keyboard,key_press,,,,,,,,0.676510799996322
34.56326840000111,keyboard,key_release,,,,,,,0.21011060000455473,
34.66204850000213,keyboard,key_press,,,,,,,,0.30889070000557695
34.76675900000555,keyboard,key_release,,,,,,,0.10471050000342075,
35.21468210000603,keyboard,key_press,,,,,,,,0.5526336000039009
35.326331699994626,keyboard,key_release,,,,,,,0.11164959998859558,
35.4289601000055,keyboard,key_press,,,,,,,,0.21427799999946728
35.56620450000628,keyboard,key_press,,,,,,,,0.13724440000078175
35.611525700005586,keyboard,key_release,,,,,,,0.18256560000008903,
35.676835699996445,keyboard,key_release,,,,,,,0.11063119999016635,
35.80020309999236,keyboard,key_press,,,,,,,,0.23399859998608008
35.91057870000077,keyboard,key_release,,,,,,,0.1103756000084104,
36.037043899996206,keyboard,key_press,,,,,,,,0.2368408000038471
36.174449600002845,keyboard,key_release,,,,,,,0.13740570000663865,
36.19463810000161,keyboard,key_press,,,,,,,,0.15759420000540558
36.392670300003374,keyboard,key_release,,,,,,,0.19803220000176225,
36.472858299996005,keyboard,key_press,,,,,,,,0.2782201999943936
36.5661306999973,keyboard,key_press,,,,,,,,0.09327240000129677
36.67653700000665,keyboard,key_release,,,,,,,0.20367870001064148,
36.69513979999465,keyboard,key_release,,,,,,,0.12900909999734722,
36.78980759999831,keyboard,key_press,,,,,,,,0.22367690000100993
36.923059199994896,keyboard,key_release,,,,,,,0.13325159999658354,
37.08640949999972,keyboard,key_press,,,,,,,,0.29660190000140574
37.20778409999912,keyboard,key_release,,,,,,,0.12137459999939892,
37.238223899999866,keyboard,key_press,,,,,,,,0.15181440000014845
37.407275499994284,keyboard,key_press,,,,,,,,0.1690515999944182
37.42974089999916,keyboard,key_release,,,,,,,0.19151699999929406,
37.5616505999933,keyboard,key_release,,,,,,,0.15437509999901522,
37.59798089999822,keyboard,key_press,,,,,,,,0.1907054000039352
37.76883220000309,keyboard,key_release,,,,,,,0.1708513000048697,
37.82463170000119,keyboard,key_press,,,,,,,,0.22665080000297166
37.957510399995954,keyboard,key_release,,,,,,,0.13287869999476243,
38.001011300002574,keyboard,key_press,,,,,,,,0.17637960000138264
38.16490760000306,keyboard,key_press,,,,,,,,0.16389630000048783
38.192928200005554,keyboard,key_release,,,,,,,0.19191690000297967,
38.30360919999657,keyboard,key_release,,,,,,,0.13870159999351017,
38.82022330000473,keyboard,key_press,,,,,,,,0.6553157000016654
38.94065639999462,keyboard,key_release,,,,,,,0.12043309998989571,
38.990944000004674,keyboard,key_press,,,,,,,,0.1707206999999471
39.205014799998025,keyboard,key_press,,,,,,,,0.2140707999933511
39.222142200000235,keyboard,key_release,,,,,,,0.23119819999556057,
39.35416570000234,keyboard,key_release,,,,,,,0.1491509000043152,
39.42078080000647,keyboard,key_press,,,,,,,,0.21576600000844337
39.56343670000206,keyboard,key_press,,,,,,,,0.1426558999955887
39.62504280000576,keyboard,key_release,,,,,,,0.2042619999992894,
39.66858670000511,keyboard,key_release,,,,,,,0.10515000000305008,
39.79248780000489,keyboard,key_press,,,,,,,,0.22905110000283457
39.90295849999529,keyboard,key_release,,,,,,,0.11047069999040104,
39.966530399993644,keyboard,key_press,,,,,,,,0.17404259998875204
40.136765100003686,keyboard,key_press,,,,,,,,0.1702347000100417
40.17713019999792,keyboard,key_release,,,,,,,0.21059980000427458,
40.269628099995316,keyboard,key_release,,,,,,,0.1328629999916302,
40.30251850000059,keyboard,key_press,,,,,,,,0.16575339999690186
40.4678636000026,keyboard,key_release,,,,,,,0.16534510000201408,
40.49527929999749,keyboard,key_press,,,,,,,,0.1927607999969041
40.65059950000432,keyboard,key_release,,,,,,,0.15532020000682678,
40.65467289999651,keyboard,key_press,,,,,,,,0.1593935999990208
40.83629799999471,keyboard,key_press,,,,,,,,0.1816250999982003
40.87436750000052,keyboard,key_release,,,,,,,0.21969460000400431,
40.97259750000376,keyboard,key_release,,,,,,,0.136299500009045,
41.11451970000053,keyboard,key_press,,,,,,,,0.27822170000581536
41.2467614000052,keyboard,key_press,,,,,,,,0.13224170000466984
41.267809800003306,keyboard,key_release,,,,,,,0.15329010000277776,
41.43799950000539,keyboard,key_press,,,,,,,,0.19123810000019148
41.48806180000247,keyboard,key_release,,,,,,,0.2413003999972716,
41.60278499999549,keyboard,key_press,,,,,,,,0.16478549999010283
41.60454309999477,keyboard,key_release,,,,,,,0.16654359998938162,
41.71270879999793,keyboard,key_release,,,,,,,0.10992380000243429,
41.9052301000047,keyboard,key_press,,,,,,,,0.30244510000920855
42.02115220000269,keyboard,key_release,,,,,,,0.11592209999798797,
42.17027689999668,keyboard,key_press,,,,,,,,0.26504679999197833
42.286184700002195,keyboard,key_release,,,,,,,0.11590780000551604,
42.404209899992566,keyboard,key_press,,,,,,,,0.23393299999588635
42.551853500001016,keyboard,key_press,,,,,,,,0.14764360000845045
42.570251400000416,keyboard,key_release,,,,,,,0.16604150000785012,
42.78370210000139,keyboard,key_press,,,,,,,,0.23184860000037588
42.80497810000088,keyboard,key_release,,,,,,,0.2531245999998646,
42.95429900000454,keyboard,key_release,,,,,,,0.1705969000031473,
43.053963600003044,keyboard,key_press,,,,,,,,0.27026150000165217
43.15291279999656,keyboard,key_press,,,,,,,,0.0989491999935126
43.307314899997436,keyboard,key_release,,,,,,,0.2533512999943923,
43.328093300006,keyboard,key_press,,,,,,,,0.1751805000094464
43.33116410000366,keyboard,key_release,,,,,,,0.17825130000710487,
43.3718904999987,keyboard,key_press,,,,,,,,0.04379719999269582
43.504707100000815,keyboard,key_release,,,,,,,0.1328166000021156,
43.575893500004895,keyboard,key_release,,,,,,,0.2478001999988919,
43.64188739999372,keyboard,key_press,,,,,,,,0.2699968999950215
43.76313209999353,keyboard,key_release,,,,,,,0.12124469999980647,
43.86031340000045,keyboard,key_press,,,,,,,,0.21842600000672974
43.95447830000194,keyboard,key_release,,,,,,,0.0941649000014877,
44.10176200000569,keyboard,key_press,,,,,,,,0.24144860000524204
44.21200879999378,keyboard,key_release,,,,,,,0.11024679998809006,
44.2573010000051,keyboard,key_press,,,,,,,,0.15553899999940768
44.3624853999936,keyboard,key_release,,,,,,,0.10518439998850226,
44.47142499999609,keyboard,key_press,,,,,,,,0.21412399999098852
44.61898030000157,keyboard,key_press,,,,,,,,0.14755530000547878
44.658537800001795,keyboard,key_release,,,,,,,0.18711280000570696,
44.74036850000266,keyboard,key_release,,,,,,,0.12138820000109263,
44.84566550000454,keyboard,key_press,,,,,,,,0.22668520000297576
44.97785399999702,keyboard,key_release,,,,,,,0.1321884999924805,
45.096881299992674,keyboard,key_press,,,,,,,,0.25121579998813104
45.22475700000359,keyboard,key_release,,,,,,,0.12787570001091808,
45.26586879999377,keyboard,key_press,,,,,,,,0.1689875000010943
45.42455280000286,keyboard,key_press,,,,,,,,0.15868400000908878
45.51369409999461,keyboard,key_release,,,,,,,0.2478253000008408,
45.649659400005476,keyboard,key_press,,,,,,,,0.2251066000026185
45.652977799996734,keyboard,key_release,,,,,,,0.22842499999387655,
45.777684400003636,keyboard,key_release,,,,,,,0.12802499999816064,
46.1780596000026,keyboard,key_press,,,,,,,,0.5284001999971224
46.31713569999556,keyboard,key_release,,,,,,,0.13907609999296255,
46.83441039999889,keyboard,key_press,,,,,,,,0.6563507999962894
46.9505613999936,keyboard,key_release,,,,,,,0.11615099999471568,
47.06124609999824,keyboard,key_press,,,,,,,,0.2268356999993557
47.18156500000623,keyboard,key_release,,,,,,,0.1203189000079874,
47.22681540000485,keyboard,key_press,,,,,,,,0.1655693000066094
47.40233359999547,keyboard,key_press,,,,,,,,0.1755181999906199
47.419590899997274,keyboard,key_release,,,,,,,0.19277549999242183,
47.52472990000388,keyboard,key_release,,,,,,,0.12239630000840407,
47.66295569999784,keyboard,key_press,,,,,,,,0.2606221000023652
47.81643720000284,keyboard,key_press,,,,,,,,0.15348150000500027
47.89915070000279,keyboard,key_release,,,,,,,0.23619500000495464,
47.91087209999387,keyboard,key_release,,,,,,,0.09443489999102894,
47.915013899997575,keyboard,key_press,,,,,,,,0.09857669999473728
48.026859399993555,keyboard,key_release,,,,,,,0.11184549999597948,
48.0899677999987,keyboard,key_press,,,,,,,,0.1749539000011282
48.0944301999989,keyboard,key_press,,,,,,,,0.004462400000193156
48.214529799995944,keyboard,key_press,,,,,,,,0.12009959999704733
48.23338020000665,keyboard,key_release,,,,,,,0.13895000000775326,
48.29339269999764,keyboard,key_release,,,,,,,0.20342489999893587,
48.3139771999995,keyboard,key_press,,,,,,,,0.09944740000355523
48.38023759999487,keyboard,key_release,,,,,,,0.16570779999892693,
48.44067549999454,keyboard,key_release,,,,,,,0.12669829999504145,
48.84515850000025,mouse,move,1071,952,1,0,1.0,0.038063245828369785,,
48.853287000005366,mouse,move,1080,958,9,6,10.816653826391969,1330.7072423678262,,
48.86099250000552,mouse,move,1141,1000,61,42,74.06078584514209,9611.41857681374,,
48.86906139999337,mouse,move,1252,1068,111,68,130.17296186228538,16132.677571705812,,
48.87703909999982,mouse,move,1285,1087,33,19,38.07886552931954,4773.163380239238,,
48.88513619999867,mouse,move,1289,1085,4,-2,4.47213595499958,552.3132918742571,,
48.89316950000648,mouse,move,1293,1088,4,3,5.0,622.4092210099282,,
48.90099189999455,mouse,move,1294,1090,1,2,2.23606797749979,285.8544667761127,,
48.90903729999263,mouse,move,1299,1092,5,2,5.385164807134504,669.3470565066266,,
48.91706609999528,mouse,move,1301,1090,2,-2,2.8284271247461903,352.28516388665366,,
48.92506809999759,mouse,move,1301,1088,0,-2,2.0,249.93751554904057,,
48.933073799998965,mouse,move,1301,1092,0,4,4.0,499.64400356148116,,
48.94092749999254,mouse,move,1301,1091,0,-1,1.0,127.3285204194312,,
48.949010800002725,mouse,move,1301,1079,0,-12,12.0,1484.5422024272634,,
49.26913709999644,mouse,move,1301,1081,0,2,2.0,6.2475341764773855,,
49.27710740000475,mouse,move,1301,1082,0,1,1.0,125.46579162106553,,
49.28522499999963,mouse,move,1269,1132,-32,50,59.36328831862332,7312.911249149798,,
49.29312679999566,mouse,move,1143,1245,-126,113,169.24833824885843,21418.960026044806,,
49.30113619999611,mouse,move,944,1235,-199,-10,199.25109786397664,24877.15657263585,,
49.30912089999765,mouse,move,642,1233,-302,-2,302.00662244394573,37823.16460049469,,
49.31710139999632,mouse,move,283,1158,-359,-75,366.75059645486607,45955.84192922188,,
49.325095299995155,mouse,move,-94,1095,-377,-63,382.227680839575,47814.91898762513,,
49.33307490000152,mouse,move,-401,1042,-307,-53,311.5413295214617,39042.22382988489,,
49.34110210000654,mouse,move,-403,947,-2,-95,95.02105029939419,11837.384173809474,,
49.349195300004794,mouse,move,-405,787,-2,-160,160.0124995117569,19771.227641257236,,
49.35709150000184,mouse,move,-405,564,0,-223,223.0,28241.432598382184,,
49.3650811999978,mouse,move,-407,304,-2,-260,260.0076921939041,32542.86047353139,,
49.373099100004765,mouse,move,-354,17,53,-287,291.8527025744322,36400.14247134712,,
49.38114769999811,mouse,move,-266,-280,88,-297,309.76281248723194,38486.54582702372,,
49.38907140000083,mouse,move,-206,-266,60,14,61.61168720299745,7775.6208818914465,,
49.397143599999254,mouse,move,-162,-252,44,14,46.17358552246078,5720.0745189017525,,
49.40511370000604,mouse,move,-99,-244,63,8,63.50590523722971,7968.018617476559,,
49.413149700005306,mouse,move,-91,-197,8,47,47.67598976424087,5932.8011160528085,,
49.421107999995,mouse,move,-41,-177,50,20,53.85164807134504,6766.7275851716695,,
49.42906399999629,mouse,move,-10,-76,31,101,105.65036677645753,13279.33217186755,,
49.43714359999285,mouse,move,8,-31,18,45,48.46648326421054,5998.624100800476,,
49.44510870000522,mouse,move,78,-37,70,-6,70.25667228100119,8820.563730761374,,
49.453209200000856,mouse,move,200,-42,122,-5,122.10241602851272,15073.441897945799,,
49.46165779999865,mouse,move,380,-27,180,15,180.62391868188442,21379.153792237896,,
49.469468600000255,mouse,move,596,-9,216,18,216.74870241826133,27749.872276035694,,
49.477617600001395,mouse,move,869,0,273,9,273.1483113621609,33519.243014351574,,
49.485304200003156,mouse,move,1189,30,320,30,321.40317359976393,41813.43812948529,,
49.4934831999999,mouse,move,1505,90,316,60,321.645767887594,39325.80609067551,,
49.501689600001555,mouse,move,1857,165,352,75,359.9013753794225,43856.18240725127,,
49.509149299992714,mouse,move,2202,222,345,57,349.67699381000176,46875.47679188456,,
49.517170000006445,mouse,move,2187,265,-15,43,45.5411901469428,5677.957044769237,,
49.525430299996515,mouse,move,2122,289,-65,24,69.28924880528002,8388.22426407935,,
49.53322979999939,mouse,move,2074,333,-48,44,65.11528238439882,8348.648292890124,,
49.5411260999972,mouse,move,2019,354,-55,21,58.872744118140105,7455.738020904237,,
49.549173000006704,mouse,move,2006,400,-13,46,47.80167361086848,5940.3836948903945,,
49.55713030000334,mouse,move,1975,451,-31,51,59.682493245507096,7500.344748942498,,
49.56510100000014,mouse,move,1954,517,-21,66,69.26037828369117,8689.372114301552,,
49.573118400003295,mouse,move,1932,581,-22,64,67.67569726275453,8441.10275602126,,
49.581395500004874,mouse,move,1912,643,-20,62,65.14598989960932,7870.629796328151,,
49.58912239999336,mouse,move,1859,699,-53,56,77.10382610480494,9978.623538511225,,
49.59725170000456,mouse,move,1767,734,-92,35,98.43271813782245,12108.38793034358,,
49.605033900006674,mouse,move,1671,745,-96,11,96.62815324738438,12416.559998607961,,
49.613097099994775,mouse,move,1618,754,-53,9,53.75872022286245,6667.1693995184605,,
49.62124259999837,mouse,move,1616,754,-2,0,2.0,245.5343440080762,,
49.805073399998946,mouse,move,1614,765,-2,11,11.180339887498949,60.818643488815724,,
49.81317219999619,mouse,move,1628,829,14,64,65.5133574166368,8089.267229582856,,
49.821250599998166,mouse,move,1609,959,-19,130,131.38112497615478,16263.26066349686,,
49.82898530000239,mouse,move,1560,1173,-49,214,219.53815158190613,28383.5380120885,,
49.83700430000317,mouse,move,1516,1264,-44,91,101.07917688624102,12604.960328760826,,
49.8450262999977,mouse,move,1483,1246,-33,-18,37.589892258425,4685.850446780955,,
49.853071399993496,mouse,move,1481,1238,-2,-8,8.246211251235321,1024.9979808259532,,
49.86100410000654,mouse,move,1502,1193,21,-45,49.658836071740545,6260.016890855433,,
49.86906529999396,mouse,move,1561,1160,59,-33,67.60177512462228,8386.06847988994,,
49.87700659999973,mouse,move,1662,1143,101,-17,102.42070103255493,12897.220978701002,,
49.88510519999545,mouse,move,1801,1129,139,-14,139.70325694127536,17250.297213730675,,
49.89300660000299,mouse,move,2009,1118,208,-11,208.290662296705,26361.23498341203,,
49.90111029999389,mouse,move,2199,1097,190,-21,191.15700353374447,23588.854936444273,,
49.90906029999314,mouse,move,2228,1079,29,-18,34.132096331752024,4293.3454509372095,,
49.91702280000027,mouse,move,2280,1058,52,-21,56.08029957123981,7043.051745188165,,
49.9251690999954,mouse,move,2284,1005,4,-53,53.150729063673246,6524.523905997805,,
49.933096699998714,mouse,move,2264,939,-20,-66,68.96375859826666,8699.197559090248,,
49.94128689999343,mouse,move,2248,848,-16,-91,92.39588735436226,11281.273645818732,,
49.94900350000535,mouse,move,2229,738,-19,-110,111.6288493177279,14466.066550725029,,
49.957037500003935,mouse,move,2147,634,-82,-104,132.43866504914644,16484.7728494425,,
49.96503849999863,mouse,move,2100,513,-47,-121,129.80754985747168,16223.915753478548,,
49.97304539999459,mouse,move,2039,396,-61,-117,131.94695904036593,16479.156615782158,,
49.98105499999656,mouse,move,1997,281,-42,-115,122.42957159118053,15285.354020310371,,
49.9890735999943,mouse,move,1958,173,-39,-108,114.82595525402782,14319.95052582589,,
49.9970742000005,mouse,move,1935,69,-23,-104,106.51291001564083,13313.115257995569,,
50.00507689999358,mouse,move,1921,-15,-14,-84,85.15867542417507,10641.24301770128,,
50.01327890000539,mouse,move,1898,-68,-23,-53,57.77542730261716,7044.065742435048,,
50.02129819999391,mouse,move,1865,-60,-33,8,33.95585369269929,4234.266549613452,,
50.02904459999991,mouse,move,1822,-58,-43,2,43.04648650006177,5556.966651183183,,
50.03708949999418,mouse,move,1765,-40,-57,18,59.77457653551382,7430.1205208336,,
50.04513519999455,mouse,move,1688,-40,-77,0,77.0,9570.329492336949,,
50.05302259999735,mouse,move,1596,-38,-92,2,92.02173656261873,11666.929093229874,,
50.06147270000656,mouse,move,1486,-19,-110,19,111.6288493177279,13210.358362151714,,
50.069889699996565,mouse,move,1370,-17,-116,2,116.01724009818541,13783.680674345433,,
50.0772020000004,mouse,move,1234,-11,-136,6,136.13228860193308,18616.890517428077,,
50.08527759999561,mouse,move,1096,0,-138,11,138.43771162512041,17142.715303785826,,
50.093216099994606,mouse,move,984,0,-112,0,112.0,14108.45877862466,,
50.10129700000107,mouse,move,893,0,-91,0,91.0,11261.121895733382,,
50.10911039999337,mouse,move,828,-3,-65,-3,65.06919393998976,8327.897458738214,,
50.1170839999977,mouse,move,816,-11,-12,-8,14.422205101855956,1808.7444935809237,,
50.12563670000236,mouse,move,812,0,-4,11,11.704699910719626,1368.5385789688187,,
50.46901149999758,mouse,move,802,0,-10,0,10.0,29.122696249518835,,
50.47710519999964,mouse,move,773,0,-29,0,29.0,3583.033716669092,,
50.48505380000279,mouse,move,748,-11,-25,-11,27.313000567495326,3436.2026717513886,,
50.4930131000001,mouse,move,725,-34,-23,-23,32.526911934581186,4086.654849744784,,
50.50098719999369,mouse,move,707,-42,-18,-8,19.697715603592208,2470.2117630112375,,
50.508974299998954,mouse,move,705,-35,-2,7,7.280109889280518,911.4835027081684,,
50.51700669999991,mouse,move,712,-37,7,-2,7.280109889280518,906.3430467124759,,
50.52497879999282,mouse,move,732,-39,20,-2,20.09975124224178,2521.2618080696207,,
50.53303010000673,mouse,move,762,-41,30,-2,30.066592756745816,3734.3773930700377,,
50.54098140000133,mouse,move,792,-44,30,-3,30.14962686336267,3791.785856882677,,
50.548984099994414,mouse,move,825,-45,33,-1,33.015148038438355,4125.501151732005,,
50.55699189999723,mouse,move,858,-47,33,-2,33.06055050963308,4128.543482356003,,
50.564979799994035,mouse,move,892,-39,34,8,34.92849839314596,4372.675973298685,,
50.57312529999763,mouse,move,932,-40,40,-1,40.01249804748511,4912.221230106843,,
50.58091799999238,mouse,move,968,-21,36,19,40.70626487409524,5223.6407023891525,,
50.589151199994376,mouse,move,985,-11,17,10,19.72308292331602,2395.554938363512,,
50.59696019999683,mouse,move,995,-11,10,0,10.0,1280.5736966139864,,
50.60509019999881,mouse,move,1000,-6,5,5,7.0710678118654755,869.7500381476184,,
50.82917610000004,mouse,move,998,-10,-2,-4,4.47213595499958,19.957239411203805,,
50.83710020000581,mouse,move,986,-17,-12,-7,13.892443989449804,1753.1888768869974,,
50.84505210000498,mouse,move,958,-22,-28,-5,28.442925306655784,3576.871604223213,,
50.853017200002796,mouse,move,910,-33,-48,-11,49.24428900898052,6182.50731597442,,
50.86093159999291,mouse,move,830,-46,-80,-13,81.04936767180853,10240.746964148155,,
50.86909229999583,mouse,move,748,-34,-82,12,82.87339742040264,10155.182446453076,,
50.87702270000591,mouse,move,661,-19,-87,15,88.28363381737297,11132.305268982365,,
50.88502580000204,mouse,move,582,-10,-79,9,79.51100552753688,9935.025873221171,,
50.893177399993874,mouse,move,523,-2,-59,8,59.53990258641679,7304.075598172554,,
50.901085599994985,mouse,move,489,0,-34,2,34.058772731852805,4306.766739215864,,
50.909152399995946,mouse,move,478,10,-11,10,14.866068747318506,1842.8706234873334,,
50.917041199994856,mouse,move,469,15,-9,5,10.295630140987,1305.0945824980417,,
50.92516729999625,mouse,move,458,23,-11,8,13.601470508735444,1673.8005324087999,,
50.933121299996856,mouse,move,445,40,-13,17,21.400934559032695,2690.5876989431604,,
50.94108220000635,mouse,move,436,62,-9,22,23.769728648009426,2985.809220020866,,
50.94911960000172,mouse,move,435,77,-1,15,15.033296378372908,1870.4178449531291,,
50.95704890000343,mouse,move,435,87,0,10,10.0,1261.1453719557198,,
50.965021900003194,mouse,move,438,97,3,10,10.44030650891055,1309.457733502806,,
50.97306540000136,mouse,move,444,105,6,8,10.0,1243.2398834188875,,
50.98109230000409,mouse,move,452,114,8,9,12.041594578792296,1500.1550504793336,,
50.98910770000657,mouse,move,459,125,7,11,13.038404810405298,1626.6692624666161,,
50.99702979999711,mouse,move,466,136,7,11,13.038404810405298,1645.8268421225578,,
51.00515759999689,mouse,move,471,146,5,10,11.180339887498949,1375.5677905209798,,
51.0130891000008,mouse,move,472,153,1,7,7.0710678118654755,891.517091140798,,
51.02098859999387,mouse,move,473,162,1,9,9.055385138137417,1146.3238364552446,,
51.02904710000439,mouse,move,475,170,2,8,8.246211251235321,1023.2935708221192,,
51.037239400000544,mouse,move,477,179,2,9,9.219544457292887,1125.391460471633,,
51.04516219999641,mouse,move,480,188,3,9,9.486832980505138,1197.4091212012659,,
51.05299690000538,mouse,move,485,199,5,11,12.083045973594572,1542.2474325449036,,
51.06116810000094,mouse,move,488,205,3,6,6.708203932499369,820.9570119621939,,
51.06899600000179,mouse,move,495,211,7,6,9.219544457292887,1177.7800503703772,,
51.07716950000031,mouse,move,502,217,7,6,9.219544457292887,1127.9799913087604,,
51.08515420000185,mouse,move,508,219,6,2,6.324555320336759,792.0842760672618,,
51.0929754999961,mouse,move,520,222,12,3,12.36931687685298,1581.4911697479668,,
51.10101090000535,mouse,move,530,223,10,1,10.04987562112089,1250.700103237413,,
51.10915580000437,mouse,move,543,223,13,0,13.0,1596.0908054803904,,
51.11729650000052,mouse,move,557,223,14,0,14.0,1719.7538303371562,,
51.124970699995174,mouse,move,572,220,15,-3,15.297058540778355,1993.3098631043833,,
51.133041299995966,mouse,move,587,216,15,-4,15.524174696260024,1923.5465386385429,,
51.141617100001895,mouse,move,599,212,12,-4,12.649110640673518,1474.977335284049,,
51.149007800006075,mouse,move,610,208,11,-4,11.704699910719626,1583.7065371480094,,
51.157144299999345,mouse,move,620,203,10,-5,11.180339887498949,1374.096957751645,,
51.165004199996474,mouse,move,629,199,9,-4,9.848857801796104,1253.051286325969,,
51.173046600000816,mouse,move,637,195,8,-4,8.94427190999916,1112.139648011791,,
51.18101580000075,mouse,move,646,189,9,-6,10.816653826391969,1357.3073616525455,,
51.18907930000569,mouse,move,652,184,6,-5,7.810249675906654,968.5930019377154,,
51.19705210000393,mouse,move,655,181,3,-3,4.242640687119285,532.139359830244,,
51.20517149999796,mouse,move,661,173,6,-8,10.0,1231.6181007652258,,
51.213142099994,mouse,move,665,167,4,-6,7.211102550927978,904.7126382591567,,
51.22121370000241,mouse,move,667,160,2,-7,7.280109889280518,901.9413600399164,,
51.22907830000622,mouse,move,668,157,1,-3,3.1622776601683795,402.0900819666673,,
51.23713530000532,mouse,move,668,156,0,-1,1.0,124.11567582374244,,
51.317077500003506,mouse,move,668,156,0,0,0.0,0.0,,
51.324980399993365,mouse,move,671,170,3,14,14.317821063276353,1811.7173545977175,,
51.333130900005926,mouse,move,674,186,3,16,16.278820596099706,1997.27876461696,,
51.34115779999411,mouse,move,683,211,9,25,26.570660511172846,3310.2020145132324,,
51.349042799993185,mouse,move,698,253,15,42,44.598206241955516,5656.081959057765,,
51.357013700006064,mouse,move,712,285,14,32,34.92849839314596,4382.001823722725,,
51.365057599992724,mouse,move,726,320,14,35,37.69615364994153,4686.303125655007,,
51.37305880000349,mouse,move,740,352,14,32,34.92849839314596,4365.407482145517,,
51.38113639999938,mouse,move,758,382,18,30,34.9857113690718,4331.201271032295,,
51.38900320000539,mouse,move,772,414,14,32,34.92849839314596,4439.9880976314,,
51.39709240000229,mouse,move,794,451,22,37,43.04648650006177,5321.476353229549,,
51.405009499998414,mouse,move,812,481,18,30,34.9857113690718,4419.005871621502,,
51.4131447999971,mouse,move,831,514,19,33,38.07886552931954,4680.695922151077,,
51.421152599999914,mouse,move,846,541,15,27,30.886890422961002,3857.1006284001205,,
51.429143000001204,mouse,move,860,564,14,23,26.92582403567252,3369.771729991572,,
51.437106700002914,mouse,move,874,585,14,21,25.238858928247925,3169.2377817883935,,
51.44507479999447,mouse,move,885,596,11,11,15.556349186104045,1952.3285604579974,,
51.4532562999957,mouse,move,893,603,8,7,10.63014581273465,1299.290571550276,,
51.461100999993505,mouse,move,896,604,3,1,3.1622776601683795,403.1100821004701,,
51.469688800003496,mouse,move,896,605,0,1,1.0,116.44425799816024,,
51.557075399992755,mouse,move,897,605,1,0,1.0,11.443402079070673,,
51.61311720000231,mouse,move,897,605,0,0,0.0,0.0,,
51.621009399998,mouse,move,897,608,0,3,3.0,380.1221461235836,,
51.629129699998884,mouse,move,897,611,0,3,3.0,369.44447861210654,,
51.63719510000374,mouse,move,895,614,-2,3,3.605551275463989,447.03936237442684,,
51.65337479999289,mouse,move,894,617,-1,3,3.1622776601683795,195.44723711122973,,
52.046414299999014,keyboard,key_press,,,,,,,,3.7324370999995153
52.23291690000042,keyboard,key_press,,,,,,,,0.18650260000140406
52.3929841999925,keyboard,key_release,,,,,,,0.346569899993483,
52.40630469999451,mouse,move,894,618,0,1,1.0,1.3281448910421156,,
52.41331740000169,mouse,move,894,618,0,0,0.0,0.0,,
52.42159129999345,mouse,move,894,620,0,2,2.0,241.72397563312316,,
52.43016930000158,mouse,move,894,620,0,0,0.0,0.0,,
52.4451429000037,mouse,move,894,621,0,1,1.0,66.78420686129431,,
52.453200999996625,mouse,move,894,622,0,1,1.0,124.09873306093345,,
52.46949360000144,mouse,move,894,623,0,1,1.0,61.37755789157791,,
52.47184889999335,keyboard,key_release,,,,,,,0.23893199999292847,
52.477352300003986,mouse,move,894,624,0,1,1.0,127.24750908882254,,
52.493770400003996,mouse,move,894,625,0,1,1.0,60.908387694032726,,
52.50110900000436,mouse,move,894,626,0,1,1.0,136.26577275639076,,
52.50908809999237,mouse,move,894,628,0,2,2.0,250.65483613519572,,
52.517018900005496,mouse,move,894,631,0,3,3.0,378.2720526345569,,
52.525072000004,mouse,move,893,633,-1,2,2.23606797749979,277.6654925326497,,
52.533047100005206,mouse,move,892,639,-1,6,6.082762530298219,762.7192799312908,,
52.54105260000506,mouse,move,892,644,0,5,5.0,624.5706077186088,,
52.54900970000017,mouse,move,890,653,-2,9,9.219544457292887,1158.656352560418,,
52.55710609999369,mouse,move,888,661,-2,8,8.246211251235321,1018.503440768235,,
52.564970199993695,mouse,move,888,668,0,7,7.0,890.1209292855544,,
52.573074800006,mouse,move,887,678,-1,10,10.04987562112089,1240.021173884665,,
52.58097049999924,mouse,move,886,687,-1,9,9.055385138137417,1146.8755329975158,,
52.58904449999682,mouse,move,883,699,-3,12,12.36931687685298,1531.993668635625,,
52.596994099993026,mouse,move,882,709,-1,10,10.04987562112089,1264.1989063491603,,
52.60503419999441,mouse,move,881,719,-1,10,10.04987562112089,1249.9689828975957,,
52.61299209999561,mouse,move,879,729,-2,10,10.198039027185569,1281.498765458914,,
52.621032499999274,mouse,move,876,740,-3,11,11.40175425099138,1418.058087382968,,
52.62901960000454,mouse,move,873,749,-3,9,9.486832980505138,1187.769399938656,,
52.63703810000152,mouse,move,871,757,-2,8,8.246211251235321,1028.3982358723363,,
52.645123199996306,mouse,move,867,769,-4,12,12.649110640673518,1564.496499589271,,
52.653049000000465,mouse,move,861,782,-6,13,14.317821063276353,1806.4827595653448,,
52.66121340000245,mouse,move,856,795,-5,13,13.92838827718412,1705.9904308697426,,
52.66925310000079,mouse,move,850,809,-6,14,15.231546211727817,1894.5416141003102,,
52.677078099994105,mouse,move,843,823,-7,14,15.652475842498529,2000.3164033054468,,
52.685204099994735,mouse,move,836,834,-7,11,13.038404810405298,1604.5292652467547,,
52.69307619999745,mouse,move,830,843,-6,9,10.816653826391969,1374.0493416829313,,
52.701170800006366,mouse,move,826,849,-4,6,7.211102550927978,890.8534755249427,,
52.7090171000018,mouse,move,822,853,-4,4,5.656854249492381,720.9581908394103,,
52.71719250000024,mouse,move,819,858,-3,5,5.830951894845301,713.2313887957743,,
52.72506979999889,mouse,move,815,862,-4,4,5.656854249492381,718.1209615552199,,
52.73302699999476,mouse,move,812,866,-3,4,5.0,628.3617356097758,,
52.74102169999969,mouse,move,810,870,-2,4,4.47213595499958,559.3875883075664,,
52.74908520000463,mouse,move,805,875,-5,5,7.0710678118654755,876.9229004199366,,
52.757034599999315,mouse,move,802,881,-3,6,6.708203932499369,843.8629251243426,,
52.76497659999586,mouse,move,797,885,-5,4,6.4031242374328485,806.2357391358673,,
52.7730326000019,mouse,move,791,890,-6,5,7.810249675906654,969.4947455380932,,
52.781003600000986,mouse,move,783,894,-8,4,8.94427190999916,1122.1016072038956,,
52.789083700001356,mouse,move,777,896,-6,2,6.324555320336759,782.7323077742749,,
52.79701609999756,mouse,move,773,897,-4,1,4.123105625617661,519.7803473840373,,
52.80513459999929,mouse,move,769,897,-4,0,4.0,492.70185368582224,,
52.81306279999262,mouse,move,769,897,0,0,0.0,0.0,,
52.82131980000122,mouse,move,768,897,-1,0,1.0,121.10936162755303,,
52.90902829999686,mouse,move,767,897,-1,0,1.0,11.401403513338883,,
52.91706059999706,mouse,move,766,897,-1,0,1.0,124.4973419787202,,
52.925142799998866,mouse,move,766,897,0,0,0.0,0.0,,
53.00510389999545,mouse,move,764,897,-2,0,2.0,25.01216216492173,,
53.013148199999705,mouse,move,763,901,-1,4,4.123105625617661,512.5499575395392,,
53.02106939999794,mouse,move,763,904,0,3,3.0,378.7304954638163,,
53.02911770000355,mouse,move,762,907,-1,3,3.1622776601683795,392.9124980385136,,
53.03707330000179,mouse,move,760,911,-2,4,4.47213595499958,562.136854038506,,
53.04501519999758,mouse,move,757,918,-3,7,7.615773105863909,958.9359107903178,,
53.053063100000145,mouse,move,753,930,-4,12,12.649110640673518,1571.7281075361525,,
53.06115740000678,mouse,move,747,944,-6,14,15.231546211727817,1881.7620052687282,,
53.06918960000621,mouse,move,743,951,-4,7,8.06225774829855,1003.7421564287151,,
53.07698810000147,mouse,move,738,962,-5,11,12.083045973594572,1549.4064218680496,,
53.085235899998224,mouse,move,733,968,-5,6,7.810249675906654,946.9494506392092,,
53.09300710000389,mouse,move,730,971,-3,3,4.242640687119285,545.9440863737001,,
53.101411700001336,mouse,move,726,974,-4,3,5.0,594.912310106172,,
53.109001799995895,mouse,move,723,974,-3,0,3.0,395.25170974698983,,
53.11729039999773,mouse,move,721,974,-2,0,2.0,241.295272972228,,
53.15708770000492,mouse,move,720,975,-1,1,1.4142135623730951,35.53541476726922,,
53.189103700002306,mouse,move,720,976,0,1,1.0,31.23438281114792,,
53.20508980000159,mouse,move,719,978,-1,2,2.23606797749979,139.87576567144455,,
53.21299529999669,mouse,move,718,979,-1,1,1.4142135623730951,178.88983154119703,,
53.22119320000638,mouse,move,716,979,-2,0,2.0,243.9649175564216,,
53.23719109999365,mouse,move,714,979,-2,0,2.0,125.01640850308851,,
53.253054100001464,mouse,move,714,978,0,-1,1.0,63.03977806893636,,
53.3011422999989,mouse,move,713,977,-1,-1,1.4142135623730951,29.408743983939186,,
53.34103769999638,mouse,move,712,977,-1,0,1.0,25.065546405431533,,
53.34913210000377,mouse,move,711,977,-1,0,1.0,123.54220190335434,,
53.3972722000035,mouse,move,711,976,0,-1,1.0,20.772703006550813,,
53.589171999992686,mouse,move,710,975,-1,-1,1.4142135623730951,7.369541617306432,,
53.63700699999754,mouse,move,710,975,0,0,0.0,0.0,,
53.70106819999637,mouse,move,710,974,0,-1,1.0,15.610072868104684,,
53.725090899999486,mouse,move,708,972,-2,-2,2.8284271247461903,117.73976798525464,,
53.80521150000277,mouse,move,708,972,0,0,0.0,0.0,,
53.86963210000249,mouse,move,708,971,0,-1,1.0,15.52298488378451,,
53.98140499999863,keyboard,key_press,,,,,,,,1.7484880999982124
54.093175100002554,mouse,move,708,970,0,-1,1.0,4.47341227414733,,
54.16303830000106,keyboard,key_release,,,,,,,0.1816333000024315,
