timestamp,device,event,x,y,dx,dy,distance,velocity,hold_time,flight_time
1.3297699999966426,mouse,move,661,524,0,0,0,0,,
1.3378815999894869,mouse,move,660,524,-1,0,1.0,123.28024075178256,,
1.345621399988886,mouse,move,658,524,-2,0,2.0,258.4046099583029,,
1.3537356999877375,mouse,move,651,524,-7,0,7.0,862.6745376669322,,
1.3617918999952963,mouse,move,644,524,-7,0,7.0,868.8960047456851,,
1.3697245999937877,mouse,move,631,524,-13,0,13.0,1638.7862899734266,,
1.3779374999867287,mouse,move,619,521,-12,-3,12.36931687685298,1506.083951769108,,
1.3857840999990003,mouse,move,609,520,-10,-1,10.04987562112089,1280.793669283947,,
1.393756299992674,mouse,move,600,519,-9,-1,9.055385138137417,1135.8702924316074,,
1.4018284999910975,mouse,move,594,519,-6,0,6.0,743.2917917261504,,
1.4096579999895766,mouse,move,585,519,-9,0,9.0,1149.4986910719988,,py -m pip install pandas numpy scikit-learn torch
1.4177252999943448,mouse,move,575,519,-10,0,10.0,1239.5720989785295,,
1.425985199995921,mouse,move,563,519,-12,0,12.0,1452.802091757786,,
1.4335860999999568,mouse,move,549,519,-14,0,14.0,1841.887143965389,,
1.4417080999992322,mouse,move,528,519,-21,0,21.0,2585.5700568669567,,
1.4497346999996807,mouse,move,501,525,-27,6,27.65863337187866,3445.8716480618323,,
1.4577365999866743,mouse,move,480,526,-21,1,21.02379604162864,2627.350513728142,,
1.4657293999916874,mouse,move,450,532,-30,6,30.59411708155671,3827.7095714102607,,
1.473833599986392,mouse,move,428,535,-22,3,22.20360331117452,2739.7649768863594,,
1.4818182999879355,mouse,move,413,536,-15,1,15.033296378372908,1882.76283084738,,
1.489701899990905,mouse,move,398,539,-15,3,15.297058540778355,1940.3646221290044,,
1.497876900000847,mouse,move,386,540,-12,1,12.041594578792296,1472.9779283361643,,
1.5058261999947717,mouse,move,379,542,-7,2,7.280109889280518,915.8177317303785,,
1.5140526999894064,mouse,move,374,542,-5,0,5.0,607.7918924525637,,
1.5219304999918677,mouse,move,372,542,-2,0,2.0,253.8779861604928,,
1.52966679999372,mouse,move,371,542,-1,0,1.0,129.26075769561436,,
1.5940667999966536,mouse,move,371,543,0,1,1.0,15.527950309851649,,
1.6016375999897718,mouse,move,371,544,0,1,1.0,132.08643748467574,,
1.6095856999891112,mouse,move,371,550,0,6,6.0,754.8973969248934,,
1.6175460999947973,mouse,move,371,550,0,0,0.0,0.0,,
1.6257733999955235,mouse,move,371,554,0,4,4.0,486.18623359387766,,
1.633539499991457,mouse,move,372,557,1,3,3.1622776601683795,407.1899231048053,,
1.6416847999935271,mouse,move,372,566,0,9,9.0,1104.931678110399,,
1.6495892999955686,mouse,move,374,578,2,12,12.165525060596439,1539.0631991213238,,
1.657715499997721,mouse,move,378,593,4,15,15.524174696260024,1910.3855051743708,,
1.6656075999926543,mouse,move,379,610,1,17,17.029386365926403,2157.7763050213953,,
1.6736963000003016,mouse,move,379,626,0,16,16.0,1978.068167304161,,
1.6817204999970272,mouse,move,381,644,2,18,18.110770276274835,2257.018803577315,,
1.6897863999911351,mouse,move,385,661,4,17,17.46424919657298,2165.195354434166,,
1.6975657000002684,mouse,move,391,681,6,20,20.8806130178211,2684.1249204049464,,
1.7058156999992207,mouse,move,397,699,6,18,18.973665961010276,2299.838298596352,,
1.7135375999932876,mouse,move,406,715,9,16,18.35755975068582,2377.3371533936934,,
1.7216004999936558,mouse,move,417,735,11,20,22.825424421026653,2830.9199444349033,,
1.729530500000692,mouse,move,430,752,13,17,21.400934559032695,2698.7307112287567,,
1.7376454999903217,mouse,move,442,767,12,15,19.209372712298546,2367.1438985639534,,
1.745511399989482,mouse,move,453,780,11,13,17.029386365926403,2164.963496579448,,
1.753814899988356,mouse,move,466,791,13,11,17.029386365926403,2050.8684733227697,,
1.761702099989634,mouse,move,481,799,15,8,17.0,2155.3910129381143,,
1.7695865999994567,mouse,move,504,812,23,13,26.419689627245813,3350.8389364362565,,
1.7777760999888415,mouse,move,519,814,15,2,15.132745950421556,1847.8229403549171,,
1.785795199990389,mouse,move,535,820,16,6,17.08800749063506,2130.913380221908,,
1.7937651999964146,mouse,move,553,821,18,1,18.027756377319946,2261.951864954856,,
1.802409500000067,mouse,move,568,823,15,2,15.132745950421556,1750.6039753395353,,
1.8095611999888206,mouse,move,585,826,17,3,17.26267650163207,2413.786446408355,,
1.8176084000006085,mouse,move,602,828,17,2,17.11724276862369,2127.1054209600243,,
1.826092699993751,mouse,move,617,828,15,0,15.0,1767.9714310106774,,
1.8336851999920327,mouse,move,627,828,10,0,10.0,1317.0892330935978,,
1.8420124999975087,mouse,move,633,828,6,0,6.0,720.521657206349,,
1.8496736999950372,mouse,move,639,829,6,1,6.082762530298219,793.969943645976,,
1.8579128999990644,mouse,move,642,831,3,2,3.605551275463989,437.60938849665473,,
1.8655988999962574,mouse,move,643,831,1,0,1.0,130.10668753125296,,
1.8737161999888485,mouse,move,645,832,2,1,2.23606797749979,275.4694269696455,,
1.8815883999923244,mouse,move,649,834,4,2,4.47213595499958,568.0922681111961,,
1.8898003999929642,mouse,move,655,838,6,4,7.211102550927978,878.117699752331,,
1.897653599997284,mouse,move,660,840,5,2,5.385164807134504,685.7287225809082,,
1.9057488999969792,mouse,move,665,843,5,3,5.830951894845301,720.2885495367427,,
1.9137229999905685,mouse,move,665,843,0,0,0.0,0.0,,
1.9220298000000184,mouse,move,667,844,2,1,2.23606797749979,269.1852428078206,,
1.9856986999948276,mouse,move,669,844,2,0,2.0,31.412510663181816,,
1.9935948999918764,mouse,move,671,845,2,1,2.23606797749979,283.1827940446685,,
2.001804399988032,mouse,move,676,849,5,4,6.4031242374328485,779.965191598931,,
2.00966119999066,mouse,move,677,851,1,2,2.23606797749979,284.6028888035653,,
2.017617799996515,mouse,move,680,853,3,2,3.605551275463989,453.1522601124663,,
2.0255987999989884,mouse,move,681,854,1,1,1.4142135623730951,177.19753939791764,,
2.0416274999879533,mouse,move,682,854,1,0,1.0,62.38809140407245,,
2.1456207999872277,mouse,move,683,854,1,0,1.0,9.616004108024057,,
2.1619645999890054,mouse,scroll,683,854,0,1,,,,
2.330391099996632,mouse,scroll,683,854,0,1,,,,
2.7219650999904843,mouse,scroll,683,854,0,1,,,,
3.217909899991355,mouse,scroll,683,854,0,1,,,,
3.8500095999916084,mouse,scroll,683,854,0,1,,,,
3.946128499999759,mouse,scroll,683,854,0,1,,,,
4.650424999999814,mouse,scroll,683,854,0,1,,,,
4.8260158999910345,mouse,scroll,683,854,0,1,,,,
5.521599799991236,mouse,move,684,856,1,2,2.23606797749979,0.6623465304426167,,
5.529657399994903,mouse,move,685,857,1,1,1.4142135623730951,175.51300160462893,,
5.537614599990775,mouse,move,685,857,0,0,0.0,0.0,,
5.545669699989958,mouse,move,685,860,0,3,3.0,372.4348549744053,,
5.553722899989225,mouse,move,685,861,0,1,1.0,124.17424130668437,,
5.561546299999463,mouse,move,685,864,0,3,3.0,383.4649891446087,,
5.56961799999408,mouse,move,685,865,0,1,1.0,123.88963919211514,,
5.577649699989706,mouse,move,685,865,0,0,0.0,0.0,,
5.60160929999256,mouse,move,685,867,0,2,2.0,83.47384763358966,,
5.609586099992157,mouse,move,685,868,0,1,1.0,125.36355431383234,,
5.633655599987833,mouse,move,685,868,0,0,0.0,0.0,,
5.657621699996525,mouse,move,685,869,0,1,1.0,41.725604067299074,,
5.665670599992154,mouse,move,685,872,0,3,3.0,372.72173857660823,,
5.673708599992096,mouse,move,684,872,-1,0,1.0,124.4090569802418,,
5.681593599991174,mouse,move,683,876,-1,4,4.123105625617661,522.9049620925534,,
5.689647799998056,mouse,move,683,876,0,0,0.0,0.0,,
5.697687499996391,mouse,move,682,879,-1,3,3.1622776601683795,393.3327936145983,,
5.7056981999921845,mouse,move,682,880,0,1,1.0,124.83303588015059,,
5.71405809999851,mouse,scroll,682,880,0,-1,,,,
5.7217114999948535,mouse,move,682,881,0,1,1.0,62.44809001475817,,
5.7537358999979915,mouse,move,680,883,-2,2,2.8284271247461903,88.32100287496532,,
5.7620361000008415,mouse,scroll,680,883,0,-1,,,,
5.818061199999647,mouse,scroll,680,883,0,-1,,,,
6.346119899986661,mouse,scroll,680,883,0,-1,,,,
6.402189799991902,mouse,scroll,680,883,0,-1,,,,
6.442081099987263,mouse,scroll,680,883,0,-1,,,,
6.4819218999909936,mouse,scroll,680,883,0,-1,,,,
9.377948099994683,mouse,scroll,680,883,0,-1,,,,
9.418006299994886,mouse,scroll,680,883,0,-1,,,,
9.498165999990306,mouse,scroll,680,883,0,-1,,,,
9.761616299991147,mouse,move,682,881,2,-2,2.8284271247461903,0.7057164492111643,,
9.769617099998868,mouse,move,696,871,14,-10,17.204650534085253,2150.3662780573686,,
9.777616199993645,mouse,move,720,854,24,-17,29.410882339705484,3676.773931931107,,
9.785614799999166,mouse,move,758,827,38,-27,46.61544808322666,5827.950897788111,,
9.793571999995038,mouse,move,809,788,51,-39,64.20280367709809,8068.51702991101,,
9.801585799999884,mouse,move,863,732,54,-56,77.79460135510689,9707.579588716953,,
9.809595399987302,mouse,move,918,667,55,-65,85.14693182963201,10630.609763707562,,
9.817737999997917,mouse,move,971,611,53,-56,77.10382610480494,9469.189939858397,,
9.832118299993454,mouse,move,1030,562,59,-49,76.69419795525604,5333.282197107079,,
9.83598269999493,mouse,move,1085,517,55,-45,71.06335201775947,18389.232996228275,,
9.844555599993328,mouse,move,1128,490,43,-27,50.774009099144415,5922.617679971713,,
9.849699499987764,mouse,move,1160,478,32,-12,34.17601498127012,6643.989000220251,,
9.857644499992603,mouse,move,1172,475,12,-3,12.36931687685298,1556.8680766923235,,
10.057786099991063,mouse,move,1171,475,-1,0,1.0,4.996462504585223,,
10.067435699995258,mouse,move,1161,478,-10,3,10.44030650891055,1081.9418944175457,,
10.07360869999684,mouse,move,1141,484,-20,6,20.8806130178211,3382.571361165066,,
10.081795799997053,mouse,move,1101,494,-40,10,41.23105625617661,5036.100237581039,,
10.0898148999986,mouse,move,1053,508,-48,14,50.0,6235.113664918913,,
10.097851399987121,mouse,move,1008,526,-45,18,48.46648326421054,6030.794914880973,,
10.105730799987214,mouse,move,983,537,-25,11,27.313000567495326,3466.380760866872,,
10.113718900000094,mouse,move,962,553,-21,16,26.40075756488817,3305.0108939944607,,
10.121660199991311,mouse,move,945,563,-17,10,19.72308292331602,2483.6088480640165,,
10.130394299994805,mouse,move,932,573,-13,10,16.401219466856727,1877.837379958514,,
10.137807199993404,mouse,move,928,576,-4,3,5.0,674.4998584825312,,
10.14561569999205,mouse,move,922,580,-6,4,7.211102550927978,923.4939555841098,,
10.153669899998931,mouse,move,919,582,-3,2,3.605551275463989,447.66100573406516,,
10.16162689999328,mouse,move,917,583,-2,1,2.23606797749979,281.018974373244,,
10.290151499997592,mouse,move,917,583,0,0,0.0,0.0,,
10.297820899999351,mouse,move,917,578,0,-5,5.0,651.9414815830205,,
10.305726499995217,mouse,move,919,572,2,-6,6.324555320336759,800.0095278845893,,
10.313710199989146,mouse,move,920,568,1,-4,4.123105625617661,516.4404510130672,,
10.323024999990594,mouse,move,920,566,0,-2,2.0,214.71207107926017,,
10.41763440000068,mouse,move,920,565,0,-1,1.0,10.569774249634781,,
10.42562129998987,mouse,move,917,565,-3,0,3.0,375.61507018490994,,
10.43368049999117,mouse,move,915,566,-2,1,2.23606797749979,277.45532771733275,,
10.443127199992887,mouse,move,909,569,-6,3,6.708203932499369,710.1108250796281,,
10.449737099988852,mouse,move,906,571,-3,2,3.605551275463989,545.4774319830885,,
10.457959199993638,mouse,move,902,574,-4,3,5.0,608.1171473333055,,
10.465661899987026,mouse,move,898,576,-4,2,4.47213595499958,580.5932931100239,,
10.473580099991523,mouse,move,892,581,-6,5,7.810249675906654,986.3668095616864,,
10.48162589999265,mouse,move,885,586,-7,5,8.602325267042627,1069.1696619151585,,
10.489623199988273,mouse,move,880,590,-5,4,6.4031242374328485,800.6607531213863,,
10.497759199992288,mouse,move,874,597,-6,7,9.219544457292887,1133.1790133656896,,
10.505738799998653,mouse,move,869,604,-5,7,8.602325267042627,1078.0396586521467,,
10.51395949999278,mouse,move,864,610,-5,6,7.810249675906654,950.0711230779683,,
10.5218060999905,mouse,move,859,619,-5,9,10.295630140987,1312.113545227098,,
10.529779199991026,mouse,move,851,628,-8,9,12.041594578792296,1510.2776307831016,,
10.537716699996963,mouse,move,845,638,-6,10,11.661903789690601,1469.2162243738705,,
10.545817199992598,mouse,move,836,650,-9,12,15.0,1851.73754806284,,
10.553989399995771,mouse,move,827,659,-9,9,12.727922061357855,1557.4658055867087,,
10.561776899994584,mouse,move,820,672,-7,13,14.7648230602334,1895.9644382002873,,
10.569693999990704,mouse,move,812,684,-8,12,14.422205101855956,1821.6525127790162,,
10.577625799996895,mouse,move,805,695,-7,11,13.038404810405298,1643.8141153621589,,
10.585544299989124,mouse,move,797,707,-8,12,14.422205101855956,1821.330443393248,,
10.593647999994573,mouse,move,791,720,-6,13,14.317821063276353,1766.8251605622488,,
10.601647899995442,mouse,move,785,732,-6,12,13.416407864998739,1677.0719463421328,,
10.609639199989033,mouse,move,776,744,-9,12,15.0,1877.041283899896,,
10.617886299995007,mouse,move,770,755,-6,11,12.529964086141668,1519.3175876447685,,
10.625774599990109,mouse,move,761,771,-9,16,18.35755975068582,2327.1883374218037,,
10.633608299991465,mouse,move,754,783,-7,12,13.892443989449804,1773.4204765365926,,
10.64176729999599,mouse,move,746,797,-8,14,16.1245154965971,1976.2857565453878,,
10.649857500000508,mouse,move,732,821,-14,24,27.784887978899608,3434.3882677048937,,
10.657649699991453,mouse,move,721,846,-11,25,27.313000567495326,3505.1719154070583,,
10.665680799997062,mouse,move,714,864,-7,18,19.313207915827967,2404.802318777905,,
10.673569599995972,mouse,move,708,878,-6,14,15.231546211727817,1930.7811344987635,,
10.681930999999167,mouse,move,706,892,-2,14,14.142135623730951,1691.3597744786525,,
10.689734499988845,mouse,move,699,906,-7,14,15.652475842498529,2005.8276239128909,,
10.698222399994847,mouse,move,697,917,-2,11,11.180339887498949,1317.2091895041267,,
10.705720199999632,mouse,move,693,929,-4,12,12.649110640673518,1687.0429502788957,,
10.71380679999129,mouse,move,693,941,0,12,12.0,1483.9363901244922,,
10.721576500000083,mouse,move,693,949,0,8,8.0,1029.6407829061113,,
10.729816599996411,mouse,move,693,956,0,7,7.0,849.5042539676799,,
10.737600899999961,mouse,move,693,961,0,5,5.0,642.3185126112508,,
10.745722199993907,mouse,move,693,967,0,6,6.0,738.7979762443464,,
10.753710399992997,mouse,move,693,969,0,2,2.0,250.36929473820948,,
10.761672399996314,mouse,move,694,973,1,4,4.123105625617661,517.8479808967303,,
10.769734899993637,mouse,move,694,974,0,1,1.0,124.03100779312862,,
10.77765659999568,mouse,move,695,975,1,1,1.4142135623730951,178.52399889017255,,
10.785784499996225,mouse,move,696,976,1,1,1.4142135623730951,173.99495100557755,,
10.817638499996974,mouse,move,696,976,0,0,0.0,0.0,,
10.833597899996676,mouse,move,697,976,1,0,1.0,62.658997206581006,,
10.842282300000079,mouse,move,698,976,1,0,1.0,115.14900276450865,,
10.858022499989602,mouse,move,699,976,1,0,1.0,63.53159430411512,,
10.865613599991775,mouse,move,700,973,1,-3,3.1622776601683795,416.57699928376894,,
10.874043799994979,mouse,move,702,972,2,-1,2.23606797749979,265.24494990035373,,
10.881611199991312,mouse,move,703,970,1,-2,2.23606797749979,295.48695438108103,,
10.89028039999539,mouse,move,706,964,3,-6,6.708203932499369,773.7973433931018,,
10.897744999994757,mouse,move,708,963,2,-1,2.23606797749979,299.55630277437643,,
10.905832299991744,mouse,move,711,959,3,-4,5.0,618.2533109768162,,
10.913757699992857,mouse,move,713,957,2,-2,2.8284271247461903,356.88130874768126,,
10.92164009998669,mouse,move,715,953,2,-4,4.47213595499958,567.3571448415346,,
10.929704999987734,mouse,move,718,950,3,-3,4.242640687119285,526.0624045641463,,
10.937712999992073,mouse,move,720,946,2,-4,4.47213595499958,558.4585355365797,,
10.945684699996491,mouse,move,721,944,1,-2,2.23606797749979,280.5007685011266,,
10.953638799997861,mouse,move,725,942,4,-2,4.47213595499958,562.2428627033864,,
10.961636599997291,mouse,move,726,941,1,-1,1.4142135623730951,176.82532227286418,,
10.969726299998001,mouse,move,727,941,1,0,1.0,123.61397825781576,,
10.993739499986987,mouse,move,728,940,1,-1,1.4142135623730951,58.89317388027326,,
11.049654399990686,mouse,move,728,940,0,0,0.0,0.0,,
11.065578699999605,mouse,move,731,941,3,1,3.1622776601683795,198.5818942369341,,
11.073620099996333,mouse,move,736,949,5,8,9.433981132056603,1173.1764538383345,,
11.081722599992645,mouse,move,743,961,7,12,13.892443989449804,1714.587349061804,,
11.089665999999852,mouse,move,751,975,8,14,16.1245154965971,2029.9261628480913,,
11.097701799997594,mouse,move,756,986,5,11,12.083045973594572,1503.6519048494717,,
11.105584299992188,mouse,move,764,997,8,11,13.601470508735444,1725.5274999129986,,
11.113802699997905,mouse,move,771,1004,7,7,9.899494936611665,1204.5525807609076,,
11.121634299997822,mouse,move,779,1015,8,11,13.601470508735444,1736.7422377136763,,
11.12967499998922,mouse,move,786,1024,7,9,11.40175425099138,1418.0051815376378,,
11.137592099999893,mouse,move,792,1033,6,9,10.816653826391969,1366.2393820730651,,
11.14608259999659,mouse,move,798,1040,6,7,9.219544457292887,1085.8659043495597,,
11.153753799997503,mouse,move,804,1046,6,6,8.48528137423857,1106.121776674807,,
11.161784699987038,mouse,move,809,1049,5,3,5.830951894845301,726.0645634291914,,
11.16973669998697,mouse,move,812,1052,3,3,4.242640687119285,533.5312735356587,,
11.17777299998852,mouse,move,812,1053,0,1,1.0,124.43537446426627,,
11.1856143999903,mouse,move,813,1053,1,0,1.0,127.5282474778717,,
11.857912999999826,mouse,move,814,1053,1,0,1.0,1.4874343037243132,,
11.865603099999134,mouse,move,814,1052,0,-1,1.0,130.03732072273567,,
11.873648199994932,mouse,move,814,1051,0,-1,1.0,124.29926297030089,,
11.881919499996002,mouse,move,814,1051,0,0,0.0,0.0,,
11.889629999990575,mouse,move,814,1047,0,-4,4.0,518.773101979805,,
11.897568599990336,mouse,move,814,1042,0,-5,5.0,629.8339757829339,,
11.905618999997387,mouse,move,814,1039,0,-3,3.0,372.6522902430464,,
11.913718999989214,mouse,move,815,1034,1,-5,5.0990195135927845,629.5085825601669,,
11.921970199997304,mouse,move,817,1032,2,-2,2.8284271247461903,342.78979081504986,,
11.929702599998564,mouse,move,817,1028,0,-4,4.0,517.3038124448354,,
11.937583199993242,mouse,move,817,1027,0,-1,1.0,126.89389141376581,,
11.9456261999876,mouse,move,817,1026,0,-1,1.0,124.33171710821308,,
11.953577599997516,mouse,move,817,1025,0,-1,1.0,125.7640162428026,,
11.96164759999374,mouse,move,818,1024,1,-1,1.4142135623730951,175.24331636120246,,
11.97761360000004,mouse,move,818,1024,0,0,0.0,0.0,,
12.001619799993932,mouse,move,818,1022,0,-2,2.0,83.31181113666047,,
12.185627399987425,mouse,move,819,1020,1,-2,2.23606797749979,12.152041424261114,,
12.201747200000682,mouse,move,820,1020,1,0,1.0,62.03550907440436,,
12.225594199990155,mouse,move,820,1019,0,-1,1.0,41.933995908979256,,
12.23374789999798,mouse,move,820,1018,0,-1,1.0,122.64370764688519,,
12.241674899996724,mouse,move,821,1017,1,-1,1.4142135623730951,178.40463764312707,,
12.249621700000716,mouse,move,822,1016,1,-1,1.4142135623730951,177.96013007281022,,
12.2576657999889,mouse,move,823,1014,1,-2,2.23606797749979,277.97615404888455,,
12.45765839998785,mouse,move,824,1014,1,0,1.0,5.000185006871504,,
12.465566200000467,mouse,move,825,1016,1,2,2.23606797749979,282.7673909218757,,
12.473632599998382,mouse,move,826,1017,1,1,1.4142135623730951,175.321526670958,,
12.481664699997054,mouse,move,829,1020,3,3,4.242640687119285,528.2106407814256,,
12.48988229999668,mouse,move,831,1029,2,9,9.219544457292887,1121.92665227236,,
12.497730199989746,mouse,move,833,1033,2,4,4.47213595499958,569.8512925687819,,
12.5058594999864,mouse,move,833,1038,0,5,5.0,615.0591074333893,,
12.513854699995136,mouse,move,837,1046,4,8,8.94427190999916,1118.7052106546628,,
12.521663599996828,mouse,move,841,1055,4,9,9.848857801796104,1261.2349754334837,,
12.52978389999771,mouse,move,842,1060,1,5,5.0990195135927845,627.934868544081,,
12.537704899994424,mouse,move,847,1069,5,9,10.295630140987,1299.7891863727984,,
12.545602099999087,mouse,move,849,1076,2,7,7.280109889280518,921.859631892518,,
12.554042299991124,mouse,move,854,1082,5,6,7.810249675906654,925.3631055277091,,
12.561626199996681,mouse,move,858,1087,4,5,6.4031242374328485,844.3049397725903,,
12.570221599991783,mouse,move,860,1083,2,-4,4.47213595499958,520.2941058645531,,
12.57802059999085,mouse,move,864,1083,4,0,4.0,512.8862675314964,,
12.585887699999148,mouse,move,866,1082,2,-1,2.23606797749979,284.23027229110204,,
12.593584699992789,mouse,move,871,1083,5,1,5.0990195135927845,662.4684315714522,,
12.601866999990307,mouse,move,872,1082,1,-1,1.4142135623730951,170.7513085491865,,
12.609608399987337,mouse,move,873,1080,1,-2,2.23606797749979,288.845425679793,,
12.617658799994388,mouse,move,875,1081,2,1,2.23606797749979,277.75861765147783,,
12.625602499989327,mouse,move,878,1082,3,1,3.1622776601683795,398.0862396846486,,
12.633851099992171,mouse,move,879,1082,1,0,1.0,121.23269399112915,,
12.649685099997441,mouse,move,879,1081,0,-1,1.0,63.155235548007425,,
12.657585999986622,mouse,move,881,1083,2,2,2.8284271247461903,357.9879670188448,,
12.666053699998884,mouse,move,883,1082,2,-1,2.23606797749979,264.07028759427135,,
12.673750099987956,mouse,move,885,1081,2,-1,2.23606797749979,290.53427325433717,,
12.681644599986612,mouse,move,888,1085,3,4,5.0,633.3523340111674,,
12.689572899995255,mouse,move,889,1080,1,-5,5.0990195135927845,643.1415950498647,,
12.697662099992158,mouse,move,889,1081,0,1,1.0,123.62161899605705,,
12.706221499989624,mouse,move,890,1083,1,2,2.23606797749979,261.24120594454183,,
12.713650599995162,mouse,move,895,1086,5,3,5.830951894845301,784.8799841836126,,
12.721462099987548,mouse,move,899,1085,4,-1,4.123105625617661,527.8250822040301,,
12.730054299987387,mouse,move,900,1081,1,-4,4.123105625617661,479.86611411453254,,
12.738408899997012,mouse,move,900,1080,0,-1,1.0,119.69453939721333,,
12.746037099990644,mouse,move,900,1079,0,-1,1.0,131.0925252136416,,
12.86564809999254,mouse,move,901,1080,1,1,1.4142135623730951,11.823440673104278,,
13.017993499990553,mouse,move,901,1079,0,-1,1.0,6.564031470678139,,
13.025598599997465,mouse,move,902,1079,1,0,1.0,131.4907100618041,,
13.057695999988937,mouse,move,903,1078,1,-1,1.4142135623730951,44.060066009984276,,
13.081658999988576,mouse,move,903,1077,0,-1,1.0,41.73100196198476,,
13.097800299990922,mouse,move,901,1076,-2,-1,2.23606797749979,138.53084802183355,,
13.105916099986644,mouse,move,898,1074,-3,-2,3.605551275463989,444.2631998527379,,
13.11364089998824,mouse,move,894,1072,-4,-2,4.47213595499958,578.9322641459981,,
13.121766199998092,mouse,move,893,1070,-1,-2,2.23606797749979,275.1982049633512,,
13.129762999989907,mouse,move,890,1067,-3,-3,4.242640687119285,530.5423033540401,,
13.137766299987561,mouse,move,889,1066,-1,-1,1.4142135623730951,176.70380502888503,,
13.145602799995686,mouse,move,888,1066,-1,0,1.0,127.60798812776153,,
13.329706299991813,mouse,move,888,1065,0,-1,1.0,5.431727262224993,,
13.345594099999289,mouse,move,888,1064,0,-1,1.0,62.94137637240024,,
13.35395599999174,mouse,move,888,1064,0,0,0.0,0.0,,
13.361695599989616,mouse,move,889,1064,1,0,1.0,129.20564373797166,,
13.370377200000803,mouse,move,893,1064,4,0,4.0,460.74456262046175,,
13.377643899992108,mouse,move,898,1064,5,0,5.0,688.0702390331958,,
13.385612399986712,mouse,move,903,1064,5,0,5.0,627.470666171285,,
13.393604899989441,mouse,move,911,1062,8,-2,8.246211251235321,1031.743665739121,,
13.401592099995469,mouse,move,918,1061,7,-1,7.0710678118654755,885.299955745336,,
13.409637299992028,mouse,move,925,1060,7,-1,7.0710678118654755,878.9175924638139,,
13.41764049998892,mouse,move,928,1060,3,0,3.0,374.8500601215636,,
13.425658499996644,mouse,move,934,1056,6,-4,7.211102550927978,899.3642484387349,,
13.433677599998191,mouse,move,938,1054,4,-2,4.47213595499958,557.6855200878614,,
13.441692699998384,mouse,move,941,1054,3,0,3.0,374.29352097012304,,
13.449725699989358,mouse,move,941,1053,0,-1,1.0,124.48649335536689,,
13.457642199995462,mouse,move,942,1053,1,0,1.0,126.31844871205284,,
13.465651499995147,mouse,move,943,1052,1,-1,1.4142135623730951,176.57143101503382,,
13.481737599999178,mouse,move,944,1052,1,0,1.0,62.16547203793281,,
13.489967299989075,mouse,move,948,1052,4,0,4.0,486.04444936150895,,
13.498087999993004,mouse,move,952,1051,4,-1,4.123105625617661,507.727858881999,,
13.505613999994239,mouse,move,955,1051,3,0,3.0,398.61812377195497,,
13.513783399990643,mouse,move,958,1051,3,0,3.0,367.2240313022181,,
13.521700499986764,mouse,move,960,1050,2,-1,2.23606797749979,282.4352324203875,,
13.529638199994224,mouse,move,963,1050,3,0,3.0,377.9432325712125,,
13.537711799988756,mouse,move,963,1050,0,0,0.0,0.0,,
13.545690499988268,mouse,move,964,1050,1,0,1.0,125.33370098651925,,
13.553625299988198,mouse,move,966,1050,2,0,2.0,252.05424207511882,,
13.561737099997117,mouse,move,968,1050,2,0,2.0,246.55440195776018,,
13.569902499992168,mouse,move,973,1050,5,0,5.0,612.3398734943594,,
13.577686199991149,mouse,move,977,1050,4,0,4.0,513.8944204585858,,
13.58555659999547,mouse,move,982,1050,5,0,5.0,635.2917256117165,,
13.59354399998847,mouse,move,985,1050,3,0,3.0,375.591557031028,,
13.601523699995596,mouse,move,989,1050,4,0,4.0,501.271977195584,,
13.609602599986829,mouse,move,996,1051,7,1,7.0710678118654755,875.2513113838381,,
13.617613399997936,mouse,move,1001,1051,5,0,5.0,624.1573866614607,,
13.625517499996931,mouse,move,1003,1051,2,0,2.0,253.0332359476893,,
13.63359599999967,mouse,move,1006,1051,3,0,3.0,371.3560684511789,,
13.641624299998512,mouse,move,1006,1051,0,0,0.0,0.0,,
13.969667599987588,mouse,move,1006,1051,0,0,0.0,0.0,,
13.986785799992504,mouse,move,1006,1051,0,0,0.0,0.0,,
13.993613999991794,mouse,move,1004,1051,-2,0,2.0,292.9029612793722,,
14.001619199989364,mouse,move,1003,1051,-1,0,1.0,124.91880281612244,,
14.009657799993875,mouse,move,1001,1051,-2,0,2.0,248.79954206922557,,
14.017443599994294,mouse,move,1000,1051,-1,0,1.0,128.43895295872952,,
14.025425399988308,mouse,move,998,1050,-2,-1,2.23606797749979,280.1458291584538,,
14.033330299993395,mouse,move,996,1048,-2,-2,2.8284271247461903,357.8068189257214,,
14.041449599986663,mouse,move,993,1047,-3,-1,3.1622776601683795,389.47663749217946,,
14.049403999990318,mouse,move,992,1046,-1,-1,1.4142135623730951,177.79009877844882,,
14.057391099995584,mouse,move,990,1045,-2,-1,2.23606797749979,279.9599323941667,,
14.065391299998737,mouse,move,988,1044,-2,-1,2.23606797749979,279.5015095395867,,
14.074130399996648,mouse,move,987,1044,-1,0,1.0,114.42825923025006,,
14.081871099988348,mouse,move,986,1043,-1,-1,1.4142135623730951,182.69840762327027,,
14.08958969998639,mouse,move,982,1041,-4,-2,4.47213595499958,579.3972943452837,,
14.0976088999887,mouse,move,981,1039,-1,-2,2.23606797749979,278.8392828282083,,
14.10557479999261,mouse,move,978,1039,-3,0,3.0,376.60527982116884,,
14.11363559999154,mouse,move,976,1038,-2,-1,2.23606797749979,277.40025528442396,,
14.121592099996633,mouse,move,974,1038,-2,0,2.0,251.3668068522199,,
14.13006709999172,mouse,move,974,1037,0,-1,1.0,117.99410036338321,,
14.282300599996233,mouse,move,974,1037,0,0,0.0,0.0,,
14.298262500000419,mouse,move,975,1037,1,0,1.0,62.64918335146612,,
14.306135299993912,mouse,move,978,1038,3,1,3.1622776601683795,401.67128121915835,,
14.314108199992916,mouse,move,980,1039,2,1,2.23606797749979,280.458550562426,,
14.321692199999234,mouse,move,981,1040,1,1,1.4142135623730951,186.4733071195859,,
14.33013229999051,mouse,move,982,1041,1,1,1.4142135623730951,167.5588635010119,,
14.337801199988462,mouse,move,984,1043,2,2,2.8284271247461903,368.8178389992546,,
14.345751599990763,mouse,move,985,1044,1,1,1.4142135623730951,177.8795484458443,,
14.353609499987215,mouse,move,987,1044,2,0,2.0,254.52092809822366,,
14.36164909999934,mouse,move,990,1045,3,1,3.1622776601683795,393.337685382231,,
14.369945999991614,mouse,move,992,1047,2,2,2.8284271247461903,340.9016774192717,,
14.37766849999025,mouse,move,998,1049,6,2,6.324555320336759,818.9777042996649,,
14.385629599986714,mouse,move,1007,1050,9,1,9.055385138137417,1137.4540129076488,,
14.393798399993102,mouse,move,1019,1054,12,4,12.649110640673518,1548.4661921925247,,
14.401934499997878,mouse,move,1031,1057,12,3,12.36931687685298,1520.3004965021873,,
14.409664599996177,mouse,move,1043,1061,12,4,12.649110640673518,1636.3450205635647,,
14.417648399990867,mouse,move,1055,1062,12,1,12.041594578792296,1508.2535367620185,,
14.425942499990924,mouse,move,1066,1064,11,2,11.180339887498949,1347.987109803549,,
14.434030199990957,mouse,move,1080,1067,14,3,14.317821063276353,1770.320494481536,,
14.441809299998567,mouse,move,1092,1068,12,1,12.041594578792296,1547.9418656415069,,
14.449653999996372,mouse,move,1105,1068,13,0,13.0,1657.169809379445,,
14.45767249999335,mouse,move,1119,1069,14,1,14.035668847618199,1750.4107816806832,,
14.465761999992537,mouse,move,1129,1069,10,0,10.0,1236.1703443976837,,
14.473688699988998,mouse,move,1139,1069,10,0,10.0,1261.5590352183922,,
14.481686799990712,mouse,move,1147,1069,8,0,8.0,1000.2375562052738,,
14.489549199992325,mouse,move,1155,1069,8,0,8.0,1017.5010172922186,,
14.49812479999673,mouse,move,1157,1068,2,-1,2.23606797749979,260.74770002693805,,
14.505885899998248,mouse,move,1160,1067,3,-1,3.1622776601683795,407.4522502674074,,
14.514169199988828,mouse,move,1161,1067,1,0,1.0,120.72483202795716,,
14.522151899989694,mouse,move,1161,1067,0,0,0.0,0.0,,
14.59428009999101,mouse,move,1162,1067,1,0,1.0,13.864202905129376,,
14.67364059999818,mouse,move,1162,1066,0,-1,1.0,12.600727060813142,,
14.817718899997999,mouse,move,1162,1065,0,-1,1.0,6.940670454893314,,
14.833777499996359,mouse,move,1161,1065,-1,0,1.0,62.271929066179666,,
14.84974589999183,mouse,move,1160,1063,-1,-2,2.23606797749979,140.03080948209023,,
14.897716899999068,mouse,move,1158,1062,-2,-1,2.23606797749979,46.61291149157695,,
14.92966819999856,mouse,move,1158,1062,0,0,0.0,0.0,,
14.937691099999938,mouse,move,1157,1062,-1,0,1.0,124.64320879334788,,
14.94558679999318,mouse,move,1156,1061,-1,-1,1.4142135623730951,179.1118664062222,,
14.961542099990766,mouse,move,1156,1060,0,-1,1.0,62.67509856607576,,
15.026110999999219,mouse,move,1155,1059,-1,-1,1.4142135623730951,21.90239514980049,,
15.042260399990482,mouse,move,1154,1059,-1,0,1.0,61.9218051779615,,
15.050142499996582,mouse,move,1153,1059,-1,0,1.0,126.86974273684946,,
15.2337234000006,mouse,move,1153,1058,0,-1,1.0,5.447189767443769,,
15.250064399995608,mouse,move,1153,1057,0,-1,1.0,61.19576527173523,,
15.306291699991561,mouse,move,1151,1057,-2,0,2.0,35.5699099929028,,
15.313606699986849,mouse,move,1150,1057,-1,0,1.0,136.70539995136338,,
15.322123499994632,mouse,move,1144,1057,-6,0,6.0,704.4899486329422,,
15.329622899997048,mouse,move,1141,1057,-3,0,3.0,400.032002431319,,
15.338121799999499,mouse,move,1138,1057,-3,0,3.0,352.9868570209017,,
15.345571599988034,mouse,move,1135,1057,-3,0,3.0,402.6953749921889,,
15.35414719999244,mouse,move,1130,1057,-5,0,5.0,583.0495822369571,,
15.36162609999883,mouse,move,1127,1057,-3,0,3.0,401.12850786034284,,
15.370131299991044,mouse,move,1123,1058,-4,1,4.123105625617661,484.77468247565685,,
15.377607399990666,mouse,move,1120,1058,-3,0,3.0,401.2787416101817,,
15.38564469999983,mouse,move,1116,1059,-4,1,4.123105625617661,512.9963570995916,,
15.393558999989182,mouse,move,1113,1059,-3,0,3.0,379.06068812608027,,
15.40158320000046,mouse,move,1110,1061,-3,2,3.605551275463989,449.3346714185321,,
15.409625000000233,mouse,move,1108,1061,-2,0,2.0,248.70053968717576,,
15.417944599990733,mouse,move,1104,1061,-4,0,4.0,480.7923463348552,,
15.425607999990461,mouse,move,1104,1061,0,0,0.0,0.0,,
15.433605599988368,mouse,move,1103,1061,-1,0,1.0,125.03751128609962,,
15.441585199994734,mouse,move,1102,1061,-1,0,1.0,125.31956479050501,,
15.608318200000213,keyboard,key_press,,,,,,,,
15.743039399996633,keyboard,key_press,,,,,,,,0.13472119999642018
15.892851099997642,keyboard,key_release,,,,,,,0.2845328999974299,
15.990153899998404,keyboard,key_release,,,,,,,0.24711450000177138,
15.993804399986402,mouse,move,1101,1061,-1,0,1.0,1.8108751017985016,,
16.010143299994525,mouse,move,1100,1061,-1,0,1.0,61.20363056894145,,
16.03379759998643,mouse,move,1099,1061,-1,0,1.0,42.275611636880846,,
16.049948399988352,mouse,move,1099,1059,0,-2,2.0,123.83287513694397,,
16.057662999999593,mouse,move,1098,1056,-1,-3,3.1622776601683795,409.9081813134483,,
16.065614299994195,mouse,move,1094,1047,-4,-9,9.848857801796104,1238.6474926719513,,
16.073563399986597,mouse,move,1088,1036,-6,-11,12.529964086141668,1576.2745591473704,,
16.08164369998849,mouse,move,1081,1026,-7,-10,12.206555615733702,1510.6562396041902,,
16.089604099994176,mouse,move,1074,1013,-7,-13,14.7648230602334,1854.7840623193456,,
16.097781299991766,mouse,move,1066,999,-8,-14,16.1245154965971,1971.887137571479,,
16.10581779999484,mouse,move,1057,987,-9,-12,15.0,1866.4841652790833,,
16.113728099997388,mouse,move,1045,970,-12,-17,20.808652046684813,2630.5768479043063,,
16.12192099999811,mouse,move,1037,956,-8,-14,16.1245154965971,1968.1084225580482,,
16.12982099999499,mouse,move,1029,944,-8,-12,14.422205101855956,1825.595583234391,,
16.137754099996528,mouse,move,1019,933,-10,-11,14.866068747318506,1873.929327052202,,
16.145741999993334,mouse,move,1012,922,-7,-11,13.038404810405298,1632.269409434128,,
16.15381449999404,mouse,move,1007,913,-5,-9,10.295630140987,1275.395495829578,,
16.161765199998626,mouse,move,1004,909,-3,-4,5.0,628.8754445667113,,
16.16970249998849,mouse,move,1000,903,-4,-6,7.211102550927978,908.5082534537061,,
16.17769739999494,mouse,move,997,897,-3,-6,6.708203932499369,839.0603918855834,,
16.18607109998993,mouse,move,993,891,-4,-6,7.211102550927978,861.1608435030961,,
16.19404369998665,mouse,move,989,885,-4,-6,7.211102550927978,904.4856827001398,,
16.202361099989503,mouse,move,985,879,-4,-6,7.211102550927978,866.9899906768043,,
16.20995910000056,mouse,move,981,875,-4,-4,5.656854249492381,744.5188524953664,,
16.21834919998946,mouse,move,976,867,-5,-8,9.433981132056603,1124.4182005621456,,
16.22597469999164,mouse,move,971,861,-5,-6,7.810249675906654,1024.227876686967,,
16.233771999992314,mouse,move,967,857,-4,-4,5.656854249492381,725.4888549886062,,
16.242071599990595,mouse,move,961,849,-6,-8,10.0,1204.8773437359364,,
16.249763499989058,mouse,move,953,840,-8,-9,12.041594578792296,1565.4902665399748,,
16.257677799992962,mouse,move,945,829,-8,-11,13.601470508735444,1718.5942536959924,,
16.265722699987236,mouse,move,937,820,-8,-9,12.041594578792296,1496.7985416054971,,
16.273678199999267,mouse,move,929,811,-8,-9,12.041594578792296,1513.6188247856467,,
16.2817059999943,mouse,move,919,800,-10,-11,14.866068747318506,1851.8235078744685,,
16.28966739999305,mouse,move,907,790,-12,-10,15.620499351813308,1962.029210222881,,
16.297697299989522,mouse,move,896,782,-11,-8,13.601470508735444,1693.8530386070154,,
16.305656500000623,mouse,move,887,775,-9,-7,11.40175425099138,1432.5251576904038,,
16.31376609999279,mouse,move,878,769,-9,-6,10.816653826391969,1333.8085524365465,,
16.321669099997962,mouse,move,871,766,-7,-3,7.615773105863909,963.6559662002065,,
16.329834599993774,mouse,move,861,760,-10,-6,11.661903789690601,1428.1922473421218,,
16.337638899989543,mouse,move,854,755,-7,-5,8.602325267042627,1102.2545611658277,,
16.345698499993887,mouse,move,848,750,-6,-5,7.810249675906654,969.0616993022992,,
16.353605899988906,mouse,move,840,745,-8,-5,9.433981132056603,1193.057280268917,,
16.361679800000275,mouse,move,836,742,-4,-3,5.0,619.279405610668,,
16.369626699990476,mouse,move,828,737,-8,-5,9.433981132056603,1187.1271997493566,,
16.37755429999379,mouse,move,826,734,-2,-3,3.605551275463989,454.80993919434377,,
16.385629799988237,mouse,move,824,732,-2,-2,2.8284271247461903,350.2479260344199,,
16.594346399986534,mouse,scroll,824,732,0,-1,,,,
16.83407699999225,mouse,scroll,824,732,0,-1,,,,
17.233672199989087,mouse,move,823,731,-1,-1,1.4142135623730951,1.6676212915435338,,
17.62579169998935,mouse,move,823,731,0,0,0.0,0.0,,
17.633663399989018,mouse,move,823,730,0,-1,1.0,127.03736169342018,,
17.642118099989602,mouse,move,822,727,-1,-3,3.1622776601683795,374.02600446496047,,
17.64965599999414,mouse,move,821,724,-1,-3,3.1622776601683795,419.517061551027,,
17.657691199987312,mouse,move,817,718,-4,-6,7.211102550927978,897.4390876461399,,
17.66570819998742,mouse,move,811,713,-6,-5,7.810249675906654,974.2110110765248,,
17.67377329998999,mouse,move,805,709,-6,-4,7.211102550927978,894.1119823228114,,
17.681648300000234,mouse,move,799,705,-6,-4,7.211102550927978,915.6955608313766,,
17.68994099998963,mouse,move,791,699,-8,-6,10.0,1205.8798717891457,,
17.69763409999723,mouse,move,784,694,-7,-5,8.602325267042627,1118.1871103383858,,
17.70577489999414,mouse,move,775,687,-9,-7,11.40175425099138,1400.5692628882766,,
17.713615199987544,mouse,move,767,678,-8,-9,12.041594578792296,1535.8589070472474,,
17.721796899990295,mouse,move,756,668,-11,-10,14.866068747318506,1816.9902028086335,,
17.729640999998082,mouse,move,740,660,-16,-8,17.88854381999832,2280.5094022563712,,
17.737596699997084,mouse,move,728,653,-12,-7,13.892443989449804,1746.2252210607328,,
17.74563059999491,mouse,move,714,647,-14,-6,15.231546211727817,1895.9093610635261,,
17.75410049999482,mouse,move,700,642,-14,-5,14.866068747318506,1755.1646120353305,,
17.76164309999149,mouse,move,688,639,-12,-3,12.36931687685298,1639.927462985807,,
17.770126999996137,mouse,move,676,634,-12,-5,13.0,1532.314147134794,,
17.777626399998553,mouse,move,662,628,-14,-6,15.231546211727817,2031.035310400883,,
17.785757099991315,mouse,move,652,627,-10,-1,10.04987562112089,1236.0406398056032,,
17.79365889998735,mouse,move,645,625,-7,-2,7.280109889280518,921.3229761490119,,
17.801800299988827,mouse,move,638,622,-7,-3,7.615773105863909,935.4377753803825,,
17.809686499997042,mouse,move,636,622,-2,0,2.0,253.60756738562512,,
17.817707299996982,mouse,move,635,622,-1,0,1.0,124.67584280962679,,
18.050085599999875,mouse,click_press,635,622,,,,,,
18.2180459999945,mouse,click_release,635,622,,,,,,
18.37760469999921,mouse,move,635,621,0,-1,1.0,1.7860415140274282,,
18.39378259998921,mouse,move,635,621,0,0,0.0,0.0,,
18.401971299987053,mouse,move,635,617,0,-4,4.0,488.4780247234138,,
18.409717299990007,mouse,move,636,612,1,-5,5.0990195135927845,658.2777577651359,,
18.41768400000001,mouse,move,642,605,6,-7,9.219544457292887,1157.2601510937234,,
18.425686099988525,mouse,move,648,598,6,-7,9.219544457292887,1152.140621902199,,
18.43370049999794,mouse,move,656,593,8,-5,9.433981132056603,1177.128808266845,,
18.441785999995773,mouse,move,670,586,14,-7,15.652475842498529,1935.8698715841842,,
18.44986149999022,mouse,move,683,585,13,-1,13.038404810405298,1614.5631625744825,,
18.457681699990644,mouse,move,704,584,21,-1,21.02379604162864,2688.3962098781267,,
18.465759499988053,mouse,move,729,580,25,-4,25.317977802344327,3134.2664847440647,,
18.47364739999466,mouse,move,757,580,28,0,28.0,3549.7407391755646,,
18.481701799988514,mouse,move,792,576,35,-4,35.22782990761707,4373.73732798268,,
18.489888899988728,mouse,move,828,570,36,-6,36.49657518178932,4457.814755021448,,
18.497712199998205,mouse,move,869,570,41,0,41.0,5240.7551736905925,,
18.505701799993403,mouse,move,910,568,41,-2,41.048751503547585,5137.773045986755,,
18.513684199991985,mouse,move,944,568,34,0,34.0,4259.370616110434,,
18.52167719999852,mouse,move,979,568,35,0,35.0,4378.8314739622,,
18.529612899990752,mouse,move,1009,568,30,0,30.0,3780.384846877964,,
18.5376852999907,mouse,move,1030,568,21,0,21.0,2601.456815834145,,
18.546195099988836,mouse,move,1046,568,16,0,16.0,1880.1851986536074,,
18.553638599987607,mouse,move,1058,568,12,0,12.0,1612.1448246094421,,
18.561635899997782,mouse,move,1065,568,7,0,7.0,875.2954110880291,,
18.569631499995012,mouse,move,1068,568,3,0,3.0,375.2063636299176,,
18.657596999997622,mouse,move,1068,568,0,0,0.0,0.0,,
19.81826749999891,mouse,scroll,1068,568,0,-1,,,,
19.93060749999131,mouse,scroll,1068,568,0,-1,,,,
20.098621599987382,mouse,scroll,1068,568,0,-1,,,,
20.914621899995836,mouse,scroll,1068,568,0,-1,,,,
21.18563749999157,mouse,move,1068,569,0,1,1.0,0.39556328310499517,,
22.113467099989066,mouse,move,1068,570,0,1,1.0,1.0777841103611057,,
22.12157259999367,mouse,move,1068,571,0,1,1.0,123.37301825082338,,
22.13001589999476,mouse,move,1065,573,-3,2,3.605551275463989,427.0310512475404,,
22.13763119999203,mouse,move,1064,573,-1,0,1.0,131.31459041122437,,
22.14570459999959,mouse,move,1062,573,-2,0,2.0,247.7271035904294,,
22.14676540000073,mouse,scroll,1062,573,0,-1,,,,
22.15356759999122,mouse,move,1060,574,-2,1,2.23606797749979,284.37847893679,,
22.16151479999826,mouse,move,1057,576,-3,2,3.605551275463989,453.68825149371406,,
22.169668699993053,mouse,move,1056,577,-1,1,1.4142135623730951,173.44014070270848,,
22.17763969999214,mouse,move,1053,578,-3,1,3.1622776601683795,396.7228278170992,,
22.185822799991,mouse,move,1051,579,-2,1,2.23606797749979,273.2543874340268,,
22.401740099987364,mouse,scroll,1051,579,0,-1,,,,
22.40947729999607,mouse,move,1051,579,0,0,0.0,0.0,,
26.578833999999915,mouse,move,1046,578,-5,-1,5.0990195135927845,1.2229751207393893,,
26.585733599989908,mouse,move,1026,547,-20,-31,36.89173349139343,5346.938017407177,,
26.593632499992964,mouse,move,996,502,-30,-45,54.08326913195984,6846.936802723837,,
26.60159959999146,mouse,move,972,468,-24,-34,41.617304093369626,5223.645253759634,,
26.609694899991155,mouse,move,949,437,-23,-31,38.600518131237564,4768.262835557743,,
26.617769199991017,mouse,move,932,418,-17,-19,25.495097567963924,3157.5613450577434,,
26.62606059999962,mouse,move,915,400,-17,-18,24.758836806279895,2986.08640043821,,
26.633757499992498,mouse,move,903,385,-12,-15,19.209372712298546,2495.728504991546,,
26.642095199989853,mouse,move,891,372,-12,-13,17.69180601295413,2121.9048440896267,,
26.649640699994052,mouse,move,876,359,-15,-13,19.849433241279208,2630.6319303206888,,
26.65769709998858,mouse,move,863,351,-13,-8,15.264337522473747,1894.6846647184948,,
26.66570449998835,mouse,move,851,342,-12,-9,15.0,1873.2672278682178,,
26.674084300000686,mouse,move,842,336,-9,-6,10.816653826391969,1290.8009511527368,,
26.681862400000682,mouse,move,836,331,-6,-5,7.810249675906654,1004.1333585208173,,
26.69030339999881,mouse,move,830,330,-6,-1,6.082762530298219,720.6210794510746,,
26.69814480000059,mouse,move,828,327,-2,-3,3.605551275463989,459.80963535152756,,
26.705701200000476,mouse,move,826,326,-2,-1,2.23606797749979,295.9171004094348,,
26.753939799993532,mouse,move,823,327,-3,1,3.1622776601683795,65.55492200485946,,
26.762203699996462,mouse,move,820,330,-3,3,4.242640687119285,513.3944851238372,,
26.769805899995845,mouse,move,811,335,-9,5,10.295630140987,1354.2961434614956,,
26.778130099992268,mouse,move,804,340,-7,5,8.602325267042627,1033.411651658918,,
26.78580779999902,mouse,move,797,348,-7,8,10.63014581273465,1384.5482114937806,,
26.79394049999246,mouse,move,792,354,-5,6,7.810249675906654,960.351381731467,,
26.801627999986522,mouse,move,787,363,-5,9,10.295630140987,1339.2689624635425,,
26.809556199994404,mouse,move,782,372,-5,9,10.295630140987,1298.6087801457338,,
26.81757609998749,mouse,move,781,384,-1,12,12.041594578792296,1501.4644308746583,,
26.82556789999944,mouse,move,779,397,-2,13,13.152946437965905,1645.8052526711924,,
26.833571199997095,mouse,move,777,406,-2,9,9.219544457292887,1151.9678707527669,,
26.841602899992722,mouse,move,777,416,0,10,10.0,1245.0664249716815,,
26.84963749999588,mouse,move,777,424,0,8,8.0,995.6936246803554,,
26.8582647999865,mouse,move,777,433,0,9,9.0,1043.200075317163,,
26.86562799999956,mouse,move,778,440,1,7,7.0710678118654755,960.3253747451527,,
26.87363089999417,mouse,move,782,447,4,7,8.06225774829855,1007.4170305427441,,
26.88162009998632,mouse,move,786,455,4,8,8.94427190999916,1119.545376105791,,
26.890065699990373,mouse,move,791,464,5,9,10.295630140987,1219.052540500098,,
26.89762219999102,mouse,move,796,470,5,6,7.810249675906654,1033.580318300617,,
26.905650799992145,mouse,move,802,478,6,8,10.0,1245.5471686966614,,
26.914064999989932,mouse,move,810,485,8,7,10.63014581273465,1263.357873063393,,
26.921655099999043,mouse,move,819,492,9,7,11.40175425099138,1502.1876177264219,,
26.930033199998434,mouse,move,829,496,10,4,10.770329614269007,1285.5336669474566,,
26.93767569999909,mouse,move,840,500,11,4,11.704699910719626,1531.527629664907,,
26.946213599992916,mouse,move,847,501,7,1,7.0710678118654755,828.1975447099418,,
26.95363439999346,mouse,move,855,501,8,0,8.0,1078.0508839224678,,
26.962075899995398,mouse,move,864,503,9,2,9.219544457292887,1092.1689812448271,,
26.969594099995447,mouse,move,869,503,5,0,5.0,665.0528051883495,,
26.977646799990907,mouse,move,875,503,6,0,6.0,745.0917087911787,,
26.985700599994743,mouse,move,878,503,3,0,3.0,372.49497114047216,,
26.99379529998987,mouse,move,880,503,2,0,2.0,247.07524691515468,,
27.001685799987172,mouse,move,883,503,3,0,3.0,380.2040429663274,,
27.009762499990757,mouse,move,884,502,1,-1,1.4142135623730951,175.09794368311265,,
27.01761669998814,mouse,move,885,501,1,-1,1.4142135623730951,180.0582570910398,,
27.02569019999646,mouse,move,885,500,0,-1,1.0,123.8620175845895,,
27.03362489999563,mouse,move,886,500,1,0,1.0,126.02870935319432,,
27.042061100000865,mouse,move,886,497,0,-3,3.0,355.610345669653,,
27.049633499991614,mouse,move,889,492,3,-5,5.830951894845301,770.0269269938725,,
27.058050199993886,mouse,move,890,485,1,-7,7.0710678118654755,840.1235412877948,,
27.065892499987967,mouse,move,894,473,4,-12,12.649110640673518,1612.9337885849886,,
27.074236799991922,mouse,move,894,463,0,-10,10.0,1198.4228749278034,,
27.082232799992198,mouse,move,897,449,3,-14,14.317821063276353,1790.6229443200011,,
27.089668399989023,mouse,move,901,437,4,-12,12.649110640673518,1701.1553399961151,,
27.09762069999124,mouse,move,904,425,3,-12,12.36931687685298,1555.4389136986238,,
27.105650799989235,mouse,move,904,415,0,-10,10.0,1245.3145044889018,,
27.11407529999269,mouse,move,905,405,1,-10,10.04987562112089,1192.9343720098325,,
27.121657299998333,mouse,move,905,393,0,-12,12.0,1582.6958574349749,,
27.129669399990235,mouse,move,905,385,0,-8,8.0,998.4897852106179,,
27.137686999994912,mouse,move,905,375,0,-10,10.0,1247.2560359915385,,
27.14612729998771,mouse,move,905,369,0,-6,6.0,710.8752064641227,,
27.15364530000079,mouse,move,902,365,-3,-4,5.0,665.0704963157533,,
27.161660599987954,mouse,move,900,363,-2,-2,2.8284271247461903,352.8785110071518,,
27.169668599992292,mouse,move,896,359,-4,-4,5.656854249492381,706.40038042307,,
27.177991899996414,mouse,move,892,358,-4,-1,4.123105625617661,495.36909922456533,,
27.185758999999962,mouse,move,885,357,-7,-1,7.0710678118654755,910.3871211437283,,
27.193635499992524,mouse,move,873,356,-12,-1,12.041594578792296,1528.800176494993,,
27.201695699986885,mouse,move,861,356,-12,0,12.0,1488.7968050911,,
27.209594299987657,mouse,move,848,356,-13,0,13.0,1645.8612917137086,,
27.217716999992263,mouse,move,835,356,-13,0,13.0,1600.4530504178404,,
27.225697799993213,mouse,move,821,356,-14,0,14.0,1754.2101040412342,,
27.233967499996652,mouse,move,808,360,-13,4,13.601470508735444,1644.735661883721,,
27.241716299991822,mouse,move,792,366,-16,6,17.08800749063506,2205.2456511055198,,
27.24983179999981,mouse,move,773,370,-19,4,19.4164878389476,2392.518984638536,,
27.2576723999955,mouse,move,752,376,-21,6,21.840329667841555,2785.5431573924607,,
27.26586970000062,mouse,move,734,382,-18,6,18.973665961010276,2314.623833354223,,
27.273652199990465,mouse,move,718,385,-16,3,16.278820596099706,2091.7212486146327,,
27.281718699989142,mouse,move,704,392,-14,7,15.652475842498529,1940.4296590921108,,
27.289613099987037,mouse,move,693,397,-11,5,12.083045973594572,1530.58446200053,,
27.297687999991467,mouse,move,683,403,-10,6,11.661903789690601,1444.2164959679685,,
27.305650899987086,mouse,move,674,408,-9,5,10.295630140987,1292.9498231363023,,
27.313660999992862,mouse,move,669,411,-5,3,5.830951894845301,727.9499495187588,,
27.321707700000843,mouse,move,666,414,-3,3,4.242640687119285,527.2522503524983,,
27.329684999989695,mouse,move,664,418,-2,4,4.47213595499958,560.6077195604153,,
27.337624299994786,mouse,move,664,420,0,2,2.0,251.91137741582128,,
27.345660599996336,mouse,move,664,422,0,2,2.0,248.87074892853255,,
27.353692499993485,mouse,move,664,424,0,2,2.0,249.007084339916,,
27.361688699995284,mouse,move,664,428,0,4,4.0,500.2376127535939,,
27.36966259998735,mouse,move,664,431,0,3,3.0,376.227442403946,,
27.377743199991528,mouse,move,667,436,3,5,5.830951894845301,721.5988777851635,,
27.385733499992057,mouse,move,672,440,5,4,6.4031242374328485,801.3621812709265,,
27.39374799998768,mouse,move,679,444,7,4,8.06225774829855,1005.9589185476293,,
27.401735799998278,mouse,move,690,449,11,5,12.083045973594572,1512.6875932754358,,
27.40978279999399,mouse,move,700,453,10,4,10.770329614269007,1338.4279383629532,,
27.41764059998968,mouse,move,711,457,11,4,11.704699910719626,1489.5644986050522,,
27.42599179998797,mouse,move,721,460,10,3,10.44030650891055,1250.1564459061528,,
27.433943399999407,mouse,move,731,460,10,0,10.0,1257.6085298072474,,
27.441774999999325,mouse,move,741,460,10,0,10.0,1276.8782879750145,,
27.44974299999012,mouse,move,751,460,10,0,10.0,1255.020081770879,,
27.457644399997662,mouse,move,763,460,12,0,12.0,1518.7182003883258,,
27.465637399989646,mouse,move,776,460,13,0,13.0,1626.4231218612829,,
27.473744899994927,mouse,move,791,460,15,0,15.0,1850.138759201993,,
27.481830099990475,mouse,move,811,453,20,-7,21.18962010041709,2620.7910889135255,,
27.48967699999048,mouse,move,827,449,16,-4,16.492422502470642,2101.7755422475157,,
27.4983002999943,mouse,move,843,445,16,-4,16.492422502470642,1912.5418917544703,,
27.505704999988666,mouse,move,863,438,20,-7,21.18962010041709,2861.644646850672,,
27.513719499998842,mouse,move,888,428,25,-10,26.92582403567252,3359.6386551229584,,
27.521650700000464,mouse,move,904,421,16,-7,17.46424919657298,2201.9680745665505,,
27.52964159999101,mouse,move,926,414,22,-7,23.08679276123039,2889.1354901882737,,
27.537693099991884,mouse,move,941,410,15,-4,15.524174696260024,1928.1096310717096,,
27.546282299997984,mouse,move,956,407,15,-3,15.297058540778355,1780.9642958500804,,
27.55372699999134,mouse,move,966,407,10,0,10.0,1343.2374721510662,,
27.56168619998789,mouse,move,972,406,6,-1,6.082762530298219,764.242955691005,,
27.569721599997138,mouse,move,977,406,5,0,5.0,622.2465582603494,,
27.578039399988484,mouse,move,980,406,3,0,3.0,360.67229352969184,,
27.585665899998276,mouse,move,982,404,2,-2,2.8284271247461903,370.86830408636666,,
27.593684999999823,mouse,move,985,404,3,0,3.0,374.1068198951348,,
27.601694699988002,mouse,move,986,404,1,0,1.0,124.84862123123798,,
27.60959379999258,mouse,move,987,404,1,0,1.0,126.59670081658939,,
27.617701799987117,mouse,move,987,404,0,0,0.0,0.0,,
27.665619699997478,mouse,move,988,399,1,-5,5.0990195135927845,106.41158131909408,,
27.673514899986912,mouse,move,986,384,-2,-15,15.132745950421556,1916.7020430986922,,
27.68166659999406,mouse,move,977,366,-9,-18,20.12461179749811,2468.7625623923204,,
27.690305299998727,mouse,move,967,349,-10,-17,19.72308292331602,2283.107749159093,,
27.69759549999435,mouse,move,951,327,-16,-22,27.202941017470888,3731.439608488589,,
27.706129599988344,mouse,move,943,317,-8,-10,12.806248474865697,1500.597424904512,,
27.71382520000043,mouse,move,931,304,-12,-13,17.69180601295413,2298.9508271184222,,
27.72165339998901,mouse,move,924,296,-7,-8,10.63014581273465,1357.9297703484567,,
27.72962989998632,mouse,move,916,289,-8,-7,10.63014581273465,1332.6829833030315,,
27.737692199996673,mouse,move,906,287,-10,-2,10.198039027185569,1264.9044334857244,,
27.745726699999068,mouse,move,897,283,-9,-4,9.848857801796104,1225.8208723454875,,
27.753627300000517,mouse,move,888,281,-9,-2,9.219544457292887,1166.942315216852,,
27.761717799992766,mouse,move,879,280,-9,-1,9.055385138137417,1119.2614976592567,,
27.76963419999811,mouse,move,872,276,-7,-4,8.06225774829855,1018.4247565632961,,
27.777664399996866,mouse,move,863,275,-9,-1,9.055385138137417,1127.6662025278638,,
27.785710299998755,mouse,move,858,274,-5,-1,5.0990195135927845,633.7413480649259,,
27.793705799995223,mouse,move,855,272,-3,-2,3.605551275463989,450.9475676388649,,
27.801770299993223,mouse,move,854,272,-1,0,1.0,124.00024803125552,,
27.809662899991963,mouse,move,853,272,-1,0,1.0,126.70096041349903,,
27.849690599992755,mouse,move,852,272,-1,0,1.0,24.982699480115482,,
27.85770799999591,mouse,move,851,272,-1,0,1.0,124.72871499569818,,
27.865715199994156,mouse,move,851,275,0,3,3.0,374.6628035589181,,
27.873695299989777,mouse,move,851,280,0,5,5.0,626.5585647728703,,
27.881717999989633,mouse,move,851,284,0,4,4.0,498.5852643214729,,
27.889630699995905,mouse,move,851,289,0,5,5.0,631.89555980087,,
27.897647099991445,mouse,move,851,296,0,7,7.0,873.2099201504767,,
27.905619899989688,mouse,move,851,301,0,5,5.0,627.1322497870564,,
27.913627999994787,mouse,move,851,306,0,5,5.0,624.367827176984,,
27.921626299998024,mouse,move,851,310,0,4,4.0,500.10627238051967,,
27.929703999994672,mouse,move,851,312,0,2,2.0,247.59523141860697,,
27.937723499999265,mouse,move,851,315,0,3,3.0,374.0881598954682,,
27.945825199989486,mouse,move,851,319,0,4,4.0,493.72354010003266,,
27.953696299999137,mouse,move,851,319,0,0,0.0,0.0,,
27.961726399997133,mouse,move,852,322,1,3,3.1622776601683795,393.80302374289096,,
27.969636199995875,mouse,move,855,326,3,4,5.0,632.1272346702675,,
27.977741299997433,mouse,move,857,327,2,1,2.23606797749979,275.8840701620013,,
27.985670099995332,mouse,move,862,330,5,3,5.830951894845301,735.4141731902166,,
27.99363959999755,mouse,move,866,331,4,1,4.123105625617661,517.3606405006516,,
28.001673899998423,mouse,move,873,331,7,0,7.0,871.2644535603417,,
28.009678399990662,mouse,move,878,331,5,0,5.0,624.6486357483562,,
28.017711299995426,mouse,move,888,331,10,0,10.0,1244.8804284964683,,
28.025711999987834,mouse,move,896,331,8,0,8.0,999.9125086044085,,
28.03368879998743,mouse,move,910,331,14,0,14.0,1755.0897603936528,,
28.041626799997175,mouse,move,925,326,15,-5,15.811388300841896,1991.860453695182,,
28.049589599992032,mouse,move,940,322,15,-4,15.524174696260024,1949.5874197878452,,
28.057649599999422,mouse,move,959,318,19,-4,19.4164878389476,2408.993526196654,,
28.065750599998864,mouse,move,984,309,25,-9,26.570660511172846,3279.9235295645713,,
28.073630499988212,mouse,move,1006,301,22,-8,23.40939982143925,2970.773722139141,,
28.08173039999383,mouse,move,1033,294,27,-7,27.892651361962706,3443.579716121964,,
28.08967709999706,mouse,move,1053,289,20,-5,20.615528128088304,2594.2250392875667,,
28.097703299994464,mouse,move,1069,288,16,-1,16.0312195418814,1997.361085827551,,
28.105704999994487,mouse,move,1081,286,12,-2,12.165525060596439,1520.3675544649477,,
28.113745499998913,mouse,move,1088,285,7,-1,7.0710678118654755,879.4313547630876,,
28.121615399999428,mouse,move,1091,285,3,0,3.0,381.19925282454506,,
28.129731799999718,mouse,move,1092,284,1,-1,1.4142135623730951,174.24148173113235,,
28.161673399998108,mouse,move,1092,286,0,2,2.0,62.61427104781195,,
28.169688699999824,mouse,move,1091,289,-1,3,3.1622776601683795,394.53016848917326,,
28.177679899992654,mouse,move,1087,294,-4,5,6.4031242374328485,801.2719295197244,,
28.185672399995383,mouse,move,1084,298,-3,4,5.0,625.5864871182878,,
28.193717999994988,mouse,move,1078,309,-6,11,12.529964086141668,1557.368510335739,,
28.20179379999172,mouse,move,1071,320,-7,11,13.038404810405298,1614.5031842890876,,
28.2096884999919,mouse,move,1066,330,-5,10,11.180339887498949,1416.182994571732,,
28.217681599999196,mouse,move,1059,343,-7,13,14.7648230602334,1847.1960874696351,,
28.2257729999983,mouse,move,1052,353,-7,10,12.206555615733702,1508.5838812921793,,
28.233689000000595,mouse,move,1047,366,-5,13,13.92838827718412,1759.523531220708,,
28.24179479999293,mouse,move,1040,381,-7,15,16.55294535724685,2042.111250326639,,
28.249787999986438,mouse,move,1036,392,-4,11,11.704699910719626,1464.3321723749596,,
28.25771849999728,mouse,move,1032,400,-4,8,8.94427190999916,1127.8320279641432,,
28.265678899988416,mouse,move,1027,410,-5,10,11.180339887498949,1404.4947364392424,,
28.27368659999047,mouse,move,1023,415,-4,5,6.4031242374328485,799.6208943630038,,
28.281631599995308,mouse,move,1020,418,-3,3,4.242640687119285,534.0013448125447,,
28.289711499994155,mouse,move,1016,423,-4,5,6.4031242374328485,792.4756789497716,,
28.297691399988253,mouse,move,1015,424,-1,1,1.4142135623730951,177.22196561600035,,
28.305715099995723,mouse,move,1013,424,-2,0,2.0,249.26156238866548,,
28.313688899987028,mouse,move,1013,424,0,0,0.0,0.0,,
28.321658299988485,mouse,move,1012,424,-1,0,1.0,125.47996082731204,,
28.377722999997786,mouse,move,1011,425,-1,1,1.4142135623730951,25.224670106831443,,
28.38570999998774,mouse,move,1011,426,0,1,1.0,125.2034557728725,,
28.395785299988347,mouse,move,1008,427,-3,1,3.1622776601683795,313.8643673118974,,
28.40165879999404,mouse,move,1006,428,-2,1,2.23606797749979,380.7045161033594,,
28.40969979998772,mouse,move,1001,431,-5,3,5.830951894845301,725.1525804535358,,
28.417701300000772,mouse,move,997,435,-4,4,5.656854249492381,706.9742223664648,,
28.426116699993145,mouse,move,986,443,-11,8,13.601470508735444,1616.2595385915004,,
28.434038799998234,mouse,move,969,455,-17,12,20.808652046684813,2626.6585922062263,,
28.441767399999662,mouse,move,952,468,-17,13,21.400934559032695,2769.0570808526404,,
28.44972369998868,mouse,move,931,481,-21,13,24.698178070456937,3104.2291146067582,,
28.457689899994875,mouse,move,906,500,-25,19,31.400636936215164,3941.7334377492957,,
28.465650599988294,mouse,move,882,517,-24,17,29.410882339705484,3694.5095737838114,,
28.474060399996233,mouse,move,861,533,-21,16,26.40075756488817,3139.2848272211377,,
28.48170369998843,mouse,move,840,551,-21,18,27.65863337187866,3618.6769327538977,,
28.48967929999344,mouse,move,821,566,-19,15,24.20743687382041,3035.186927455096,,
28.49769569998898,mouse,move,806,580,-15,14,20.518284528683193,2559.538513559459,,
28.505960499998764,mouse,move,797,589,-9,9,12.727922061357855,1540.0157349592646,,
28.513695499990718,mouse,move,787,598,-10,9,13.45362404707371,1739.3179135189855,,
28.521696999989217,mouse,move,781,606,-6,8,10.0,1249.7656691714178,,
28.529707199995755,mouse,move,776,611,-5,5,7.0710678118654755,882.7579593635542,,
28.537773099989863,mouse,move,773,615,-3,4,5.0,619.8936267065645,,
28.545771799996146,mouse,move,771,617,-2,2,2.8284271247461903,353.6108520790244,,
28.553724599987618,mouse,move,771,617,0,0,0.0,0.0,,
28.562259300000733,mouse,move,771,618,0,1,1.0,117.16873451478362,,
28.594091399994795,mouse,move,771,620,0,2,2.0,62.829659380721175,,
28.60192049999023,mouse,move,771,620,0,0,0.0,0.0,,
28.60972119998769,mouse,move,771,621,0,1,1.0,128.19362369089333,,
28.7220246999932,mouse,scroll,771,621,0,-1,,,,
29.089632999995956,mouse,move,771,621,0,0,0.0,0.0,,
29.10605519999808,mouse,move,771,620,0,-1,1.0,60.89318117369011,,
29.113658099988243,mouse,move,771,617,0,-3,3.0,394.5862767999519,,
29.121670799999265,mouse,move,772,614,1,-3,3.1622776601683795,394.6581871052583,,
29.129640399987693,mouse,move,773,613,1,-1,1.4142135623730951,177.4510093889992,,
29.145644899996114,mouse,move,773,612,0,-1,1.0,62.482426784581484,,
29.825704699993366,mouse,move,774,611,1,-1,1.4142135623730951,2.0795429495741535,,
29.833633699992788,mouse,move,774,611,0,0,0.0,0.0,,
29.843421499987016,mouse,move,774,610,0,-1,1.0,102.16800512777867,,
29.850663699995494,mouse,move,776,608,2,-2,2.8284271247461903,390.5480546568006,,
29.857913799991366,mouse,move,781,605,5,-3,5.830951894845301,804.2581341174982,,
29.865946299993084,mouse,move,787,600,6,-5,7.810249675906654,972.3311141283419,,
29.87394539998786,mouse,move,795,592,8,-8,11.313708498984761,1414.3726802230694,,
29.881927999987965,mouse,move,802,583,7,-9,11.40175425099138,1428.3258901663112,,
29.89059529999213,mouse,move,810,571,8,-12,14.422205101855956,1663.978989411824,,
29.89765259998967,mouse,move,818,562,8,-9,12.041594578792296,1706.260833886583,,
29.905973299988545,mouse,move,827,556,9,-6,10.816653826391969,1299.9692126687694,,
29.913688099986757,mouse,move,842,554,15,-2,15.132745950421556,1961.5214851881312,,
29.92172220000066,mouse,move,855,554,13,0,13.0,1618.1028338589233,,
29.929710199998226,mouse,move,872,554,17,0,17.0,2128.192289080755,,
29.937716099986574,mouse,move,888,554,16,0,16.0,1998.5260899196214,,
29.945839199994225,mouse,move,909,554,21,0,21.0,2585.219925917386,,
29.953771599990432,mouse,move,927,554,18,0,18.0,2269.174525819016,,
29.961931399986497,mouse,move,949,561,22,7,23.08679276123039,2829.333166543774,,
29.96971139998641,mouse,move,965,565,16,4,16.492422502470642,2119.8486507272746,,
29.97898059998988,mouse,move,981,569,16,4,16.492422502470642,1779.2714038202948,,
29.985931099989102,mouse,move,992,572,11,3,11.40175425099138,1640.4221641997146,,
29.993788699997822,mouse,move,1000,573,8,1,8.06225774829855,1026.045833250845,,
30.001750299998093,mouse,move,1006,573,6,0,6.0,753.6173633183453,,
30.01004809999722,mouse,move,1007,574,1,1,1.4142135623730951,170.43235104748905,,
30.01773689998663,mouse,move,1008,574,1,0,1.0,130.0593072231507,,
30.07368509999651,mouse,move,1009,574,1,0,1.0,17.87367600429351,,
30.12158959999215,mouse,move,1009,575,0,1,1.0,20.874865619953102,,
30.137687899987213,mouse,move,1009,576,0,1,1.0,62.11836034280455,,
30.14569049999409,mouse,move,1009,576,0,0,0.0,0.0,,
30.15408799999568,mouse,move,1007,579,-2,3,3.605551275463989,429.36008035489215,,
30.161638899997342,mouse,move,1004,581,-3,2,3.605551275463989,477.49953974637464,,
30.16965959999652,mouse,move,1000,583,-4,2,4.47213595499958,557.5742710059574,,
30.17791449998913,mouse,move,995,586,-5,3,5.830951894845301,706.3625119707158,,
30.186080100000254,mouse,move,989,589,-6,3,6.708203932499369,821.5200258841713,,
30.19438159999845,mouse,move,980,592,-9,3,9.486832980505138,1142.785398128727,,
30.204115699991235,mouse,move,974,595,-6,3,6.708203932499369,689.1447527221229,,
30.21163879999949,mouse,move,965,599,-9,4,9.848857801796104,1309.1488603084913,,
30.217757099992014,mouse,move,958,601,-7,2,7.280109889280518,1189.8909661471741,,
30.225778799998807,mouse,move,948,606,-10,5,11.180339887498949,1393.7619055849473,,
30.233679499986465,mouse,move,943,610,-5,4,6.4031242374328485,810.4502445903759,,
30.241787599996314,mouse,move,940,610,-3,0,3.0,370.0003695509129,,
30.250024900000426,mouse,move,938,611,-2,1,2.23606797749979,271.45642096119707,,
30.274173899990274,mouse,move,937,612,-1,1,1.4142135623730951,58.56199275198298,,
30.353924399998505,mouse,scroll,937,612,0,-1,,,,
32.73002350000024,mouse,scroll,937,612,0,-1,,,,
32.940007299999706,mouse,move,936,612,-1,0,1.0,0.3751172147503522,,
32.96109159999469,mouse,move,934,612,-2,0,2.0,94.85731091267002,,
32.962561799999094,mouse,move,932,609,-2,-3,3.605551275463989,2452.4222994560128,,
32.97863369999686,mouse,move,928,597,-4,-12,12.649110640673518,787.0326870145688,,
32.979184499999974,mouse,move,923,575,-5,-22,22.561028345356956,40960.47243630007,,
32.98586119999527,mouse,move,914,544,-9,-31,32.28002478313795,4834.727456060649,,
32.993702299994766,mouse,move,898,515,-16,-29,33.12099032335839,4224.023456592598,,
33.00164119999681,mouse,move,888,502,-10,-13,16.401219466856727,2065.930980693893,,
33.00971359999676,mouse,move,877,488,-11,-14,17.804493814764857,2205.601037471282,,
33.017614099997445,mouse,move,866,478,-11,-10,14.866068747318506,1881.6617614106967,,
33.0262495999923,mouse,move,860,474,-6,-4,7.211102550927978,835.0532748800125,,
33.03363709998666,mouse,move,850,467,-10,-7,12.206555615733702,1652.3256345236864,,
33.041610499989474,mouse,move,846,464,-4,-3,5.0,627.0850575961571,,
33.04986819998885,mouse,move,835,457,-11,-7,13.038404810405298,1578.939027984819,,
33.057666099994094,mouse,move,826,452,-9,-5,10.295630140987,1320.3080488418263,,
33.06623269998818,mouse,move,817,448,-9,-4,9.848857801796104,1149.6810646696288,,
33.07362129999092,mouse,move,805,445,-12,-3,12.36931687685298,1674.108338827858,,
33.0816582999978,mouse,move,798,442,-7,-3,7.615773105863909,947.5890381168097,,
33.089918300000136,mouse,move,794,442,-4,0,4.0,484.2615010736054,,
33.09765259998676,mouse,move,794,442,0,0,0.0,0.0,,
33.11367949999112,mouse,move,792,442,-2,0,2.0,124.79019644819519,,
33.130086099990876,mouse,move,791,442,-1,0,1.0,60.95108066357149,,
33.13762669998687,mouse,move,789,445,-2,3,3.605551275463989,478.1517753734181,,
33.145665799995186,mouse,move,787,448,-2,3,3.605551275463989,448.5018561447501,,
33.15365229999588,mouse,move,786,451,-1,3,3.1622776601683795,395.95287796809345,,
33.16167219998897,mouse,move,784,456,-2,5,5.385164807134504,671.4753066467539,,
33.169656999991275,mouse,move,781,462,-3,6,6.708203932499369,840.1217225933055,,
33.17766760000086,mouse,move,781,465,0,3,3.0,374.5037820401474,,
33.185630299994955,mouse,move,779,471,-2,6,6.324555320336759,794.2727121487011,,
33.1936612999998,mouse,move,779,478,0,7,7.0,871.6224624298305,,
33.202202599990414,mouse,move,778,483,-1,5,5.0990195135927845,596.9840093659955,,
33.209662199995364,mouse,move,778,488,0,5,5.0,670.2772262162034,,
33.21761599999445,mouse,move,776,494,-2,6,6.324555320336759,795.1614726374046,,
33.22567029998754,mouse,move,775,499,-1,5,5.0990195135927845,633.0804064867922,,
33.233630499991705,mouse,move,774,503,-1,4,4.123105625617661,517.9650792016871,,
33.242070699998294,mouse,move,773,506,-1,3,3.1622776601683795,374.6685691926232,,
33.249783199993544,mouse,move,773,507,0,1,1.0,129.65964351583148,,
33.257721099987975,mouse,move,773,509,0,2,2.0,251.95580712822357,,
33.26576419999765,mouse,move,773,511,0,2,2.0,248.66034210626148,,
33.27370069999597,mouse,move,773,511,0,0,0.0,0.0,,
33.46607499998936,mouse,scroll,773,511,0,-1,,,,
34.625861699998495,mouse,move,773,512,0,1,1.0,0.739556901876428,,
34.63382979999005,mouse,move,771,514,-2,2,2.8284271247461903,354.9688291741814,,
34.641770699992776,mouse,move,770,514,-1,0,1.0,125.93031012317729,,
34.6499393999984,mouse,move,769,515,-1,1,1.4142135623730951,173.12590270165828,,
34.65783329999249,mouse,move,769,516,0,1,1.0,126.68009485159529,,
34.66582689998904,mouse,move,768,517,-1,1,1.4142135623730951,176.91822995683637,,
34.68174589998671,mouse,move,767,517,-1,0,1.0,62.818016216257966,,
34.68965649999154,mouse,move,766,519,-1,2,2.23606797749979,282.66730414043707,,
34.69769719999749,mouse,move,766,520,0,1,1.0,124.36728136357281,,
34.70570739998948,mouse,move,764,520,-2,0,2.0,249.6816561385371,,
34.72193929999776,mouse,move,763,521,-1,1,1.4142135623730951,87.12557135343314,,
34.729674699992756,mouse,move,763,523,0,2,2.0,258.55159413772685,,
34.737919199993485,mouse,move,763,526,0,3,3.0,363.8789495706215,,
34.74571129999822,mouse,move,763,529,0,3,3.0,385.00532567303355,,
34.75415039999643,mouse,move,763,537,0,8,8.0,947.9683854550469,,
34.76166419999208,mouse,move,762,539,-1,2,2.23606797749979,297.59482269882676,,
34.769847499992466,mouse,move,761,546,-1,7,7.0710678118654755,864.0851259925565,,
34.77777449999121,mouse,move,760,548,-1,2,2.23606797749979,282.08250004464776,,
34.91368529999454,mouse,move,760,548,0,0,0.0,0.0,,
34.92221679999784,mouse,move,760,552,0,4,4.0,468.8507294675623,,
34.92962669998815,mouse,move,760,553,0,1,1.0,134.95458795774468,,
34.938036299994565,mouse,move,760,557,0,4,4.0,475.646879393555,,
34.94560989999445,mouse,move,762,561,2,4,4.47213595499958,590.4901176542651,,
34.95404929999495,mouse,move,764,565,2,4,4.47213595499958,529.9115997269762,,
34.96165159999509,mouse,move,766,569,2,4,4.47213595499958,588.2609151065823,,
34.97003859998949,mouse,move,767,572,1,3,3.1622776601683795,377.0451487158517,,
34.97773239998787,mouse,move,770,578,3,6,6.708203932499369,871.8973633202389,,
34.98565729999973,mouse,move,771,580,1,2,2.23606797749979,282.1572479342297,,
34.994309999994584,mouse,move,772,582,1,2,2.23606797749979,258.4243044170581,,
35.00183649999963,mouse,move,774,584,2,2,2.8284271247461903,375.79580453748224,,
35.00963499999489,mouse,move,775,586,1,2,2.23606797749979,286.7305223900429,,
35.01763909999863,mouse,move,776,586,1,0,1.0,124.9359702567514,,
35.02570209999976,mouse,move,777,586,1,0,1.0,124.02331636610339,,
35.03366649999225,mouse,move,777,587,0,1,1.0,125.55873649529863,,
35.0738832999923,mouse,move,778,587,1,0,1.0,24.865230450923114,,
35.09787349999533,mouse,move,779,587,1,0,1.0,41.68368750047203,,
35.14563599998655,mouse,move,780,587,1,0,1.0,20.936927509736265,,
35.16168999999354,mouse,move,781,587,1,0,1.0,62.28977199231836,,
35.169762899997295,mouse,move,782,587,1,0,1.0,123.87122341847869,,
35.20990940000047,mouse,move,783,586,1,-1,1.4142135623730951,35.22632264982641,,
35.33796169998823,mouse,scroll,783,586,0,-1,,,,
35.79369209999277,mouse,move,783,585,0,-1,1.0,1.7129661430754852,,
35.83365629999025,mouse,move,784,584,1,-1,1.4142135623730951,35.38701043589274,,
35.90568689999054,mouse,move,786,583,2,-1,2.23606797749979,31.043306282202423,,
35.94568539998727,mouse,move,786,582,0,-1,1.0,25.00093753720314,,
35.96172919998935,mouse,move,787,581,1,-1,1.4142135623730951,88.1470451008935,,
35.970115099989926,mouse,move,788,581,1,0,1.0,119.2477849642044,,
35.99368319999485,mouse,move,788,581,0,0,0.0,0.0,,
36.00967069999024,mouse,move,789,580,1,-1,1.4142135623730951,88.45745506057158,,
36.02582869998878,mouse,move,790,579,1,-1,1.4142135623730951,87.52404768540823,,
36.076285799994366,mouse,move,791,578,1,-1,1.4142135623730951,28.02803891259083,,
36.08203379999031,mouse,move,791,578,0,0,0.0,0.0,,
36.089796099986415,mouse,move,792,577,1,-1,1.4142135623730951,182.19001624302464,,
36.105830299988156,mouse,move,793,576,1,-1,1.4142135623730951,88.19982052235562,,
36.11376369999198,mouse,move,793,576,0,0,0.0,0.0,,
36.265798199994606,mouse,move,794,575,1,-1,1.4142135623730951,9.301925302142921,,
36.31375209998805,mouse,move,796,574,2,-1,2.23606797749979,46.62953331857171,,
36.44980309999664,mouse,move,796,574,0,0,0.0,0.0,,
36.51259279999067,keyboard,key_press,,,,,,,,20.769553399994038
36.703197299997555,keyboard,key_press,,,,,,,,0.19060450000688434
36.86222419999831,keyboard,key_release,,,,,,,0.34963140000763815,
37.028988899997785,keyboard,key_release,,,,,,,0.32579160000022966,
37.161840000000666,mouse,move,797,573,1,-1,1.4142135623730951,1.9861520693170611,,
37.16978709999239,mouse,move,797,570,0,-3,3.0,377.49619397312813,,
37.17778699999326,mouse,move,797,561,0,-9,9.0,1125.0140625536665,,
37.18591949999973,mouse,move,797,543,0,-18,18.0,2213.341529134218,,
37.19663639999635,mouse,move,797,508,0,-35,35.0,3265.8697954658105,,
37.20171429999755,mouse,move,794,459,-3,-49,49.09175083453431,9667.726978270714,,
37.209751199989114,mouse,move,789,401,-5,-58,58.215118311311535,7243.4792485163125,,
37.21787670000049,mouse,move,780,357,-9,-44,44.91102314577124,5527.170399717415,,
37.22576509999635,mouse,move,779,326,-1,-31,31.016124838541646,3931.8651253493804,,
37.23382059999858,mouse,move,773,293,-6,-33,33.54101966249684,4163.741499995941,,
37.241916599989054,mouse,move,771,275,-2,-18,18.110770276274835,2237.002260077277,,
37.24994729999162,mouse,move,771,262,0,-13,13.0,1618.7879009114072,,
37.25779549998697,mouse,move,771,248,0,-14,14.0,1783.8485268332954,,
37.26573419998749,mouse,move,771,238,0,-10,10.0,1259.6520840114417,,
37.273760399999446,mouse,move,772,228,1,-10,10.04987562112089,1252.1337128593952,,
37.281779799988726,mouse,move,774,218,2,-10,10.198039027185569,1271.6710777387318,,
37.28983559999324,mouse,move,778,206,4,-12,12.649110640673518,1570.186776432789,,
37.297837499994785,mouse,move,781,197,3,-9,9.486832980505138,1185.5725488537612,,
37.30572969999048,mouse,move,781,190,0,-7,7.0,886.9516742883618,,
37.31374589999905,mouse,move,782,186,1,-4,4.123105625617661,514.3466506836253,,
37.32186179999553,mouse,move,784,179,2,-7,7.280109889280518,897.0181855906973,,
37.32981999999902,mouse,move,784,171,0,-8,8.0,1005.252443579649,,
37.33782419998897,mouse,move,784,157,0,-14,14.0,1749.0817342857038,,
37.34573669999372,mouse,move,784,149,0,-8,8.0,1011.0584512098237,,
37.354127899991,mouse,move,784,144,0,-5,5.0,595.8623321601838,,
37.36178769999242,mouse,move,784,141,0,-3,3.0,391.6551345262041,,
37.36977309999929,mouse,move,784,140,0,-1,1.0,125.22854198152096,,
37.37773439999728,mouse,move,784,140,0,0,0.0,0.0,,
37.38583590000053,mouse,move,784,137,0,-3,3.0,370.3017958151882,,
37.393826899991836,mouse,move,784,135,0,-2,2.0,250.28156703487534,,
37.40173529999447,mouse,move,780,127,-4,-8,8.94427190999916,1130.9837523418107,,
37.40991339999891,mouse,move,779,124,-1,-3,3.1622776601683795,386.6763256074625,,
37.41791899999953,mouse,move,778,122,-1,-2,2.23606797749979,279.3129780813365,,
37.42575849998684,mouse,move,777,121,-1,-1,1.4142135623730951,180.3958880874866,,
37.48184839999885,mouse,move,776,120,-1,-1,1.4142135623730951,25.213337197432008,,
37.553882199994405,mouse,move,776,120,0,0,0.0,0.0,,
37.5938940999913,mouse,move,774,120,-2,0,2.0,49.985129427871385,,
37.60214309999719,mouse,move,770,117,-4,-3,5.0,606.1340764250288,,
37.60979099999531,mouse,move,766,116,-4,-1,4.123105625617661,539.1160484095874,,
37.6177522999933,mouse,move,761,113,-5,-3,5.830951894845301,732.4120302362028,,
37.625896599987755,mouse,move,756,111,-5,-2,5.385164807134504,661.2188660536243,,
37.63403249999101,mouse,move,754,111,-2,0,2.0,245.8240636192942,,
37.641882500000065,mouse,move,751,111,-3,0,3.0,382.16560465460935,,
37.64993019998656,mouse,move,750,111,-1,0,1.0,124.25910529450309,,
37.657827799994266,mouse,move,750,111,0,0,0.0,0.0,,
37.665829299992765,mouse,move,748,111,-2,0,2.0,249.95313383428356,,
37.73783859999094,mouse,move,748,110,0,-1,1.0,13.887095139452693,,
37.74563959999068,mouse,move,753,105,5,-5,7.0710678118654755,906.4309463013435,,
37.75370669999393,mouse,move,760,99,7,-6,9.219544457292887,1142.8573407524373,,
37.761630999986664,mouse,move,774,93,14,-6,15.231546211727817,1922.1314470284524,,
37.76980169999297,mouse,move,786,89,12,-4,12.649110640673518,1548.1061146432032,,
37.7782942999911,mouse,move,797,87,11,-2,11.180339887498949,1316.480216889295,,
37.785811999987345,mouse,move,807,86,10,-1,10.04987562112089,1336.8285015555675,,
37.7937910999899,mouse,move,817,84,10,-2,10.198039027185569,1278.093898298836,,
37.801694899986614,mouse,move,826,82,9,-2,9.219544457292887,1166.4698576797289,,
37.8097248999984,mouse,move,836,82,10,0,10.0,1245.3300106254896,,
37.81780189998972,mouse,move,841,81,5,-1,5.0990195135927845,631.3011661599846,,
37.825871399996686,mouse,move,847,80,6,-1,6.082762530298219,753.7967067408944,,
37.83387889999722,mouse,move,848,80,1,0,1.0,124.88292225210184,,
37.842392399994424,mouse,move,852,80,4,0,4.0,469.8420157763888,,
37.849733600000036,mouse,move,854,79,2,-1,2.23606797749979,304.5916166008717,,
37.945681199998944,mouse,move,854,79,0,0,0.0,0.0,,
37.95377509998798,mouse,move,856,79,2,0,2.0,247.09966798569943,,
37.9617631000001,mouse,move,861,79,5,0,5.0,625.9389074128766,,
37.969716299994616,mouse,move,865,79,4,0,4.0,502.94221228654953,,
37.97780639999837,mouse,move,870,79,5,0,5.0,618.0393317361787,,
37.985802999988664,mouse,move,881,79,11,0,11.0,1375.5846251348764,,
37.99379459999909,mouse,move,890,79,9,0,9.0,1126.182490146725,,
38.001812699993025,mouse,move,901,79,11,0,11.0,1371.896086145509,,
38.0098108999955,mouse,move,913,79,12,0,12.0,1500.337575490198,,
38.019503499992425,mouse,move,920,79,7,0,7.0,722.2004418031487,,
38.025680199993076,mouse,move,925,79,5,0,5.0,809.4937425280284,,
38.03374559999793,mouse,move,929,79,4,0,4.0,495.9456440589918,,
38.20978429999377,mouse,move,927,79,-2,0,2.0,11.361138204538156,,
38.217779899991,mouse,move,922,79,-5,0,5.0,625.3439393831959,,
38.225695699991775,mouse,move,915,79,-7,0,7.0,884.3073346112551,,
38.23371259999112,mouse,move,908,79,-7,0,7.0,873.1554591637317,,
38.24172869999893,mouse,move,898,79,-10,0,10.0,1247.489426312023,,
38.24970939999912,mouse,move,888,79,-10,0,10.0,1253.0229177594538,,
38.257812199997716,mouse,move,872,79,-16,0,16.0,1974.626055532873,,
38.26570359998732,mouse,move,854,79,-18,0,18.0,2280.964090492813,,
38.273866299990914,mouse,move,835,79,-19,0,19.0,2327.6611895122746,,
38.28173119999701,mouse,move,813,79,-22,0,22.0,2797.2383606839458,,
38.28993639998953,mouse,move,796,79,-17,0,17.0,2071.856873141872,,
38.29776309999579,mouse,move,778,79,-18,0,18.0,2299.8198456051223,,
38.305812999999034,mouse,move,763,79,-15,0,15.0,1863.37718405901,,
38.31378969999787,mouse,move,750,79,-13,0,13.0,1629.7466373185014,,
38.32180369998969,mouse,move,735,79,-15,0,15.0,1871.7244840673288,,
38.32982419998734,mouse,move,720,79,-15,0,15.0,1870.2075935894304,,
38.33800319999864,mouse,move,708,79,-12,0,12.0,1467.172023893729,,
38.34576329999254,mouse,move,700,79,-8,0,8.0,1030.9145508803044,,
38.353884299998754,mouse,move,697,79,-3,0,3.0,369.41263362946603,,
38.36175509999157,mouse,move,694,79,-3,0,3.0,381.1556643210827,,
38.449869999996736,mouse,move,693,79,-1,0,1.0,11.348818417105022,,
38.457819599992945,mouse,move,690,79,-3,0,3.0,377.3774782920629,,
38.46576239999558,mouse,move,684,79,-6,0,6.0,755.4011177427434,,
38.473804799999925,mouse,move,677,79,-7,0,7.0,870.3869486994687,,
38.48188619999564,mouse,move,666,79,-11,0,11.0,1361.1502964621857,,
38.489814499989734,mouse,move,654,79,-12,0,12.0,1513.5653303914958,,
38.497838999988744,mouse,move,639,79,-15,0,15.0,1869.2753444888249,,
38.50578329998825,mouse,move,624,79,-15,0,15.0,1888.1462181600425,,
38.51377149998734,mouse,move,609,79,-15,0,15.0,1877.769710536571,,
38.521785699995235,mouse,move,591,79,-18,0,18.0,2246.0133241339104,,
38.52989959999104,mouse,move,576,79,-15,0,15.0,1848.679427618522,,
38.53782179999689,mouse,move,558,79,-18,0,18.0,2272.096133234016,,
38.54577089998929,mouse,move,542,79,-16,0,16.0,2012.8064831607992,,
38.55372379999608,mouse,move,521,79,-21,0,21.0,2640.5462135929965,,
38.56166669999948,mouse,move,505,79,-16,0,16.0,2014.3776194024501,,
38.569692599994596,mouse,move,488,79,-17,0,17.0,2118.1425149005054,,
38.57773639999505,mouse,move,475,79,-13,0,13.0,1616.1515700628813,,
38.58574659998703,mouse,move,465,79,-10,0,10.0,1248.4082806926856,,
38.59372579999035,mouse,move,457,79,-8,0,8.0,1002.6067772047231,,
38.60169440000027,mouse,move,450,79,-7,0,7.0,878.4479069457853,,
38.609703099995386,mouse,move,447,79,-3,0,3.0,374.5926307427406,,
38.61776119998831,mouse,move,446,79,-1,0,1.0,124.09873306093345,,
38.62574449999374,mouse,move,446,79,0,0,0.0,0.0,,
38.85786489999737,mouse,move,445,79,-1,0,1.0,4.308109067468394,,
38.865607699990505,mouse,move,442,79,-3,0,3.0,387.45673434137956,,
38.87364979999256,mouse,move,439,77,-3,-2,3.605551275463989,448.3345487548506,,
38.88168269999733,mouse,move,436,77,-3,0,3.0,373.4641285489405,,
38.88959919998888,mouse,move,433,75,-3,-2,3.605551275463989,455.44764470556726,,
38.897778399987146,mouse,move,431,73,-2,-2,2.8284271247461903,345.8073069915733,,
38.90573549999681,mouse,move,424,72,-7,-1,7.0710678118654755,888.6488548942783,,
38.91367959999479,mouse,move,418,71,-6,-1,6.082762530298219,765.6956145870471,,
38.921803499993985,mouse,move,411,68,-7,-3,7.615773105863909,937.4528375068942,,
38.9298218999902,mouse,move,407,66,-4,-2,4.47213595499958,557.7342059649429,,
38.93789119999565,mouse,move,403,65,-4,-1,4.123105625617661,510.9619945763996,,
38.94575369999802,mouse,move,400,65,-3,0,3.0,381.55802850160234,,
38.95429169999261,mouse,move,397,64,-3,-1,3.1622776601683795,370.37686368858897,,
38.9617886999913,mouse,move,395,63,-2,-1,2.23606797749979,298.261701732628,,
38.96994579999591,mouse,move,392,63,-3,0,3.0,367.7777639485435,,
38.97805890000018,mouse,move,391,62,-1,-1,1.4142135623730951,174.31235429484116,,
38.985964499996044,mouse,move,389,62,-2,0,2.0,252.98522579512888,,
39.24973409999802,mouse,move,388,61,-1,-1,1.4142135623730951,5.361548724199022,,
39.37784049999027,mouse,move,387,61,-1,0,1.0,7.806011253618179,,
39.385793399997056,mouse,move,383,62,-4,1,4.123105625617661,518.4405213318427,,
39.3938921999943,mouse,move,380,64,-3,2,3.605551275463989,445.19574217066287,,
39.40174849999312,mouse,move,376,65,-4,1,4.123105625617661,524.8151962420661,,
39.409782399990945,mouse,move,373,65,-3,0,3.0,373.417642839911,,
39.4176618999918,mouse,move,367,67,-6,2,6.324555320336759,802.6594732725769,,
39.42574469999818,mouse,move,357,67,-10,0,10.0,1237.1950304485792,,
39.433728299991344,mouse,move,348,68,-9,1,9.055385138137417,1134.2483523582384,,
39.441843299995526,mouse,move,336,70,-12,2,12.165525060596439,1499.1404872862076,,
39.44984659999318,mouse,move,329,71,-7,1,7.0710678118654755,883.5190251444251,,
39.457832199987024,mouse,move,321,73,-8,2,8.246211251235321,1032.6351504698068,,
39.46574129999499,mouse,move,314,74,-7,1,7.0710678118654755,894.0420281378485,,
39.473782999994,mouse,move,307,76,-7,2,7.280109889280518,905.2948866750688,,
39.4820245999872,mouse,move,303,76,-4,0,4.0,485.34265231280506,,
39.489792899999884,mouse,move,296,77,-7,1,7.0710678118654755,910.2464889768254,,
39.49786739998672,mouse,move,291,79,-5,2,5.385164807134504,666.9347719259471,,
39.50585739999951,mouse,move,287,80,-4,1,4.123105625617661,516.033243931703,,
39.51388989998668,mouse,move,284,81,-3,1,3.1622776601683795,393.6853613720249,,
39.521945799991954,mouse,move,280,81,-4,0,4.0,496.53049285381815,,
39.52999219999765,mouse,move,277,82,-3,1,3.1622776601683795,393.00527663671795,,
39.53789209999377,mouse,move,272,85,-5,3,5.830951894845301,738.1045200205275,,
39.545693899999605,mouse,move,268,86,-4,1,4.123105625617661,528.4813277106855,,
39.55397769999399,mouse,move,261,90,-7,4,8.06225774829855,973.2559639007205,,
39.5617765999923,mouse,move,259,91,-2,1,2.23606797749979,286.7158160747543,,
39.5697780999908,mouse,move,257,92,-2,1,2.23606797749979,279.45609922128034,,
39.577828099994804,mouse,move,251,93,-6,1,6.082762530298219,755.6226741953027,,
39.58568259999447,mouse,move,249,94,-2,1,2.23606797749979,284.6862279705529,,
39.59372169998824,mouse,move,245,95,-4,1,4.123105625617661,512.8814952936046,,
39.60168789999443,mouse,move,242,95,-3,0,3.0,376.5910970936255,,
39.609806099993875,mouse,move,237,96,-5,1,5.0990195135927845,628.0973016114274,,
39.61765749999904,mouse,move,233,97,-4,1,4.123105625617661,525.1427290553331,,
39.62566359998891,mouse,move,228,97,-5,0,5.0,624.5238013921977,,
39.63389019999886,mouse,move,225,97,-3,0,3.0,364.67070191479473,,
39.641733399999794,mouse,move,222,97,-3,0,3.0,382.49693997891575,,
39.649832099996274,mouse,move,217,97,-5,0,5.0,617.3830370519645,,
39.65782639999816,mouse,move,211,97,-6,0,6.0,750.5347558368816,,
39.666001899997354,mouse,move,208,97,-3,0,3.0,366.9500336731194,,
39.673909999997704,mouse,move,201,97,-7,0,7.0,885.1683716303997,,
39.68191259999003,mouse,move,196,97,-5,0,5.0,624.7969415935008,,
39.68986399999994,mouse,move,191,97,-5,0,5.0,628.8200812140129,,
39.69789989999845,mouse,move,187,95,-4,-2,4.47213595499958,556.5196127169675,,
39.70592399999441,mouse,move,185,94,-2,-1,2.23606797749979,278.6690069446343,,
39.71442299999762,mouse,move,183,94,-2,0,2.0,235.3218024760696,,
39.7218823999865,mouse,move,182,94,-1,0,1.0,134.05903980098057,,
39.72972689999733,mouse,move,181,94,-1,0,1.0,127.47785054739168,,
39.74580379998952,mouse,move,180,93,-1,-1,1.4142135623730951,87.96556320313552,,
39.754066899986356,mouse,move,180,93,0,0,0.0,0.0,,
39.81014399998821,mouse,move,179,92,-1,-1,1.4142135623730951,25.219092326925747,,
39.873843999987,mouse,move,180,90,1,-2,2.23606797749979,35.10310796769686,,
39.88198399999237,mouse,move,185,85,5,-5,7.0710678118654755,868.6815487962481,,
39.88984689999779,mouse,move,191,83,6,-2,6.324555320336759,804.3540317156038,,
39.89782209999976,mouse,move,197,78,6,-5,7.810249675906654,979.3170922336775,,
39.90574509999715,mouse,move,206,74,9,-4,9.848857801796104,1243.0717916243823,,
39.91379709998728,mouse,move,214,73,8,-1,8.06225774829855,1001.2739391680675,,
39.921762899990426,mouse,move,228,72,14,-1,14.035668847618199,1761.99111728519,,
39.929770799994,mouse,move,239,71,11,-1,11.045361017187261,1379.3080598226697,,
39.937822899999446,mouse,move,249,71,10,0,10.0,1241.9120469492448,,
39.945722799995565,mouse,move,261,71,12,0,12.0,1519.0065704497324,,
39.95374939999601,mouse,move,275,68,14,-3,14.317821063276353,1783.7965094157273,,
39.961728800000856,mouse,move,286,67,11,-1,11.045361017187261,1384.2345302258761,,
39.96980269999767,mouse,move,298,67,12,0,12.0,1486.2705761443685,,
39.97787719999906,mouse,move,304,65,6,-2,6.324555320336759,783.2751649330633,,
39.9857631999912,mouse,move,309,65,5,0,5.0,634.0349993638289,,
39.99369819999265,mouse,move,310,65,1,0,1.0,126.02394452638997,,
40.00181879999582,mouse,move,313,65,3,0,3.0,369.43083009014015,,
40.009791999997105,mouse,move,315,63,2,-2,2.8284271247461903,354.74177548402275,,
40.018020299990894,mouse,move,316,63,1,0,1.0,121.5317867305343,,
40.02580719999969,mouse,move,317,63,1,0,1.0,128.42080916288106,,
40.03384639999422,mouse,move,319,63,2,0,2.0,248.78097340051193,,
40.04185559999314,mouse,move,320,63,1,0,1.0,124.85641513938948,,
40.0498130999913,mouse,move,321,63,1,0,1.0,125.66760920285685,,
40.058115299994824,mouse,move,323,63,2,0,2.0,240.90000230665612,,
40.065783300000476,mouse,move,325,63,2,0,2.0,260.8242042939506,,
40.07408709998708,mouse,move,327,63,2,0,2.0,240.85358549409682,,
40.08199059999606,mouse,move,331,64,4,1,4.123105625617661,521.680979431081,,
40.08985359998769,mouse,move,336,64,5,0,5.0,635.8896102406545,,
40.09806049999315,mouse,move,341,64,5,0,5.0,609.2434410889041,,
40.105770699999994,mouse,move,346,64,5,0,5.0,648.4916079432221,,
40.11382959999901,mouse,move,351,64,5,0,5.0,620.4320689686784,,
40.12180559999251,mouse,move,356,64,5,0,5.0,626.8806424362609,,
40.129831799989915,mouse,move,363,64,7,0,7.0,872.1437295688115,,
40.13778419999289,mouse,move,372,65,9,1,9.055385138137417,1138.698397307302,,
40.14575529999274,mouse,move,381,67,9,2,9.219544457292887,1156.6213518167813,,
40.15373489999911,mouse,move,387,67,6,0,6.0,751.9173887430301,,
40.161729599989485,mouse,move,396,69,9,2,9.219544457292887,1153.2070582248732,,
40.169689499991364,mouse,move,400,70,4,1,4.123105625617661,517.9846008925294,,
40.17790659998718,mouse,move,404,70,4,0,4.0,486.7897435878546,,
40.18567659999826,mouse,move,407,71,3,1,3.1622776601683795,406.98554126895243,,
40.20189529999334,mouse,move,410,71,3,0,3.0,184.97166856222947,,
40.20975109998835,mouse,move,412,72,2,1,2.23606797749979,284.6391174570558,,
40.217757299993536,mouse,move,413,73,1,1,1.4142135623730951,176.6397993376892,,
40.233834399987245,mouse,move,415,73,2,0,2.0,124.40054492306825,,
40.24180109999725,mouse,move,416,73,1,0,1.0,125.5224871960243,,
40.249756599994726,mouse,move,417,73,1,0,1.0,125.69920184990247,,
40.25769269999,mouse,move,421,74,4,1,4.123105625617661,519.5380133908967,,
40.26569989998825,mouse,move,423,74,2,0,2.0,249.77520237261206,,
40.273804099997506,mouse,move,424,74,1,0,1.0,123.39280852617186,,
40.28214859998843,mouse,move,428,74,4,0,4.0,479.357661255873,,
40.2900660999876,mouse,move,430,74,2,0,2.0,252.60498897512534,,
40.298067199997604,mouse,move,431,74,1,0,1.0,124.98281470665937,,
40.30582009999489,mouse,move,432,74,1,0,1.0,128.98399313161764,,
40.345825999989756,mouse,move,433,74,1,0,1.0,24.99631304703326,,
40.35379679998732,mouse,move,436,74,3,0,3.0,376.3737643544366,,
40.36173959998996,mouse,move,438,74,2,0,2.0,251.80037258091448,,
40.36978259999887,mouse,move,443,74,5,0,5.0,621.6585844163205,,
40.37770719999389,mouse,move,449,74,6,0,6.0,757.1360073403382,,
40.385669600000256,mouse,move,456,74,7,0,7.0,879.1319193215533,,
40.39385769999353,mouse,move,462,73,6,-1,6.082762530298219,742.8783887950842,,
40.401710499994806,mouse,move,465,73,3,0,3.0,382.0293397913288,,
40.409662899997784,mouse,move,467,72,2,-1,2.23606797749979,281.1815271694689,,
40.41772389999824,mouse,move,468,72,1,0,1.0,124.05408757522024,,
40.43379489998915,mouse,move,469,72,1,0,1.0,62.223881560901575,,
40.44169619999593,mouse,move,470,72,1,0,1.0,126.5614518043931,,
40.45489519998955,mouse,move,472,72,2,0,2.0,151.5266308786131,,
40.45759759999055,mouse,move,475,72,3,0,3.0,1110.124333515121,,
40.465568499988876,mouse,move,475,72,0,0,0.0,0.0,,
40.473643899997114,mouse,move,477,72,2,0,2.0,247.66575005074043,,
40.48159599999781,mouse,move,477,72,0,0,0.0,0.0,,
40.48954559999402,mouse,move,478,72,1,0,1.0,125.79249276402098,,
40.5215756999969,mouse,move,479,72,1,0,1.0,31.22063308918588,,
40.569796999989194,mouse,move,480,72,1,0,1.0,20.737723789276576,,
40.577592799993,mouse,move,482,72,2,0,2.0,256.54839773003187,,
40.58555259999412,mouse,move,484,72,2,0,2.0,251.26259450227883,,
40.593508699996164,mouse,move,487,72,3,0,3.0,377.0691669571663,,
40.60156049999932,mouse,move,489,72,2,0,2.0,248.39166387830863,,
40.609528799992404,mouse,move,492,73,3,1,3.1622776601683795,396.85725473617055,,
40.617467999996734,mouse,move,497,74,5,1,5.0990195135927845,642.2586042437356,,
40.625590399999055,mouse,move,498,74,1,0,1.0,123.11632026423457,,
40.63352499999746,mouse,move,501,74,3,0,3.0,378.09089312659415,,
40.64150349999545,mouse,move,505,74,4,0,4.0,501.34737118607154,,
40.64949959999649,mouse,move,510,76,5,2,5.385164807134504,673.4739193401821,,
40.6574707999971,mouse,move,513,76,3,0,3.0,376.35487753035886,,
40.665466099992045,mouse,move,516,76,3,0,3.0,375.2204422468878,,
40.6734856999974,mouse,move,520,76,4,0,4.0,498.7779935818716,,
40.68148649999057,mouse,move,523,76,3,0,3.0,374.962504069741,,
40.689520999992965,mouse,move,526,76,3,0,3.0,373.38975656302154,,
40.6975214999984,mouse,move,530,76,4,0,4.0,499.9687516132291,,
40.7055207999947,mouse,move,535,76,5,0,5.0,625.054692574714,,
40.71352389999083,mouse,move,539,76,4,0,4.0,499.8063252906741,,
40.72146049998992,mouse,move,543,76,4,0,4.0,503.99415372597707,,
40.72953729999426,mouse,move,548,76,5,0,5.0,619.0570519648121,,
40.73751039999479,mouse,move,550,76,2,0,2.0,250.8434611215044,,
40.74557069998991,mouse,move,555,76,5,0,5.0,620.3243059223163,,
40.7535002999939,mouse,move,560,76,5,0,5.0,630.5488293840664,,
40.7615836999903,mouse,move,569,76,9,0,9.0,1113.3928797306294,,
40.76949289999902,mouse,move,576,76,7,0,7.0,885.0452627670711,,
40.777606499992544,mouse,move,582,76,6,0,6.0,739.4991131915497,,
40.785643600000185,mouse,move,592,76,10,0,10.0,1244.2298827304226,,
40.79353219999757,mouse,move,602,76,10,0,10.0,1267.6520552839816,,
40.801512599995476,mouse,move,612,76,10,0,10.0,1253.0700218817742,,
40.80951729998924,mouse,move,623,76,11,0,11.0,1374.1926628820513,,
40.817510299995774,mouse,move,636,76,13,0,13.0,1626.4231189002455,,
40.825568199987174,mouse,move,646,76,10,0,10.0,1241.0181325994665,,
40.83395200000086,mouse,move,659,76,13,0,13.0,1550.6095062827362,,
40.84150349999254,mouse,move,671,76,12,0,12.0,1589.0882623617647,,
40.84950639998715,mouse,move,684,78,13,2,13.152946437965905,1643.5225289367297,,
40.85747609999089,mouse,move,693,78,9,0,9.0,1129.2771366268523,,
40.86550599998736,mouse,move,703,78,10,0,10.0,1245.3455216619047,,
40.873528399999486,mouse,move,711,80,8,2,8.246211251235321,1027.8982896357325,,
40.88152129999071,mouse,move,721,80,10,0,10.0,1251.1103618187922,,
40.88957369999844,mouse,move,729,83,8,3,8.54400374531753,1061.0505858027673,,
40.89755179999338,mouse,move,735,83,6,0,6.0,752.0587613345035,,
40.90553949998866,mouse,move,741,83,6,0,6.0,751.1549011033426,,
40.91359699999157,mouse,move,744,83,3,0,3.0,372.3239216777075,,
40.921641900000395,mouse,move,747,83,3,0,3.0,372.9070587214918,,
40.937542799991206,mouse,move,748,83,1,0,1.0,62.88952201308675,,
40.961507999993046,mouse,move,748,83,0,0,0.0,0.0,,
40.97769739999785,mouse,move,749,84,1,1,1.4142135623730951,87.35429120000445,,
40.985600799991516,mouse,move,751,84,2,0,2.0,253.05564713958256,,
41.01757349999389,mouse,move,751,84,0,0,0.0,0.0,,
41.03362879999622,mouse,move,753,84,2,0,2.0,124.5694567967624,,
41.041558599987184,mouse,move,754,84,1,0,1.0,126.10658542962446,,
41.04963929999212,mouse,move,756,84,2,0,2.0,247.5033102055,,
41.057581699991715,mouse,move,758,84,2,0,2.0,251.81305400164,,
41.06556209998962,mouse,move,759,84,1,0,1.0,125.30700218817742,,
41.07355969998753,mouse,move,762,83,3,-1,3.1622776601683795,395.40332862308446,,
41.08156500000041,mouse,move,764,83,2,0,2.0,249.83448425186222,,
41.08954899999662,mouse,move,768,81,4,-2,4.47213595499958,560.1372691784424,,
41.09759239999403,mouse,move,770,81,2,0,2.0,248.65106803656477,,
41.10560349999287,mouse,move,777,81,7,0,7.0,873.7876198043082,,
41.11357619999035,mouse,move,783,81,6,0,6.0,752.568139011345,,
41.121541799991974,mouse,move,790,81,7,0,7.0,878.7787484397101,,
41.129512299987255,mouse,move,795,81,5,0,5.0,627.3132178608994,,
41.13766259999829,mouse,move,804,81,9,0,9.0,1104.2538296517164,,
41.14550249998865,mouse,move,816,80,12,-1,12.041594578792296,1535.9372687918474,,
41.15357499998936,mouse,move,826,77,10,-3,10.44030650891055,1293.317622545077,,
41.16165969999565,mouse,move,839,76,13,-1,13.038404810405298,1612.7258649370044,,
41.16950539998652,mouse,move,851,75,12,-1,12.041594578792296,1534.8018140905326,,
41.1775282999879,mouse,move,863,73,12,-2,12.165525060596439,1516.350080208628,,
41.18548119999468,mouse,move,877,71,14,-2,14.142135623730951,1778.236317779114,,
41.193566699992516,mouse,move,888,69,11,-2,11.180339887498949,1382.764193988703,,
41.20150279998779,mouse,move,895,68,7,-1,7.0710678118654755,891.000342242886,,
41.21022369999264,mouse,move,901,67,6,-1,6.082762530298219,697.4925210606864,,
41.2176494999876,mouse,move,903,67,2,0,2.0,269.33125068771216,,
41.22552859999996,mouse,move,904,67,1,0,1.0,126.91804881665102,,
41.48168449998775,mouse,move,905,67,1,0,1.0,3.9038726027691366,,
41.497735199998715,mouse,move,906,66,1,-1,1.4142135623730951,88.10915171344611,,
41.53760389999661,mouse,move,906,66,0,0,0.0,0.0,,
41.553851099990425,mouse,move,907,65,1,-1,1.4142135623730951,87.04352521736655,,
41.56168909999542,mouse,move,909,64,2,-1,2.23606797749979,285.2855289710231,,
41.569772599992575,mouse,move,916,63,7,-1,7.0710678118654755,874.7532398532196,,
41.57775879999099,mouse,move,924,63,8,0,8.0,1001.7279809658572,,
41.58576799998991,mouse,move,935,61,11,-2,11.180339887498949,1395.937158393044,,
41.59368829999585,mouse,move,945,61,10,0,10.0,1262.5784367393192,,
41.60172339998826,mouse,move,955,61,10,0,10.0,1244.5395837566912,,
41.6097005999909,mouse,move,966,61,11,0,11.0,1378.9299499017684,,
41.617766899988055,mouse,move,976,61,10,0,10.0,1239.7257730965425,,
41.625835799990455,mouse,move,993,61,17,0,17.0,2106.8547131510722,,
41.63381400000071,mouse,move,1010,61,17,0,17.0,2130.8064448302443,,
41.64180439998745,mouse,move,1030,61,20,0,20.0,2503.0036084794233,,
41.649786099995254,mouse,move,1050,61,20,0,20.0,2505.7318591836233,,
41.65771789998689,mouse,move,1071,61,21,0,21.0,2647.5705416346764,,
41.665718099990045,mouse,move,1095,61,24,0,24.0,2999.925000692745,,
41.673708599992096,mouse,move,1126,61,31,0,31.0,3879.607032355947,,
41.68178389999957,mouse,move,1153,61,27,0,27.0,3343.5290298815153,,
41.68969780000043,mouse,move,1177,61,24,0,24.0,3032.6387744850995,,
41.69772739999462,mouse,move,1204,61,27,0,27.0,3362.558535860143,,
41.705738899996504,mouse,move,1235,61,31,0,31.0,3869.4376824197866,,
41.713821299999836,mouse,move,1262,61,27,0,27.0,3340.591902017978,,
41.72168249999231,mouse,move,1290,61,28,0,28.0,3561.797184500948,,
41.7297252999997,mouse,move,1314,61,24,0,24.0,2984.0354078124483,,
41.737689499990665,mouse,move,1334,61,20,0,20.0,2511.237791954994,,
41.74571579998883,mouse,move,1355,61,21,0,21.0,2616.398590235008,,
41.75378979998641,mouse,move,1370,61,15,0,15.0,1857.8152098712305,,
41.76174299999548,mouse,move,1385,61,15,0,15.0,1886.0332926236986,,
41.76974099999643,mouse,move,1395,59,10,-2,10.198039027185569,1275.0736466580083,,
41.77770539998892,mouse,move,1400,58,5,-1,5.0990195135927845,640.2264474915822,,
41.78568769998674,mouse,move,1403,58,3,0,3.0,375.83152735666636,,
41.79378259999794,mouse,move,1405,58,2,0,2.0,247.0691419575884,,
41.801691899992875,mouse,move,1405,57,0,-1,1.0,126.43343919693902,,
41.92169909999939,mouse,move,1405,57,0,0,0.0,0.0,,
41.9457653999998,mouse,move,1405,56,0,-1,1.0,41.55187959856005,,
41.95366909999575,mouse,move,1405,55,0,-1,1.0,126.52302092848102,,
41.96169649998774,mouse,move,1402,52,-3,-3,4.242640687119285,528.5199057420433,,
41.96972899998946,mouse,move,1393,50,-9,-2,9.219544457292887,1147.78019985318,,
41.977805999995326,mouse,move,1376,49,-17,-1,17.029386365926403,2108.3801353908516,,
41.9858574999962,mouse,move,1356,49,-20,0,20.0,2484.009190564206,,
41.993677699996624,mouse,move,1329,49,-27,0,27.0,3452.5971200910863,,
42.00167749999673,mouse,move,1308,49,-21,0,21.0,2625.0656266055826,,
42.00971729999583,mouse,move,1284,49,-24,0,24.0,2985.1488846360967,,
42.01764999999432,mouse,move,1253,49,-31,0,31.0,3907.874999167402,,
42.02605999998923,mouse,move,1219,49,-34,0,34.0,4042.806185562019,,
42.03366939999978,mouse,move,1179,49,-40,0,40.0,5256.656233676152,,
42.04174229998898,mouse,move,1145,49,-34,0,34.0,4211.621603819991,,
42.0497042999923,mouse,move,1114,49,-31,0,31.0,3893.4940953383366,,
42.05804689999786,mouse,move,1083,49,-31,0,31.0,3715.8679523566743,,
42.06569089999539,mouse,move,1056,49,-27,0,27.0,3532.1821047536864,,
42.0736457999883,mouse,move,1022,49,-34,0,34.0,4274.095215565553,,
42.08176370000001,mouse,move,988,49,-34,0,34.0,4188.2752868288535,,
42.08971199998632,mouse,move,964,49,-24,0,24.0,3019.5136118838273,,
42.09766359999776,mouse,move,932,47,-32,-2,32.0624390837628,4032.199687816536,,
42.10571509999863,mouse,move,909,42,-23,-5,23.53720459187964,2923.3316263209526,,
42.113651499996195,mouse,move,892,40,-17,-2,17.11724276862369,2156.8019220154747,,
42.12170809999225,mouse,move,876,39,-16,-1,16.0312195418814,1989.8244358334616,,
42.13008930000069,mouse,move,864,39,-12,0,12.0,1431.775877906591,,
42.13766009999381,mouse,move,851,39,-13,0,13.0,1717.1236873007845,,
42.14571709999291,mouse,move,837,39,-14,0,14.0,1737.619461532394,,
42.15383079998719,mouse,move,824,39,-13,0,13.0,1602.228330990826,,
42.16171059999033,mouse,move,813,39,-11,0,11.0,1395.9745165637344,,
42.1696871999884,mouse,move,799,39,-14,0,14.0,1755.1337666901936,,
42.177794799994444,mouse,move,791,39,-8,0,8.0,986.7285009174279,,
42.185790499992436,mouse,move,779,39,-12,0,12.0,1500.806683969463,,
42.19368050000048,mouse,move,768,39,-11,0,11.0,1394.169833812628,,
42.201719399992726,mouse,move,759,39,-9,0,9.0,1119.5561592610884,,
42.20969399999012,mouse,move,754,39,-5,0,5.0,626.9906956627692,,
42.21771359999548,mouse,move,746,39,-8,0,8.0,997.5559871637432,,
42.22576739999931,mouse,move,743,39,-3,0,3.0,372.49497114047216,,
42.233864599998924,mouse,move,739,39,-4,0,4.0,493.9979252324529,,
42.2416596999974,mouse,move,738,39,-1,0,1.0,128.28571797611693,,
42.24965669999074,mouse,move,737,39,-1,0,1.0,125.04689268888723,,
42.257839599988074,mouse,move,736,39,-1,0,1.0,122.20606390466222,,
42.41777379999985,mouse,move,735,39,-1,0,1.0,6.252571369515531,,
42.42574279999826,mouse,move,731,39,-4,0,4.0,501.94503711852286,,
42.43386199999077,mouse,move,725,39,-6,0,6.0,738.9890636438835,,
42.441667499995674,mouse,move,719,39,-6,0,6.0,768.6887446324583,,
42.44988299999386,mouse,move,709,39,-10,0,10.0,1217.2113690228412,,
42.457615799998166,mouse,move,701,39,-8,0,8.0,1034.5541066038065,,
42.465881899988744,mouse,move,691,39,-10,0,10.0,1209.760347854238,,
42.473871599999256,mouse,move,678,39,-13,0,13.0,1627.094882523241,,
42.48193119998905,mouse,move,664,39,-14,0,14.0,1737.058913312239,,
42.49009379999188,mouse,move,651,39,-13,0,13.0,1592.6297987757648,,
42.49778709998645,mouse,move,638,39,-13,0,13.0,1689.7820193120767,,
42.50579060000018,mouse,move,626,39,-12,0,12.0,1499.344034411953,,
42.51380950000021,mouse,move,618,39,-8,0,8.0,997.6430682481976,,
42.52189889999863,mouse,move,611,39,-7,0,7.0,865.3299381119066,,
42.529891899990616,mouse,move,606,39,-5,0,5.0,625.5473545620318,,
42.53791989998717,mouse,move,601,39,-5,0,5.0,622.820129813706,,
42.54609379998874,mouse,move,597,39,-4,0,4.0,489.3624829314886,,
42.55390789998637,mouse,move,593,39,-4,0,4.0,511.8951640256126,,
42.56196039999486,mouse,move,591,37,-2,-2,2.8284271247461903,351.24832310021003,,
42.56963209999958,mouse,move,591,36,0,-1,1.0,130.34920544137722,,
42.5776293999952,mouse,move,590,36,-1,0,1.0,125.0422018115314,,
42.63367179999477,mouse,move,589,36,-1,0,1.0,17.843632678252316,,
42.64164869999513,mouse,move,588,36,-1,0,1.0,125.36198271949257,,
42.649616399998195,mouse,move,584,36,-4,0,4.0,502.0269335519247,,
42.657611999995424,mouse,move,580,36,-4,0,4.0,500.27515150655677,,
42.6657383999991,mouse,move,575,37,-5,1,5.0990195135927845,627.4635153680133,,
42.67365459998837,mouse,move,570,37,-5,0,5.0,631.6161803363661,,
42.681603299992275,mouse,move,561,40,-9,3,9.486832980505138,1193.507488751732,,
42.68971989999409,mouse,move,549,43,-12,3,12.36931687685298,1523.9529943683547,,
42.697652899994864,mouse,move,537,45,-12,2,12.165525060596439,1533.5339795041896,,
42.70578309999837,mouse,move,532,46,-5,1,5.0990195135927845,627.1702432158544,,
42.713717499995255,mouse,move,528,48,-4,2,4.47213595499958,563.6388330252803,,
42.721641999989515,mouse,move,525,49,-3,1,3.1622776601683795,399.0507492534327,,
42.729807199997595,mouse,move,521,50,-4,1,4.123105625617661,504.9607629375736,,
42.7379840999929,mouse,move,516,51,-5,1,5.0990195135927845,623.5883423449196,,
42.74579069999163,mouse,move,510,54,-6,3,6.708203932499369,859.2990461392254,,
42.75367049999477,mouse,move,506,56,-4,2,4.47213595499958,567.544347980712,,
42.76191950000066,mouse,move,501,56,-5,0,5.0,606.1340764250288,,
42.76975359999051,mouse,move,498,57,-3,1,3.1622776601683795,403.6555142601515,,
42.77778429999307,mouse,move,492,61,-6,4,7.211102550927978,897.9419662825843,,
42.78568129999621,mouse,move,490,62,-2,1,2.23606797749979,283.154106193563,,
42.79371739999624,mouse,move,486,65,-4,3,5.0,622.1923569870245,,
42.80174779999652,mouse,move,485,65,-1,0,1.0,124.52679816262717,,
42.80966699999408,mouse,move,480,68,-5,3,5.830951894845301,736.3056743916662,,
42.8177241999947,mouse,move,478,70,-2,2,2.8284271247461903,351.0434300412128,,
42.825739399995655,mouse,move,474,73,-4,3,5.0,623.8147518969441,,
42.83380369999213,mouse,move,470,78,-4,5,6.4031242374328485,794.0086852213389,,
42.84163019999687,mouse,move,467,81,-3,3,4.242640687119285,542.0865884558954,,
42.84969920000003,mouse,move,462,85,-5,4,6.4031242374328485,793.5461934470841,,
42.85765349998837,mouse,move,458,88,-4,3,5.0,628.5908260096319,,
42.86577119999856,mouse,move,454,93,-4,5,6.4031242374328485,788.785521686688,,
42.87366299999121,mouse,move,451,96,-3,3,4.242640687119285,537.6011418271183,,
42.882038399999146,mouse,move,446,100,-5,4,6.4031242374328485,764.5156328493246,,
42.8897539999889,mouse,move,444,101,-2,1,2.23606797749979,289.8112888783715,,
42.8977387999912,mouse,move,443,103,-1,2,2.23606797749979,280.0405741977685,,
42.905918399992515,mouse,move,440,106,-3,3,4.242640687119285,518.6855942146753,,
42.913670699999784,mouse,move,439,106,-1,0,1.0,128.9939758603731,,
42.921856000000844,mouse,move,438,107,-1,1,1.4142135623730951,172.77479899209715,,
43.13773719999881,mouse,move,437,105,-1,-2,2.23606797749979,10.357863387459657,,
43.146340899998904,mouse,move,437,101,0,-4,4.0,464.9162569541223,,
43.153768799995305,mouse,move,435,96,-2,-5,5.385164807134504,724.9915601642302,,
43.16166019999946,mouse,move,435,92,0,-4,4.0,506.8809080637033,,
43.16971379998722,mouse,move,433,85,-2,-7,7.280109889280518,903.9572241412467,,
43.177676199993584,mouse,move,432,78,-1,-7,7.0710678118654755,888.0573452997359,,
43.18577829998685,mouse,move,430,73,-2,-5,5.385164807134504,664.6628419311331,,
43.193707300000824,mouse,move,427,66,-3,-7,7.615773105863909,960.4960389005367,,
43.2016750999901,mouse,move,425,61,-2,-5,5.385164807134504,675.865962296242,,
43.20987099999911,mouse,move,423,59,-2,-2,2.8284271247461903,345.10268812888563,,
43.217738699997426,mouse,move,423,58,0,-1,1.0,127.10194850009931,,
43.22570189999533,mouse,move,422,56,-1,-2,2.23606797749979,280.800178080253,,
43.23367739999958,mouse,move,421,54,-1,-2,2.23606797749979,280.36712134766907,,
43.24168349998945,mouse,move,420,53,-1,-1,1.4142135623730951,176.64200599072947,,
43.257691399994656,mouse,move,420,52,0,-1,1.0,62.46915583397925,,
43.37780170000042,mouse,move,419,52,-1,0,1.0,8.325680644807484,,
43.466374899988296,mouse,move,419,52,0,0,0.0,0.0,,
43.473718699999154,mouse,move,418,54,-1,2,2.23606797749979,304.48377872404933,,
43.482288100000005,mouse,move,416,56,-2,2,2.8284271247461903,330.0612790236317,,
43.4896837999986,mouse,move,414,57,-2,1,2.23606797749979,302.3470365109562,,
43.498186699987855,mouse,move,414,59,0,2,2.0,235.21386850696405,,
43.505703399991035,mouse,move,412,63,-2,4,4.47213595499958,594.9600161118274,,
43.51369779999368,mouse,move,410,65,-2,2,2.8284271247461903,353.8010512121735,,
43.52164749999065,mouse,move,410,65,0,0,0.0,0.0,,
43.530268399990746,mouse,move,409,66,-1,1,1.4142135623730951,164.04477054104535,,
43.54568229999859,mouse,move,408,67,-1,1,1.4142135623730951,91.74923683516191,,
43.570143199991435,mouse,move,408,68,0,1,1.0,40.88157019130403,,
44.185497699989355,mouse,move,402,70,-6,2,6.324555320336759,10.27790537057604,,
44.19346709999081,mouse,move,383,80,-19,10,21.470910553583888,2694.1690151904268,,
44.201524999996764,mouse,move,360,87,-23,7,24.041630560342615,2983.609940876108,,
44.20973899999808,mouse,move,336,87,-24,0,24.0,2921.8407592101603,,
44.217516999997315,mouse,move,301,87,-35,0,35.0,4499.871432687692,,
44.2254588999931,mouse,move,270,89,-31,2,31.064449134018133,3911.463144902875,,
44.23346099999617,mouse,move,228,93,-42,4,42.190046219457976,5272.371777818394,,
44.24149359999865,mouse,move,175,102,-53,9,53.75872022286245,6692.567811949633,,
44.24948619998759,mouse,move,144,104,-31,2,31.064449134018133,3886.6512995784938,,
44.257446099989465,mouse,move,113,104,-31,0,31.0,3894.521287036618,,
44.26551299999119,mouse,move,95,104,-18,0,18.0,2231.3404152966773,,
44.273546899989014,mouse,move,77,104,-18,0,18.0,2240.5058570394663,,
44.281472699993174,mouse,move,63,104,-14,0,14.0,1766.3832032922146,,
44.289534399998956,mouse,move,52,104,-11,0,11.0,1364.476474206377,,
44.2975146999961,mouse,move,43,104,-9,0,9.0,1127.7771516386044,,
44.30554439999105,mouse,move,38,104,-5,0,5.0,622.6882701900208,,
44.31348799999978,mouse,move,37,104,-1,0,1.0,125.88750678546522,,
44.777850300000864,mouse,move,36,103,-1,-1,1.4142135623730951,3.045496075736104,,
44.78590209998947,mouse,move,33,95,-3,-8,8.54400374531753,1061.1296551587272,,
44.79424499999732,mouse,move,30,85,-3,-10,10.44030650891055,1251.400172492911,,
44.80190819999552,mouse,move,28,76,-2,-9,9.219544457292887,1203.093284718108,,
44.80992699999479,mouse,move,27,67,-1,-9,9.055385138137417,1129.2693593766564,,
44.818678399999044,mouse,move,24,60,-3,-7,7.615773105863909,870.2348312451641,,
44.825783199994476,mouse,move,22,53,-2,-7,7.280109889280518,1024.6748527701784,,
44.83382309999433,mouse,move,21,47,-1,-6,6.082762530298219,756.5719138802402,,
44.84184209999512,mouse,move,20,45,-1,-2,2.23606797749979,278.8462373463782,,
44.85777429999143,mouse,move,20,44,0,-1,1.0,62.76597081579158,,
45.01026969999657,mouse,move,20,44,0,0,0.0,0.0,,
45.01813189999666,mouse,move,22,44,2,0,2.0,254.3817252139315,,
45.025944099994376,mouse,move,26,44,4,0,4.0,512.0196617047222,,
45.03380559998914,mouse,move,31,42,5,-2,5.385164807134504,685.004746005682,,
45.04183259999263,mouse,move,37,38,6,-4,7.211102550927978,898.3558674210581,,
45.04981699999189,mouse,move,41,36,4,-2,4.47213595499958,560.1092073812182,,
45.05782750000071,mouse,move,47,31,6,-5,7.810249675906654,975.0015189195159,,
45.06588739999279,mouse,move,54,28,7,-3,7.615773105863909,944.896724940834,,
45.0738726999989,mouse,move,57,25,3,-3,4.242640687119285,531.3063609221815,,
45.081984199990984,mouse,move,60,23,3,-2,3.605551275463989,444.4987091146104,,
45.0897985999909,mouse,move,62,21,2,-2,2.8284271247461903,361.9506455744179,,
45.0978432999982,mouse,move,63,20,1,-1,1.4142135623730951,175.79444368207137,,
45.16178859998763,mouse,move,63,19,0,-1,1.0,15.638365918454328,,
45.1777934999991,mouse,move,63,18,0,-1,1.0,62.48086519025695,,
45.193906799991964,mouse,move,64,18,1,0,1.0,62.060533872185665,,
45.2017715999973,mouse,move,66,18,2,0,2.0,254.29762977354713,,
45.20985029998701,mouse,move,70,18,4,0,4.0,495.1291674520501,,
45.21775549999438,mouse,move,73,18,3,0,3.0,379.49703956920735,,
45.22611129999859,mouse,move,78,19,5,1,5.0990195135927845,610.237141988019,,
45.233867599992664,mouse,move,83,19,5,0,5.0,644.6372631050946,,
45.24179390000063,mouse,move,86,20,3,1,3.1622776601683795,398.9601272964845,,
45.24980009999126,mouse,move,87,20,1,0,1.0,124.9032001661327,,
45.25786420000077,mouse,move,87,20,0,0,0.0,0.0,,
45.26594209999894,mouse,move,88,21,1,1,1.4142135623730951,175.0719323949814,,
45.345827199998894,mouse,move,88,22,0,1,1.0,12.517978947269924,,
45.353767299995525,mouse,move,88,22,0,0,0.0,0.0,,
45.36207459999423,mouse,move,89,26,1,4,4.123105625617661,496.3231887930209,,
45.36996449998696,mouse,move,91,27,2,1,2.23606797749979,283.4089126046272,,
45.37778609999805,mouse,move,92,30,1,3,3.1622776601683795,404.3006105767387,,
45.38579659999232,mouse,move,93,33,1,3,3.1622776601683795,394.7665766718923,,
45.39389759999176,mouse,move,95,37,2,4,4.47213595499958,552.0473960384577,,
45.40175229999295,mouse,move,96,40,1,3,3.1622776601683795,402.5968731701397,,
45.40977319999365,mouse,move,100,45,4,5,6.4031242374328485,798.304957906558,,
45.41821989999153,mouse,move,103,51,3,6,6.708203932499369,794.180441377856,,
45.42590139999811,mouse,move,106,54,3,3,4.242640687119285,552.3192974657397,,
45.433999699991546,mouse,move,108,57,2,3,3.605551275463989,445.22322936751107,,
45.44193899999664,mouse,move,109,57,1,0,1.0,125.95568870791064,,
45.449821099988185,mouse,move,109,58,0,1,1.0,126.86974297107609,,
45.45805119999568,mouse,move,111,60,2,2,2.8284271247461903,343.66862154413974,,
45.46580429999449,mouse,move,112,60,1,0,1.0,128.98066581801922,,
45.473798199993325,mouse,move,113,62,1,2,2.23606797749979,279.72178508926356,,
45.49075040000025,mouse,move,116,65,3,3,4.242640687119285,250.27080174760803,,
45.49783779999416,mouse,move,118,66,2,1,2.23606797749979,315.4990517569505,,
45.50581949998741,mouse,move,122,67,4,1,4.123105625617661,516.5698571862592,,
45.51377099999809,mouse,move,125,69,3,2,3.605551275463989,453.44290644818255,,
45.52184229998966,mouse,move,127,69,2,0,2.0,247.79155800041883,,
45.52990679998766,mouse,move,128,70,1,1,1.4142135623730951,175.36283250342925,,
45.53776629999629,mouse,move,129,70,1,0,1.0,127.23455676586313,,
45.545759899992845,mouse,move,130,71,1,1,1.4142135623730951,176.91822995683637,,
45.56981739999901,mouse,move,131,71,1,0,1.0,41.56707886287953,,
45.618248699989635,mouse,move,132,72,1,1,1.4142135623730951,29.200404751614048,,
45.64191399999254,mouse,move,132,72,0,0,0.0,0.0,,
45.673754499992356,mouse,move,131,73,-1,1,1.4142135623730951,44.41555761942319,,
45.7058599999873,mouse,move,131,74,0,1,1.0,31.147311213267898,,
45.721836199998506,mouse,move,131,75,0,1,1.0,62.593107203111956,,
45.77779149998969,mouse,move,130,75,-1,0,1.0,17.871408073186497,,
46.025779499992495,mouse,move,130,75,0,0,0.0,0.0,,
46.05770429999393,mouse,move,130,75,0,0,0.0,0.0,,
46.11371039999358,mouse,move,131,75,1,0,1.0,17.855197916053058,,
46.18575149998651,mouse,move,132,75,1,0,1.0,13.880965172632553,,
46.21178459998919,keyboard,key_press,,,,,,,,9.508587299991632
46.21776129999489,mouse,move,132,75,0,0,0.0,0.0,,
46.23382489998767,mouse,move,134,75,2,0,2.0,124.5050923142626,,
46.24174669999047,mouse,move,135,75,1,0,1.0,126.2339366868539,,
46.258044199988944,mouse,move,136,75,1,0,1.0,61.35910416282976,,
46.273801799994544,mouse,move,137,76,1,1,1.4142135623730951,89.74803027558357,,
46.34343779999472,keyboard,key_press,,,,,,,,0.13165320000553038
46.346493599994574,mouse,move,138,76,1,0,1.0,13.756709835216524,,
46.49098399998911,mouse,move,138,76,0,0,0.0,0.0,,
46.51310129999183,keyboard,key_release,,,,,,,0.3013167000026442,
46.553801399990334,mouse,move,139,76,1,0,1.0,15.919156157060664,,
46.61001679999754,mouse,move,139,74,0,-2,2.0,35.577439629419956,,
46.61782780000067,mouse,move,143,68,4,-6,7.211102550927978,923.198380237896,,
46.62640619999729,mouse,move,149,64,6,-4,7.211102550927978,840.6116005044265,,
46.63406349999423,mouse,move,158,58,9,-6,10.816653826391969,1412.5937119768705,,
46.64179379999405,mouse,move,165,52,7,-6,9.219544457292887,1192.650279744172,,
46.64974639999855,mouse,move,177,48,12,-4,12.649110640673518,1590.5629144575178,,
46.657760999994935,mouse,move,191,40,14,-8,16.1245154965971,2011.8927337444022,,
46.66579489999276,mouse,move,212,37,21,-3,21.213203435596427,2640.4614746679736,,
46.67384459999448,mouse,move,226,31,14,-6,15.231546211727817,1892.1880577503027,,
46.68209279999428,mouse,move,254,30,28,-1,28.0178514522438,3396.8443360890446,,
46.68411360000027,keyboard,key_release,,,,,,,0.3406758000055561,
46.68982599998708,mouse,move,276,27,22,-3,22.20360331117452,2871.2051067927237,,
46.697677499993006,mouse,move,314,25,38,-2,38.05259518088089,4846.538260479624,,
46.70581709999533,mouse,move,356,20,42,-5,42.2965719651132,5196.39441164683,,
46.71390629999223,mouse,move,387,20,31,0,31.0,3832.2701888777688,,
46.72189929999877,mouse,move,427,12,40,-8,40.792156108742276,5103.485058849717,,
46.72995639999863,mouse,move,460,6,33,-6,33.54101966249684,4162.914654538226,,
46.738051199994516,mouse,move,485,4,25,-2,25.079872407968907,3098.2695583224927,,
46.74600919999648,mouse,move,507,1,22,-3,22.20360331117452,2790.0984299694546,,
46.754161699995166,mouse,move,527,-3,20,-4,20.396078054371138,2501.81883565243,,
46.76271929999348,mouse,move,536,-2,9,1,9.055385138137417,1058.1687786205864,,
46.77014119998785,mouse,move,543,-5,7,-3,7.615773105863909,1026.121762842586,,
46.77872189998743,mouse,move,545,0,2,5,5.385164807134504,627.5903839308744,,
46.78576279999106,mouse,move,547,-2,2,-2,2.8284271247461903,401.7138609109206,,
46.793891999986954,mouse,move,547,-1,0,1,1.0,123.01333470763713,,
46.801947699990706,mouse,move,547,-1,0,0,0.0,0.0,,
46.810151599987876,mouse,move,547,-2,0,-1,1.0,121.89324593729174,,
46.817894399995566,mouse,move,547,-1,0,1,1.0,129.1522445377295,,
46.825975899992045,mouse,move,547,-1,0,0,0.0,0.0,,
46.833784699992975,mouse,move,547,-2,0,-1,1.0,128.06064950835946,,
46.84191469999496,mouse,move,546,-2,-1,0,1.0,123.00122998228787,,
46.85026629999629,mouse,move,545,0,-1,2,2.23606797749979,267.741268396812,,
46.94580619999033,mouse,move,544,-1,-1,-1,1.4142135623730951,14.802334547779093,,
46.97751179999614,mouse,move,544,1,0,2,2.0,63.080339108349,,
46.98550119998981,mouse,move,543,3,-1,2,2.23606797749979,279.87933753095524,,
46.993541799995,mouse,move,540,7,-3,4,5.0,621.844140583272,,
47.00147639999341,mouse,move,540,12,0,5,5.0,630.1514885443236,,
47.009470999997575,mouse,move,538,19,-2,7,7.280109889280518,910.6284098623646,,
47.01755129999947,mouse,move,534,28,-4,9,9.848857801796104,1218.8727893133353,,
47.02560919999087,mouse,move,532,36,-2,8,8.246211251235321,1023.3697688028769,,
47.03355749999173,mouse,move,528,41,-4,5,6.4031242374328485,805.5966982547524,,
47.041534799995134,mouse,move,522,48,-6,7,9.219544457292887,1155.7224190338889,,
47.04955029999837,mouse,move,519,53,-3,5,5.830951894845301,727.4595337145478,,
47.057565399998566,mouse,move,516,55,-3,2,3.605551275463989,449.8448273105782,,
47.06561899998633,mouse,move,512,57,-4,2,4.47213595499958,555.2965086167413,,
47.07355099999404,mouse,move,510,59,-2,2,2.8284271247461903,356.5843572864068,,
47.081551399998716,mouse,move,507,60,-3,1,3.1622776601683795,395.2649440428321,,
47.089594399993075,mouse,move,503,62,-4,2,4.47213595499958,556.0283424264761,,
47.097447599997395,mouse,move,502,64,-1,2,2.23606797749979,284.7333540811183,,
47.10547979999683,mouse,move,496,65,-6,1,6.082762530298219,757.2971951304615,,
47.113635199988494,mouse,move,493,65,-3,0,3.0,367.85442811708236,,
47.12155139999231,mouse,move,488,65,-5,0,5.0,631.6161791753009,,
47.12957939998887,mouse,move,481,65,-7,0,7.0,871.9481817391884,,
47.137665799993556,mouse,move,477,65,-4,0,4.0,494.6576965871222,,
47.14560899999924,mouse,move,472,65,-5,0,5.0,629.4692310935224,,
47.15365969999402,mouse,move,465,65,-7,0,7.0,869.4896101626193,,
47.16159920000064,mouse,move,460,64,-5,-1,5.0990195135927845,642.2343358328465,,
47.16952119999041,mouse,move,451,61,-9,-3,9.486832980505138,1197.530042003125,,
47.17770390000078,mouse,move,444,57,-7,-4,8.06225774829855,985.2808654949245,,
47.18550439999672,mouse,move,438,55,-6,-2,6.324555320336759,810.7884524877289,,
47.19381799999974,mouse,move,434,52,-4,-3,5.0,601.4241722218046,,
47.201498399997945,mouse,move,431,50,-3,-2,3.605551275463989,469.4483719995624,,
47.20949759999348,mouse,move,428,49,-3,-1,3.1622776601683795,395.32424016554523,,
47.21751149999909,mouse,move,425,46,-3,-3,4.242640687119285,529.4102352350819,,
47.2255623999954,mouse,move,420,44,-5,-2,5.385164807134504,668.8897899123708,,
47.23353289999068,mouse,move,414,42,-6,-2,6.324555320336759,793.4954299079446,,
47.241594899998745,mouse,move,410,40,-4,-2,4.47213595499958,554.7179298591672,,
47.24952879999182,mouse,move,406,39,-4,-1,4.123105625617661,519.6820768115883,,
47.257537199999206,mouse,move,403,37,-3,-2,3.605551275463989,450.22117678182934,,
47.26559379999526,mouse,move,401,36,-2,-1,2.23606797749979,277.5448673876508,,
47.33752719999757,mouse,move,401,35,0,-1,1.0,13.901748005348171,,
47.385529399994994,mouse,move,400,34,-1,-1,1.4142135623730951,29.46143223537465,,
47.39365619998716,mouse,move,399,34,-1,0,1.0,123.04966296249086,,
47.43351679999614,mouse,move,399,34,0,0,0.0,0.0,,
47.473581799989915,mouse,move,398,34,-1,0,1.0,24.959440912402215,,
47.48969039999065,mouse,move,397,34,-1,0,1.0,62.07864121987056,,
47.498072499991395,mouse,move,396,34,-1,0,1.0,119.30184558895236,,
47.505839099991135,mouse,move,394,34,-2,0,2.0,257.5129400338331,,
47.513675999987754,mouse,move,390,34,-4,0,4.0,510.4059005124239,,
47.52186769999389,mouse,move,380,34,-10,0,10.0,1220.7478292062299,,
47.5296665999922,mouse,move,363,34,-17,0,17.0,2179.7945868894235,,
47.53791439998895,mouse,move,338,34,-25,0,25.0,3031.111327850356,,
47.54600919999939,mouse,move,304,34,-34,0,34.0,4200.2273010018625,,
47.553762099996675,mouse,move,273,34,-31,0,31.0,3998.5037870801466,,
47.562019999997574,mouse,move,236,34,-37,0,37.0,4480.558010628796,,
47.56983449999825,mouse,move,205,34,-31,0,31.0,3966.9844516365815,,
47.57779979999759,mouse,move,185,34,-20,0,20.0,2510.890989875303,,
47.585879299993394,mouse,move,171,34,-14,0,14.0,1732.7804947428565,,
47.59379509999417,mouse,move,166,34,-5,0,5.0,631.6480961508965,,
47.60980959999142,mouse,move,165,34,-1,0,1.0,62.44341066979555,,
47.65772079999442,mouse,move,167,34,2,0,2.0,41.743892865859536,,
47.66572879999876,mouse,move,172,34,5,0,5.0,624.3756240373871,,
47.67375940000056,mouse,move,181,30,9,-4,9.848857801796104,1226.4161830480018,,
47.68173489999026,mouse,move,192,23,11,-7,13.038404810405298,1634.8072004573453,,
47.689917600000626,mouse,move,204,18,12,-5,13.0,1588.7176584173512,,
47.697815199993784,mouse,move,214,15,10,-3,10.44030650891055,1321.959395000564,,
47.705693600000814,mouse,move,223,14,9,-1,9.055385138137417,1149.3939289776076,,
47.71382409999205,mouse,move,228,14,5,0,5.0,614.9683297937037,,
47.72170989999722,mouse,move,231,12,3,-2,3.605551275463989,457.22073513154623,,
47.73779789998662,mouse,move,234,12,3,0,3.0,186.47439097324437,,
47.75371069999528,mouse,move,234,13,0,1,1.0,62.842491544890805,,
47.76987279999594,mouse,move,235,14,1,1,1.4142135623730951,87.50184458181026,,
47.777853399995365,mouse,move,235,14,0,0,0.0,0.0,,
47.78579889998946,mouse,move,235,15,0,1,1.0,125.85740365532317,,
47.79380780000065,mouse,move,236,16,1,1,1.4142135623730951,176.58024952202675,,
47.8017961000005,mouse,move,237,17,1,1,1.4142135623730951,177.03560987936652,,
47.80983919999562,mouse,move,240,20,3,3,4.242640687119285,527.4882433008668,,
47.817968399991514,mouse,move,246,25,6,5,7.810249675906654,960.7648575325196,,
47.825753599987365,mouse,move,250,27,4,2,4.47213595499958,574.440728225717,,
47.833872199989855,mouse,move,261,31,11,4,11.704699910719626,1441.7140771967804,,
47.84190379999927,mouse,move,268,32,7,1,7.0710678118654755,880.4058722514258,,
47.849830599996494,mouse,move,276,33,8,1,8.06225774829855,1017.0885793919801,,
47.857806399988476,mouse,move,286,33,10,0,10.0,1253.7927242474532,,
47.86583389999578,mouse,move,296,33,10,0,10.0,1245.7178437750613,,
47.87395999999717,mouse,move,305,33,9,0,9.0,1107.542363305815,,
47.881827899997006,mouse,move,312,33,7,0,7.0,889.6910230359654,,
47.88979869999457,mouse,move,317,33,5,0,5.0,627.2896072573943,,
47.89795699999377,mouse,move,322,33,5,0,5.0,612.8727799288173,,
47.9058023999969,mouse,move,329,33,7,0,7.0,892.2425876569032,,
47.913826399992104,mouse,move,332,33,3,0,3.0,373.8783651288117,,
47.92176759999711,mouse,move,336,34,4,1,4.123105625617661,519.2043548856617,,
47.95376489999762,mouse,move,337,34,1,0,1.0,31.25263694074179,,
47.961950400000205,mouse,move,339,34,2,0,2.0,244.33449384509098,,
47.969674699997995,mouse,move,345,32,6,-2,6.324555320336759,818.7868573393646,,
47.97779509999964,mouse,move,352,31,7,-1,7.0710678118654755,870.7782634394586,,
47.985745999991195,mouse,move,363,31,11,0,11.0,1383.4911785687282,,
47.9937374000001,mouse,move,375,31,12,0,12.0,1501.614233629715,,
48.00171139999293,mouse,move,382,31,7,0,7.0,877.8530231121223,,
48.00978699998814,mouse,move,383,31,1,0,1.0,123.82980838492254,,
48.258194699999876,mouse,click_press,383,31,,,,,,
48.44205649998912,mouse,click_release,383,31,,,,,,
48.81772799999453,mouse,move,385,31,2,0,2.0,2.475428280015708,,
48.90578599998844,mouse,move,383,31,-2,0,2.0,22.712303256244514,,
48.91394239998772,mouse,move,378,31,-5,0,5.0,613.0155461283973,,
48.92198459999054,mouse,move,378,31,0,0,0.0,0.0,,
49.15401619998738,mouse,click_press,378,31,,,,,,
49.3304719000007,mouse,click_release,378,31,,,,,,
49.60995339999499,mouse,move,377,30,-1,-1,1.4142135623730951,2.0556361892631423,,
50.968618499988224,keyboard,key_press,,,,,,,,4.625180699993507
51.071221599995624,keyboard,key_release,,,,,,,0.10260310000739992,
51.25480599999719,keyboard,key_press,,,,,,,,0.286187500008964
51.381558799999766,keyboard,key_release,,,,,,,0.12675280000257771,
51.488647099991795,keyboard,key_press,,,,,,,,0.23384109999460634
51.64140860000043,keyboard,key_press,,,,,,,,0.15276150000863709
51.762133399999584,keyboard,key_release,,,,,,,0.2734863000077894,
51.87267799999972,keyboard,key_release,,,,,,,0.23126939999929164,
51.979604899999686,keyboard,key_press,,,,,,,,0.3381962999992538
52.00709079999069,keyboard,key_press,,,,,,,,0.02748589999100659
52.21055869999691,keyboard,key_release,,,,,,,0.23095379999722354,
52.36303329998918,keyboard,key_press,,,,,,,,0.35594249999849126
52.41918079998868,keyboard,key_release,,,,,,,0.41208999999798834,
52.57646149999346,keyboard,key_release,,,,,,,0.2134282000042731,
52.908934299994144,keyboard,key_press,,,,,,,,0.5459010000049602
53.05204669998784,keyboard,key_release,,,,,,,0.14311239999369718,
54.4175957999978,mouse,move,377,37,0,7,7.0,1.456015114600852,,
54.42572699999437,mouse,move,377,72,0,35,35.0,4304.407715314786,,
54.43379459998687,mouse,move,377,116,0,44,44.0,5453.914428194381,,
54.44199339998886,mouse,move,377,143,0,27,27.0,3293.1648525930996,,
54.449816499996814,mouse,move,374,162,-3,19,19.235384061671343,2458.7930669573407,,
54.45792809998966,mouse,move,370,179,-4,17,17.46424919657298,2152.996845502642,,
54.46623209999234,mouse,move,368,200,-2,21,21.095023109728988,2540.344785996823,,
54.47388839999621,mouse,move,363,226,-5,26,26.476404589747453,3458.120054902958,,
54.48197339999024,mouse,move,362,243,-1,17,17.029386365926403,2106.2939243673864,,
54.490158399989014,mouse,move,356,258,-6,15,16.15549442140351,1973.7928434723021,,
54.49794459999248,mouse,move,352,267,-4,9,9.848857801796104,1264.9119978182396,,
54.50575939999544,mouse,move,349,272,-3,5,5.830951894845301,746.1421780001614,,
54.51380380000046,mouse,move,348,273,-1,1,1.4142135623730951,175.800999638345,,
54.52174179999565,mouse,move,345,275,-3,2,3.605551275463989,454.21406873867693,,
54.561908899995615,mouse,move,345,276,0,1,1.0,24.89599697267009,,
54.56991329998709,mouse,move,345,277,0,1,1.0,124.93128792472696,,
54.57788909999363,mouse,move,345,282,0,5,5.0,626.8963609799489,,
54.58581159998721,mouse,move,344,291,-1,9,9.055385138137417,1142.9959161214022,,
54.59387229999993,mouse,move,343,298,-1,7,7.0710678118654755,877.2275113460338,,
54.60181519998878,mouse,move,341,305,-2,7,7.280109889280518,916.5556534140105,,
54.60976289999962,mouse,move,338,309,-3,4,5.0,629.1128242355645,,
54.617976499997894,mouse,move,338,313,0,4,4.0,486.9971755188922,,
54.62586939999892,mouse,move,338,316,0,3,3.0,380.08843385960483,,
54.633726100000786,mouse,move,338,321,0,5,5.0,636.3995060027905,,
54.641752799987444,mouse,move,338,329,0,8,8.0,996.6736035104789,,
54.64972789998865,mouse,move,338,339,0,10,10.0,1253.9027721897553,,
54.65781639999477,mouse,move,340,353,2,14,14.142135623730951,1748.4250000646518,,
54.6657850999909,mouse,move,343,369,3,16,16.278820596099706,2042.8452073753588,,
54.673881199996686,mouse,move,349,389,6,20,20.8806130178211,2579.0952437465226,,
54.68206709998776,mouse,move,356,413,7,24,25.0,3054.0319362871323,,
54.689910799992504,mouse,move,362,434,6,21,21.840329667841555,2784.442247235231,,
54.69769570000062,mouse,move,365,444,3,10,10.44030650891055,1341.0970594384733,,
54.70592619999661,mouse,move,367,451,2,7,7.280109889280518,884.5282659411389,,
54.7218387999892,mouse,move,368,452,1,1,1.4142135623730951,88.87382093634797,,
54.857855199996266,mouse,move,369,453,1,1,1.4142135623730951,10.397375333412983,,
54.88010119998944,mouse,move,375,464,6,11,12.529964086141668,563.2457111384606,,
54.89100689999759,mouse,move,377,469,2,5,5.385164807134504,493.7935944606098,,
54.90696779999416,mouse,move,377,473,0,4,4.0,250.61243418975678,,
54.98618979999446,mouse,click_press,377,473,,,,,,
55.19441119999101,mouse,click_release,377,473,,,,,,
55.841746799997054,mouse,move,377,474,0,1,1.0,1.0697715716729916,,
55.8496085999941,mouse,move,376,474,-1,0,1.0,127.19733399169438,,
55.85804079999798,mouse,move,375,474,-1,0,1.0,118.59301244511985,,
55.86564139999973,mouse,move,373,475,-2,1,2.23606797749979,294.19624463654463,,
56.153668799990555,mouse,move,373,473,0,-2,2.0,6.943783820788285,,
56.161669499997515,mouse,move,374,472,1,-1,1.4142135623730951,176.76122853535867,,
56.16966539999703,mouse,move,378,470,4,-2,4.47213595499958,559.3036375231402,,
56.17763039999409,mouse,move,383,466,5,-4,6.4031242374328485,803.9076258378823,,
56.1856884000008,mouse,move,384,465,1,-1,1.4142135623730951,175.50428905372792,,
56.19367129998864,mouse,move,386,464,2,-1,2.23606797749979,280.107226810639,,
56.201638499987894,mouse,move,388,462,2,-2,2.8284271247461903,355.00892722787995,,
56.209681499996805,mouse,move,390,461,2,-1,2.23606797749979,278.01417071023684,,
56.21766629999911,mouse,move,391,460,1,-1,1.4142135623730951,177.11321034526577,,
56.22564919998695,mouse,move,394,459,3,-1,3.1622776601683795,396.1314390743223,,
56.23370199999772,mouse,move,396,458,2,-1,2.23606797749979,277.67583629399587,,
56.24170369999774,mouse,move,399,457,3,-1,3.1622776601683795,395.20072736536895,,
56.24969449998753,mouse,move,401,456,2,-1,2.23606797749979,279.8303023925637,,
56.2577256999939,mouse,move,404,454,3,-2,3.605551275463989,448.9430312535623,,
56.2657879999897,mouse,move,407,453,3,-1,3.1622776601683795,392.23021492823676,,
56.27380679998896,mouse,move,408,453,1,0,1.0,124.70693870552849,,
56.281863299998804,mouse,move,410,452,2,-1,2.23606797749979,277.5483118932341,,
56.28962959999626,mouse,move,411,452,1,0,1.0,128.76144371547858,,
56.29812629999651,mouse,move,411,452,0,0,0.0,0.0,,
56.31376929998805,mouse,move,413,452,2,0,2.0,127.85271374297852,,
56.32193059999554,mouse,move,414,452,1,0,1.0,122.52949886447703,,
56.32970550000027,mouse,move,414,452,0,0,0.0,0.0,,
56.33772029999818,mouse,move,416,453,2,1,2.23606797749979,278.9923613918207,,
56.345688799992786,mouse,move,418,454,2,1,2.23606797749979,280.61341268921416,,
56.35371369999484,mouse,move,419,455,1,1,1.4142135623730951,176.22818502545888,,
56.36176319999504,mouse,move,421,457,2,2,2.8284271247461903,351.3792315891439,,
56.369689599989215,mouse,move,423,458,2,1,2.23606797749979,282.103852838968,,
56.38572799999383,mouse,move,424,459,1,1,1.4142135623730951,88.17672348650156,,
56.42617939999036,mouse,move,424,459,0,0,0.0,0.0,,
57.0659372999944,mouse,move,425,459,1,0,1.0,1.5630912881164603,,
57.08982069999911,mouse,move,426,459,1,0,1.0,41.87008549046387,,
57.097600299995975,mouse,move,427,459,1,0,1.0,128.54131322984261,,
57.11363559999154,mouse,move,430,458,3,-1,3.1622776601683795,197.2072652861513,,
57.12164579999808,mouse,move,432,456,2,-2,2.8284271247461903,353.1031837454217,,
57.129670199996326,mouse,move,434,456,2,0,2.0,249.2398186078124,,
57.13768889999483,mouse,move,436,455,2,-1,2.23606797749979,278.8566697741035,,
57.14563359999738,mouse,move,444,455,8,0,8.0,1006.9606149292422,,
57.15374469998642,mouse,move,454,453,10,-2,10.198039027185569,1257.2942068238892,,
57.16198779999104,mouse,move,468,453,14,0,14.0,1698.3901677953168,,
57.169622099987464,mouse,move,486,453,18,0,18.0,2357.7800202281974,,
57.17763349998859,mouse,move,501,453,15,0,15.0,1872.3319267414367,,
57.18566469999496,mouse,move,516,453,15,0,15.0,1867.7159064772516,,
57.193645899998955,mouse,move,526,453,10,0,10.0,1252.944418758159,,
57.201589599993895,mouse,move,531,453,5,0,5.0,629.4296112875995,,
57.20961059999536,mouse,move,538,453,7,0,7.0,872.709138352217,,
57.21761359999073,mouse,move,545,451,7,-2,7.280109889280518,909.672609458052,,
57.225709799997276,mouse,move,556,450,11,-1,11.045361017187261,1364.2648413148916,,
57.23369819999789,mouse,move,570,450,14,0,14.0,1752.5411845833173,,
57.2418517999904,mouse,move,581,449,11,-1,11.045361017187261,1354.6606440507874,,
57.25028559999191,mouse,move,595,449,14,0,14.0,1659.9871940868447,,
57.257595099988976,mouse,move,610,449,15,0,15.0,2052.1239491108804,,
57.26573099999223,mouse,move,625,449,15,0,15.0,1843.6804771447066,,
57.27355929999612,mouse,move,640,447,15,-2,15.132745950421556,1933.082015622136,,
57.28167479998956,mouse,move,651,446,11,-1,11.045361017187261,1361.020396293473,,
57.28957379999338,mouse,move,668,445,17,-1,17.029386365926403,2155.8914239392716,,
57.297544799992465,mouse,move,678,445,10,0,10.0,1254.5477356848392,,
57.3055628999864,mouse,move,683,445,5,0,5.0,623.5891300661403,,
57.31358989998989,mouse,move,688,445,5,0,5.0,622.8977199231836,,
57.32167989999289,mouse,move,690,445,2,0,2.0,247.21878853643722,,
57.41758209999534,mouse,move,689,445,-1,0,1.0,10.427289467544954,,
57.857766199987964,mouse,move,689,445,0,0,0.0,0.0,,
57.86577979999129,mouse,move,691,443,2,-2,2.8284271247461903,352.95336971812213,,
57.87376079999376,mouse,move,693,441,2,-2,2.8284271247461903,354.3950787958353,,
57.88177489998634,mouse,move,694,441,1,0,1.0,124.78007523315304,,
59.000733499997295,keyboard,key_press,,,,,,,,6.091799200003152
59.19114249999984,keyboard,key_release,,,,,,,0.19040900000254624,
60.11381559999427,mouse,move,695,440,1,-1,1.4142135623730951,0.6335966733796886,,
60.114626199996565,mouse,scroll,695,440,0,-1,,,,
60.12978419999126,mouse,move,695,439,0,-1,1.0,62.62289744800236,,
60.13774529998773,mouse,move,696,436,1,-3,3.1622776601683795,397.21617132969135,,
60.14578079999774,mouse,move,697,427,1,-9,9.055385138137417,1126.9224226068181,,
60.14669270000013,mouse,scroll,697,427,0,-1,,,,
60.15418059998774,mouse,move,700,417,3,-10,10.44030650891055,1242.92322690269,,
60.16186649999872,mouse,move,701,412,1,-5,5.0990195135927845,663.4251689855555,,
60.169867399992654,mouse,move,702,409,1,-3,3.1622776601683795,395.24024329351886,,
60.171261699986644,mouse,scroll,702,409,0,-1,,,,
60.17779519999749,mouse,move,702,408,0,-1,1.0,126.13839897449141,,
60.1861413000006,mouse,scroll,702,408,0,-1,,,,
60.202186199996504,mouse,scroll,702,408,0,-1,,,,
60.21812669999781,mouse,scroll,702,408,0,-1,,,,
60.2340480999992,mouse,scroll,702,408,0,-1,,,,
60.44183939999493,mouse,move,703,407,1,-1,1.4142135623730951,5.355972834801111,,
60.44967859999451,mouse,move,704,407,1,0,1.0,127.5640371534795,,
60.45773229999759,mouse,move,711,404,7,-3,7.615773105863909,945.6241358576311,,
60.465850699998555,mouse,move,717,401,6,-3,6.708203932499369,826.2963061317834,,
60.47378069999104,mouse,move,723,396,6,-5,7.810249675906654,984.8990773403445,,
60.48169319999579,mouse,move,728,393,5,-3,5.830951894845301,736.9291489851596,,
60.48979509998753,mouse,move,733,390,5,-3,5.830951894845301,719.701786098037,,
60.49791890000051,mouse,move,736,388,3,-2,3.605551275463989,443.82570591379124,,
60.50579269998707,mouse,move,738,385,2,-3,3.605551275463989,457.91755970694965,,
60.51376959998743,mouse,move,746,380,8,-5,9.433981132056603,1182.662579652899,,
60.52181199999177,mouse,move,752,376,6,-4,7.211102550927978,896.6356494373083,,
60.530077199990046,mouse,move,761,366,9,-10,13.45362404707371,1627.743315331501,,
60.53778119999333,mouse,move,776,351,15,-15,21.213203435596427,2753.5310782121715,,
60.545795300000464,mouse,move,799,331,23,-20,30.479501308256342,3803.234459407341,,
60.553725199992186,mouse,move,828,304,29,-27,39.6232255123179,4996.686661077263,,
60.5618831999891,mouse,move,863,275,35,-29,45.45327270945405,5571.619603660932,,
60.569761399994604,mouse,move,894,250,31,-25,39.824615503479755,5055.03991719443,,
60.57780939999793,mouse,move,923,226,29,-24,37.64306044943742,4677.318642379859,,
60.58579089998966,mouse,move,949,200,26,-26,36.76955262170047,4606.847417127615,,
60.59410979998938,mouse,move,976,171,27,-29,39.6232255123179,4763.03664109948,,
60.60179469999275,mouse,move,993,144,17,-27,31.906112267087632,4151.792769339924,,
60.610297399995034,mouse,move,1003,130,10,-14,17.204650534085253,2023.4337950848467,,
60.61778699999559,mouse,move,1008,124,5,-6,7.810249675906654,1042.8126569281646,,
60.62581329999375,mouse,move,1009,122,1,-2,2.23606797749979,278.59262400000455,,
60.63376819998666,mouse,move,1009,121,0,-1,1.0,125.70868281075157,,
60.649975899999845,mouse,move,1009,120,0,-1,1.0,61.69906891086444,,
60.65777049999451,mouse,move,1007,120,-2,0,2.0,256.5878943586812,,
60.66577419999521,mouse,move,997,124,-10,4,10.770329614269007,1345.6688298321483,,
60.67386439999973,mouse,move,979,130,-18,6,18.973665961010276,2345.2653766799926,,
60.681787800000166,mouse,move,944,144,-35,14,37.69615364994153,4757.572967143667,,
60.68998089998786,mouse,move,902,165,-42,21,46.95742752749558,5731.338272208372,,
60.69789589999709,mouse,move,846,189,-56,24,60.92618484691127,7697.559668456288,,
60.70578829999431,mouse,move,794,213,-52,24,57.271284253105414,7256.510601755622,,
60.713748499998474,mouse,move,747,241,-47,28,54.70831746635972,6872.7315190255495,,
60.7217973999941,mouse,move,694,270,-53,29,60.41522986797286,7506.0231709654245,,
60.73032519999833,mouse,move,653,297,-41,27,49.09175083453431,5756.6723903209395,,
60.73123969999142,mouse,scroll,653,297,0,-1,,,,
60.737756099988474,mouse,move,601,321,-52,24,57.271284253105414,7707.180062858423,,
60.745736199998646,mouse,move,560,345,-41,24,47.50789408087881,5953.295575283409,,
60.75367899998673,mouse,move,517,373,-43,28,51.31276644267,6460.286866046695,,
60.75444669999706,mouse,scroll,517,373,0,-1,,,,
60.761693299995386,mouse,move,483,391,-34,18,38.47076812334269,4800.265535580501,,
60.76990569999907,mouse,move,453,412,-30,21,36.61966684720111,4459.070044173042,,
60.7710412999877,mouse,scroll,453,412,0,-1,,,,
60.777718499986804,mouse,move,432,426,-21,14,25.238858928247925,3230.449898612237,,
60.78576659999089,mouse,move,421,437,-11,11,15.556349186104045,1932.9219540264412,,
60.793735699990066,mouse,move,417,440,-4,3,5.0,627.4234230363683,,
60.794665800000075,mouse,scroll,417,440,0,-1,,,,
60.801706799989915,mouse,move,415,442,-2,2,2.8284271247461903,354.8352328787153,,
60.809874200000195,mouse,move,414,442,-1,0,1.0,122.43798500641739,,
60.81790309998905,mouse,move,414,445,0,3,3.0,373.65018921187203,,
60.81901569999172,mouse,scroll,414,445,0,-1,,,,
60.833678700000746,mouse,move,414,447,0,2,2.0,126.77806223012401,,
60.841976699986844,mouse,move,414,450,0,3,3.0,361.5329000995393,,
60.84325039999385,mouse,scroll,414,450,0,-1,,,,
60.84978809999302,mouse,move,414,452,0,2,2.0,256.03604967339123,,
60.85788839998713,mouse,move,414,459,0,7,7.0,864.165525361803,,
60.86588999998639,mouse,move,414,473,0,14,14.0,1749.650070147575,,
60.87421879998874,mouse,move,414,488,0,15,15.0,1800.9797324674905,,
60.88227019998885,mouse,move,414,501,0,13,13.0,1614.626027748894,,
60.89035079999303,mouse,move,414,514,0,13,13.0,1608.79142554751,,
60.892700899988995,mouse,scroll,414,514,0,-1,,,,
60.89790119999088,mouse,move,414,521,0,7,7.0,927.103200094017,,
60.90645299998869,mouse,move,414,528,0,7,7.0,818.5411260550663,,
60.91392099999939,mouse,move,414,538,0,10,10.0,1339.0465969024183,,
60.92198569999891,mouse,move,414,546,0,8,8.0,991.9773829744133,,
60.929764299988165,mouse,move,414,556,0,10,10.0,1285.5783834903943,,
60.93777799999225,mouse,move,415,568,1,12,12.041594578792296,1502.6260744293045,,
60.94592479999119,mouse,move,416,577,1,9,9.055385138137417,1111.5266287764116,,
60.953726599997026,mouse,move,418,587,2,10,10.198039027185569,1307.1392524233595,,
60.96166419998917,mouse,move,420,594,2,7,7.280109889280518,917.1676446889861,,
60.96977689999039,mouse,move,421,601,1,7,7.0710678118654755,871.6047445119291,,
60.97777149999456,mouse,move,421,605,0,4,4.0,500.3377277055693,,
60.98582339999848,mouse,move,420,608,-1,3,3.1622776601683795,392.7368271623753,,
60.99399619999167,mouse,move,420,609,0,1,1.0,122.35708702442906,,
61.18567949999124,mouse,move,420,612,0,3,3.0,15.6508156944646,,
61.18637859998853,mouse,scroll,420,612,0,-1,,,,
61.19374029999017,mouse,move,431,618,11,6,12.529964086141668,1554.4318290746996,,
61.201751199987484,mouse,move,447,629,16,11,19.4164878389476,2423.7586095759825,,
61.20261899998877,mouse,scroll,447,629,0,-1,,,,
61.20984199999657,mouse,move,463,634,16,5,16.76305461424021,2071.8661436960074,,
61.217731299999286,mouse,move,481,641,18,7,19.313207915827967,2448.0255420858566,,
61.22579029999906,mouse,move,496,647,15,6,16.15549442140351,2004.6524906134077,,
61.22654389998934,mouse,scroll,496,647,0,-1,,,,
61.233772699997644,mouse,move,510,654,14,7,15.652475842498529,1960.8734021446069,,
61.241753599999356,mouse,move,522,659,12,5,13.0,1628.888972072211,,
61.2497272999899,mouse,move,533,665,11,6,12.529964086141668,1571.4115280235853,,
61.25780609999492,mouse,move,543,667,10,2,10.198039027185569,1262.3210156018797,,
61.26573319999443,mouse,move,552,673,9,6,10.816653826391969,1364.5158793336786,,
61.273973199989996,mouse,move,562,674,10,1,10.04987562112089,1219.6451003067589,,
61.281813099994906,mouse,move,570,677,8,3,8.54400374531753,1089.810296045387,,
61.28978289999941,mouse,move,575,677,5,0,5.0,627.3683150361504,,
61.29771629998868,mouse,move,575,677,0,0,0.0,0.0,,
62.12557239999296,keyboard,key_press,,,,,,,,3.124838899995666
62.35105599999952,keyboard,key_release,,,,,,,0.2254836000065552,
62.432786999997916,keyboard,key_press,,,,,,,,0.30721460000495426
62.52277429999958,keyboard,key_release,,,,,,,0.08998730000166688,
63.000935899995966,keyboard,key_press,,,,,,,,0.5681488999980502
63.11074769998959,keyboard,key_release,,,,,,,0.10981179999362212,
63.18808769999305,keyboard,key_press,,,,,,,,0.18715179999708198
63.297563399988576,keyboard,key_release,,,,,,,0.10947569999552798,
63.571774599986384,keyboard,key_press,,,,,,,,0.38368689999333583
63.68697849998716,keyboard,key_release,,,,,,,0.11520390000077896,
63.7323761999869,keyboard,key_press,,,,,,,,0.16060160000051837
63.86922449999838,keyboard,key_press,,,,,,,,0.1368483000114793
63.92369039999903,keyboard,key_release,,,,,,,0.19131420001212973,
63.97840749999159,keyboard,key_release,,,,,,,0.1091829999932088,
64.03187929998967,keyboard,key_press,,,,,,,,0.1626547999912873
64.14184379999642,keyboard,key_release,,,,,,,0.10996450000675395,
64.25882199998887,keyboard,key_press,,,,,,,,0.22694269999919925
64.4554965999996,keyboard,key_press,,,,,,,,0.19667460001073778
64.49482199999329,keyboard,key_release,,,,,,,0.23600000000442378,
64.66921699998784,keyboard,key_press,,,,,,,,0.2137203999882331
64.68648079999548,keyboard,key_release,,,,,,,0.2309841999958735,
64.90479879999475,keyboard,key_press,,,,,,,,0.2355818000069121
64.93836859999283,keyboard,key_release,,,,,,,0.2691516000049887,
65.15145649999613,keyboard,key_press,,,,,,,,0.24665770000137854
65.1897622999968,keyboard,key_release,,,,,,,0.28496350000204984,
65.29762919999484,keyboard,key_press,,,,,,,,0.14617269999871496
65.40842759999214,keyboard,key_release,,,,,,,0.256971099996008,
65.46168629999738,keyboard,key_press,,,,,,,,0.16405710000253748
65.48959549999563,keyboard,key_release,,,,,,,0.19196630000078585,
65.64219169999706,keyboard,key_press,,,,,,,,0.1805053999996744
65.70281559998693,keyboard,key_release,,,,,,,0.24112929998955224,
65.71313499999815,keyboard,key_press,,,,,,,,0.07094330000109039
65.82922299999336,keyboard,key_release,,,,,,,0.1870312999963062,
65.8997701999906,keyboard,key_press,,,,,,,,0.18663519999245182
65.93820779999078,keyboard,key_release,,,,,,,0.2250727999926312,
66.04743839999719,keyboard,key_press,,,,,,,,0.1476682000065921
66.09112129999266,keyboard,key_release,,,,,,,0.19135110000206623,
66.18399059999501,keyboard,key_press,,,,,,,,0.13655219999782275
66.261497399988,keyboard,key_release,,,,,,,0.21405899999081157,
66.40791039999749,keyboard,key_release,,,,,,,0.22391980000247713,
66.62800459998834,keyboard,key_press,,,,,,,,0.4440139999933308
66.79268859999138,keyboard,key_press,,,,,,,,0.16468400000303518
66.83135029999539,keyboard,key_release,,,,,,,0.20334570000704844,
66.89606359999743,keyboard,key_press,,,,,,,,0.1033750000060536
66.95682680000027,keyboard,key_release,,,,,,,0.16413820000889245,
67.02779699998791,keyboard,key_release,,,,,,,0.1317333999904804,
67.1558679999871,keyboard,key_press,,,,,,,,0.25980439998966176
67.25982829999703,keyboard,key_release,,,,,,,0.1039603000099305,
67.30701379998936,keyboard,key_press,,,,,,,,0.15114580000226852
67.41625759999442,keyboard,key_press,,,,,,,,0.10924380000506062
67.46744139998918,keyboard,key_release,,,,,,,0.1604275999998208,
67.60918449999008,keyboard,key_press,,,,,,,,0.19292689999565482
67.61398449999979,keyboard,key_release,,,,,,,0.19772690000536386,
67.72308859998884,keyboard,key_press,,,,,,,,0.11390409999876283
67.78474959998857,keyboard,key_release,,,,,,,0.17556509999849368,
67.88090739998734,keyboard,key_press,,,,,,,,0.1578187999984948
67.93738859999576,keyboard,key_release,,,,,,,0.21430000000691507,
68.08909139999014,keyboard,key_release,,,,,,,0.20818400000280235,
68.09461539999756,keyboard,key_press,,,,,,,,0.21370800001022872
68.24832980000065,keyboard,key_press,,,,,,,,0.15371440000308212
68.2870971999946,keyboard,key_release,,,,,,,0.19248179999704007,
68.43885019999288,keyboard,key_press,,,,,,,,0.1905203999922378
68.44505460000073,keyboard,key_release,,,,,,,0.19672480000008363,
68.67520139999397,keyboard,key_press,,,,,,,,0.23635120000108145
68.7132649999985,keyboard,key_release,,,,,,,0.2744148000056157,
68.76749399999972,keyboard,key_press,,,,,,,,0.09229260000574868
68.86142819999077,keyboard,key_release,,,,,,,0.18622679999680258,
68.93694469999173,keyboard,key_press,,,,,,,,0.16945069999201223
69.00353769998765,keyboard,key_release,,,,,,,0.23604369998793118,
69.07883059998858,keyboard,key_press,,,,,,,,0.14188589999685064
69.15578919999825,keyboard,key_release,,,,,,,0.21884450000652578,
69.18840719999571,keyboard,key_release,,,,,,,0.10957660000713076,
69.29152369999792,keyboard,key_press,,,,,,,,0.21269310000934638
69.42906260000018,keyboard,key_press,,,,,,,,0.1375389000022551
69.45736169999873,keyboard,key_release,,,,,,,0.16583800000080373,
69.55552599999646,keyboard,key_release,,,,,,,0.12646339999628253,
69.66047499999695,keyboard,key_press,,,,,,,,0.23141239999677055
69.74687699999777,keyboard,key_release,,,,,,,0.08640200000081677,
69.80306319998635,keyboard,key_press,,,,,,,,0.14258819998940453
69.91425309999613,keyboard,key_release,,,,,,,0.11118990000977647,
69.96708079999371,keyboard,key_press,,,,,,,,0.1640176000073552
70.14819669999997,keyboard,key_press,,,,,,,,0.18111590000626165
70.15355449999333,keyboard,key_release,,,,,,,0.18647369999962393,
70.33398279998801,keyboard,key_release,,,,,,,0.18578609998803586,
70.53753929999948,keyboard,key_press,,,,,,,,0.3893425999995088
70.8221865999949,keyboard,key_press,,,,,,,,0.28464729999541305
70.82850059999328,keyboard,key_release,,,,,,,0.2909612999937963,
70.95982369998819,keyboard,key_press,,,,,,,,0.13763709999329876
71.05419319999055,keyboard,key_release,,,,,,,0.23200659999565687,
71.19623969998793,keyboard,key_release,,,,,,,0.2364159999997355,
72.05188899999484,keyboard,key_press,,,,,,,,1.0920653000066523
72.29838459999883,keyboard,key_release,,,,,,,0.24649560000398196,
72.58975549999741,keyboard,key_press,,,,,,,,0.5378665000025649
72.7049079999997,keyboard,key_press,,,,,,,,0.11515250000229571
72.76116509998974,keyboard,key_release,,,,,,,0.17140959999233019,
72.87414339999668,keyboard,key_press,,,,,,,,0.16923539999697823
72.89774979998765,keyboard,key_release,,,,,,,0.1928417999879457,
73.01198359999398,keyboard,key_press,,,,,,,,0.13784019999729935
73.07298199999786,keyboard,key_release,,,,,,,0.19883860000118148,
73.19776749999437,keyboard,key_release,,,,,,,0.1857839000003878,
73.2786858999898,keyboard,key_press,,,,,,,,0.2667022999958135
73.43952109999373,keyboard,key_release,,,,,,,0.16083520000393037,
73.45701889999327,keyboard,key_press,,,,,,,,0.17833300000347663
73.78457229999185,keyboard,key_press,,,,,,,,0.32755339999857824
73.80223989998922,keyboard,key_release,,,,,,,0.345220999995945,
73.94470129998808,keyboard,key_release,,,,,,,0.16012899999623187,
73.97979929999565,keyboard,key_press,,,,,,,,0.195227000003797
74.20348949999607,keyboard,key_press,,,,,,,,0.22369020000041928
74.26997349999147,keyboard,key_release,,,,,,,0.2901741999958176,
74.48814169999969,keyboard,key_press,,,,,,,,0.28465220000362024
74.50069899999653,keyboard,key_release,,,,,,,0.29720950000046287,
74.54855499998666,keyboard,key_press,,,,,,,,0.0604132999869762
74.71206779999193,keyboard,key_press,,,,,,,,0.16351280000526458
74.73021379999409,keyboard,key_release,,,,,,,0.18165880000742618,
74.78492279999773,keyboard,key_release,,,,,,,0.2967810999980429,
74.9147047999868,keyboard,key_press,,,,,,,,0.20263699999486562
75.00835609999194,keyboard,key_release,,,,,,,0.2962883000000147,
75.09125009999843,keyboard,key_release,,,,,,,0.17654530001163948,
75.20012009999482,keyboard,key_press,,,,,,,,0.28541530000802595
75.35310489998665,keyboard,key_press,,,,,,,,0.15298479999182746
75.403184099996,keyboard,key_release,,,,,,,0.2030640000011772,
75.53417020000052,keyboard,key_release,,,,,,,0.18106530001387,
75.54386869999871,keyboard,key_press,,,,,,,,0.19076380001206417
75.71963169999071,keyboard,key_release,,,,,,,0.17576299999200273,
76.71437799998967,keyboard,key_press,,,,,,,,1.1705092999909539
76.86392150000029,keyboard,key_release,,,,,,,0.14954350001062267,
76.89300219999859,keyboard,key_press,,,,,,,,0.17862420000892598
77.15052539999306,keyboard,key_release,,,,,,,0.25752319999446627,
77.19507739999972,keyboard,key_press,,,,,,,,0.3020752000011271
77.37181819998659,keyboard,key_release,,,,,,,0.17674079998687375,
77.73426859999017,keyboard,key_press,,,,,,,,0.5391911999904551
77.87150489998749,keyboard,key_release,,,,,,,0.13723629999731202,
78.32963929999096,keyboard,key_press,,,,,,,,0.5953707000007853
78.50526879999961,keyboard,key_release,,,,,,,0.17562950000865385,
78.70070299999497,keyboard,key_press,,,,,,,,0.3710637000040151
78.89127149998967,keyboard,key_press,,,,,,,,0.19056849999469705
78.90448759999708,keyboard,key_release,,,,,,,0.20378460000210907,
79.04939779998676,keyboard,key_press,,,,,,,,0.15812629999709316
79.14435179998691,keyboard,key_release,,,,,,,0.2530802999972366,
79.27421920000052,keyboard,key_release,,,,,,,0.22482140001375228,
79.29197389999172,keyboard,key_press,,,,,,,,0.24257610000495333
79.4347662999935,keyboard,key_release,,,,,,,0.14279240000178106,
79.5104668999993,keyboard,key_press,,,,,,,,0.21849300000758376
79.66987209999934,keyboard,key_release,,,,,,,0.15940520000003744,
79.74103379998996,keyboard,key_press,,,,,,,,0.23056689999066293
79.84092849999433,keyboard,key_release,,,,,,,0.09989470000436995,
79.89161639999656,keyboard,key_press,,,,,,,,0.15058260000660084
80.08759719999216,keyboard,key_release,,,,,,,0.1959807999955956,
80.09244759999274,keyboard,key_press,,,,,,,,0.20083119999617338
80.11972079999396,keyboard,key_press,,,,,,,,0.027273200001218356
80.25194659999397,keyboard,key_release,,,,,,,0.15949900000123307,
80.30620129998715,keyboard,key_press,,,,,,,,0.18648049999319483
80.34568499999295,keyboard,key_release,,,,,,,0.22596419999899808,
80.44279629999073,keyboard,key_press,,,,,,,,0.13659500000358094
80.52100679998694,keyboard,key_release,,,,,,,0.21480549999978393,
80.62290689999645,keyboard,key_press,,,,,,,,0.18011060000571888
80.70151229998737,keyboard,key_release,,,,,,,0.25871599999663886,
80.7270950999955,keyboard,key_press,,,,,,,,0.10418819999904372
80.83146499999566,keyboard,key_release,,,,,,,0.20855809999920893,
80.89165179998963,keyboard,key_press,,,,,,,,0.16455669999413658
80.93020279999473,keyboard,key_release,,,,,,,0.2031076999992365,
81.04406019998714,keyboard,key_press,,,,,,,,0.15240839999751188
81.06253909999214,keyboard,key_release,,,,,,,0.17088730000250507,
81.24715849998756,keyboard,key_release,,,,,,,0.20309830000041984,
81.32363849999092,keyboard,key_press,,,,,,,,0.27957830000377726
81.48199539999769,keyboard,key_press,,,,,,,,0.1583569000067655
81.53219529999478,keyboard,key_release,,,,,,,0.208556800003862,
81.67980819998775,keyboard,key_release,,,,,,,0.19781279999006074,
81.88256349999574,keyboard,key_press,,,,,,,,0.4005680999980541
82.0240644000005,keyboard,key_press,,,,,,,,0.14150090000475757
82.05801489998703,keyboard,key_release,,,,,,,0.17545139999128878,
82.22808579998673,keyboard,key_release,,,,,,,0.2040213999862317,
82.31154809999862,keyboard,key_press,,,,,,,,0.28748369999811985
82.45385789999273,keyboard,key_press,,,,,,,,0.1423097999941092
82.4928668999928,keyboard,key_release,,,,,,,0.18131879999418743,
82.5574506999983,keyboard,key_press,,,,,,,,0.10359280000557192
82.62912579999829,keyboard,key_release,,,,,,,0.17526790000556502,
82.6997885999881,keyboard,key_press,,,,,,,,0.14233789998979773
82.74430339998798,keyboard,key_release,,,,,,,0.1868526999896858,
82.84195589998853,keyboard,key_press,,,,,,,,0.14216730000043754
82.91375769999286,keyboard,key_release,,,,,,,0.21396910000476055,
82.98382859998674,keyboard,key_press,,,,,,,,0.14187269999820273
83.04073999999673,keyboard,key_release,,,,,,,0.19878410000819713,
83.25359269999899,keyboard,key_press,,,,,,,,0.26976410001225304
83.28109699999914,keyboard,key_release,,,,,,,0.29726840001239907,
83.47761929999979,keyboard,key_release,,,,,,,0.22402660000079777,
83.61027759998979,keyboard,key_press,,,,,,,,0.3566848999907961
83.6216887999908,keyboard,key_press,,,,,,,,0.011411200001020916
83.80719019999378,keyboard,key_press,,,,,,,,0.18550140000297688
83.82462539999688,keyboard,key_release,,,,,,,0.21434780000708997,
83.86850240000058,keyboard,key_release,,,,,,,0.24681360000977293,
83.97759279998718,keyboard,key_release,,,,,,,0.1704025999933947,
84.05602349998662,keyboard,key_press,,,,,,,,0.24883329999283887
84.24687179998728,keyboard,key_press,,,,,,,,0.19084830000065267
84.27054579999822,keyboard,key_release,,,,,,,0.21452230001159478,
84.38979149999795,keyboard,key_press,,,,,,,,0.14291970001067966
84.41895989999466,keyboard,key_release,,,,,,,0.17208810000738595,
84.5155667999934,keyboard,key_press,,,,,,,,0.12577529999543913
84.59298849999323,keyboard,key_release,,,,,,,0.20319699999527074,
84.70351110000047,keyboard,key_release,,,,,,,0.18794430000707507,
84.71800099998654,keyboard,key_press,,,,,,,,0.20243419999314938
84.88733359999605,keyboard,key_press,,,,,,,,0.16933260000951122
84.927234399991,keyboard,key_release,,,,,,,0.20923340000445023,
84.93736399999761,keyboard,key_press,,,,,,,,0.05003040000156034
85.06313679998857,keyboard,key_release,,,,,,,0.17580319999251515,
85.06768569999258,keyboard,key_press,,,,,,,,0.13032169999496546
85.18420979999064,keyboard,key_release,,,,,,,0.24684579999302514,
85.26438219999545,keyboard,key_press,,,,,,,,0.1966965000028722
85.31551839999156,keyboard,key_release,,,,,,,0.2478326999989804,
85.49622059999092,keyboard,key_release,,,,,,,0.23183839999546763,
85.69645819999278,keyboard,key_press,,,,,,,,0.4320759999973234
85.8169157999946,keyboard,key_release,,,,,,,0.12045760000182781,
85.91082499999902,keyboard,key_press,,,,,,,,0.2143668000062462
86.19718979999016,keyboard,key_release,,,,,,,0.2863647999911336,
86.2786056999903,keyboard,key_press,,,,,,,,0.36778069999127183
86.46112829999765,keyboard,key_release,,,,,,,0.18252260000735987,
86.47547649999615,keyboard,key_press,,,,,,,,0.1968708000058541
86.74363719999383,keyboard,key_press,,,,,,,,0.26816069999767933
86.77166969999962,keyboard,key_release,,,,,,,0.29619320000347216,
86.94124009998632,keyboard,key_press,,,,,,,,0.19760289999248926
86.97377430000051,keyboard,key_release,,,,,,,0.23013710000668652,
87.08346049999818,keyboard,key_press,,,,,,,,0.14222040001186542
87.15400239999872,keyboard,key_press,,,,,,,,0.07054190000053495
87.16534359999059,keyboard,key_release,,,,,,,0.2241035000042757,
87.33505689998856,keyboard,key_release,,,,,,,0.18105449998984113,
87.37807459999749,keyboard,key_press,,,,,,,,0.2240721999987727
87.47170819999883,keyboard,key_release,,,,,,,0.38824770000064746,
87.59171829999832,keyboard,key_release,,,,,,,0.21364370000083,
87.6977496999898,keyboard,key_press,,,,,,,,0.3196750999923097
87.90633949999756,keyboard,key_release,,,,,,,0.20858980000775773,
88.02386909999768,keyboard,key_press,,,,,,,,0.3261194000078831
88.16033279999101,keyboard,key_press,,,,,,,,0.1364636999933282
88.2392572999961,keyboard,key_release,,,,,,,0.21538819999841508,
88.39602489999379,keyboard,key_release,,,,,,,0.23569210000277963,
88.72212629999558,keyboard,key_press,,,,,,,,0.5617935000045691
88.91046889999416,keyboard,key_release,,,,,,,0.1883425999985775,
89.06637749999936,keyboard,key_press,,,,,,,,0.3442512000037823
89.25450719999208,keyboard,key_release,,,,,,,0.18812969999271445,
89.3121012999909,keyboard,key_press,,,,,,,,0.24572379999153782
89.45018109999364,keyboard,key_press,,,,,,,,0.13807980000274256
89.51112969999667,keyboard,key_release,,,,,,,0.1990284000057727,
89.54200359999959,keyboard,key_press,,,,,,,,0.0918225000059465
89.67425949999597,keyboard,key_release,,,,,,,0.22407840000232682,
89.69574719999218,keyboard,key_press,,,,,,,,0.15374359999259468
89.74492169999576,keyboard,key_release,,,,,,,0.20291809999616817,
89.91993199998979,keyboard,key_press,,,,,,,,0.22418479999760166
89.95349539999734,keyboard,key_release,,,,,,,0.2577482000051532,
89.99644459999399,keyboard,key_press,,,,,,,,0.07651260000420734
90.09143799998856,keyboard,key_release,,,,,,,0.17150599999877159,
90.16138579999097,keyboard,key_press,,,,,,,,0.16494119999697432
90.24858739999763,keyboard,key_release,,,,,,,0.2521428000036394,
90.25902709999355,keyboard,key_press,,,,,,,,0.09764130000257865
90.34745619999012,keyboard,key_release,,,,,,,0.08842909999657422,
90.48886729999504,keyboard,key_press,,,,,,,,0.2298402000014903
90.52775529999053,keyboard,key_release,,,,,,,0.36636949999956414,
90.53320979999262,keyboard,key_press,,,,,,,,0.04434249999758322
90.70744249998825,keyboard,key_press,,,,,,,,0.17423269999562763
90.72091419999197,keyboard,key_release,,,,,,,0.23204689999693073,
90.75846949999686,keyboard,key_release,,,,,,,0.22525970000424422,
90.81711369998811,keyboard,key_press,,,,,,,,0.10967119999986608
90.92162549999193,keyboard,key_release,,,,,,,0.21418300000368617,
91.00519589999749,keyboard,key_release,,,,,,,0.1880822000093758,
91.16565549999359,keyboard,key_press,,,,,,,,0.34854180000547785
91.36340589998872,keyboard,key_release,,,,,,,0.19775039999512956,
92.04334969999036,keyboard,key_press,,,,,,,,0.8776941999967676
92.2139782999875,keyboard,key_release,,,,,,,0.1706285999971442,
92.38540489999286,keyboard,key_press,,,,,,,,0.34205520000250544
92.51468779999414,keyboard,key_press,,,,,,,,0.12928290000127163
92.6080532999913,keyboard,key_release,,,,,,,0.2226483999984339,
92.65634129999671,keyboard,key_press,,,,,,,,0.14165350000257604
92.72956619999604,keyboard,key_release,,,,,,,0.21487840000190772,
92.82094749998942,keyboard,key_release,,,,,,,0.1646061999927042,
93.08175159999519,keyboard,key_press,,,,,,,,0.42541029999847524
93.35578059998807,keyboard,key_release,,,,,,,0.2740289999928791,
93.35967449999589,keyboard,key_press,,,,,,,,0.2779229000007035
93.53593909999472,keyboard,key_release,,,,,,,0.17626459999883082,
93.56236199999694,keyboard,key_press,,,,,,,,0.20268750000104774
93.63317789998837,keyboard,key_press,,,,,,,,0.07081589999143034
93.72825749999902,keyboard,key_release,,,,,,,0.16589550000207964,
93.86990959999093,keyboard,key_release,,,,,,,0.23673170000256505,
93.8737756999908,keyboard,key_press,,,,,,,,0.24059780000243336
94.13276819999737,keyboard,key_release,,,,,,,0.2589925000065705,
94.74237819999689,keyboard,key_press,,,,,,,,0.8686025000060908
94.85244919999968,keyboard,key_release,,,,,,,0.11007100000279024,
94.91252369999711,keyboard,key_press,,,,,,,,0.170145500000217
95.03217909998784,keyboard,key_release,,,,,,,0.11965539999073371,
95.2217391999875,keyboard,key_press,,,,,,,,0.3092154999903869
95.35992879999685,keyboard,key_release,,,,,,,0.13818960000935476,
95.42825409999932,keyboard,key_press,,,,,,,,0.20651490001182538
95.66465129998687,keyboard,key_press,,,,,,,,0.23639719998755027
95.66941619999125,keyboard,key_release,,,,,,,0.24116209999192506,
95.79919909998716,keyboard,key_press,,,,,,,,0.13454780000029132
95.84459109998716,keyboard,key_release,,,,,,,0.17993980000028387,
95.91519719999633,keyboard,key_press,,,,,,,,0.11599810000916477
95.97591749999265,keyboard,key_release,,,,,,,0.176718400005484,
96.08499309999752,keyboard,key_release,,,,,,,0.1697959000011906,
96.10828099999344,keyboard,key_press,,,,,,,,0.19308379999711178
96.37525479999022,keyboard,key_press,,,,,,,,0.2669737999967765
96.40378439999768,keyboard,key_release,,,,,,,0.295503400004236,
96.6057460999873,keyboard,key_release,,,,,,,0.23049129999708384,
96.74381969998649,keyboard,key_press,,,,,,,,0.3685648999962723
96.92925289999403,keyboard,key_press,,,,,,,,0.18543320000753738
97.00147579998884,keyboard,key_release,,,,,,,0.2576561000023503,
97.08816359999764,keyboard,key_press,,,,,,,,0.1589107000036165
97.12113209998643,keyboard,key_release,,,,,,,0.19187919999239966,
97.23546379999607,keyboard,key_press,,,,,,,,0.14730019999842625
97.30687919999764,keyboard,key_release,,,,,,,0.2187155999999959,
97.36110389999521,keyboard,key_press,,,,,,,,0.1256400999991456
97.43883829998958,keyboard,key_release,,,,,,,0.2033744999935152,
97.53237269999227,keyboard,key_release,,,,,,,0.17126879999705125,
97.63675199999125,keyboard,key_press,,,,,,,,0.2756480999960331
97.8618451999937,keyboard,key_release,,,,,,,0.2250932000024477,
98.32173049999983,keyboard,key_press,,,,,,,,0.6849785000085831
98.54028029998881,keyboard,key_press,,,,,,,,0.2185497999889776
98.57277289999183,keyboard,key_release,,,,,,,0.2510423999920022,
98.72554970000056,keyboard,key_press,,,,,,,,0.18526940001174808
98.7867014999938,keyboard,key_release,,,,,,,0.24642120000498835,
98.88583089999156,keyboard,key_release,,,,,,,0.16028119999100454,
99.2862904999929,keyboard,key_press,,,,,,,,0.5607407999923453
99.43385619999026,keyboard,key_press,,,,,,,,0.14756569999735802
99.50498469999002,keyboard,key_press,,,,,,,,0.07112849999975879
99.51095549999445,keyboard,key_release,,,,,,,0.22466500000155065,
99.70818639999197,keyboard,key_release,,,,,,,0.20320170000195503,
99.8547847999871,keyboard,key_press,,,,,,,,0.3498000999970827
99.98777739999059,keyboard,key_release,,,,,,,0.5539212000003317,
100.03614649998781,keyboard,key_release,,,,,,,0.18136170000070706,
100.26700949999213,keyboard,key_press,,,,,,,,0.41222470000502653
100.43092529999558,keyboard,key_press,,,,,,,,0.1639158000034513
100.44952509998984,keyboard,key_release,,,,,,,0.18251559999771416,
100.64475089999905,keyboard,key_release,,,,,,,0.2138256000034744,
100.66016499999387,keyboard,key_press,,,,,,,,0.22923969999828842
100.78168939999887,keyboard,key_press,,,,,,,,0.12152440000500064
100.84244909998961,keyboard,key_release,,,,,,,0.1822840999957407,
101.00012240000069,keyboard,key_release,,,,,,,0.21843300000182353,
101.02601599998889,keyboard,key_press,,,,,,,,0.2443265999900177
101.26156879999326,keyboard,key_release,,,,,,,0.2355528000043705,
101.59189269998751,keyboard,key_press,,,,,,,,0.5658766999986256
101.73604279999563,keyboard,key_release,,,,,,,0.1441501000081189,
102.07780659999116,keyboard,key_press,,,,,,,,0.4859139000036521
102.22610469999199,keyboard,key_release,,,,,,,0.14829810000082944,
102.40226019998954,keyboard,key_press,,,,,,,,0.3244535999983782
102.500495699991,keyboard,key_press,,,,,,,,0.09823550000146497
102.57879789998697,keyboard,key_release,,,,,,,0.17653769999742508,
102.76399339998898,keyboard,key_press,,,,,,,,0.2634976999979699
102.8356783999916,keyboard,key_release,,,,,,,0.3351827000005869,
102.92723209998803,keyboard,key_press,,,,,,,,0.16323869999905583
103.01002979998884,keyboard,key_release,,,,,,,0.24603639999986626,
103.0361772999895,keyboard,key_press,,,,,,,,0.10894520000147168
103.09737529999984,keyboard,key_release,,,,,,,0.1701432000118075,
103.25641769998765,keyboard,key_release,,,,,,,0.22024039999814704,
103.3525867999997,keyboard,key_press,,,,,,,,0.3164095000101952
103.5006269000005,keyboard,key_release,,,,,,,0.1480401000007987,
104.12988619999669,mouse,move,575,677,0,0,0.0,0.0,,
104.13773379998747,mouse,move,574,676,-1,-1,1.4142135623730951,180.20969010069436,,
104.14584279998962,mouse,move,574,672,0,-4,4.0,493.27907250453086,,
104.153739699992,mouse,move,574,667,0,-5,5.0,633.159847344367,,
104.16181269999652,mouse,move,574,657,0,-10,10.0,1238.6968901780278,,
104.1701638999948,mouse,move,574,646,0,-11,11.0,1317.1759749803243,,
104.17784469999606,mouse,move,574,634,0,-12,12.0,1562.337256280831,,
104.18579119999777,mouse,move,574,619,0,-15,15.0,1887.6234816303847,,
104.1939704999968,mouse,move,574,601,0,-18,18.0,2200.6773198364262,,
104.20172949999687,mouse,move,578,570,4,-31,31.25699921617557,4028.482950877744,,
104.20982459999504,mouse,move,587,526,9,-44,44.91102314577124,5547.926913306912,,
104.21794409998984,mouse,move,589,472,2,-54,54.037024344425184,6655.215761942417,,
104.22584479999205,mouse,move,599,406,10,-66,66.75327707311455,8449.033257108911,,
104.23404819999996,mouse,move,606,343,7,-63,63.387695966961914,7727.0029385138605,,
104.24179459999141,mouse,move,616,284,10,-59,59.841457201508724,7725.066775222091,,
104.24981479998678,mouse,move,622,234,6,-50,50.35871324805669,6278.984723213746,,
104.25780069999746,mouse,move,625,183,3,-51,51.088159097779204,6397.295111315081,,
104.26588579999225,mouse,move,625,142,0,-41,41.0,5071.056638314349,,
104.2738446000003,mouse,move,625,105,0,-37,37.0,4648.942046860531,,
104.28184839998721,mouse,move,622,69,-3,-36,36.124783736376884,4513.454083742955,,
104.28985749999993,mouse,move,614,39,-8,-30,31.04834939252005,3876.633996732761,,
104.29781449999427,mouse,move,605,20,-9,-19,21.02379604162864,2642.1762041674347,,
104.30591489998915,mouse,move,596,6,-9,-14,16.64331697709324,2054.6290291376245,,
104.31394100000034,mouse,move,589,-8,-7,-14,15.652475842498529,1950.1969600016942,,
104.32212339999387,mouse,move,577,-19,-12,-11,16.278820596099706,1989.4921549878554,,
104.3301489999867,mouse,move,566,-17,-11,2,11.180339887498949,1393.084616412698,,
104.33820039998682,mouse,move,551,-18,-15,-1,15.033296378372908,1867.1655088756988,,
104.34623869998904,mouse,move,535,-21,-16,-3,16.278820596099706,2025.157134168976,,
104.3542027999938,mouse,move,519,-16,-16,5,16.76305461424021,2104.8272377581748,,
104.3618029999925,mouse,move,510,-8,-9,8,12.041594578792296,1584.3786454097312,,
104.36983489998966,mouse,move,497,-8,-13,0,13.0,1618.546048209454,,
104.37793160000001,mouse,move,488,-8,-9,0,9.0,1111.5639690848284,,
104.38608269998804,mouse,move,477,-7,-11,1,11.045361017187261,1355.0761287939304,,
104.39377129999048,mouse,move,467,-3,-10,4,10.770329614269007,1400.8180437079243,,
104.40175659999659,mouse,move,455,-4,-12,-1,12.041594578792296,1507.970216469695,,
104.4099084999907,mouse,move,443,-2,-12,2,12.165525060596439,1492.354551622844,,
104.41803809998964,mouse,move,428,-7,-15,-5,15.811388300841896,1944.9159002789256,,
104.42585429998871,mouse,move,412,-4,-16,3,16.278820596099706,2082.70266856491,,
104.433987899989,mouse,move,404,-3,-8,1,8.06225774829855,991.2286992240887,,
104.44204669998726,mouse,move,398,-1,-6,2,6.324555320336759,784.8011269305703,,
104.45018099999288,mouse,move,395,0,-3,1,3.1622776601683795,388.75842518504345,,
104.48197289998643,mouse,move,394,0,-1,0,1.0,31.45455289563948,,
104.489754299997,mouse,move,393,0,-1,0,1.0,128.51157871866238,,
104.49774519998755,mouse,move,390,0,-3,0,3.0,375.4270487115898,,
104.50595529998827,mouse,move,386,0,-4,0,4.0,487.204784308007,,
104.51412899998832,mouse,move,384,0,-2,0,2.0,244.68722854881779,,
104.52217729999393,mouse,move,382,0,-2,0,2.0,248.49968298962872,,
104.52983379999932,mouse,move,380,0,-2,0,2.0,261.21596011107647,,
104.53780890000053,mouse,move,378,2,-2,2,2.8284271247461903,354.6572612655947,,
104.5461335,mouse,move,375,4,-3,2,3.605551275463989,433.1200629092177,,
104.55378439999186,mouse,move,371,9,-4,5,6.4031242374328485,836.9112449837734,,
104.56224999998813,mouse,move,369,12,-2,3,3.605551275463989,425.90617050798033,,
104.56978229999368,mouse,move,367,14,-2,2,2.8284271247461903,375.50643530687086,,
104.57790139999997,mouse,move,366,16,-1,2,2.23606797749979,275.40835508436646,,
104.58586629999627,mouse,move,365,20,-1,4,4.123105625617661,517.6594342095059,,
104.59386039999663,mouse,move,362,26,-3,6,6.708203932499369,839.1443604905163,,
104.60199529999227,mouse,move,362,31,0,5,5.0,614.6357057468971,,
104.60982689999219,mouse,move,361,34,-1,3,3.1622776601683795,403.7843684817435,,
104.61782379999931,mouse,move,361,38,0,4,4.0,500.19382466133885,,
104.625824799994,mouse,move,361,41,0,3,3.0,374.9531311073746,,
104.63387019999209,mouse,move,361,45,0,4,4.0,497.17851206324906,,
104.64181629999075,mouse,move,361,48,0,3,3.0,377.5437007469148,,
104.64985079999315,mouse,move,361,52,0,4,4.0,497.8530087506954,,
104.65804829999979,mouse,move,361,54,0,2,2.0,243.97682200412044,,
104.66591309999058,mouse,move,361,57,0,3,3.0,381.44644536609536,,
104.67392249999102,mouse,move,361,61,0,4,4.0,499.4131894744955,,
104.6825331,mouse,move,361,63,0,2,2.0,232.2718507321842,,
104.7217929999897,mouse,move,361,64,0,1,1.0,25.471282409336453,,
105.00200699998823,keyboard,key_press,,,,,,,,1.6494201999885263
105.15526839999075,keyboard,key_press,,,,,,,,0.15326140000252053
105.36877509999613,keyboard,key_release,,,,,,,0.36676810000790283,
105.47313179999765,keyboard,key_release,,,,,,,0.3178634000068996,
105.50590409999131,mouse,move,361,66,0,2,2.0,2.550658956359493,,
105.51390529998753,mouse,move,365,85,4,19,19.4164878389476,2426.696976470022,,
105.52188390000083,mouse,move,371,103,6,18,18.973665961010276,2378.069577291213,,
105.52994489998673,mouse,move,373,115,2,12,12.165525060596439,1509.1831139901815,,
105.53790369999479,mouse,move,376,122,3,7,7.615773105863909,956.8996705729822,,
105.54590939999616,mouse,move,377,125,1,3,3.1622776601683795,395.0032676248905,,
105.55382589998771,mouse,move,378,129,1,4,4.123105625617661,520.8243074613274,,
105.56175709998934,mouse,move,378,129,0,0,0.0,0.0,,
105.5699353999953,mouse,move,380,134,2,5,5.385164807134504,658.4699513598376,,
105.57804049999686,mouse,move,380,137,0,3,3.0,370.1373208749338,,
105.58604869998817,mouse,move,381,142,1,5,5.0990195135927845,636.724796973915,,
105.59395249999943,mouse,move,385,148,4,6,7.211102550927978,912.3589337599471,,
105.60199929999362,mouse,move,389,155,4,7,8.06225774829855,1001.9209815230261,,
105.61007409999729,mouse,move,395,167,6,12,13.416407864998739,1661.5158095435509,,
105.61805719998665,mouse,move,403,177,8,10,12.806248474865697,1604.1698703428174,,
105.6257295999967,mouse,move,410,184,7,7,9.899494936611665,1290.273568067731,,
105.63390239998989,mouse,move,418,195,8,11,13.601470508735444,1664.236310697548,,
105.64175909999176,mouse,move,420,201,2,6,6.324555320336759,804.9887763099268,,
105.64994839999417,mouse,move,425,207,5,6,7.810249675906654,953.7139527926169,,
105.65788339999563,mouse,move,430,214,5,7,8.602325267042627,1084.0989622517427,,
105.66586459999962,mouse,move,436,222,6,8,10.0,1252.944418758159,,
105.67397699999856,mouse,move,440,229,4,7,8.06225774829855,993.8190608643682,,
105.68196499999613,mouse,move,445,235,5,6,7.810249675906654,977.7478315329416,,
105.68986210000003,mouse,move,450,244,5,9,10.295630140987,1303.7229028250933,,
105.6978153999953,mouse,move,455,255,5,11,12.083045973594572,1519.249365768554,,
105.70588559999305,mouse,move,462,264,7,9,11.40175425099138,1412.8217707337283,,
105.71390289999545,mouse,move,466,272,4,8,8.94427190999916,1115.6214570153454,,
105.72175369999604,mouse,move,472,284,6,12,13.416407864998739,1708.9223854866852,,
105.72984859999269,mouse,move,479,295,7,11,13.038404810405298,1610.6937473967523,,
105.73784389998764,mouse,move,486,309,7,14,15.652475842498529,1957.7096359603418,,
105.74579409998842,mouse,move,496,323,10,14,17.204650534085253,2164.0525436343696,,
105.75402569999278,mouse,move,505,339,9,16,18.35755975068582,2230.132628037305,,
105.76198919999297,mouse,move,513,352,8,13,15.264337522473747,1916.7875333854377,,
105.76996299999882,mouse,move,526,374,13,22,25.553864678361276,3204.72856851081,,
105.77772389999882,mouse,move,540,397,14,23,26.92582403567252,3469.420303791293,,
105.78647319998709,mouse,move,559,427,19,30,35.510561809129406,4058.6746204553265,,
105.79386130000057,mouse,move,577,457,18,30,34.9857113690718,4735.4138824879865,,
105.80191009999544,mouse,move,597,488,20,31,36.89173349139343,4583.507294866219,,
105.80977739999071,mouse,move,617,515,20,27,33.60059523282288,4270.918263321584,,
105.8180774999928,mouse,move,632,537,15,22,26.627053911388696,3208.0401326114666,,
105.82586019999871,mouse,move,649,561,17,24,29.410882339705484,3779.0075831444765,,
105.8340523999941,mouse,move,663,581,14,20,24.413111231467404,2980.0433638338222,,
105.84198789999937,mouse,move,683,609,20,28,34.40930106817051,4336.122619288265,,
105.85002639998856,mouse,move,697,632,14,23,26.92582403567252,3349.6080203839474,,
105.85776329999499,mouse,move,709,655,12,23,25.942243542145693,3353.0540036210928,,
105.86598109999613,mouse,move,721,683,12,28,30.463092423455635,3706.9644453746187,,
105.8738394999964,mouse,move,735,716,14,33,35.84689665786984,4561.602445368919,,
105.88190949999262,mouse,move,745,741,10,25,26.92582403567252,3336.5333393151154,,
105.88987449998967,mouse,move,757,769,12,28,30.463092423455635,3824.619263617252,,
105.89778729999671,mouse,move,772,796,15,27,30.886890422961002,3903.408451560012,,
105.90576699998928,mouse,move,783,813,11,17,20.248456731316587,2537.4959898439947,,
105.91386649999185,mouse,move,796,830,13,17,21.400934559032695,2642.2537875468847,,
105.92251720000058,mouse,move,805,840,9,10,13.45362404707371,1555.2064033543618,,
105.92979369999375,mouse,move,814,846,9,6,10.816653826391969,1486.5187709129575,,
105.93781959998887,mouse,move,818,848,4,2,4.47213595499958,557.2130175705755,,
105.94587919999321,mouse,move,821,849,3,1,3.1622776601683795,392.36161328898004,,
105.95415609999327,mouse,move,822,849,1,0,1.0,120.81818071902721,,
105.98590319999494,mouse,move,823,849,1,0,1.0,31.498940059013293,,
105.99390109999513,mouse,move,824,849,1,0,1.0,125.0328211125523,,
106.00183309998829,mouse,move,825,849,1,0,1.0,126.07160878242135,,
106.00980189999973,mouse,move,829,849,4,0,4.0,501.9576340550038,,
106.01794179998979,mouse,move,832,846,3,-3,4.242640687119285,521.2153333950541,,
106.02579569999943,mouse,move,837,843,5,-3,5.830951894845301,742.4275694471561,,
106.03381549999176,mouse,move,839,840,2,-3,3.605551275463989,449.5811964031775,,
106.04176670000015,mouse,move,841,836,2,-4,4.47213595499958,562.4479261343355,,
106.04990509999334,mouse,move,843,833,2,-3,3.605551275463989,443.0294994695325,,
106.05778589998954,mouse,move,845,831,2,-2,2.8284271247461903,358.9010159006286,,
106.0659830999939,mouse,move,846,831,1,0,1.0,121.99287555116786,,
106.3217883999896,mouse,move,846,828,0,-3,3.0,11.727669442542553,,
106.32982849999098,mouse,move,844,826,-2,-2,2.8284271247461903,351.7900429423074,,
106.3377715999959,mouse,move,837,822,-7,-4,8.06225774829855,1015.0014154803672,,
106.34575719998975,mouse,move,827,819,-10,-3,10.44030650891055,1307.3916195349352,,
106.35381169999891,mouse,move,813,812,-14,-7,15.652475842498529,1943.320606454268,,
106.36185399998794,mouse,move,798,807,-15,-5,15.811388300841896,1966.0281663717492,,
106.36976509999658,mouse,move,784,801,-14,-6,15.231546211727817,1925.3385995740484,,
106.37782679998782,mouse,move,764,794,-20,-7,21.18962010041709,2628.4307433253766,,
106.3858748999919,mouse,move,746,788,-18,-6,18.973665961010276,2357.5335733117345,,
106.39379509999708,mouse,move,732,784,-14,-4,14.560219778561036,1838.365163638534,,
106.4018645999895,mouse,move,719,779,-13,-5,13.92838827718412,1726.053446963764,,
106.40982269999222,mouse,move,707,777,-12,-2,12.165525060596439,1528.6971835527615,,
106.41789349999453,mouse,move,698,774,-9,-3,9.486832980505138,1175.4513775318273,,
106.42588379999506,mouse,move,694,774,-4,0,4.0,500.6069859373586,,
106.43414189999748,mouse,move,693,774,-1,0,1.0,121.0932296420136,,
106.44185189998825,mouse,move,689,774,-4,0,4.0,518.8067451090395,,
106.4506168999942,mouse,move,683,779,-6,5,7.810249675906654,891.0724096524526,,
106.45782149999286,mouse,move,677,785,-6,6,8.48528137423857,1177.7588451570532,,
106.46613369999977,mouse,move,670,793,-7,8,10.63014581273465,1278.860687170012,,
106.47381169999426,mouse,move,666,799,-4,6,7.211102550927978,939.1902261145984,,
106.48195969998778,mouse,move,662,805,-4,6,7.211102550927978,885.0150413178764,,
106.48988929999177,mouse,move,657,812,-5,7,8.602325267042627,1084.837225422941,,
106.49799019999045,mouse,move,650,830,-7,18,19.313207915827967,2384.0817586901844,,
106.50577779999003,mouse,move,643,851,-7,21,22.135943621178654,2842.4602730481156,,
106.51407369998924,mouse,move,636,875,-7,24,25.0,3013.536807624977,,
106.52174659998855,mouse,move,635,900,-1,25,25.019992006393608,3260.826025186679,,
106.53006389999064,mouse,move,633,921,-2,21,21.095023109728988,2536.2825802155207,,
106.53806099999929,mouse,move,633,945,0,24,24.0,3001.0878911149975,,
106.54585369999404,mouse,move,633,962,0,17,17.0,2181.5288682290175,,
106.55406029999722,mouse,move,634,980,1,18,18.027756377319946,2196.738767618776,,
106.56179779999366,mouse,move,637,989,3,9,9.486832980505138,1226.0850384326761,,
106.56979029999638,mouse,move,643,1001,6,12,13.416407864998739,1678.6246932021456,,
106.57781599998998,mouse,move,645,1005,2,4,4.47213595499958,557.2269033938909,,
106.58577279999736,mouse,move,648,1009,3,4,5.0,628.3933233666638,,
106.59379739999713,mouse,move,650,1012,2,3,3.605551275463989,449.31227420266157,,
106.60180069999478,mouse,move,652,1013,2,1,2.23606797749979,279.393247554796,,
106.60982239998702,mouse,move,655,1015,3,2,3.605551275463989,449.4747097188017,,
106.61789569999382,mouse,move,657,1016,2,1,2.23606797749979,276.9707524329029,,
106.62583279999672,mouse,move,658,1016,1,0,1.0,125.9906010552611,,
106.63383469999826,mouse,move,660,1016,2,0,2.0,249.9406390499422,,
106.6417889999866,mouse,move,661,1017,1,1,1.4142135623730951,177.79233426522558,,
106.71389459999045,mouse,move,662,1017,1,0,1.0,13.868548350566172,,
106.89782379999815,mouse,move,664,1017,2,0,2.0,10.873749246537846,,
106.90575549998903,mouse,move,665,1016,1,-1,1.4142135623730951,178.2989225512469,,
106.91387389999,mouse,move,669,1010,4,-6,7.211102550927978,888.2418395335254,,
106.9217432999867,mouse,move,673,1001,4,-9,9.848857801796104,1251.5385932748559,,
106.92984689999139,mouse,move,680,984,7,-17,18.384776310850235,2268.7171504287853,,
106.9377792999876,mouse,move,687,968,7,-16,17.46424919657298,2201.6349660788123,,
106.9458675999922,mouse,move,696,956,9,-12,15.0,1854.5306172454555,,
106.95380139999907,mouse,move,702,948,6,-8,10.0,1260.43005764503,,
106.9621688999905,mouse,move,706,945,4,-3,5.0,597.5500454278011,,
106.96983149999869,mouse,move,708,943,2,-2,2.8284271247461903,369.12107140181547,,
106.97781129999203,mouse,move,709,942,1,-1,1.4142135623730951,177.2241865152111,,
107.00182739998854,mouse,move,709,942,0,0,0.0,0.0,,
108.09967639998649,keyboard,key_press,,,,,,,,2.9444079999957466
108.2164436999883,keyboard,key_release,,,,,,,0.11676730000181124,
