timestamp,device,event,x,y,dx,dy,distance,velocity,hold_time,flight_time
0.07982480000009673,mouse,move,1030,960,0,0,0,0,,
0.08757930000001579,mouse,move,1030,960,0,0,0.0,0.0,,
0.09549090000018623,mouse,move,1032,959,2,-1,2.23606797749979,282.6315760973278,,
0.10346800000024814,mouse,move,1033,956,1,-3,3.1622776601683795,396.4194582171262,,
0.11147359999995388,mouse,move,1039,948,6,-8,10.0,1249.1256121174642,,
0.11947400000008201,mouse,move,1040,938,1,-10,10.04987562112089,1256.1716440377888,,
0.12747970000009445,mouse,move,1041,932,1,-6,6.082762530298219,759.8039559674692,,
0.13548739999987447,mouse,move,1043,928,2,-4,4.47213595499958,558.4794579120642,,
0.14345510000021022,mouse,move,1044,923,1,-5,5.0990195135927845,639.9612828517534,,
0.15150369999992108,mouse,move,1045,921,1,-2,2.23606797749979,277.82073622494835,,
0.15960769999992408,mouse,move,1046,918,1,-3,3.1622776601683795,390.2119521430417,,
0.1916268999998465,mouse,move,1047,918,1,0,1.0,31.23126124332972,,
0.583511499999986,mouse,move,1047,918,0,0,0.0,0.0,,
0.5914621000001716,mouse,move,1044,918,-3,0,3.0,377.3300128204092,,
0.5995698000001539,mouse,move,1044,918,0,0,0.0,0.0,,
0.6074985000000197,mouse,move,1043,918,-1,0,1.0,126.12408087289566,,
0.6234746999998606,mouse,move,1042,918,-1,0,1.0,62.59310724765329,,
0.6314606999999341,mouse,move,1040,918,-2,0,2.0,250.43826696488622,,
0.6396383999999671,mouse,move,1039,918,-1,0,1.0,122.28377172016256,,
0.6474489000001995,mouse,move,1038,918,-1,0,1.0,128.03277638694607,,
0.6555509999998321,mouse,move,1037,918,-1,0,1.0,123.42479110913749,,
0.663458399999854,mouse,move,1035,918,-2,0,2.0,252.92763740223916,,
0.6715625000001637,mouse,move,1035,918,0,0,0.0,0.0,,
0.6794678000001113,mouse,move,1031,918,-4,0,4.0,505.98965251495997,,
0.6874839000001884,mouse,move,1029,918,-2,0,2.0,249.49788550301966,,
0.6954607000002397,mouse,move,1027,918,-2,0,2.0,250.72710861337103,,
0.7034702999999354,mouse,move,1023,918,-4,0,4.0,499.4007191560126,,
0.7114812999998321,mouse,move,1020,918,-3,0,3.0,374.4850830156871,,
0.7194647999999688,mouse,move,1015,918,-5,0,5.0,626.2917266755666,,
0.7274550000001909,mouse,move,1009,918,-6,0,6.0,750.919876828267,,
0.7354653000002145,mouse,move,1002,915,-7,-3,7.615773105863909,950.7475507585866,,
0.7434959000001982,mouse,move,995,913,-7,-2,7.280109889280518,906.5461969585479,,
0.7514406000000236,mouse,move,991,912,-4,-1,4.123105625617661,518.9756222020063,,
0.7594752999998491,mouse,move,986,910,-5,-2,5.385164807134504,670.2384416657047,,
0.7674704999999449,mouse,move,979,908,-7,-2,7.280109889280518,910.5600721924772,,
0.7754676999998082,mouse,move,976,907,-3,-1,3.1622776601683795,395.423105614766,,
0.7834904000001188,mouse,move,973,907,-3,0,3.0,373.9389482199088,,
0.7914639999999054,mouse,move,971,907,-2,0,2.0,250.8277315207114,,
0.807585200000176,mouse,move,970,906,-1,-1,1.4142135623730951,87.72383956215141,,
0.8475091999998767,mouse,move,970,904,0,-2,2.0,50.095180843978326,,
0.8555618999998842,mouse,move,969,903,-1,-1,1.4142135623730951,175.6197998648633,,
0.8634615000000849,mouse,move,967,903,-2,0,2.0,253.17737606324098,,
0.9194659999998294,mouse,move,967,902,0,-1,1.0,17.85570802354388,,
0.9274672999999893,mouse,move,965,901,-2,-1,2.23606797749979,279.46308443066545,,
0.9354723999999806,mouse,move,963,901,-2,0,2.0,249.84072653710692,,
0.9434571000001597,mouse,move,958,901,-5,0,5.0,626.1976029015266,,
0.9514697999998134,mouse,move,953,899,-5,-2,5.385164807134504,672.078676022719,,
0.9594861000000492,mouse,move,948,898,-5,-1,5.0990195135927845,636.0814232804167,,
0.9674592000001212,mouse,move,943,897,-5,-1,5.0990195135927845,639.5278515943276,,
0.9755200999998124,mouse,move,937,896,-6,-1,6.082762530298219,754.600916836986,,
0.9835895000001074,mouse,move,931,892,-6,-4,7.211102550927978,893.6355306050467,,
0.9915486999998393,mouse,move,927,890,-4,-2,4.47213595499958,561.8825956314956,,
0.9996562000001177,mouse,move,923,888,-4,-2,4.47213595499958,551.6048047913691,,
1.00752969999985,mouse,move,920,886,-3,-2,3.605551275463989,457.9350067424369,,
1.0154969999998684,mouse,move,915,883,-5,-3,5.830951894845301,731.8604665108387,,
1.023580800000218,mouse,move,914,882,-1,-1,1.4142135623730951,174.94415526261628,,
1.0316824000001361,mouse,move,912,882,-2,0,2.0,246.86481682880125,,
1.0395769000001565,mouse,move,910,881,-2,-1,2.23606797749979,283.24377446247735,,
1.0476503999998386,mouse,move,908,879,-2,-2,2.8284271247461903,350.3346906369681,,
1.0556280999999217,mouse,move,908,879,0,0,0.0,0.0,,
1.07181300000002,mouse,move,907,879,-1,0,1.0,61.785985702347176,,
1.0795555999998214,mouse,move,906,879,-1,0,1.0,129.15558081596123,,
1.0882544000000962,mouse,move,904,878,-2,-1,2.23606797749979,257.05476357993683,,
1.095511600000009,mouse,move,902,878,-2,0,2.0,275.58838119716404,,
1.1035394000000451,mouse,move,899,878,-3,0,3.0,373.7013876761334,,
1.1115359999998873,mouse,move,897,878,-2,0,2.0,250.10629518038667,,
1.1195040000002336,mouse,move,889,878,-8,0,8.0,1004.0160642133841,,
1.1275159000001622,mouse,move,881,878,-8,0,8.0,998.5147093787142,,
1.1354974000000766,mouse,move,874,878,-7,0,7.0,877.0281275543563,,
1.1435879999999088,mouse,move,868,877,-6,-1,6.082762530298219,751.8308321291847,,
1.1515330000001995,mouse,move,865,877,-3,0,3.0,377.59597229581055,,
1.1595287999998618,mouse,move,863,876,-2,-1,2.23606797749979,279.655316240306,,
1.1675442999999177,mouse,move,861,876,-2,0,2.0,249.5165616600399,,
1.1836551000001236,mouse,move,861,876,0,0,0.0,0.0,,
1.3356413999999859,mouse,scroll,861,876,0,1,,,,
1.84754810000004,mouse,move,860,876,-1,0,1.0,1.5062668231177705,,
1.8634754999998222,mouse,move,859,876,-1,0,1.0,62.78488642299898,,
1.8714841000000888,mouse,move,859,876,0,0,0.0,0.0,,
2.1356166999999004,mouse,scroll,859,876,0,1,,,,
3.119675500000085,mouse,scroll,859,876,0,1,,,,
3.4076976000001196,mouse,scroll,859,876,0,1,,,,
3.7035062999998445,mouse,move,858,876,-1,0,1.0,0.5458449138881251,,
3.711460800000168,mouse,move,853,876,-5,0,5.0,628.5750204031165,,
3.7194620999998733,mouse,move,850,873,-3,-3,4.242640687119285,530.2439212722417,,
3.727448699999968,mouse,move,849,872,-1,-1,1.4142135623730951,177.0732930604155,,
3.735480599999846,mouse,move,847,871,-2,-1,2.23606797749979,278.3983836369642,,
3.743512500000179,mouse,move,846,871,-1,0,1.0,124.5035421206143,,
3.7514642000001004,mouse,move,845,869,-1,-2,2.23606797749979,281.20628010637876,,
3.7594781000002513,mouse,move,844,868,-1,-1,1.4142135623730951,176.47007853185917,,
3.767503999999917,mouse,move,843,868,-1,0,1.0,124.59661845296273,,
3.7754488000000492,mouse,move,843,867,0,-1,1.0,125.86849259683994,,
3.7834717999999157,mouse,move,842,865,-1,-2,2.23606797749979,278.7072139520146,,
3.791485400000056,mouse,move,841,864,-1,-1,1.4142135623730951,176.47668492916267,,
3.799489999999878,mouse,move,839,862,-2,-2,2.8284271247461903,353.350214227957,,
3.8074531000002025,mouse,move,836,860,-3,-2,3.605551275463989,452.78236808742855,,
3.8154516999998123,mouse,move,835,859,-1,-1,1.4142135623730951,176.80763664167466,,
3.8237631000001784,mouse,move,835,859,0,0,0.0,0.0,,
3.8394462000001113,mouse,move,835,858,0,-1,1.0,63.76290401797342,,
4.007710899999893,mouse,scroll,835,858,0,-1,,,,
4.183579900000041,mouse,scroll,835,858,0,-1,,,,
4.575498100000004,mouse,move,834,856,-1,-2,2.23606797749979,3.037921615989463,,
4.583511100000123,mouse,move,829,851,-5,-5,7.0710678118654755,882.4494960389876,,
4.591532400000233,mouse,move,823,845,-6,-6,8.48528137423857,1057.843663012574,,
4.599537099999907,mouse,move,823,844,0,-1,1.0,124.926605624288,,
4.607484699999986,mouse,move,821,843,-2,-1,2.23606797749979,281.35134851746557,,
4.89546590000009,mouse,move,820,842,-1,-1,1.4142135623730951,4.910784323325916,,
4.9435152999999445,mouse,move,820,842,0,0,0.0,0.0,,
4.959446500000013,mouse,move,819,842,-1,0,1.0,62.76991061537856,,
4.967525099999875,mouse,move,817,844,-2,2,2.8284271247461903,350.1135252140636,,
4.9754548999999315,mouse,move,817,845,0,1,1.0,126.1065852849887,,
4.983452999999827,mouse,move,817,846,0,1,1.0,125.02969455409445,,
4.991451899999902,mouse,move,817,849,0,3,3.0,375.0515695872983,,
4.999438700000155,mouse,move,817,850,0,1,1.0,125.2065908709708,,
5.007493800000248,mouse,move,817,852,0,2,2.0,248.28990328823602,,
5.015423599999849,mouse,move,816,854,-1,2,2.23606797749979,281.98289712378016,,
5.023439999999937,mouse,move,816,857,0,3,3.0,374.23282270934135,,
5.031462999999803,mouse,move,816,858,0,1,1.0,124.6416552432565,,
5.03951300000017,mouse,move,815,862,-1,4,4.123105625617661,512.1870342148866,,
5.047456499999953,mouse,move,815,863,0,1,1.0,125.88909171364324,,
5.055452099999911,mouse,move,815,864,0,1,1.0,125.06878783395969,,
5.063458300000093,mouse,move,815,866,0,2,2.0,249.8064000342995,,
5.071438399999806,mouse,move,814,869,-1,3,3.1622776601683795,396.27043023044826,,
5.07952000000023,mouse,move,813,870,-1,1,1.4142135623730951,174.99177914014703,,
5.087457699999959,mouse,move,813,870,0,0,0.0,0.0,,
5.095432999999957,mouse,move,812,872,-1,2,2.23606797749979,280.37415238301793,,
5.10354099999995,mouse,move,812,873,0,1,1.0,123.33497779981202,,
5.11142719999998,mouse,move,812,875,0,2,2.0,253.60756764885616,,
5.119819399999869,mouse,move,812,876,0,1,1.0,119.15826601048524,,
5.127570000000105,mouse,move,812,877,0,1,1.0,129.0222692397451,,
5.13546099999985,mouse,move,811,880,-1,3,3.1622776601683795,400.7448561995418,,
5.143557400000191,mouse,move,811,882,0,2,2.0,247.02336840026263,,
5.151529700000083,mouse,move,810,883,-1,1,1.4142135623730951,177.39091132950722,,
5.159481799999867,mouse,move,809,884,-1,1,1.4142135623730951,177.841521410887,,
5.175482399999964,mouse,move,808,886,-1,2,2.23606797749979,139.74900800508402,,
5.2314940999999635,mouse,move,808,886,0,0,0.0,0.0,,
7.231779700000061,mouse,scroll,808,886,0,-1,,,,
7.895864099999926,mouse,scroll,808,886,0,-1,,,,
7.991897700000209,mouse,scroll,808,886,0,-1,,,,
9.343503099999907,mouse,move,808,886,0,0,0.0,0.0,,
11.559552499999882,mouse,move,808,886,0,0,0.0,0.0,,
11.567581899999823,mouse,move,808,884,0,-2,2.0,249.08461404521356,,
11.607542199999898,mouse,move,808,883,0,-1,1.0,25.024837150825135,,
13.319692099999884,mouse,move,807,882,-1,-1,1.4142135623730951,0.8259870017065135,,
13.351510299999973,mouse,move,807,881,0,-1,1.0,31.42855346931027,,
23.13549749999993,mouse,move,806,881,-1,0,1.0,0.10220781973222579,,
23.143604200000027,mouse,move,805,881,-1,0,1.0,123.35475594111657,,
23.151500399999804,mouse,move,805,880,0,-1,1.0,126.64319546467951,,
23.16752469999983,mouse,move,804,880,-1,0,1.0,62.405222068879866,,
24.199527300000227,mouse,move,803,878,-1,-2,2.23606797749979,2.166727077527645,,
28.399623799999972,mouse,move,803,877,0,-1,1.0,0.23808976769939946,,
28.407653700000083,mouse,move,803,876,0,-1,1.0,124.53455210976958,,
28.431533399999807,mouse,move,803,875,0,-1,1.0,41.876572989255436,,
28.479594100000213,mouse,move,803,874,0,-1,1.0,20.80702112103153,,
28.51181059999999,mouse,move,803,873,0,-1,1.0,31.039995033815924,,
28.527604299999894,mouse,move,803,872,0,-1,1.0,63.3163856478275,,
29.08770940000022,mouse,move,803,872,0,0,0.0,0.0,,
29.095469400000184,mouse,move,805,868,2,-4,4.47213595499958,576.3061797708077,,
29.103477999999996,mouse,move,806,866,1,-2,2.23606797749979,279.2083482197042,,
29.11149669999986,mouse,move,807,864,1,-2,2.23606797749979,278.8566697266609,,
29.119614700000056,mouse,move,809,862,2,-2,2.8284271247461903,348.4142799554374,,
29.127488600000106,mouse,move,809,860,0,-2,2.0,254.0037338532871,,
29.14356050000015,mouse,move,810,859,1,-1,1.4142135623730951,87.99292942149599,,
29.695514500000172,mouse,move,810,858,0,-1,1.0,1.8117451816636128,,
29.70380000000023,mouse,move,811,857,1,-1,1.4142135623730951,170.68536145838848,,
29.71147830000018,mouse,move,813,856,2,-1,2.23606797749979,291.21914714372775,,
29.73550239999986,mouse,move,813,855,0,-1,1.0,41.62486836191071,,
29.743538499999886,mouse,move,814,854,1,-1,1.4142135623730951,175.9825739311865,,
29.751528300000246,mouse,move,818,849,4,-5,6.4031242374328485,801.4123303643033,,
29.759539499999846,mouse,move,824,843,6,-6,8.48528137423857,1059.1773235796827,,
29.767673299999842,mouse,move,830,837,6,-6,8.48528137423857,1043.2124436601307,,
29.77558399999998,mouse,move,841,830,11,-7,13.038404810405298,1648.1986183494319,,
29.783565600000202,mouse,move,852,824,11,-6,12.529964086141668,1569.8561799381837,,
29.791511400000218,mouse,move,873,811,21,-13,24.698178070456937,3108.331202699235,,
29.799511900000198,mouse,move,892,801,19,-10,21.470910553583888,2683.6960881991517,,
29.80750910000006,mouse,move,918,788,26,-13,29.068883707497267,3634.88267243459,,
29.815509699999893,mouse,move,948,770,30,-18,34.9857113690718,4372.885954779172,,
29.82358490000024,mouse,move,978,752,30,-18,34.9857113690718,4332.488528774727,,
29.831525800000236,mouse,move,1011,733,33,-19,38.07886552931954,4795.28334689363,,
29.83962150000025,mouse,move,1037,720,26,-13,29.068883707497267,3590.6572263611647,,
29.847688500000004,mouse,move,1061,706,24,-14,27.784887978899608,3444.265275783096,,
29.855508199999804,mouse,move,1078,695,17,-11,20.248456731316587,2589.4160558377775,,
29.863511200000175,mouse,move,1095,682,17,-13,21.400934559032695,2674.1140269947227,,
29.871698599999945,mouse,move,1106,674,11,-8,13.601470508735444,1661.2685967606374,,
29.879539999999906,mouse,move,1117,666,11,-8,13.601470508735444,1734.5716975033602,,
29.88753459999998,mouse,move,1128,659,11,-7,13.038404810405298,1630.9014597708056,,
29.89553620000015,mouse,move,1138,651,10,-8,12.806248474865697,1600.4609671306596,,
29.903509300000223,mouse,move,1148,643,10,-8,12.806248474865697,1606.181845800258,,
29.911549500000092,mouse,move,1157,635,9,-8,12.041594578792296,1497.6735129709775,,
29.91947059999984,mouse,move,1165,628,8,-7,10.63014581273465,1342.003738505018,,
29.927547499999946,mouse,move,1168,622,3,-6,6.708203932499369,830.5419074659494,,
29.935472000000118,mouse,move,1174,611,6,-11,12.529964086141668,1581.1677816732597,,
29.943549500000245,mouse,move,1176,604,2,-7,7.280109889280518,901.2825613328731,,
29.951538400000118,mouse,move,1177,595,1,-9,9.055385138137417,1133.4958678017526,,
29.959745900000144,mouse,move,1177,588,0,-7,7.0,852.8784648160716,,
29.967509999999947,mouse,move,1177,580,0,-8,8.0,1030.3834314604505,,
29.97554059999993,mouse,move,1177,575,0,-5,5.0,622.6184842988272,,
29.98351989999992,mouse,move,1177,568,0,-7,7.0,877.2699359605982,,
29.99153609999985,mouse,move,1170,559,-7,-9,11.40175425099138,1422.3390448207683,,
29.999516100000164,mouse,move,1166,553,-4,-6,7.211102550927978,903.6469361707224,,
30.007436100000177,mouse,move,1160,549,-6,-4,7.211102550927978,910.492746327818,,
30.01551759999984,mouse,move,1157,548,-3,-1,3.1622776601683795,391.2983555405157,,
30.0314742999999,mouse,move,1157,547,0,-1,1.0,62.669599603689875,,
30.055516700000226,mouse,move,1157,546,0,-1,1.0,41.59318537194481,,
30.063486699999885,mouse,move,1157,544,0,-2,2.0,250.94102886894882,,
30.143844100000024,mouse,move,1157,543,0,-1,1.0,12.444404622328124,,
30.151559299999917,mouse,move,1155,541,-2,-2,2.8284271247461903,366.6045111967717,,
30.159669600000143,mouse,move,1150,540,-5,-1,5.0990195135927845,628.7091122955749,,
30.167521299999862,mouse,move,1147,540,-3,0,3.0,382.0828610501312,,
30.175544499999887,mouse,move,1147,540,0,0,0.0,0.0,,
30.207541499999934,mouse,move,1146,538,-1,-2,2.23606797749979,69.8836758913813,,
30.21549899999991,mouse,move,1147,537,1,-1,1.4142135623730951,177.72083724505728,,
30.287486199999876,mouse,move,1147,536,0,-1,1.0,13.891358463733285,,
30.30348580000009,mouse,move,1150,535,3,-1,3.1622776601683795,197.64729494025576,,
30.31148690000009,mouse,move,1157,524,7,-11,13.038404810405298,1629.576534526897,,
30.31948169999987,mouse,move,1168,494,11,-30,31.953090617340916,3996.734204511217,,
30.327484599999934,mouse,move,1182,441,14,-53,54.817880294662984,6849.752001676626,,
30.335464199999933,mouse,move,1205,363,23,-78,81.32035415564789,10191.031399526366,,
30.343515800000205,mouse,move,1222,302,17,-61,63.324560795950255,7864.841869170504,,
30.351514999999836,mouse,move,1242,238,20,-64,67.05221845696084,8382.365544061206,,
30.359528500000124,mouse,move,1256,184,14,-54,55.78530272392541,6961.415451665092,,
30.367495699999836,mouse,move,1264,144,8,-40,40.792156108742276,5120.011561178103,,
30.37562310000021,mouse,move,1268,118,4,-26,26.30589287593181,3236.6922847054466,,
30.383475699999963,mouse,move,1268,91,0,-27,27.0,3438.3516288689443,,
30.39178549999997,mouse,move,1268,70,0,-21,21.0,2527.136633852069,,
30.399529899999834,mouse,move,1268,55,0,-15,15.0,1936.883425476669,,
30.407540000000154,mouse,move,1265,38,-3,-17,17.26267650163207,2155.1137315318383,,
30.415493699999843,mouse,move,1258,23,-7,-15,16.55294535724685,2081.1629000206362,,
30.423586200000045,mouse,move,1249,7,-9,-16,18.35755975068582,2268.465832588979,,
30.431523499999912,mouse,move,1239,-6,-10,-13,16.401219466856727,2066.347431384973,,
30.439496599999984,mouse,move,1231,-10,-8,-4,8.94427190999916,1121.8060616220014,,
30.447489199999836,mouse,move,1225,-6,-6,4,7.211102550927978,902.2223745791464,,
30.455990400000246,mouse,move,1222,-2,-3,4,5.0,588.1522608289333,,
30.559501499999897,mouse,move,1221,8,-1,10,10.04987562112089,97.0898350143591,,
30.56754749999982,mouse,move,1217,25,-4,17,17.46424919657298,2170.550484307998,,
30.57556629999999,mouse,move,1213,41,-4,16,16.492422502470642,2056.7195218880115,,
30.583499700000175,mouse,move,1210,52,-3,11,11.40175425099138,1437.1838367821485,,
30.591663300000164,mouse,move,1207,64,-3,12,12.36931687685298,1515.179195069544,,
30.599503200000072,mouse,move,1202,76,-5,12,13.0,1658.1844156369868,,
30.60763050000014,mouse,move,1187,95,-15,19,24.20743687382041,2978.533691830524,,
30.615603700000065,mouse,move,1170,122,-17,27,31.906112267087632,4001.669626673344,,
30.623637700000018,mouse,move,1147,153,-23,31,38.600518131237564,4804.645025076733,,
30.631499600000097,mouse,move,1127,176,-20,23,30.479501308256342,3876.861993658852,,
30.6396522,mouse,move,1098,200,-29,24,37.64306044943742,4617.307417251571,,
30.647572400000172,mouse,move,1076,220,-22,20,29.732137494637012,3753.9629673484696,,
30.655531599999904,mouse,move,1056,232,-20,12,23.323807579381203,2930.4210951058826,,
30.663492499999847,mouse,move,1044,243,-12,11,16.278820596099706,2044.8467630814273,,
30.671523399999842,mouse,move,1031,251,-13,8,15.264337522473747,1900.7007337265563,,
30.67956520000007,mouse,move,1024,258,-7,7,9.899494936611665,1231.0048666132818,,
30.687527099999897,mouse,move,1021,261,-3,3,4.242640687119285,532.8678691281274,,
30.695516899999802,mouse,move,1018,264,-3,3,4.242640687119285,531.0071199741974,,
30.703492200000255,mouse,move,1016,265,-2,1,2.23606797749979,280.3741523670311,,
30.711519800000133,mouse,move,1016,266,0,1,1.0,124.57023269909457,,
30.719566400000076,mouse,move,1015,268,-1,2,2.23606797749979,277.8897891675429,,
30.83949849999999,mouse,move,1015,270,0,2,2.0,16.67610256137786,,
30.847501100000045,mouse,move,1014,272,-1,2,2.23606797749979,279.4176864374825,,
30.85565200000019,mouse,move,1013,273,-1,1,1.4142135623730951,173.50397653605762,,
30.887519299999894,mouse,move,1012,273,-1,0,1.0,31.380129474706287,,
30.90352840000014,mouse,move,1011,274,-1,1,1.4142135623730951,88.33810534953889,,
30.919493400000192,mouse,move,1010,274,-1,0,1.0,62.637018477720055,,
30.927510699999857,mouse,move,1009,275,-1,1,1.4142135623730951,176.39524059623787,,
30.999530999999934,mouse,move,1009,276,0,1,1.0,13.884974097566067,,
31.007502599999953,mouse,move,1009,278,0,2,2.0,250.89066184896947,,
31.015503999999964,mouse,move,1009,280,0,2,2.0,249.9562576545378,,
31.02354800000012,mouse,move,1009,282,0,2,2.0,248.63252112898937,,
31.031529599999885,mouse,move,1010,284,1,2,2.23606797749979,280.1528487477765,,
31.039515100000244,mouse,move,1011,285,1,1,1.4142135623730951,177.09768484246607,,
31.047505,mouse,move,1014,288,3,3,4.242640687119285,531.0004740044874,,
31.055515999999898,mouse,move,1018,289,4,1,4.123105625617661,514.680517497292,,
31.063511199999994,mouse,move,1020,289,2,0,2.0,250.1500900510353,,
31.071545300000253,mouse,move,1025,289,5,0,5.0,622.3472448486795,,
31.07967430000008,mouse,move,1030,292,5,3,5.830951894845301,717.3024843117203,,
31.087494700000207,mouse,move,1036,293,6,1,6.082762530298219,777.8070853407471,,
31.095496599999933,mouse,move,1039,293,3,0,3.0,374.91095866013796,,
31.103509399999894,mouse,move,1040,293,1,0,1.0,124.80031948943456,,
31.111577900000157,mouse,move,1043,293,3,0,3.0,371.8163227244412,,
31.119504000000234,mouse,move,1043,293,0,0,0.0,0.0,,
31.12750249999999,mouse,move,1044,293,1,0,1.0,125.02344189914166,,
31.135491900000034,mouse,move,1046,294,2,1,2.23606797749979,279.8793373079295,,
31.143500600000152,mouse,move,1046,294,0,0,0.0,0.0,,
31.167494199999965,mouse,move,1047,294,1,0,1.0,41.677780741856886,,
31.335509900000034,mouse,move,1048,294,1,0,1.0,5.951824740185525,,
31.343497899999875,mouse,move,1049,294,1,0,1.0,125.18778167499869,,
31.39948850000019,mouse,move,1050,294,1,0,1.0,17.860140809250023,,
31.431481500000245,mouse,move,1051,294,1,0,1.0,31.256837433133036,,
31.447487700000238,mouse,move,1052,294,1,0,1.0,62.47579063115958,,
31.463524700000107,mouse,move,1052,293,0,-1,1.0,62.355802207903615,,
31.756160200000068,keyboard,key_press,,,,,,,,
31.88809339999989,keyboard,key_press,,,,,,,,0.13193319999982123
31.939362000000074,keyboard,key_release,,,,,,,0.1832018000000062,
31.98371189999989,mouse,move,1054,292,2,-1,2.23606797749979,4.2985832359979765,,
31.991795599999932,mouse,move,1058,290,4,-2,4.47213595499958,553.2288376579853,,
31.99963489999982,mouse,move,1062,286,4,-4,5.656854249492381,721.6019605799014,,
32.0077796999999,mouse,move,1063,286,1,0,1.0,122.7777232086664,,
32.01569960000006,mouse,move,1065,285,2,-1,2.23606797749979,282.33538017580724,,
32.02382960000023,mouse,move,1068,285,3,0,3.0,369.00369002942375,,
32.03168450000021,mouse,move,1073,285,5,0,5.0,636.5453411259531,,
32.039743700000145,mouse,move,1082,285,9,0,9.0,1116.736152480826,,
32.047889699999814,mouse,move,1092,285,10,0,10.0,1227.596366364549,,
32.055622200000016,mouse,move,1100,285,8,0,8.0,1034.5942450424873,,
32.06353399999989,mouse,move,1105,285,5,0,5.0,631.9674410474745,,
32.0716167999999,mouse,move,1115,285,10,0,10.0,1237.1950314230628,,
32.075154199999815,keyboard,key_release,,,,,,,0.18706079999992653,
32.07960899999989,mouse,move,1122,285,7,0,7.0,875.8539576097994,,
32.08765820000008,mouse,move,1127,285,5,0,5.0,621.179744556471,,
32.095546699999886,mouse,move,1133,288,6,3,6.708203932499369,850.3776297981291,,
32.10363700000016,mouse,move,1140,290,7,2,7.280109889280518,899.8566047033931,,
32.11149060000025,mouse,move,1146,295,6,5,7.810249675906654,994.4801970838403,,
32.119594100000086,mouse,move,1150,296,4,1,4.123105625617661,508.8055316470981,,
32.12758380000014,mouse,move,1154,297,4,1,4.123105625617661,516.0526209482703,,
32.13558039999998,mouse,move,1158,299,4,2,4.47213595499958,559.2546776239726,,
32.14351690000012,mouse,move,1160,300,2,1,2.23606797749979,281.7448469047909,,
32.15151109999988,mouse,move,1163,300,3,0,3.0,375.2720722637781,,
32.15954839999995,mouse,move,1164,301,1,1,1.4142135623730951,175.95629905079318,,
32.16750129999991,mouse,move,1165,301,1,0,1.0,125.74029599322836,,
32.175612,mouse,move,1166,301,1,0,1.0,123.29392037544241,,
32.18349360000002,mouse,move,1168,302,2,1,2.23606797749979,283.7073662066654,,
32.19150200000013,mouse,move,1171,303,3,1,3.1622776601683795,394.87009391710666,,
32.19951320000018,mouse,move,1173,305,2,2,2.8284271247461903,353.0591078398532,,
32.20755899999995,mouse,move,1177,307,4,2,4.47213595499958,555.8348399327709,,
32.21548900000016,mouse,move,1180,310,3,3,4.242640687119285,535.0114359400118,,
32.223579399999835,mouse,move,1184,311,4,1,4.123105625617661,509.62939110353454,,
32.23152419999997,mouse,move,1189,314,5,3,5.830951894845301,733.9331254088655,,
32.23949790000006,mouse,move,1195,315,6,1,6.082762530298219,762.8531961607657,,
32.247504800000115,mouse,move,1201,319,6,4,7.211102550927978,900.6110418362349,,
32.25550000000021,mouse,move,1205,320,4,1,4.123105625617661,515.6976217690941,,
32.26350300000013,mouse,move,1212,321,7,1,7.0710678118654755,883.5521444381939,,
32.27154150000024,mouse,move,1217,322,5,1,5.0990195135927845,634.3247513245059,,
32.27950150000015,mouse,move,1223,326,6,4,7.211102550927978,905.9174059055108,,
32.287557000000106,mouse,move,1231,327,8,1,8.06225774829855,1000.8388986833429,,
32.29549420000012,mouse,move,1240,329,9,2,9.219544457292887,1161.561313470195,,
32.30355409999993,mouse,move,1249,332,9,3,9.486832980505138,1177.041027895117,,
32.3115029999999,mouse,move,1258,334,9,2,9.219544457292887,1159.8516093199191,,
32.319664699999976,mouse,move,1267,338,9,4,9.848857801796104,1206.7164685920363,,
32.32753240000011,mouse,move,1274,341,7,3,7.615773105863909,967.9796008661617,,
32.33563510000022,mouse,move,1281,346,7,5,8.602325267042627,1061.661577860137,,
32.343572700000095,mouse,move,1289,351,8,5,9.433981132056603,1188.5180825693271,,
32.35173940000004,mouse,move,1295,353,6,2,6.324555320336759,774.4321844046914,,
32.35950439999988,mouse,move,1302,358,7,5,8.602325267042627,1107.8332604281563,,
32.36758880000025,mouse,move,1309,362,7,4,8.06225774829855,997.261113741126,,
32.37557939999988,mouse,move,1314,364,5,2,5.385164807134504,673.9374774590035,,
32.383584300000166,mouse,move,1317,365,3,1,3.1622776601683795,395.04274382626653,,
32.39151619999984,mouse,move,1319,366,2,1,2.23606797749979,281.9082411012724,,
32.49562229999992,mouse,move,1320,367,1,1,1.4142135623730951,13.584348682469097,,
32.50377669999989,mouse,move,1320,370,0,3,3.0,367.899538900747,,
32.51157899999998,mouse,move,1322,372,2,2,2.8284271247461903,362.5119675880352,,
32.52750210000022,mouse,move,1322,374,0,2,2.0,125.60368269811165,,
32.56789669999989,mouse,scroll,1322,374,0,-1,,,,
32.57547909999994,mouse,move,1322,375,0,1,1.0,20.843320757985296,,
32.63974999999982,mouse,scroll,1322,375,0,-1,,,,
32.66371190000018,mouse,move,1322,375,0,0,0.0,0.0,,
32.671559400000206,mouse,move,1322,376,0,1,1.0,127.42911755294979,,
32.67968430000019,mouse,move,1322,378,0,2,2.0,246.1568757774072,,
32.68799489999992,mouse,move,1322,378,0,0,0.0,0.0,,
32.7037263000002,mouse,move,1322,380,0,2,2.0,127.13426649661034,,
32.71184859999994,mouse,move,1321,384,-1,4,4.123105625617661,507.6278425752857,,
32.71971329999997,mouse,move,1320,386,-1,2,2.23606797749979,284.317008594353,,
32.727647199999865,mouse,move,1319,387,-1,1,1.4142135623730951,178.24948164096514,,
32.73622729999988,mouse,move,1317,389,-2,2,2.8284271247461903,329.6496689712767,,
32.74370769999996,mouse,move,1315,392,-2,3,3.605551275463989,481.99979619097724,,
32.75185180000017,mouse,move,1314,395,-1,3,3.1622776601683795,388.29062267007276,,
32.75959400000011,mouse,move,1312,396,-2,1,2.23606797749979,288.8155792303842,,
32.76796760000025,mouse,move,1309,401,-3,5,5.830951894845301,696.3494667463465,,
32.77563390000023,mouse,move,1307,402,-2,1,2.23606797749979,291.6749902175586,,
32.78388290000021,mouse,move,1305,408,-2,6,6.324555320336759,766.7057001277308,,
32.79169589999992,mouse,move,1302,410,-3,2,3.605551275463989,461.4810284904304,,
32.79990420000013,mouse,move,1299,413,-3,3,4.242640687119285,516.872030385454,,
32.80807589999995,mouse,move,1297,417,-2,4,4.47213595499958,547.2711865459701,,
32.81589750000012,mouse,move,1296,420,-1,3,3.1622776601683795,404.30061114088295,,
32.82371629999989,mouse,move,1293,423,-3,3,4.242640687119285,542.6204388454909,,
32.831803500000206,mouse,move,1291,426,-2,3,3.605551275463989,445.8343153776458,,
32.84102070000017,mouse,move,1290,428,-1,2,2.23606797749979,242.59731561731783,,
32.84753890000002,mouse,move,1289,428,-1,0,1.0,153.41658740505872,,
32.85555190000014,mouse,move,1288,429,-1,1,1.4142135623730951,176.48989920779752,,
32.863603899999816,mouse,move,1288,430,0,1,1.0,124.19274714850957,,
32.87191389999998,mouse,move,1287,431,-1,1,1.4142135623730951,170.1821374663071,,
32.87957800000004,mouse,move,1286,433,-1,2,2.23606797749979,291.7587162854541,,
32.89556249999987,mouse,move,1285,435,-1,2,2.23606797749979,139.8897668068058,,
32.90365530000008,mouse,move,1284,436,-1,1,1.4142135623730951,174.74959993276036,,
32.911596100000224,mouse,move,1282,439,-2,3,3.605551275463989,454.05390834669396,,
32.919605200000206,mouse,move,1282,440,0,1,1.0,124.85797405480736,,
32.927522099999806,mouse,move,1280,442,-2,2,2.8284271247461903,357.2644753488233,,
32.943553500000235,mouse,move,1279,443,-1,1,1.4142135623730951,88.21522526636721,,
32.95154850000017,mouse,move,1278,444,-1,1,1.4142135623730951,176.88724982917012,,
32.959556899999825,mouse,move,1278,444,0,0,0.0,0.0,,
32.96755269999994,mouse,move,1277,445,-1,1,1.4142135623730951,176.86955180874943,,
32.97556829999985,mouse,move,1277,446,0,1,1.0,124.75672438887852,,
32.98352019999993,mouse,move,1276,447,-1,1,1.4142135623730951,177.84599433580112,,
33.0315343000002,mouse,move,1276,447,0,0,0.0,0.0,,
33.05549939999992,mouse,move,1276,449,0,2,2.0,83.45469036323153,,
33.06348879999996,mouse,move,1276,450,0,1,1.0,125.16584474362467,,
33.07149459999982,mouse,move,1277,450,1,0,1.0,124.90944065764053,,
33.07951090000006,mouse,move,1278,451,1,1,1.4142135623730951,176.4172451544351,,
33.08750340000006,mouse,move,1278,452,0,1,1.0,125.11729746637018,,
33.151660600000014,mouse,move,1281,452,3,0,3.0,46.76014539291214,,
33.159502500000144,mouse,move,1286,459,5,7,8.602325267042627,1096.9695184712343,,
33.16758370000025,mouse,move,1290,468,4,9,9.848857801796104,1218.7370442096314,,
33.17550459999984,mouse,move,1293,475,3,7,7.615773105863909,961.4782545238822,,
33.18365369999992,mouse,move,1293,479,0,4,4.0,490.851750495092,,
33.19963199999984,mouse,move,1293,479,0,0,0.0,0.0,,
33.38353670000015,mouse,move,1293,481,0,2,2.0,10.875197860612626,,
33.39151300000003,mouse,move,1292,482,-1,1,1.4142135623730951,177.30195233303806,,
33.41563630000019,mouse,move,1291,482,-1,0,1.0,41.453698291425496,,
33.43169769999986,mouse,move,1290,484,-1,2,2.23606797749979,139.21999187776632,,
33.447542599999906,mouse,move,1289,485,-1,1,1.4142135623730951,89.25354924100937,,
34.06379100000004,mouse,move,1288,485,-1,0,1.0,1.6227222658911356,,
34.09547920000023,mouse,move,1288,486,0,1,1.0,31.557488276204207,,
34.15950550000025,mouse,move,1287,488,-1,2,2.23606797749979,34.92421048067716,,
34.46386540000003,mouse,scroll,1287,488,0,1,,,,
34.52763360000017,mouse,scroll,1287,488,0,1,,,,
35.311566100000164,mouse,move,1287,488,0,0,0.0,0.0,,
35.31943589999992,mouse,move,1287,487,0,-1,1.0,127.06803222844088,,
35.32749079999985,mouse,move,1287,486,0,-1,1.0,124.14803411690171,,
35.34353629999987,mouse,move,1287,485,0,-1,1.0,62.32276962381076,,
35.35152980000021,mouse,move,1287,482,0,-3,3.0,375.3049352439903,,
35.35950150000008,mouse,move,1287,482,0,0,0.0,0.0,,
35.36751349999986,mouse,move,1287,479,0,-3,3.0,374.4383424965275,,
35.3755486,mouse,move,1287,478,0,-1,1.0,124.45395825592986,,
35.39162040000019,mouse,move,1287,476,0,-2,2.0,124.44156846005228,,
35.39954850000004,mouse,move,1287,475,0,-1,1.0,126.13362596581854,,
35.407540000000154,mouse,move,1287,474,0,-1,1.0,125.13295376154936,,
35.4315332000001,mouse,move,1286,474,-1,0,1.0,41.67847556816471,,
35.447612299999946,mouse,move,1285,474,-1,0,1.0,62.19253565247994,,
35.46350050000001,mouse,move,1285,473,0,-1,1.0,62.939791794918854,,
35.47149450000006,mouse,move,1284,472,-1,-1,1.4142135623730951,176.90937732845353,,
35.479573099999925,mouse,move,1283,472,-1,0,1.0,123.78382393199583,,
35.487497800000256,mouse,move,1282,471,-1,-1,1.4142135623730951,178.45641630775827,,
35.49556269999994,mouse,move,1281,469,-1,-2,2.23606797749979,277.2592316815106,,
35.511531000000105,mouse,move,1278,468,-3,-1,3.1622776601683795,198.0347100276892,,
35.53550929999983,mouse,move,1278,467,0,-1,1.0,41.70437437230441,,
35.59966480000003,mouse,click_press,1278,467,,,,,,
35.61553890000005,mouse,move,1278,467,0,0,0.0,0.0,,
35.62348950000023,mouse,move,1278,469,0,2,2.0,251.5533418802728,,
35.639490399999886,mouse,move,1278,469,0,0,0.0,0.0,,
35.73575699999992,mouse,click_release,1278,469,,,,,,
35.88754430000017,mouse,move,1278,470,0,1,1.0,4.031381889173464,,
35.99171699999988,mouse,scroll,1278,470,0,-1,,,,
36.015657100000226,mouse,move,1278,471,0,1,1.0,7.8056212962294325,,
36.023812400000224,mouse,scroll,1278,471,0,-1,,,,
36.06369270000005,mouse,scroll,1278,471,0,-1,,,,
36.479732199999944,mouse,scroll,1278,471,0,-1,,,,
36.55999239999983,mouse,scroll,1278,471,0,-1,,,,
37.319501800000126,mouse,move,1277,472,-1,1,1.4142135623730951,1.0846487793931316,,
37.60775730000023,mouse,scroll,1277,472,0,-1,,,,
38.05554979999988,mouse,move,1277,473,0,1,1.0,1.358607047366928,,
38.81555329999992,mouse,move,1276,474,-1,1,1.4142135623730951,1.8607987494439469,,
39.93552460000001,mouse,move,1274,474,-2,0,2.0,1.7857600458153189,,
39.943454199999906,mouse,move,1271,474,-3,0,3.0,378.32929782570795,,
39.95150590000003,mouse,move,1268,474,-3,0,3.0,372.5921233967883,,
39.95947590000014,mouse,move,1264,473,-4,-1,4.123105625617661,517.3281838844059,,
39.96753119999994,mouse,move,1263,473,-1,0,1.0,124.1418693314082,,
39.97554570000011,mouse,move,1259,472,-4,-1,4.123105625617661,514.4557521403846,,
39.98359560000017,mouse,move,1255,471,-4,-1,4.123105625617661,512.1933968852937,,
39.99150610000015,mouse,move,1249,469,-6,-2,6.324555320336759,799.5139776692739,,
39.99954109999999,mouse,move,1245,468,-4,-1,4.123105625617661,513.1432017052572,,
40.007505200000196,mouse,move,1245,468,0,0,0.0,0.0,,
40.0155278000002,mouse,move,1244,467,-1,-1,1.4142135623730951,176.2787079466023,,
40.02353399999993,mouse,move,1242,466,-2,-1,2.23606797749979,279.29204586146335,,
40.03152439999985,mouse,move,1240,464,-2,-2,2.8284271247461903,353.9781643938201,,
40.039486000000124,mouse,move,1237,463,-3,-1,3.1622776601683795,397.1912253894334,,
40.04789230000006,mouse,move,1233,462,-4,-1,4.123105625617661,490.4780492785647,,
40.05554859999984,mouse,move,1231,462,-2,0,2.0,261.222783858698,,
40.06351170000016,mouse,move,1228,460,-3,-2,3.605551275463989,452.78236808742855,,
40.07155640000019,mouse,move,1227,459,-1,-1,1.4142135623730951,175.7944438410671,,
40.07947960000001,mouse,move,1221,457,-6,-2,6.324555320336759,798.2324465466205,,
40.087492699999984,mouse,move,1214,453,-7,-4,8.06225774829855,1006.1346730139034,,
40.09550739999986,mouse,move,1208,451,-6,-2,6.324555320336759,789.1194081418627,,
40.10350180000023,mouse,move,1196,445,-12,-6,13.416407864998739,1678.225741065832,,
40.11146520000011,mouse,move,1187,440,-9,-5,10.295630140987,1292.8686416783669,,
40.119488100000126,mouse,move,1179,434,-8,-6,10.0,1246.4320881454264,,
40.127488300000095,mouse,move,1169,429,-10,-5,11.180339887498949,1397.5075482539935,,
40.1355051999999,mouse,move,1160,422,-9,-7,11.40175425099138,1422.2148525330992,,
40.14348800000016,mouse,move,1152,417,-8,-5,9.433981132056603,1181.788486714583,,
40.151506600000175,mouse,move,1149,414,-3,-3,4.242640687119285,529.0999285550956,,
40.15946579999991,mouse,move,1146,411,-3,-3,4.242640687119285,533.0486339408704,,
40.16750600000023,mouse,move,1143,404,-3,-7,7.615773105863909,947.2118984052304,,
40.17552660000001,mouse,move,1141,400,-2,-4,4.47213595499958,557.581222741613,,
40.183532900000046,mouse,move,1140,398,-1,-2,2.23606797749979,279.2885574473088,,
40.19148630000018,mouse,move,1139,394,-1,-4,4.123105625617661,518.4079293822331,,
40.199515899999824,mouse,move,1137,390,-2,-4,4.47213595499958,556.9562562515218,,
40.207533599999806,mouse,move,1136,388,-1,-2,2.23606797749979,278.89144985529146,,
40.215515400000186,mouse,move,1134,384,-2,-4,4.47213595499958,560.2916578700064,,
40.2235083999999,mouse,move,1132,383,-2,-1,2.23606797749979,279.7532813186003,,
40.23174049999989,mouse,move,1131,383,-1,0,1.0,121.4756866415175,,
40.2395461000001,mouse,move,1131,382,0,-1,1.0,128.1131495302101,,
40.247516299999916,mouse,move,1129,381,-2,-1,2.23606797749979,280.55355920188856,,
40.25549950000004,mouse,move,1128,381,-1,0,1.0,125.26305240808269,,
40.26351260000001,mouse,move,1128,381,0,0,0.0,0.0,,
40.27150840000013,mouse,move,1126,381,-2,0,2.0,250.13131893878423,,
40.27961940000023,mouse,move,1125,381,-1,0,1.0,123.28936012671593,,
40.28752560000021,mouse,move,1123,381,-2,0,2.0,252.9660266632772,,
40.2956164000002,mouse,move,1121,381,-2,0,2.0,247.19434419368443,,
40.303532800000085,mouse,move,1121,381,0,0,0.0,0.0,,
40.31145759999981,mouse,move,1119,381,-2,0,2.0,252.37229962506134,,
40.319603200000074,mouse,move,1115,382,-4,1,4.123105625617661,506.1758035608379,,
40.32750900000019,mouse,move,1113,382,-2,0,2.0,252.9788256685515,,
40.335600299999896,mouse,move,1107,386,-6,4,7.211102550927978,891.2168070879287,,
40.343478400000095,mouse,move,1104,388,-3,2,3.605551275463989,457.6676197780291,,
40.35153059999993,mouse,move,1096,392,-8,4,8.94427190999916,1110.786109408471,,
40.35950619999994,mouse,move,1091,394,-5,2,5.385164807134504,675.2049760680734,,
40.367520700000114,mouse,move,1083,399,-8,5,9.433981132056603,1177.1141221353794,,
40.37547730000006,mouse,move,1076,403,-7,4,8.06225774829855,1013.2792585220028,,
40.38352540000005,mouse,move,1071,406,-5,3,5.830951894845301,724.5128533253753,,
40.3915006000002,mouse,move,1065,411,-6,5,7.810249675906654,979.3170924570409,,
40.39950709999994,mouse,move,1061,416,-4,5,6.4031242374328485,799.7407403538031,,
40.40756650000003,mouse,move,1058,418,-3,2,3.605551275463989,447.3721710577021,,
40.41553729999987,mouse,move,1055,419,-3,1,3.1622776601683795,396.73278218399963,,
40.423483399999895,mouse,move,1052,421,-3,2,3.605551275463989,453.7510571792413,,
40.43150960000003,mouse,move,1051,422,-1,1,1.4142135623730951,176.19964146793947,,
40.43955210000013,mouse,move,1048,423,-3,1,3.1622776601683795,393.19585453882485,,
40.44754379999995,mouse,move,1045,426,-3,3,4.242640687119285,530.8808748094428,,
40.45551490000025,mouse,move,1038,431,-7,5,8.602325267042627,1079.189229430579,,
40.46352250000018,mouse,move,1030,433,-8,2,8.246211251235321,1029.798098220366,,
40.47148909999987,mouse,move,1023,437,-7,4,8.06225774829855,1012.0073492596276,,
40.479511099999854,mouse,move,1016,439,-7,2,7.280109889280518,907.5180614929269,,
40.48750289999998,mouse,move,1009,442,-7,3,7.615773105863909,952.9484103384439,,
40.49559559999989,mouse,move,998,444,-11,2,11.180339887498949,1381.5339611783659,,
40.50350299999991,mouse,move,989,450,-9,6,10.816653826391969,1367.9153484536052,,
40.51150129999996,mouse,move,977,455,-12,5,13.0,1625.3453858835578,,
40.519512100000156,mouse,move,966,459,-11,4,11.704699910719626,1461.114983576906,,
40.52748460000021,mouse,move,956,464,-10,5,11.180339887498949,1402.3631091160526,,
40.535507999999936,mouse,move,948,469,-8,5,9.433981132056603,1175.8084019711391,,
40.543504900000244,mouse,move,942,474,-6,5,7.810249675906654,976.6596650710057,,
40.55150529999992,mouse,move,936,480,-6,6,8.48528137423857,1060.6071414660485,,
40.55947109999988,mouse,move,935,482,-1,2,2.23606797749979,280.708526137928,,
40.631772900000215,mouse,scroll,935,482,0,-1,,,,
41.16755830000011,mouse,move,935,483,0,1,1.0,1.6445009860421764,,
41.175567899999805,mouse,move,936,483,1,0,1.0,124.85017978900315,,
41.18386049999981,mouse,move,936,482,0,-1,1.0,120.58944118846681,,
41.19153809999989,mouse,move,937,482,1,0,1.0,130.24903615579035,,
41.199636100000134,mouse,move,937,481,0,-1,1.0,123.4872808063326,,
41.20752570000013,mouse,move,938,480,1,-1,1.4142135623730951,179.25035012844054,,
41.21556139999984,mouse,move,938,478,0,-2,2.0,248.88933136781444,,
41.22353789999988,mouse,move,938,477,0,-1,1.0,125.36826929040295,,
41.23165560000007,mouse,move,938,476,0,-1,1.0,123.18760239689598,,
41.239533200000096,mouse,move,938,475,0,-1,1.0,126.94221590285501,,
41.24753379999993,mouse,move,938,474,0,-1,1.0,124.99062570569613,,
41.25553919999993,mouse,move,938,473,0,-1,1.0,124.91568191467906,,
41.2635436999999,mouse,move,938,471,0,-2,2.0,249.8594540580295,,
41.271527100000185,mouse,move,938,470,0,-1,1.0,125.25991431775093,,
41.27953119999984,mouse,move,938,468,0,-2,2.0,249.8719406412695,,
41.28780379999989,mouse,move,938,467,0,-1,1.0,120.88098058571364,,
41.29556020000018,mouse,move,938,466,0,-1,1.0,128.92579031028373,,
41.30354930000021,mouse,move,938,465,0,-1,1.0,125.17054486688652,,
41.311732199999824,mouse,move,938,463,0,-2,2.0,244.41212774141098,,
41.39154109999981,mouse,move,938,463,0,0,0.0,0.0,,
41.399575299999924,mouse,move,938,462,0,-1,1.0,124.46789972694013,,
41.40754870000001,mouse,move,938,461,0,-1,1.0,125.4170115621489,,
41.41556270000001,mouse,move,937,460,-1,-1,1.4142135623730951,176.46787651267678,,
41.42354699999987,mouse,move,937,459,0,-1,1.0,125.24579487460453,,
41.431550300000254,mouse,move,937,457,0,-2,2.0,249.89691750958545,,
41.43954669999994,mouse,move,936,456,-1,-1,1.4142135623730951,176.85628062991745,,
41.4475510000002,mouse,move,936,454,0,-2,2.0,249.86569717945537,,
41.45572020000009,mouse,move,935,451,-1,-3,3.1622776601683795,387.0975934257134,,
41.463542699999834,mouse,move,935,449,0,-2,2.0,255.67273890247213,,
41.471552099999826,mouse,move,935,445,0,-4,4.0,499.4131895028505,,
41.47954359999994,mouse,move,935,441,0,-4,4.0,500.53181504619744,,
41.48753459999989,mouse,move,935,435,0,-6,6.0,750.8447002927817,,
41.4955817,mouse,move,936,423,1,-12,12.041594578792296,1496.3893301467456,,
41.50362959999984,mouse,move,940,417,4,-6,7.211102550927978,896.0228818789273,,
41.5115738999998,mouse,move,943,413,3,-4,5.0,629.3820726839871,,
41.519527299999936,mouse,move,944,410,1,-3,3.1622776601683795,397.6007317770328,,
41.59951279999996,mouse,move,945,409,1,-1,1.4142135623730951,17.68087418810571,,
41.63150940000014,mouse,move,945,409,0,0,0.0,0.0,,
41.639505799999824,mouse,move,946,408,1,-1,1.4142135623730951,176.85628062991745,,
41.66350909999983,mouse,move,946,407,0,-1,1.0,41.660938287645266,,
41.671484299999975,mouse,move,946,405,0,-2,2.0,250.77740996630985,,
41.679513099999895,mouse,move,946,403,0,-2,2.0,249.10322838032153,,
41.68750249999994,mouse,move,947,400,1,-3,3.1622776601683795,395.8091546488681,,
41.6955111000002,mouse,move,947,400,0,0,0.0,0.0,,
41.70354379999981,mouse,move,947,398,0,-2,2.0,248.98228492272756,,
41.71153529999992,mouse,move,947,395,0,-3,3.0,375.3988612846481,,
41.719512600000144,mouse,move,947,394,0,-1,1.0,125.35569678617462,,
41.72754429999986,mouse,move,947,392,0,-2,2.0,249.0132848674462,,
41.73558110000022,mouse,move,947,391,0,-1,1.0,124.42763288322254,,
41.74355340000011,mouse,move,947,388,0,-3,3.0,376.3029489658683,,
41.751515500000096,mouse,move,947,387,0,-1,1.0,125.59500634276718,,
41.75959090000015,mouse,move,947,387,0,0,0.0,0.0,,
41.767742,mouse,move,947,386,0,-1,1.0,122.68282808681103,,
41.77573789999997,mouse,move,947,384,0,-2,2.0,250.1281906987033,,
41.79157200000009,mouse,move,947,384,0,0,0.0,0.0,,
41.79961899999989,mouse,move,947,383,0,-1,1.0,124.26991425675745,,
41.807641500000045,mouse,move,947,382,0,-1,1.0,124.64942349405584,,
41.82364000000007,mouse,move,947,380,0,-2,2.0,125.01171984855343,,
41.83957670000018,mouse,move,946,379,-1,-1,1.4142135623730951,88.73942298990575,,
41.84759470000017,mouse,move,946,378,0,-1,1.0,124.71938139198102,,
41.85576480000009,mouse,move,945,376,-1,-2,2.23606797749979,273.68918097977553,,
41.86389079999981,mouse,move,944,375,-1,-1,1.4142135623730951,174.035634066184,,
41.87952140000016,mouse,move,943,374,-1,-1,1.4142135623730951,90.47724094669807,,
41.927515200000016,mouse,move,942,374,-1,0,1.0,20.836024653245882,,
41.935555999999906,mouse,move,942,374,0,0,0.0,0.0,,
41.94353249999995,mouse,move,941,374,-1,0,1.0,125.36826929040295,,
41.951503199999934,mouse,move,939,374,-2,0,2.0,250.9189908042245,,
41.95958900000005,mouse,move,938,374,-1,0,1.0,123.67360063141685,,
41.96750470000006,mouse,move,937,374,-1,0,1.0,126.33121517976262,,
41.97552850000011,mouse,move,936,374,-1,0,1.0,124.629228045842,,
41.98349730000018,mouse,move,935,374,-1,0,1.0,125.48940869278033,,
41.991519300000164,mouse,move,933,376,-2,2,2.8284271247461903,352.58378518478014,,
41.99954209999987,mouse,move,933,377,0,1,1.0,124.64476243162275,,
42.007511499999964,mouse,move,932,377,-1,0,1.0,125.47996084879233,,
42.023537399999896,mouse,move,929,379,-3,2,3.605551275463989,224.9827638684515,,
42.039579799999956,mouse,move,929,380,0,1,1.0,62.334812745988216,,
42.407516300000225,mouse,move,929,380,0,0,0.0,0.0,,
42.415484000000106,mouse,move,935,377,6,-3,6.708203932499369,841.9247628047684,,
42.42358449999983,mouse,move,939,373,4,-4,5.656854249492381,698.3339608274298,,
42.431508699999995,mouse,move,941,372,2,-1,2.23606797749979,282.18217327354887,,
42.439470000000256,mouse,move,941,371,0,-1,1.0,125.60762689098779,,
42.44751069999984,mouse,move,942,370,1,-1,1.4142135623730951,175.88189615909508,,
42.503517999999985,mouse,move,944,369,2,-1,2.23606797749979,39.924580858101265,,
42.51150740000003,mouse,move,944,369,0,0,0.0,0.0,,
42.51942319999989,mouse,move,950,365,6,-4,7.211102550927978,910.9758395931738,,
42.5275431,mouse,move,960,357,10,-8,12.806248474865697,1577.143619341518,,
42.53552549999995,mouse,move,976,348,16,-9,18.35755975068582,2299.754428594097,,
42.54353630000014,mouse,move,1000,329,24,-19,30.610455730027933,3821.1484158000576,,
42.551521500000035,mouse,move,1032,302,32,-27,41.86884283091664,5243.305469052019,,
42.559525499999836,mouse,move,1074,267,42,-35,54.67174773134658,6830.5531899934695,,
42.56752749999987,mouse,move,1126,219,52,-48,70.76722405181653,8843.692083419566,,
42.57569139999987,mouse,move,1177,164,51,-55,75.0066663703967,9187.602294295712,,
42.58358080000016,mouse,move,1219,112,42,-52,66.84309986827361,8472.520073234564,,
42.59169890000021,mouse,move,1224,89,5,-23,23.53720459187964,2899.3489353104087,,
42.599521200000254,mouse,move,1224,86,0,-3,3.0,383.51891387230467,,
42.60756730000003,mouse,move,1224,84,0,-2,2.0,248.56762904465177,,
42.61562219999996,mouse,move,1221,78,-3,-6,6.708203932499369,832.8103306750659,,
42.62358859999995,mouse,move,1219,67,-2,-11,11.180339887498949,1403.4369210079517,,
42.631575299999895,mouse,move,1218,56,-1,-11,11.045361017187261,1382.969313641547,,
42.639571499999875,mouse,move,1215,42,-3,-14,14.317821063276353,1790.5781575389456,,
42.64763119999998,mouse,move,1215,27,0,-15,15.0,1861.1114557374865,,
42.65555529999983,mouse,move,1215,15,0,-12,12.0,1514.3675622745923,,
42.66355500000009,mouse,move,1215,0,0,-15,15.0,1875.0703150770566,,
42.67153529999996,mouse,move,1215,-11,0,-11,11.0,1378.3942959759067,,
42.679541999999856,mouse,move,1215,-7,0,4,4.0,499.58160041613183,,
42.68753560000005,mouse,move,1216,-7,1,0,1.0,125.10008006106551,,
42.695526399999835,mouse,move,1216,-5,0,2,2.0,250.28783101227867,,
42.70346239999981,mouse,move,1216,-4,0,1,1.0,126.00806451656712,,
42.71152200000006,mouse,move,1215,-7,-1,-3,3.1622776601683795,392.3616134882243,,
42.719474399999854,mouse,move,1215,-5,0,2,2.0,251.49640360792498,,
42.72750700000006,mouse,move,1212,-9,-3,-4,5.0,622.4634613788526,,
42.735488799999985,mouse,move,1211,-7,-1,2,2.23606797749979,280.14582895096396,,
42.74351139999999,mouse,move,1208,-5,-3,2,3.605551275463989,449.4242858253243,,
42.751452900000004,mouse,move,1203,-8,-5,-3,5.830951894845301,734.2381029823104,,
42.75955090000025,mouse,move,1197,-6,-6,2,6.324555320336759,781.0021388176102,,
42.767463099999986,mouse,move,1190,-6,-7,0,7.0,884.7096888643811,,
42.77552400000013,mouse,move,1181,-5,-9,1,9.055385138137417,1123.3714768789457,,
42.783492800000204,mouse,move,1171,-4,-10,1,10.04987562112089,1261.152949130449,,
42.79151349999984,mouse,move,1159,-3,-12,1,12.041594578792296,1501.3146707073593,,
42.79950910000025,mouse,move,1144,-3,-15,0,15.0,1876.0318174026966,,
42.8075116,mouse,move,1127,-1,-17,2,17.11724276862369,2138.986912735198,,
42.81547580000006,mouse,move,1104,0,-23,1,23.021728866442675,2890.65177497654,,
42.82353920000014,mouse,move,1080,0,-24,0,24.0,2976.4119353813103,,
42.83147450000024,mouse,move,1056,0,-24,0,24.0,3024.460322823318,,
42.839520600000014,mouse,move,1032,0,-24,0,24.0,2982.811548535821,,
42.847497400000066,mouse,move,998,9,-34,9,35.17101079013795,4409.162921210481,,
42.85549609999998,mouse,move,971,18,-27,9,28.460498941515414,3558.140565568503,,
42.8635290000002,mouse,move,938,34,-33,16,36.6742416417845,4565.504567565331,,
42.871507400000155,mouse,move,905,53,-33,19,38.07886552931954,4772.74460161537,,
42.87952059999998,mouse,move,874,76,-31,23,38.600518131237564,4817.116524246284,,
42.88749839999991,mouse,move,845,100,-29,24,37.64306044943742,4718.476328028242,,
42.89550770000005,mouse,move,821,129,-24,29,37.64306044943742,4699.918900375875,,
42.90349830000014,mouse,move,806,147,-15,18,23.430749027719962,2932.2890680889655,,
42.9115283000001,mouse,move,791,174,-15,27,30.886890422961002,3846.437163524958,,
42.91955250000001,mouse,move,776,197,-15,23,27.459060435491963,3422.0309109697855,,
42.92754700000023,mouse,move,767,216,-9,19,21.02379604162864,2629.782480585804,,
42.93571060000022,mouse,move,761,230,-6,14,15.231546211727817,1865.787913634725,,
42.94353230000024,mouse,move,756,245,-5,15,15.811388300841896,2021.4772109384053,,
42.95159150000018,mouse,move,753,262,-3,17,17.26267650163207,2141.9838819948623,,
42.95955159999994,mouse,move,747,277,-6,15,16.15549442140351,2029.5592293919615,,
42.96759120000024,mouse,move,746,293,-1,16,16.0312195418814,1994.0319843374257,,
42.97555330000023,mouse,move,746,304,0,11,11.0,1381.5450697704389,,
42.98377440000013,mouse,move,746,316,0,12,12.0,1459.658683162237,,
42.991829600000074,mouse,move,746,323,0,7,7.0,869.0038732804148,,
42.99959029999991,mouse,move,750,329,4,6,7.211102550927978,929.1819747034559,,
43.00766479999993,mouse,move,756,338,6,9,10.816653826391969,1339.606641447065,,
43.01550120000002,mouse,move,762,346,6,8,10.0,1276.0961665928749,,
43.02358030000005,mouse,move,772,355,10,9,13.45362404707371,1665.2379654937833,,
43.03151500000013,mouse,move,783,364,11,9,14.212670403551895,1791.2045072166766,,
43.03958580000017,mouse,move,797,373,14,9,16.64331697709324,2062.1644665966173,,
43.04751690000012,mouse,move,814,387,17,14,22.02271554554524,2776.7542390944764,,
43.05555779999986,mouse,move,830,396,16,9,18.35755975068582,2283.023013751644,,
43.0635100999998,mouse,move,847,406,17,10,19.72308292331602,2480.17339932577,,
43.07150610000008,mouse,move,863,415,16,9,18.35755975068582,2295.842890201716,,
43.079521900000145,mouse,move,877,422,14,7,15.652475842498529,1952.702892084213,,
43.08751960000018,mouse,move,892,428,15,6,16.15549442140351,2020.017557715041,,
43.095543500000076,mouse,move,906,430,14,2,14.142135623730951,1762.5014798178242,,
43.103571199999806,mouse,move,919,432,13,2,13.152946437965905,1638.4451883365186,,
43.111544200000026,mouse,move,936,435,17,3,17.26267650163207,2165.1419166130213,,
43.11956790000022,mouse,move,953,435,17,0,17.0,2118.7232822249325,,
43.12756279999985,mouse,move,966,435,13,0,13.0,1626.0365984066002,,
43.13554629999999,mouse,move,978,435,12,0,12.0,1503.1001440213597,,
43.143554199999926,mouse,move,986,434,8,-1,8.06225774829855,1006.7880153798491,,
43.15154870000015,mouse,move,990,433,4,-1,4.123105625617661,515.7427763465944,,
43.15954030000012,mouse,move,991,433,1,0,1.0,125.13138795784911,,
43.16753840000001,mouse,move,992,431,1,-2,2.23606797749979,279.57489622899044,,
43.207538600000134,mouse,move,992,430,0,-1,1.0,24.999875000548574,,
43.21554270000024,mouse,move,992,430,0,0,0.0,0.0,,
43.22358639999993,mouse,move,992,427,0,-3,3.0,372.9626913131948,,
43.231556700000056,mouse,move,992,426,0,-1,1.0,125.46579174991818,,
43.23960249999982,mouse,move,991,422,-1,-4,4.123105625617661,512.4544017672457,,
43.24758350000002,mouse,move,987,418,-4,-4,5.656854249492381,708.7901577936004,,
43.255620100000215,mouse,move,980,415,-7,-3,7.615773105863909,947.6362025829658,,
43.263766999999916,mouse,move,972,410,-8,-5,9.433981132056603,1157.9841574589545,,
43.27160300000014,mouse,move,962,406,-10,-4,10.770329614269007,1374.4677914701263,,
43.27954180000006,mouse,move,951,403,-11,-3,11.40175425099138,1436.2062592717375,,
43.28754459999982,mouse,move,944,402,-7,-1,7.0710678118654755,883.5742255309457,,
43.29551930000025,mouse,move,932,398,-12,-4,12.649110640673518,1586.155045329438,,
43.30351849999988,mouse,move,922,397,-10,-1,10.04987562112089,1256.3600887069401,,
43.3115471000001,mouse,move,914,397,-8,0,8.0,996.4377350702075,,
43.31951620000018,mouse,move,908,397,-6,0,6.0,752.9081075577142,,
43.32770479999999,mouse,move,905,397,-3,0,3.0,366.3629924613273,,
43.335533999999825,mouse,move,903,397,-2,0,2.0,255.4539416597758,,
43.343693599999824,mouse,move,901,397,-2,0,2.0,245.11005441446076,,
43.351535799999965,mouse,move,901,397,0,0,0.0,0.0,,
43.35951900000009,mouse,move,900,397,-1,0,1.0,125.26305240808269,,
43.367707899999914,mouse,move,897,399,-3,2,3.605551275463989,440.2973873831688,,
43.37550909999982,mouse,move,893,403,-4,4,5.656854249492381,725.1261664311098,,
43.383486300000186,mouse,move,889,406,-4,3,5.0,626.7863410430928,,
43.39151660000016,mouse,move,887,408,-2,2,2.8284271247461903,352.2193597693332,,
43.399469899999986,mouse,move,884,411,-3,3,4.242640687119285,533.4440656346276,,
43.4075128999998,mouse,move,884,412,0,1,1.0,124.33171702385721,,
43.41546479999988,mouse,move,882,413,-2,1,2.23606797749979,281.199207419268,,
43.423513600000206,mouse,move,880,415,-2,2,2.8284271247461903,351.40979085481575,,
43.43147439999984,mouse,move,880,416,0,1,1.0,125.61551603426855,,
43.43951479999987,mouse,move,879,417,-1,1,1.4142135623730951,175.88845858020994,,
43.447465600000214,mouse,move,879,419,0,2,2.0,251.54701412604874,,
43.46356259999993,mouse,move,878,420,-1,1,1.4142135623730951,87.85572233322279,,
43.567566499999884,mouse,move,875,421,-3,1,3.1622776601683795,30.40537576158035,,
43.57554549999986,mouse,move,868,422,-7,1,7.0710678118654755,886.209777150694,,
43.58355930000016,mouse,move,856,426,-12,4,12.649110640673518,1578.4160623177097,,
43.59155049999981,mouse,move,847,426,-9,0,9.0,1126.23886279819,,
43.59956539999985,mouse,move,843,427,-4,1,4.123105625617661,514.4300771812271,,
43.615659699999924,mouse,move,843,427,0,0,0.0,0.0,,
43.62356129999989,mouse,move,842,427,-1,0,1.0,126.55664675559511,,
43.63156560000016,mouse,move,838,430,-4,3,5.0,624.6642429486384,,
43.63956599999983,mouse,move,835,432,-3,2,3.605551275463989,450.6713758826037,,
43.64757379999992,mouse,move,824,442,-11,10,14.866068747318506,1856.4485560525386,,
43.655556799999886,mouse,move,814,447,-10,5,11.180339887498949,1400.5185879424478,,
43.66354330000013,mouse,move,808,452,-6,5,7.810249675906654,977.9314688122706,,
43.67166230000021,mouse,move,803,455,-5,3,5.830951894845301,718.1859705368516,,
43.67962639999996,mouse,move,802,457,-1,2,2.23606797749979,280.76844559572976,,
43.863564100000076,mouse,move,802,457,0,0,0.0,0.0,,
43.87159359999987,mouse,move,802,457,0,0,0.0,0.0,,
43.87958329999992,mouse,move,803,457,1,0,1.0,125.16114497332654,,
43.88758420000022,mouse,move,804,457,1,0,1.0,124.98593907720736,,
43.89556880000009,mouse,move,805,457,1,0,1.0,125.24108909851155,,
43.903581999999915,mouse,move,807,457,2,0,2.0,249.58817950933258,,
43.91151940000009,mouse,move,807,456,0,-1,1.0,125.9858391889208,,
43.919610999999804,mouse,move,808,455,1,-1,1.4142135623730951,174.77551564866462,,
44.1116320000001,mouse,scroll,808,455,0,-1,,,,
45.03975720000017,mouse,scroll,808,455,0,-1,,,,
45.551533500000005,mouse,move,812,453,4,-2,4.47213595499958,2.740409520059335,,
45.559516299999814,mouse,move,824,443,12,-10,15.620499351813308,1956.7694733912272,,
45.56757370000014,mouse,move,845,433,21,-10,23.259406699226016,2886.7136667271084,,
45.57556419999992,mouse,move,890,415,45,-18,48.46648326421054,6065.513205125747,,
45.58355359999996,mouse,move,942,391,52,-24,57.271284253105414,7168.408673092189,,
45.59159180000006,mouse,move,1007,372,65,-19,67.72001181334805,8424.773184605741,,
45.59956250000005,mouse,move,1082,340,75,-32,81.54140052758476,10230.142964572313,,
45.607540399999834,mouse,move,1159,322,77,-18,79.07591289387686,9911.87065468202,,
45.615575400000125,mouse,move,1231,300,72,-22,75.28612089887484,9369.772357952612,,
45.62352830000009,mouse,move,1295,282,64,-18,66.48308055437865,8359.602227449215,,
45.631571800000074,mouse,move,1346,266,51,-16,53.45091205957107,6645.230566254655,,
45.639515500000016,mouse,move,1397,247,51,-19,54.42425929675111,6851.248070439621,,
45.64756149999994,mouse,move,1430,231,33,-16,36.6742416417845,4558.071295319382,,
45.65553880000016,mouse,move,1454,222,24,-9,25.632011235952593,3213.1186285138942,,
45.663546000000224,mouse,move,1468,215,14,-7,15.652475842498529,1954.8001601521753,,
45.67158610000024,mouse,move,1476,210,8,-5,9.433981132056603,1173.366143709307,,
45.67956749999985,mouse,move,1480,207,4,-3,5.0,626.4565114197728,,
45.68753680000009,mouse,move,1483,205,3,-2,3.605551275463989,452.4301099663785,,
45.69556180000018,mouse,move,1485,203,2,-2,2.8284271247461903,352.4519781576205,,
45.703532800000175,mouse,move,1489,200,4,-3,5.0,627.2738677708473,,
45.71152299999994,mouse,move,1496,197,7,-3,7.615773105863909,953.1392338221385,,
45.71950340000012,mouse,move,1504,190,8,-7,10.63014581273465,1332.03170423747,,
45.727628600000116,mouse,move,1515,179,11,-11,15.556349186104045,1914.5804640025744,,
45.73553889999994,mouse,move,1524,171,9,-8,12.041594578792296,1522.2677495245869,,
45.743526400000064,mouse,move,1535,163,11,-8,13.601470508735444,1702.8445081089028,,
45.75151760000017,mouse,move,1543,157,8,-6,10.0,1251.376514149,,
45.75951040000018,mouse,move,1546,152,3,-5,5.830951894845301,729.5255598585411,,
45.7675306000001,mouse,move,1549,148,3,-4,5.0,623.4258497357305,,
45.77550539999993,mouse,move,1550,147,1,-1,1.4142135623730951,177.3353015001535,,
45.86357080000016,mouse,move,1550,147,0,0,0.0,0.0,,
45.87151810000023,mouse,move,1548,145,-2,-2,2.8284271247461903,355.897867794302,,
45.879498799999965,mouse,move,1539,143,-9,-2,9.219544457292887,1155.2300496948392,,
45.887521000000106,mouse,move,1528,139,-11,-4,11.704699910719626,1459.0386565422762,,
45.895479299999806,mouse,move,1521,139,-7,0,7.0,879.584835990574,,
45.9035087000002,mouse,move,1519,138,-2,-1,2.23606797749979,278.48506456142616,,
45.91147570000021,mouse,move,1515,138,-4,0,4.0,502.07104305209856,,
45.91955390000021,mouse,move,1511,138,-4,0,4.0,495.1598128295954,,
45.92761010000004,mouse,move,1505,137,-6,-1,6.082762530298219,755.041152209232,,
45.93555779999997,mouse,move,1495,137,-10,0,10.0,1258.225650198949,,
45.94355760000008,mouse,move,1486,137,-9,0,9.0,1125.0281256881067,,
45.95160799999985,mouse,move,1473,137,-13,0,13.0,1614.8265925126825,,
45.95956010000009,mouse,move,1459,138,-14,1,14.035668847618199,1765.0267032855295,,
45.96755280000025,mouse,move,1445,145,-14,7,15.652475842498529,1958.3464714285853,,
45.97560599999997,mouse,move,1432,152,-13,7,14.7648230602334,1833.4107014283911,,
45.98359110000001,mouse,move,1418,159,-14,7,15.652475842498529,1960.2103721201695,,
45.99153230000002,mouse,move,1404,166,-14,7,15.652475842498529,1971.046673360343,,
45.9995600000002,mouse,move,1390,174,-14,8,16.1245154965971,2008.6096261976625,,
46.007533200000125,mouse,move,1375,180,-15,6,16.15549442140351,2026.2246552899185,,
46.01554410000017,mouse,move,1351,192,-24,12,26.832815729997478,3349.538220405631,,
46.02353910000011,mouse,move,1315,213,-36,21,41.677331968349414,5212.9245739433545,,
46.031547500000215,mouse,move,1282,232,-33,19,38.07886552931954,4754.865582239437,,
46.03954990000011,mouse,move,1252,248,-30,16,34.0,4248.7253824406525,,
46.04756950000001,mouse,move,1232,259,-20,11,22.825424421026653,2846.204850780293,,
46.055543299999954,mouse,move,1215,270,-17,11,20.248456731316587,2539.373539774735,,
46.0636728999998,mouse,move,1201,277,-14,7,15.652475842498529,1925.3685104792748,,
46.07155650000004,mouse,move,1190,285,-11,8,13.601470508735444,1725.2867355420651,,
46.0795363000002,mouse,move,1181,294,-9,9,12.727922061357855,1595.0176772734633,,
46.08756119999998,mouse,move,1176,300,-5,6,7.810249675906654,973.2519627806901,,
46.09569240000019,mouse,move,1170,308,-6,8,10.0,1229.8307752539863,,
46.10354580000012,mouse,move,1164,316,-6,8,10.0,1273.3338426780833,,
46.111547900000005,mouse,move,1156,325,-8,9,12.041594578792296,1504.8043112389487,,
46.11957119999988,mouse,move,1149,334,-7,9,11.40175425099138,1421.0803847751044,,
46.127537200000006,mouse,move,1141,347,-8,13,15.264337522473747,1916.1859806974721,,
46.13555580000002,mouse,move,1134,357,-7,10,12.206555615733702,1522.2801506138762,,
46.14355999999998,mouse,move,1128,365,-6,8,10.0,1249.3440943568057,,
46.15155649999997,mouse,move,1124,372,-4,7,8.06225774829855,1008.2233162394094,,
46.15955050000002,mouse,move,1120,380,-4,8,8.94427190999916,1118.873143600134,,
46.16755060000014,mouse,move,1118,384,-2,4,4.47213595499958,559.0100067416508,,
46.17554990000008,mouse,move,1118,385,0,1,1.0,125.01093845808941,,
46.18355049999991,mouse,move,1117,387,-1,2,2.23606797749979,279.4875356281692,,
46.19154230000004,mouse,move,1117,391,0,4,4.0,500.51302584353687,,
46.19954330000019,mouse,move,1117,393,0,2,2.0,249.96875390109543,,
46.20753370000011,mouse,move,1118,397,1,4,4.123105625617661,516.0074121015017,,
46.21564209999997,mouse,move,1119,398,1,1,1.4142135623730951,174.41339381361354,,
46.22354859999996,mouse,move,1122,399,3,1,3.1622776601683795,399.959231034258,,
46.231588099999954,mouse,move,1123,399,1,0,1.0,124.38584489092392,,
46.23956670000007,mouse,move,1125,400,2,1,2.23606797749979,280.2581878359073,,
46.24759200000017,mouse,move,1127,401,2,1,2.23606797749979,278.62733822687005,,
46.255553399999826,mouse,move,1128,401,1,0,1.0,125.60604919272188,,
46.26358620000019,mouse,move,1131,401,3,0,3.0,373.46877799320424,,
46.271624500000144,mouse,move,1132,400,1,-1,1.4142135623730951,175.93440931308697,,
46.27967110000009,mouse,move,1135,399,3,-1,3.1622776601683795,392.99550868573925,,
46.287547899999936,mouse,move,1139,397,4,-2,4.47213595499958,567.7605061808471,,
46.29554950000011,mouse,move,1143,395,4,-2,4.47213595499958,558.9052133203659,,
46.30369920000021,mouse,move,1147,394,4,-1,4.123105625617661,505.9211536087508,,
46.31153630000017,mouse,move,1151,392,4,-2,4.47213595499958,570.6365817741315,,
46.31955580000022,mouse,move,1154,392,3,0,3.0,374.0881601075956,,
46.32754449999993,mouse,move,1157,390,3,-2,3.605551275463989,451.3314150729073,,
46.33564440000009,mouse,move,1159,389,2,-1,2.23606797749979,276.0611831572371,,
46.3436913999999,mouse,move,1162,386,3,-3,4.242640687119285,527.232594410544,,
46.35154760000023,mouse,move,1164,386,2,0,2.0,254.57600365510226,,
46.35954760000004,mouse,move,1166,384,2,-2,2.8284271247461903,353.5533906016342,,
46.367548499999884,mouse,move,1168,382,2,-2,2.8284271247461903,353.5136203179408,,
46.37556450000011,mouse,move,1169,380,1,-2,2.23606797749979,278.9505959876468,,
46.38362139999981,mouse,move,1171,378,2,-2,2.8284271247461903,351.0565012413038,,
46.391531100000066,mouse,move,1173,377,2,-1,2.23606797749979,282.69946741693786,,
46.39958519999982,mouse,move,1174,374,1,-3,3.1622776601683795,392.62955019990295,,
46.407545200000186,mouse,move,1174,373,0,-1,1.0,125.62814069773233,,
46.41555180000023,mouse,move,1174,372,0,-1,1.0,124.89696000730278,,
46.431590900000174,mouse,move,1174,371,0,-1,1.0,62.347637959955236,,
46.52764930000012,mouse,move,1174,370,0,-1,1.0,10.410333713663254,,
46.535535399999844,mouse,move,1170,370,-4,0,4.0,507.22156707883295,,
46.5435465999999,mouse,move,1163,370,-7,0,7.0,873.7767125963147,,
46.55154840000023,mouse,move,1156,370,-7,0,7.0,874.803169250916,,
46.559527400000206,mouse,move,1151,370,-5,0,5.0,626.6449429770747,,
46.56753720000006,mouse,move,1146,370,-5,0,5.0,624.2353117544701,,
46.57553330000019,mouse,move,1140,370,-6,0,6.0,750.3658033171463,,
46.583548900000096,mouse,move,1138,371,-2,1,2.23606797749979,278.9645163837383,,
46.59148080000023,mouse,move,1137,371,-1,0,1.0,126.0731980967411,,
46.59953799999994,mouse,move,1135,372,-2,1,2.23606797749979,277.524199173379,,
46.60751049999999,mouse,move,1134,372,-1,0,1.0,125.43116964485793,,
46.61552789999996,mouse,move,1132,374,-2,2,2.8284271247461903,352.78608086863994,,
46.62351949999993,mouse,move,1131,375,-1,1,1.4142135623730951,176.9625059285596,,
46.63152080000009,mouse,move,1130,376,-1,1,1.4142135623730951,176.7479737473686,,
46.63949469999989,mouse,move,1127,378,-3,2,3.605551275463989,452.1691111696555,,
46.64752290000024,mouse,move,1123,379,-4,1,4.123105625617661,513.577841288968,,
46.65549999999985,mouse,move,1119,381,-4,2,4.47213595499958,560.6217742312135,,
46.66353049999998,mouse,move,1113,383,-6,2,6.324555320336759,787.5668165410644,,
46.67155180000009,mouse,move,1108,386,-5,3,5.830951894845301,726.9335263318562,,
46.679546299999856,mouse,move,1101,387,-7,1,7.0710678118654755,884.4915644594151,,
46.68754799999988,mouse,move,1092,389,-9,2,9.219544457292887,1152.1982150376693,,
46.69551640000009,mouse,move,1089,390,-3,1,3.1622776601683795,396.8522739929553,,
46.70356579999998,mouse,move,1084,391,-5,1,5.0990195135927845,633.4657879670532,,
46.711533000000145,mouse,move,1081,392,-3,1,3.1622776601683795,396.91204690509835,,
46.719520199999806,mouse,move,1077,394,-4,2,4.47213595499958,559.9128549666033,,
46.72748159999992,mouse,move,1072,395,-5,1,5.0990195135927845,640.4676958224012,,
46.73551989999987,mouse,move,1069,395,-3,0,3.0,373.21324160800043,,
46.74352450000015,mouse,move,1066,395,-3,0,3.0,374.78449890016975,,
46.7515241000001,mouse,move,1065,395,-1,0,1.0,125.00625031332416,,
46.7595652,mouse,move,1063,395,-2,0,2.0,248.72218975324165,,
46.767536800000016,mouse,move,1063,395,0,0,0.0,0.0,,
46.77550569999994,mouse,move,1062,395,-1,0,1.0,125.48783395570354,,
46.78352649999988,mouse,move,1061,395,-1,0,1.0,124.67584280962679,,
46.80756479999991,mouse,move,1060,395,-1,0,1.0,41.60027955382795,,
46.83152960000007,mouse,move,1059,395,-1,0,1.0,41.727867538782185,,
46.839496300000064,mouse,move,1057,395,-2,0,2.0,251.04497470730647,,
46.85596450000003,mouse,move,1057,395,0,0,0.0,0.0,,
47.20763699999998,mouse,scroll,1057,395,0,-1,,,,
47.80752849999999,mouse,move,1057,394,0,-1,1.0,1.0509014632752394,,
47.81551020000006,mouse,move,1057,392,0,-2,2.0,250.5731861610559,,
47.82351060000019,mouse,move,1057,388,0,-4,4.0,499.97500124192965,,
47.83153799999991,mouse,move,1057,387,0,-1,1.0,124.57333632745551,,
47.839475799999946,mouse,move,1057,386,0,-1,1.0,125.97949053836768,,
47.84755330000007,mouse,move,1057,386,0,0,0.0,0.0,,
47.863586399999804,mouse,move,1057,384,0,-2,2.0,124.74194011348473,,
47.871522899999945,mouse,move,1057,383,0,-1,1.0,126.00012599787672,,
47.87952630000018,mouse,move,1058,383,1,0,1.0,124.94689756487631,,
47.95959149999999,mouse,move,1060,381,2,-2,2.8284271247461903,35.32654792285499,,
48.0316584000002,mouse,scroll,1060,381,0,-1,,,,
48.11987510000017,mouse,scroll,1060,381,0,-1,,,,
48.807720000000245,mouse,scroll,1060,381,0,-1,,,,
48.91174260000025,mouse,scroll,1060,381,0,-1,,,,
49.52757890000021,mouse,move,1060,380,0,-1,1.0,0.6377602268996929,,
49.53559619999987,mouse,move,1061,380,1,0,1.0,124.73027079463236,,
49.543624400000226,mouse,move,1062,379,1,-1,1.4142135623730951,176.15574628320394,,
49.99979609999991,mouse,scroll,1062,379,0,-1,,,,
50.27968559999999,mouse,scroll,1062,379,0,-1,,,,
50.75966939999989,mouse,scroll,1062,379,0,-1,,,,
50.78392309999981,mouse,scroll,1062,379,0,-1,,,,
50.80784700000004,mouse,scroll,1062,379,0,-1,,,,
50.83183360000021,mouse,scroll,1062,379,0,-1,,,,
51.17567710000003,mouse,scroll,1062,379,0,-1,,,,
54.32097040000008,keyboard,key_press,,,,,,,,22.43287700000019
54.556022400000074,keyboard,key_press,,,,,,,,0.23505199999999604
54.68304059999991,keyboard,key_release,,,,,,,0.3620701999998346,
54.77088229999981,keyboard,key_release,,,,,,,0.21485989999973754,
55.18264850000014,keyboard,key_press,,,,,,,,0.6266261000000668
55.32010900000023,keyboard,key_press,,,,,,,,0.13746050000008836
55.447550299999875,keyboard,key_release,,,,,,,0.26490179999973407,
55.51958640000021,mouse,move,1062,378,0,-1,1.0,0.16733707476720955,,
55.52933639999992,keyboard,key_release,,,,,,,0.20922739999969053,
55.551593799999864,mouse,move,1062,375,0,-3,3.0,93.72832532577415,,
55.559579600000234,mouse,move,1062,370,0,-5,5.0,626.111347613084,,
55.56759039999997,mouse,move,1062,365,0,-5,5.0,624.1573875472459,,
55.575583599999845,mouse,move,1062,362,0,-3,3.0,375.31902117393406,,
55.58358150000004,mouse,move,1062,357,0,-5,5.0,625.1641055627615,,
55.5915914000002,mouse,move,1060,350,-2,-7,7.280109889280518,908.888986021572,,
55.59954909999988,mouse,move,1056,342,-4,-8,8.94427190999916,1123.9770172738467,,
55.60753079999995,mouse,move,1048,330,-8,-12,14.422205101855956,1806.9089419201414,,
55.61553839999988,mouse,move,1038,319,-10,-11,14.866068747318506,1856.4949232544159,,
55.62355579999985,mouse,move,1027,306,-11,-13,17.029386365926403,2124.0534794305977,,
55.631539200000134,mouse,move,1017,294,-10,-12,15.620499351813308,1956.6224104086189,,
55.639613700000154,mouse,move,1006,284,-11,-10,14.866068747318506,1841.1132264883913,,
55.64755070000001,mouse,move,994,272,-12,-12,16.97056274847714,2138.158340529748,,
55.655667900000026,mouse,move,983,261,-11,-11,15.556349186104045,1916.4674008371137,,
55.66362530000015,mouse,move,973,251,-10,-10,14.142135623730951,1777.2307064508914,,
55.67166989999987,mouse,move,964,240,-9,-11,14.212670403551895,1766.7342570227092,,
55.67955489999986,mouse,move,953,229,-11,-11,15.556349186104045,1972.9041453555783,,
55.68767489999982,mouse,move,942,218,-11,-11,15.556349186104045,1915.8065500216371,,
55.695555700000114,mouse,move,926,208,-16,-10,18.867962264113206,2394.1683919665643,,
55.703575999999885,mouse,move,905,194,-21,-14,25.238858928247925,3146.8721779694956,,
55.71154840000008,mouse,move,881,178,-24,-16,28.844410203711913,3618.0334909177327,,
55.71953769999982,mouse,move,864,167,-17,-11,20.248456731316587,2534.4469142461658,,
55.727554600000076,mouse,move,842,147,-22,-20,29.732137494637012,3708.682594729115,,
55.73553270000002,mouse,move,801,119,-41,-28,49.64876634922564,6223.131616495602,,
55.74355770000011,mouse,move,767,96,-34,-23,41.048751503547585,5115.109221569288,,
55.75158899999997,mouse,move,739,74,-28,-22,35.608987629529715,4433.776303981222,,
55.75955930000009,mouse,move,715,57,-24,-17,29.410882339705484,3690.0596388148347,,
55.76768459999994,mouse,move,687,35,-28,-22,35.608987629529715,4382.482816659159,,
55.77560919999996,mouse,move,669,20,-18,-15,23.430749027719962,2956.7106261072117,,
55.78368619999992,mouse,move,659,11,-10,-9,13.45362404707371,1665.670923256721,,
55.79176080000025,mouse,move,656,7,-3,-4,5.0,619.2257201344097,,
55.79969059999985,mouse,move,654,3,-2,-4,4.47213595499958,563.9657942475603,,
56.04008139999996,mouse,move,652,3,-2,0,2.0,8.319785948543176,,
56.047755699999925,mouse,move,652,3,0,0,0.0,0.0,,
56.05582080000022,mouse,move,651,3,-1,0,1.0,123.99102304540394,,
56.06364799999983,mouse,move,650,4,-1,1,1.4142135623730951,180.679369690755,,
56.07963410000002,mouse,move,650,7,0,3,3.0,187.66303225703223,,
56.08782800000017,mouse,move,649,10,-1,3,3.1622776601683795,385.9307118844544,,
56.0956412999999,mouse,move,649,11,0,1,1.0,127.98689414654237,,
56.10385180000003,mouse,move,649,12,0,1,1.0,121.79526216234349,,
56.111636799999815,mouse,move,649,14,0,2,2.0,256.90430315416563,,
56.11975759999996,mouse,move,649,14,0,0,0.0,0.0,,
56.12786249999999,mouse,move,649,15,0,1,1.0,123.38215153742827,,
56.14393650000011,mouse,move,649,16,0,1,1.0,62.212268258848134,,
56.16763170000013,mouse,move,649,17,0,1,1.0,42.2026401971349,,
56.199585899999875,mouse,move,649,18,0,1,1.0,31.29479066939449,,
56.231579899999815,mouse,move,649,19,0,1,1.0,31.255860473896902,,
56.23957939999991,mouse,move,649,19,0,0,0.0,0.0,,
56.24760389999983,mouse,move,649,21,0,2,2.0,249.23671257026155,,
56.495755400000235,mouse,click_press,649,21,,,,,,
56.65581810000003,mouse,click_release,649,21,,,,,,
56.75961510000025,mouse,move,649,22,0,1,1.0,1.9530822763236202,,
56.78362449999986,mouse,move,649,22,0,0,0.0,0.0,,
56.83961020000015,mouse,move,650,23,1,1,1.4142135623730951,25.260264002516998,,
56.87956699999995,mouse,move,650,24,0,1,1.0,25.02702919165222,,
56.92817030000015,mouse,move,650,24,0,0,0.0,0.0,,
56.94368639999993,mouse,move,651,25,1,1,1.4142135623730951,91.14491156879575,,
57.37561199999982,mouse,move,652,26,1,1,1.4142135623730951,3.2742063965957766,,
57.391617100000076,mouse,move,653,26,1,0,1.0,62.480084472071766,,
57.39963420000004,mouse,move,653,27,0,1,1.0,124.73338239573845,,
57.40763240000024,mouse,move,654,29,1,2,2.23606797749979,279.5714007455856,,
57.41595910000024,mouse,move,655,29,1,0,1.0,120.09559609452295,,
57.42357149999998,mouse,move,655,30,0,1,1.0,131.36461563156098,,
57.431627200000094,mouse,move,656,32,1,2,2.23606797749979,277.5758751527818,,
57.4396213,mouse,move,656,32,0,0,0.0,0.0,,
57.44757350000009,mouse,move,657,34,1,2,2.23606797749979,281.1885990636924,,
57.45578000000023,mouse,move,658,36,1,2,2.23606797749979,272.4752303005017,,
57.46389129999989,mouse,move,659,36,1,0,1.0,123.28480022222685,,
57.47186980000015,mouse,move,659,37,0,1,1.0,125.33684276079902,,
57.479790800000046,mouse,move,660,39,1,2,2.23606797749979,282.29617188852177,,
57.49570270000004,mouse,move,661,40,1,1,1.4142135623730951,88.8777306527704,,
57.51176880000003,mouse,move,661,41,0,1,1.0,62.24285918802192,,
57.52011249999987,mouse,move,662,42,1,1,1.4142135623730951,169.49477598667406,,
57.55968849999999,mouse,move,663,43,1,1,1.4142135623730951,35.73412073904998,,
57.57564480000019,mouse,move,663,43,0,0,0.0,0.0,,
57.74367970000003,mouse,move,663,44,0,1,1.0,5.951144672927827,,
57.81570109999984,mouse,move,663,45,0,1,1.0,13.884762029099775,,
57.823613900000055,mouse,move,661,45,-2,0,2.0,252.7550298182935,,
57.83160409999982,mouse,move,659,44,-2,-1,2.23606797749979,279.85131505655625,,
57.839701700000205,mouse,move,657,44,-2,0,2.0,246.9867614979025,,
57.847680299999865,mouse,move,654,43,-3,-1,3.1622776601683795,396.34493022623644,,
57.85560320000013,mouse,move,653,43,-1,0,1.0,126.21641065346083,,
57.86361429999988,mouse,move,651,42,-2,-1,2.23606797749979,279.1212165083365,,
57.87161650000007,mouse,move,648,42,-3,0,3.0,374.89690334259234,,
57.879895300000044,mouse,move,648,42,0,0,0.0,0.0,,
57.887872100000095,mouse,move,644,42,-4,0,4.0,501.45421722674206,,
57.895610600000055,mouse,move,640,42,-4,0,4.0,516.896039286807,,
57.90395380000018,mouse,move,638,42,-2,0,2.0,239.71617604392017,,
57.911669600000096,mouse,move,635,42,-3,0,3.0,388.8125664264577,,
57.919782699999814,mouse,move,630,42,-5,0,5.0,616.2872391778061,,
57.92762709999988,mouse,move,623,42,-7,0,7.0,892.356330623118,,
57.93563260000019,mouse,move,612,42,-11,0,11.0,1374.0553369028871,,
57.943663800000195,mouse,move,598,40,-14,-2,14.142135623730951,1760.8994451292858,,
57.951626399999896,mouse,move,586,38,-12,-2,12.165525060596439,1527.8332530899265,,
57.95959670000002,mouse,move,576,37,-10,-1,10.04987562112089,1260.9156017921332,,
57.96784119999984,mouse,move,566,36,-10,-1,10.04987562112089,1218.9793949107611,,
57.97577330000013,mouse,move,560,33,-6,-3,6.708203932499369,845.7033991319805,,
57.98370030000024,mouse,move,555,33,-5,0,5.0,630.7556452543663,,
57.99160040000015,mouse,move,554,33,-1,0,1.0,126.58067619533006,,
57.999702999999954,mouse,move,551,33,-3,0,3.0,370.2515242111604,,
58.007921200000055,mouse,move,549,33,-2,0,2.0,243.36229344325648,,
58.015650599999844,mouse,move,548,33,-1,0,1.0,129.37614821684437,,
58.02370490000021,mouse,move,547,33,-1,0,1.0,124.15728243974112,,
58.03165660000013,mouse,move,545,33,-2,0,2.0,251.51854320708387,,
58.039838000000145,mouse,move,542,33,-3,0,3.0,366.6854083647689,,
58.047717999999804,mouse,move,538,32,-4,-1,4.123105625617661,523.2367545426471,,
58.05574280000019,mouse,move,533,32,-5,0,5.0,623.0684876582852,,
58.063584399999854,mouse,move,526,31,-7,-1,7.0710678118654755,901.7378866771465,,
58.07168090000005,mouse,move,516,31,-10,0,10.0,1235.1015870761796,,
58.079561399999875,mouse,move,507,31,-9,0,9.0,1142.0595140151097,,
58.08761689999983,mouse,move,497,31,-10,0,10.0,1241.3878716474414,,
58.095571800000016,mouse,move,489,31,-8,0,8.0,1005.669461566176,,
58.10361899999998,mouse,move,479,31,-10,0,10.0,1242.6682572875172,,
58.11160150000023,mouse,move,472,31,-7,0,7.0,876.9182586631026,,
58.11964940000007,mouse,move,468,31,-4,0,4.0,497.0240684005363,,
58.127585700000054,mouse,move,467,31,-1,0,1.0,126.00330128676327,,
58.13558130000001,mouse,move,466,31,-1,0,1.0,125.06878783395969,,
58.143489600000066,mouse,move,464,31,-2,0,2.0,252.89885310198346,,
58.167575399999805,mouse,move,463,31,-1,0,1.0,41.5182389628264,,
58.1836588000001,mouse,move,462,31,-1,0,1.0,62.17590807798608,,
58.19162830000005,mouse,move,461,31,-1,0,1.0,125.47838634882267,,
58.199583500000244,mouse,move,460,31,-1,0,1.0,125.70394207251404,,
58.207710000000134,mouse,move,459,31,-1,0,1.0,123.05420537914432,,
58.22359180000012,mouse,move,457,31,-2,0,2.0,125.9303101664468,,
58.23163720000002,mouse,move,455,31,-2,0,2.0,248.58925597542083,,
58.23958309999989,mouse,move,450,31,-5,0,5.0,629.25533924202,,
58.24758460000021,mouse,move,440,31,-10,0,10.0,1249.7656688873071,,
58.25566220000019,mouse,move,430,33,-10,2,10.198039027185569,1262.5085455101091,,
58.26371019999988,mouse,move,416,33,-14,0,14.0,1739.5626243215577,,
58.27167300000019,mouse,move,401,35,-15,2,15.132745950421556,1900.4302443643926,,
58.27963779999982,mouse,move,385,36,-16,1,16.0312195418814,2012.7585805836259,,
58.28781639999988,mouse,move,368,36,-17,0,17.0,2078.595358602375,,
58.29576899999984,mouse,move,349,41,-19,5,19.6468827043885,2470.4980389437455,,
58.30370390000007,mouse,move,328,41,-21,0,21.0,2646.5361881528,,
58.31169349999982,mouse,move,309,44,-19,3,19.235384061671343,2407.552826459715,,
58.31962969999995,mouse,move,289,48,-20,4,20.396078054371138,2570.005551023701,,
58.32767389999981,mouse,move,272,50,-17,2,17.11724276862369,2127.8987057662684,,
58.33577849999983,mouse,move,254,50,-18,0,18.0,2220.960935758237,,
58.344059000000016,mouse,move,233,53,-21,3,21.213203435596427,2561.826391537769,,
58.3517053999999,mouse,move,216,55,-17,2,17.11724276862369,2238.6015339089054,,
58.359728500000074,mouse,move,196,57,-20,2,20.09975124224178,2505.2350390507427,,
58.36777650000022,mouse,move,179,57,-17,0,17.0,2112.326043699679,,
58.375734300000204,mouse,move,166,58,-13,1,13.038404810405298,1638.4433901868508,,
58.38375959999985,mouse,move,156,58,-10,0,10.0,1246.0593374008213,,
58.39166329999989,mouse,move,151,58,-5,0,5.0,632.6151043148218,,
58.399665299999924,mouse,move,145,58,-6,0,6.0,749.812546860178,,
58.40766339999982,mouse,move,145,58,0,0,0.0,0.0,,
58.415688200000204,mouse,move,144,58,-1,0,1.0,124.61369753165705,,
58.423957299999984,mouse,move,142,58,-2,0,2.0,241.86428995336234,,
58.48776910000015,mouse,move,142,58,0,0,0.0,0.0,,
58.495724899999914,mouse,move,142,58,0,0,0.0,0.0,,
58.503721699999915,mouse,move,143,57,1,-1,1.4142135623730951,176.84743427032726,,
58.51165290000017,mouse,move,145,55,2,-2,2.8284271247461903,356.6203253800692,,
58.519735500000024,mouse,move,145,55,0,0,0.0,0.0,,
58.52769790000002,mouse,move,146,54,1,-1,1.4142135623730951,177.61146920195924,,
58.53568750000022,mouse,move,147,53,1,-1,1.4142135623730951,177.0068041375711,,
58.54368770000019,mouse,move,148,52,1,-1,1.4142135623730951,176.7722759904115,,
58.5516877,mouse,move,149,51,1,-1,1.4142135623730951,176.7766953008171,,
58.55969129999994,mouse,move,149,50,0,-1,1.0,124.94377530207987,,
58.5676669999998,mouse,move,149,50,0,0,0.0,0.0,,
58.57580109999981,mouse,move,150,49,1,-1,1.4142135623730951,173.86232802300813,,
58.5838705000001,mouse,move,151,46,1,-3,3.1622776601683795,391.8851042274242,,
58.59183040000016,mouse,move,152,44,1,-2,2.23606797749979,280.91659160077063,,
58.60008340000013,mouse,move,153,42,1,-2,2.23606797749979,270.9400190849988,,
58.6082007,mouse,move,155,38,2,-4,4.47213595499958,550.938853445456,,
58.61638630000016,mouse,move,160,33,5,-5,7.0710678118654755,863.8423343098357,,
58.62373770000022,mouse,move,164,29,4,-4,5.656854249492381,769.4934637545408,,
58.63189569999986,mouse,move,169,23,5,-6,7.810249675906654,957.3730909845539,,
58.63990890000014,mouse,move,172,20,3,-3,4.242640687119285,529.4564826751165,,
58.647768499999984,mouse,move,177,15,5,-5,7.0710678118654755,899.6727329639098,,
58.65564970000014,mouse,move,178,14,1,-1,1.4142135623730951,179.4414000843855,,
58.663757199999964,mouse,move,180,12,2,-2,2.8284271247461903,348.865510306225,,
58.73589979999997,mouse,click_press,180,12,,,,,,
58.86400619999995,mouse,click_release,180,12,,,,,,
58.91965310000023,mouse,move,181,12,1,0,1.0,3.907839086124279,,
58.95167390000006,mouse,move,184,12,3,0,3.0,93.68910208415055,,
58.95963630000006,mouse,move,190,20,6,8,10.0,1255.9027428921102,,
58.96761389999983,mouse,move,197,30,7,10,12.206555615733702,1530.103742488441,,
58.97596470000008,mouse,move,205,42,8,12,14.422205101855956,1727.0447264255781,,
58.98386819999996,mouse,move,215,56,10,14,17.204650534085253,2176.839442568218,,
58.99168989999998,mouse,move,225,75,10,19,21.470910553583888,2745.043987051769,,
59.000213599999825,mouse,move,236,100,11,25,27.313000567495326,3204.3596757280607,,
59.00768340000013,mouse,move,256,142,20,42,46.51881339845203,6227.5848612456675,,
59.0159635,mouse,move,272,184,16,42,44.94441010848846,5428.003298175068,,
59.02371069999981,mouse,move,288,216,16,32,35.77708763999664,4618.066868141111,,
59.03176609999991,mouse,move,302,245,14,29,32.202484376209235,3997.6269801372528,,
59.03969689999985,mouse,move,316,269,14,24,27.784887978899608,3503.415541825489,,
59.04783009999983,mouse,move,334,291,18,22,28.42534080710379,3494.976246396503,,
59.0556830999999,mouse,move,356,311,22,20,29.732137494637012,3786.086526725902,,
59.06375979999984,mouse,move,378,329,22,18,28.42534080710379,3519.425112643875,,
59.07161529999985,mouse,move,415,351,37,22,43.04648650006177,5479.78951053831,,
59.079814499999884,mouse,move,460,369,45,18,48.46648326421054,5911.123434481505,,
59.08773909999991,mouse,move,502,386,42,17,45.31004303683677,5717.644175945783,,
59.0957228000002,mouse,move,532,404,30,18,34.9857113690718,4382.142536390083,,
59.10394559999986,mouse,move,560,424,28,20,34.40930106817051,4184.620940507297,,
59.11171460000014,mouse,move,578,439,18,15,23.430749027719962,3015.928565693709,,
59.11976080000022,mouse,move,602,456,24,17,29.410882339705484,3655.251216650151,,
59.12789070000008,mouse,move,622,469,20,13,23.853720883753127,2934.07309858297,,
59.13575829999991,mouse,move,646,484,24,15,28.30194339616981,3597.277873403952,,
59.14364669999986,mouse,move,673,501,27,17,31.906112267087632,4044.6874229583864,,
59.151655799999844,mouse,move,692,511,19,10,21.470910553583888,2680.8143928324666,,
59.15963180000017,mouse,move,706,519,14,8,16.1245154965971,2021.629324967115,,
59.16761980000001,mouse,move,724,528,18,9,20.12461179749811,2519.355507999296,,
59.175639200000205,mouse,move,751,546,27,18,32.449961479175904,4046.432585778423,,
59.183691499999895,mouse,move,781,561,30,15,33.54101966249684,4165.396180443786,,
59.191703699999834,mouse,move,807,576,26,15,30.01666203960727,3746.3695414287095,,
59.199750100000074,mouse,move,837,594,30,18,34.9857113690718,4347.995546832249,,
59.20772570000008,mouse,move,860,607,23,13,26.419689627245813,3312.5645252039326,,
59.21562840000024,mouse,move,884,621,24,14,27.784887978899608,3515.8728002254015,,
59.22366770000008,mouse,move,898,630,14,9,16.64331697709324,2070.244545847449,,
59.231712400000106,mouse,move,910,636,12,6,13.416407864998739,1667.7325276209938,,
59.23966950000022,mouse,move,918,643,8,7,10.63014581273465,1335.9321627960544,,
59.24773570000025,mouse,move,923,650,5,7,8.602325267042627,1066.4656550805084,,
59.25566170000002,mouse,move,923,652,0,2,2.0,252.33409034291765,,
59.263621200000216,mouse,move,924,656,1,4,4.123105625617661,518.0106320140034,,
59.27163070000006,mouse,move,925,659,1,3,3.1622776601683795,394.8158636906293,,
59.27965499999982,mouse,move,927,664,2,5,5.385164807134504,671.1071130559681,,
59.28762199999983,mouse,move,928,668,1,4,4.123105625617661,517.5229855169586,,
59.29567559999987,mouse,move,930,676,2,8,8.246211251235321,1023.9161680732946,,
59.30367690000003,mouse,move,933,685,3,9,9.486832980505138,1185.6614525533932,,
59.311659599999984,mouse,move,935,697,2,12,12.165525060596439,1523.9862528545782,,
59.31971290000001,mouse,move,936,711,1,14,14.035668847618199,1742.8468885510542,,
59.32762700000012,mouse,move,937,726,1,15,15.033296378372908,1899.5585572799332,,
59.335642500000176,mouse,move,942,742,5,16,16.76305461424021,2091.3298751323423,,
59.343637899999976,mouse,move,945,761,3,19,19.235384061671343,2405.8063464183433,,
59.3516281000002,mouse,move,948,790,3,29,29.154759474226502,3648.8147322239856,,
59.35960639999985,mouse,move,951,813,3,23,23.194827009486403,2907.2392628135162,,
59.36762099999987,mouse,move,955,841,4,28,28.284271247461902,3529.0933106302173,,
59.375651800000014,mouse,move,958,861,3,20,20.223748416156685,2518.273200154187,,
59.3836738,mouse,move,964,878,6,17,18.027756377319946,2247.289501042,,
59.391714200000024,mouse,move,967,892,3,14,14.317821063276353,1780.7349215496754,,
59.39963480000006,mouse,move,968,905,1,13,13.038404810405298,1646.1385261658565,,
59.40761539999994,mouse,move,971,920,3,15,15.297058540778355,1916.7805103630674,,
59.41568219999999,mouse,move,972,932,1,12,12.041594578792296,1492.7349852129103,,
59.42392199999995,mouse,move,973,944,1,12,12.041594578792296,1461.3940361242996,,
59.43185010000025,mouse,move,974,951,1,7,7.0710678118654755,891.8994225096204,,
59.440536800000245,mouse,move,974,956,0,5,5.0,575.592572553551,,
59.447664299999815,mouse,move,974,965,0,9,9.0,1262.7148369756176,,
59.45560250000017,mouse,move,974,970,0,5,5.0,629.8657126020271,,
59.46361569999999,mouse,move,974,975,0,5,5.0,623.9704487733314,,
59.471593199999916,mouse,move,974,978,0,3,3.0,376.057662178427,,
59.47961669999995,mouse,move,974,981,0,3,3.0,373.90166386074003,,
59.487581899999896,mouse,move,974,985,0,4,4.0,502.18450258977066,,
59.495775400000184,mouse,move,974,989,0,4,4.0,488.1918593835475,,
59.50362619999987,mouse,move,974,991,0,2,2.0,254.75110817746744,,
59.51161880000018,mouse,move,974,994,0,3,3.0,375.34719614202777,,
59.51978770000005,mouse,move,974,996,0,2,2.0,244.8310054023226,,
59.5277587999999,mouse,move,974,998,0,2,2.0,250.90639937244737,,
59.53564180000012,mouse,move,974,999,0,1,1.0,126.85525814691151,,
59.543638799999826,mouse,move,974,1000,0,1,1.0,125.0468925893366,,
59.55175599999984,mouse,move,974,1001,0,1,1.0,123.19519045953459,,
59.55967009999995,mouse,move,974,1002,0,1,1.0,126.3567556622287,,
59.623611900000014,mouse,move,974,1002,0,0,0.0,0.0,,
59.63162310000007,mouse,move,974,1002,0,0,0.0,0.0,,
59.63960679999991,mouse,move,976,1000,2,-2,2.8284271247461903,354.27522637406946,,
59.64761839999983,mouse,move,979,997,3,-3,4.242640687119285,529.5622206753618,,
59.655717200000254,mouse,move,981,994,2,-3,3.605551275463989,445.19574199567876,,
59.6636840000001,mouse,move,981,994,0,0,0.0,0.0,,
59.679607900000065,mouse,move,982,993,1,-1,1.4142135623730951,88.81075379627525,,
59.70359189999999,mouse,move,983,990,1,-3,3.1622776601683795,131.8494688199601,,
59.71959289999995,mouse,move,984,990,1,0,1.0,62.49609399428087,,
59.72762379999995,mouse,move,986,988,2,-2,2.8284271247461903,352.1930449573773,,
59.735588200000166,mouse,move,987,987,1,-1,1.4142135623730951,177.5668678537244,,
59.74360860000024,mouse,move,988,986,1,-1,1.4142135623730951,176.32706128863953,,
59.75157730000001,mouse,move,990,984,2,-2,2.8284271247461903,354.94210157612594,,
59.791550200000074,mouse,move,991,983,1,-1,1.4142135623730951,35.37930854080527,,
60.04764030000024,mouse,move,992,983,1,0,1.0,3.904875666803816,,
60.06358279999995,mouse,move,993,982,1,-1,1.4142135623730951,88.7071389304577,,
60.0715823999999,mouse,move,996,980,3,-2,3.605551275463989,450.7164452581766,,
60.079566700000214,mouse,move,1000,977,4,-3,5.0,626.2289743373557,,
60.08755509999992,mouse,move,1003,975,3,-2,3.605551275463989,451.34836457835473,,
60.09558220000008,mouse,move,1006,973,3,-2,3.605551275463989,449.17233812843415,,
60.10356039999988,mouse,move,1009,972,3,-1,3.1622776601683795,396.364801615475,,
60.111552200000006,mouse,move,1014,970,5,-2,5.385164807134504,673.8362830712542,,
60.119598300000234,mouse,move,1018,968,4,-2,4.47213595499958,555.8141155183791,,
60.12760329999992,mouse,move,1021,967,3,-1,3.1622776601683795,395.03780890605975,,
60.135582200000044,mouse,move,1023,966,2,-1,2.23606797749979,280.2476503609015,,
60.14357169999994,mouse,move,1029,963,6,-3,6.708203932499369,839.6275026707829,,
60.15157850000014,mouse,move,1038,960,9,-3,9.486832980505138,1184.8470025808936,,
60.15968530000009,mouse,move,1047,955,9,-5,10.295630140987,1269.9992772795586,,
60.167556400000194,mouse,move,1057,953,10,-2,10.198039027185569,1295.6307284945187,,
60.17558809999991,mouse,move,1068,949,11,-4,11.704699910719626,1457.3128865779993,,
60.1835473000001,mouse,move,1079,946,11,-3,11.40175425099138,1432.525159654733,,
60.19159200000013,mouse,move,1087,944,8,-2,8.246211251235321,1025.048945418346,,
60.19958439999982,mouse,move,1095,941,8,-3,8.54400374531753,1069.0160334374016,,
60.207545499999924,mouse,move,1101,940,6,-1,6.082762530298219,764.0605607541736,,
60.21555480000006,mouse,move,1108,936,7,-4,8.06225774829855,1006.6120320324936,,
60.223552400000244,mouse,move,1117,934,9,-2,9.219544457292887,1152.7888938037158,,
60.231550999999854,mouse,move,1139,926,22,-8,23.40939982143925,2926.6871480735963,,
60.23963450000019,mouse,move,1178,909,39,-17,42.5440947723653,5263.078464845829,,
60.247573399999965,mouse,move,1223,895,45,-14,47.12748667179272,5936.274127794437,,
60.25557230000004,mouse,move,1276,881,53,-14,54.817880294662984,6853.177348653994,,
60.26356050000004,mouse,move,1315,877,39,-4,39.20459156782532,4907.812970109211,,
60.27155630000016,mouse,move,1366,890,51,13,52.630789467763066,6582.304393180524,,
60.27955699999984,mouse,move,1427,907,61,17,63.324560795950255,7914.877548020965,,
60.287601600000016,mouse,move,1514,931,87,24,90.24965373894794,11218.662672721672,,
60.29568049999989,mouse,move,1625,959,111,28,114.47707194019246,14169.883516566686,,
60.30358609999985,mouse,move,1742,984,117,25,119.64113005150027,15133.719142396867,,
60.31178469999986,mouse,move,1892,1004,150,20,151.32745950421557,18457.719550161277,,
60.31957999999986,mouse,move,2042,1018,150,14,150.65191668213185,19325.99344248091,,
60.32759100000021,mouse,move,2082,1039,40,21,45.17742799230607,5639.424290391198,,
60.33556959999987,mouse,move,2089,1056,7,17,18.384776310850235,2304.260936960517,,
60.34362830000009,mouse,move,2092,1077,3,21,21.213203435596427,2632.3356664248745,,
60.35163210000019,mouse,move,2062,1097,-30,20,36.05551275463989,4504.799314601033,,
60.359658800000034,mouse,move,2056,1099,-6,2,6.324555320336759,787.9396664206103,,
60.36761939999997,mouse,move,2042,1096,-14,-3,14.317821063276353,1798.5856673362298,,
60.37559349999992,mouse,move,2022,1092,-20,-4,20.396078054371138,2557.790603890621,,
60.38351469999998,mouse,move,2029,1098,7,6,9.219544457292887,1163.9075464864643,,
60.39154099999996,mouse,move,2021,1093,-8,-5,9.433981132056603,1175.383568029651,,
60.39956799999982,mouse,move,2025,1087,4,-6,7.211102550927978,898.3558678282089,,
60.40760799999998,mouse,move,2031,1087,6,0,6.0,746.2686567011415,,
60.41553950000025,mouse,move,2041,1079,10,-8,12.806248474865697,1614.6061242429555,,
60.42356389999986,mouse,move,2053,1079,12,0,12.0,1495.4389113926322,,
60.43156039999985,mouse,move,2051,1079,-2,0,2.0,250.1094228728135,,
60.43955180000012,mouse,move,2037,1079,-14,0,14.0,1751.8832744621145,,
60.44771760000003,mouse,move,2014,1078,-23,-1,23.021728866442675,2819.2863977420225,,
60.455651000000216,mouse,move,2014,1082,0,4,4.0,504.1974437072912,,
60.46354250000013,mouse,move,2015,1092,1,10,10.04987562112089,1273.5063829728338,,
60.47156380000024,mouse,move,1995,1087,-20,-5,20.615528128088304,2570.0981297055264,,
60.47956639999984,mouse,move,1939,1079,-56,-8,56.568542494923804,7068.770461819155,,
60.487533600000006,mouse,move,1933,1078,-6,-1,6.082762530298219,763.4755660923677,,
60.49563369999987,mouse,move,1933,1073,0,-5,5.0,617.2763299321367,,
60.50361579999981,mouse,move,1952,1068,19,-5,19.6468827043885,2461.367648181182,,
60.511559399999896,mouse,move,1953,1058,1,-10,10.04987562112089,1265.1537868230366,,
60.51955020000014,mouse,move,1966,1046,13,-12,17.69180601295413,2214.0218767101424,,
60.52770180000016,mouse,move,1947,1037,-19,-9,21.02379604162864,2579.100549779063,,
60.53556579999986,mouse,move,1933,1032,-14,-5,14.866068747318506,1890.3953138207876,,
60.54364450000003,mouse,move,1926,1029,-7,-3,7.615773105863909,942.6978481320524,,
61.18363219999992,mouse,move,1918,1030,-8,1,8.06225774829855,12.597519840303033,,
61.19156900000007,mouse,move,1915,1034,-3,4,5.0,629.976816841052,,
61.199599800000215,mouse,move,1915,1036,0,2,2.0,249.0411914086458,,
61.207578399999875,mouse,move,1913,1039,-2,3,3.605551275463989,451.9027493065873,,
61.21556580000015,mouse,move,1912,1045,-1,6,6.082762530298219,761.5447492411878,,
61.223583399999825,mouse,move,1909,1052,-3,7,7.615773105863909,949.8818980957147,,
61.231588999999985,mouse,move,1901,1062,-8,10,12.806248474865697,1599.661296418629,,
61.23961650000001,mouse,move,1880,1075,-21,13,24.698178070456937,3076.6961158988647,,
61.247582500000135,mouse,move,1828,1096,-52,21,56.08029957123981,7039.957264670672,,
61.25567170000022,mouse,move,1724,1104,-104,8,104.30723848324239,12894.629689232004,,
61.26357910000024,mouse,move,1621,1092,-103,-12,103.69667304209909,13113.877259505294,,
61.27188449999994,mouse,move,1521,1093,-100,1,100.00499987500625,12040.961287671731,,
61.27970000000005,mouse,move,1435,1089,-86,-4,86.09297300012354,11015.670526384061,,
61.28762189999998,mouse,move,1370,1081,-65,-8,65.49045732013177,8267.013888173728,,
61.29566040000009,mouse,move,1327,1088,-43,7,43.56604182158393,5419.673051064191,,
61.30357210000011,mouse,move,1312,1082,-15,-6,16.15549442140351,2041.9751028676246,,
61.31155209999997,mouse,move,1310,1082,-2,0,2.0,250.6265664203956,,
61.3196011,mouse,move,1310,1080,0,-2,2.0,248.47807180929306,,
61.32760469999994,mouse,move,1307,1082,-3,2,3.605551275463989,450.4911884017002,,
61.33554989999993,mouse,move,1305,1086,-2,4,4.47213595499958,562.8726721797548,,
61.343589200000224,mouse,move,1302,1094,-3,8,8.54400374531753,1062.779563520186,,
61.35159479999993,mouse,move,1301,1090,-1,-4,4.123105625617661,515.027683842462,,
61.359595100000206,mouse,move,1295,1101,-6,11,12.529964086141668,1566.1867787094375,,
61.367568499999834,mouse,move,1293,1094,-2,-7,7.280109889280518,913.0496262096833,,
61.37576549999994,mouse,move,1292,1092,-1,-2,2.23606797749979,272.7910183567141,,
61.38352769999983,mouse,move,1292,1086,0,-6,6.0,772.9767334114526,,
61.391545999999835,mouse,move,1293,1086,1,0,1.0,124.71471508918106,,
61.39953220000007,mouse,move,1293,1080,0,-6,6.0,751.2959855532729,,
61.40756509999983,mouse,move,1293,1080,0,0,0.0,0.0,,
61.57556340000019,mouse,move,1294,1079,1,-1,1.4142135623730951,8.418023053626367,,
61.60755449999988,mouse,move,1295,1079,1,0,1.0,31.25869382452627,,
61.64758789999996,mouse,move,1299,1077,4,-2,4.47213595499958,111.71012092378373,,
61.65554609999981,mouse,move,1305,1074,6,-3,6.708203932499369,842.9297997822837,,
61.66355990000011,mouse,move,1311,1070,6,-4,7.211102550927978,899.835602418201,,
61.67154840000012,mouse,move,1315,1067,4,-3,5.0,625.8997308623017,,
61.6795218000002,mouse,move,1323,1065,8,-2,8.246211251235321,1034.2151718401026,,
61.68754519999993,mouse,move,1331,1062,8,-3,8.54400374531753,1064.8856775938013,,
61.69585700000016,mouse,move,1333,1061,2,-1,2.23606797749979,269.023313534766,,
61.70354520000001,mouse,move,1333,1061,0,0,0.0,0.0,,
61.71955109999999,mouse,move,1334,1061,1,0,1.0,62.47696162047305,,
61.72755340000003,mouse,move,1337,1060,3,-1,3.1622776601683795,395.17109582883506,,
61.8475969000001,mouse,move,1331,1064,-6,4,7.211102550927978,60.07074561241599,,
61.8555895999998,mouse,move,1330,1065,-1,1,1.4142135623730951,176.93815136630093,,
61.8635819000001,mouse,move,1321,1070,-9,5,10.295630140987,1288.1936539675942,,
61.87156619999996,mouse,move,1304,1082,-17,12,20.808652046684813,2606.196165856106,,
61.87955210000018,mouse,move,1290,1087,-14,5,14.866068747318506,1861.5395568321674,,
61.89581279999993,mouse,move,1288,1081,-2,-6,6.324555320336759,388.947297498559,,
61.90362540000024,mouse,move,1283,1085,-5,4,6.4031242374328485,819.5894116147606,,
61.91157659999999,mouse,move,1279,1083,-4,-2,4.47213595499958,562.4479267455216,,
61.91957570000022,mouse,move,1279,1081,0,-2,2.0,250.02812815711252,,
61.92758309999999,mouse,move,1276,1082,-3,1,3.1622776601683795,394.91940708088094,,
61.935572500000035,mouse,move,1276,1079,0,-3,3.0,375.49753423087407,,
61.95963040000015,mouse,move,1276,1079,0,0,0.0,0.0,,
61.96759209999982,mouse,move,1271,1083,-5,4,6.4031242374328485,804.2408326989498,,
61.975584100000106,mouse,move,1267,1085,-4,2,4.47213595499958,559.5765709258845,,
61.983568600000126,mouse,move,1264,1085,-3,0,3.0,375.7279729466218,,
61.991730799999914,mouse,move,1261,1083,-3,-2,3.605551275463989,441.737678022801,,
61.99957200000017,mouse,move,1260,1081,-1,-2,2.23606797749979,285.16910389053146,,
62.00767559999986,mouse,move,1259,1080,-1,-1,1.4142135623730951,174.51670398686366,,
62.015581399999974,mouse,move,1258,1080,-1,0,1.0,126.48941283427575,,
62.02356610000015,mouse,move,1256,1084,-2,4,4.47213595499958,560.0881629740933,,
62.031576400000176,mouse,move,1254,1079,-2,-5,5.385164807134504,672.2800403378978,,
62.039575799999966,mouse,move,1254,1079,0,0,0.0,0.0,,
62.04756279999992,mouse,move,1250,1079,-4,0,4.0,500.81382246417525,,
62.05557720000024,mouse,move,1245,1078,-5,-1,5.0990195135927845,636.2322211755197,,
62.06358460000001,mouse,move,1241,1077,-4,-1,4.123105625617661,514.9119097005765,,
62.07165320000013,mouse,move,1236,1076,-5,-1,5.0990195135927845,631.9583959447784,,
62.079585399999814,mouse,move,1231,1072,-5,-4,6.4031242374328485,807.2318193799932,,
62.087583200000154,mouse,move,1226,1071,-5,-1,5.0990195135927845,637.552766182755,,
62.09563650000018,mouse,move,1218,1066,-8,-5,9.433981132056603,1171.4429031605678,,
62.103637600000184,mouse,move,1212,1061,-6,-5,7.810249675906654,976.1469892771456,,
62.11158840000007,mouse,move,1208,1059,-4,-2,4.47213595499958,562.4762231551158,,
62.11970389999988,mouse,move,1204,1054,-4,-5,6.4031242374328485,788.9993515603401,,
62.127606900000046,mouse,move,1198,1052,-6,-2,6.324555320336759,800.2727217766901,,
62.13560349999989,mouse,move,1195,1050,-3,-2,3.605551275463989,450.8855357946081,,
62.143595500000174,mouse,move,1188,1047,-7,-3,7.615773105863909,952.9245627617106,,
62.15156840000009,mouse,move,1183,1046,-5,-1,5.0990195135927845,639.5438941474495,,
62.15961220000008,mouse,move,1177,1044,-6,-2,6.324555320336759,786.2646162684354,,
62.16759110000021,mouse,move,1172,1042,-5,-2,5.385164807134504,674.925717461022,,
62.17563370000016,mouse,move,1163,1040,-9,-2,9.219544457292887,1146.3388030420917,,
62.18357980000019,mouse,move,1156,1038,-7,-2,7.280109889280518,916.186542990429,,
62.19156350000003,mouse,move,1147,1032,-9,-6,10.816653826391969,1354.842219347911,,
62.19956469999988,mouse,move,1135,1028,-12,-4,12.649110640673518,1580.9016948589567,,
62.20757880000019,mouse,move,1124,1023,-11,-5,12.083045973594572,1507.7233841763705,,
62.215579400000024,mouse,move,1113,1016,-11,-7,13.038404810405298,1629.6783754567166,,
62.223614,mouse,move,1100,1009,-13,-7,14.7648230602334,1837.6550245540477,,
62.23168260000011,mouse,move,1087,1004,-13,-5,13.92838827718412,1726.245975384256,,
62.23976390000007,mouse,move,1075,999,-12,-5,13.0,1608.6520733133998,,
62.247684800000116,mouse,move,1065,993,-10,-6,11.661903789690601,1472.2952934167681,,
62.255659599999944,mouse,move,1052,989,-13,-4,13.601470508735444,1705.5563160238673,,
62.26365940000005,mouse,move,1039,985,-13,-4,13.601470508735444,1700.2263192271885,,
62.27170419999993,mouse,move,1022,982,-17,-3,17.26267650163207,2145.8179820368923,,
62.27956979999999,mouse,move,1007,977,-15,-5,15.811388300841896,2010.1948104051676,,
62.287740100000065,mouse,move,995,973,-12,-4,12.649110640673518,1548.181907709437,,
62.29570839999997,mouse,move,984,970,-11,-3,11.40175425099138,1430.8891797662336,,
62.30368690000023,mouse,move,974,965,-10,-5,11.180339887498949,1401.3085024917452,,
62.311623000000054,mouse,move,965,962,-9,-3,9.486832980505138,1195.4023992534235,,
62.319643599999836,mouse,move,956,957,-9,-5,10.295630140987,1283.6483730976997,,
62.327635799999825,mouse,move,948,952,-8,-5,9.433981132056603,1180.3985300754216,,
62.3359203,mouse,move,941,950,-7,-2,7.280109889280518,878.7627363303617,,
62.34366869999985,mouse,move,937,946,-4,-4,5.656854249492381,730.0674009599823,,
62.351650300000074,mouse,move,936,946,-1,0,1.0,125.28816277091077,,
62.35958500000015,mouse,move,935,945,-1,-1,1.4142135623730951,178.23150999523503,,
62.367566700000225,mouse,move,935,944,0,-1,1.0,125.28659308052795,,
62.39969190000011,mouse,move,935,944,0,0,0.0,0.0,,
62.42362529999991,mouse,move,935,943,0,-1,1.0,41.7826134192441,,
62.5035527,mouse,move,935,942,0,-1,1.0,12.511354053790082,,
62.51152540000021,mouse,move,941,944,6,2,6.324555320336759,793.2764709785409,,
62.51959010000019,mouse,move,955,950,14,6,15.231546211727817,1888.6686686139528,,
62.52755269999989,mouse,move,970,957,15,7,16.55294535724685,2078.8367314531965,,
62.535556299999826,mouse,move,991,964,21,7,22.135943621178654,2765.748365904054,,
62.54354730000023,mouse,move,1013,975,22,11,24.596747752497688,3078.0562822250486,,
62.551540899999964,mouse,move,1051,990,38,15,40.85339643163099,5110.76316465423,,
62.55954490000022,mouse,move,1094,1010,43,20,47.4236228055175,5924.990355322817,,
62.56755250000015,mouse,move,1139,1028,45,18,48.46648326421054,6052.560475628897,,
62.57558849999987,mouse,move,1190,1047,51,19,54.42425929675111,6772.555910732687,,
62.58351799999991,mouse,move,1242,1068,52,21,56.08029957123981,7072.362642148541,,
62.59156819999998,mouse,move,1298,1092,56,24,60.92618484691127,7568.282135397483,,
62.59955170000012,mouse,move,1347,1100,49,8,49.64876634922564,6218.922320833658,,
62.607550100000026,mouse,move,1364,1090,17,-10,19.72308292331602,2465.8785411517642,,
62.61550669999997,mouse,move,1393,1094,29,4,29.274562336608895,3679.280388208294,,
62.62356529999988,mouse,move,1410,1082,17,-12,20.808652046684813,2582.1671316245374,,
62.63153820000025,mouse,move,1414,1084,4,2,4.47213595499958,560.9171010288736,,
62.639544099999966,mouse,move,1416,1079,2,-5,5.385164807134504,672.6495218932664,,
62.647523399999955,mouse,move,1417,1079,1,0,1.0,125.32427656579975,,
62.67960730000004,mouse,move,1416,1079,-1,0,1.0,31.168280664047497,,
62.68757460000006,mouse,move,1415,1078,-1,-1,1.4142135623730951,177.5022356845885,,
62.69549989999996,mouse,move,1415,1077,0,-1,1.0,126.17818883991558,,
62.71165280000014,mouse,move,1414,1077,-1,0,1.0,61.90838796679884,,
62.7355963,mouse,move,1413,1077,-1,0,1.0,41.76498841046107,,
62.743535500000235,mouse,move,1412,1077,-1,0,1.0,125.95727528845798,,
62.75170789999993,mouse,move,1405,1073,-7,-4,8.06225774829855,986.5226553522274,,
62.75954270000011,mouse,move,1395,1072,-10,-1,10.04987562112089,1282.722675867523,,
62.76768549999997,mouse,move,1381,1069,-14,-3,14.317821063276353,1758.3412417747325,,
62.77552539999988,mouse,move,1366,1064,-15,-5,15.811388300841896,2016.7844361570008,,
62.783492099999876,mouse,move,1352,1060,-14,-4,14.560219778561036,1827.6350030208393,,
62.79155410000021,mouse,move,1328,1055,-24,-5,24.515301344262525,3040.846110548195,,
62.7995092000001,mouse,move,1301,1048,-27,-7,27.892651361962706,3506.2603062624116,,
62.80758710000009,mouse,move,1272,1044,-29,-4,29.274562336608895,3624.031287419704,,
62.81560739999986,mouse,move,1250,1041,-22,-3,22.20360331117452,2768.4255341830917,,
62.823871000000054,mouse,move,1235,1039,-15,-2,15.132745950421556,1831.2534428180682,,
62.83168310000019,mouse,move,1218,1038,-17,-1,17.029386365926403,2179.8730643011245,,
62.839570000000094,mouse,move,1208,1034,-10,-4,10.770329614269007,1365.597334111162,,
62.847594899999876,mouse,move,1198,1034,-10,0,10.0,1246.1214470300656,,
62.85558690000016,mouse,move,1194,1034,-4,0,4.0,500.5005004826041,,
62.86358550000023,mouse,move,1193,1034,-1,0,1.0,125.02187882778733,,
62.87162619999981,mouse,move,1193,1034,0,0,0.0,0.0,,
62.879604799999925,mouse,move,1190,1034,-3,0,3.0,376.00581555119595,,
62.88762540000016,mouse,move,1187,1035,-3,1,3.1622776601683795,394.26946364052736,,
62.89556270000003,mouse,move,1186,1037,-1,2,2.23606797749979,281.7164498680045,,
62.90357119999999,mouse,move,1181,1041,-5,4,6.4031242374328485,799.5410173521776,,
62.91155149999986,mouse,move,1174,1047,-7,6,9.219544457292887,1155.2879537662548,,
62.9198593000001,mouse,move,1167,1049,-7,2,7.280109889280518,876.298164263857,,
62.92766789999996,mouse,move,1159,1052,-8,3,8.54400374531753,1094.1786934237211,,
62.93556230000013,mouse,move,1152,1053,-7,1,7.0710678118654755,895.7068063075913,,
62.943536199999926,mouse,move,1142,1055,-10,2,10.198039027185569,1278.927379004629,,
62.95156750000024,mouse,move,1132,1057,-10,2,10.198039027185569,1269.786837347615,,
62.95954239999992,mouse,move,1123,1057,-9,0,9.0,1128.5407967949548,,
62.9676058,mouse,move,1115,1057,-8,0,8.0,992.13731179377,,
62.97558949999984,mouse,move,1105,1057,-10,0,10.0,1252.5520748775184,,
62.98375329999999,mouse,move,1098,1057,-7,0,7.0,857.4438374131457,,
62.99182740000015,mouse,move,1093,1057,-5,0,5.0,619.264066571149,,
62.99955339999997,mouse,move,1086,1058,-7,1,7.0710678118654755,915.2301076921784,,
63.007547799999884,mouse,move,1077,1060,-9,2,9.219544457292887,1153.250332406417,,
63.015503699999954,mouse,move,1070,1061,-7,1,7.0710678118654755,888.7828921684909,,
63.02355179999995,mouse,move,1062,1061,-8,0,8.0,994.0234341029112,,
63.031542400000035,mouse,move,1052,1063,-10,2,10.198039027185569,1276.2544773956286,,
63.03955720000022,mouse,move,1041,1063,-11,0,11.0,1372.4609472163008,,
63.047551199999816,mouse,move,1030,1063,-11,0,11.0,1376.0320240871076,,
63.05554680000023,mouse,move,1018,1063,-12,0,12.0,1500.8254539221573,,
63.06433610000022,mouse,move,1005,1063,-13,0,13.0,1479.0711433237686,,
63.071577499999876,mouse,move,993,1063,-12,0,12.0,1657.138122540999,,
63.079618799999935,mouse,move,982,1063,-11,0,11.0,1367.9380199618615,,
63.08776500000022,mouse,move,973,1063,-9,0,9.0,1104.8096044397819,,
63.095588900000166,mouse,move,961,1063,-12,0,12.0,1533.7619345951532,,
63.10367919999999,mouse,move,950,1062,-11,-1,11.045361017187261,1365.259757664221,,
63.11160710000013,mouse,move,940,1062,-10,0,10.0,1261.3680797969935,,
63.1197317000001,mouse,move,929,1062,-11,0,11.0,1353.9128080195424,,
63.12768820000019,mouse,move,918,1062,-11,0,11.0,1382.5174385563928,,
63.13557249999985,mouse,move,909,1062,-9,0,9.0,1141.5090750464358,,
63.143590499999846,mouse,move,901,1062,-8,0,8.0,997.7550511358481,,
63.151653200000055,mouse,move,891,1061,-10,-1,10.04987562112089,1246.46528096787,,
63.159608299999945,mouse,move,884,1058,-7,-3,7.615773105863909,957.3447355745546,,
63.16782000000012,mouse,move,881,1057,-3,-1,3.1622776601683795,385.09415347628334,,
63.175653599999805,mouse,move,878,1056,-3,-1,3.1622776601683795,403.6812781218647,,
63.183721700000206,mouse,move,877,1056,-1,0,1.0,123.94491887189658,,
63.223740200000066,mouse,move,877,1056,0,0,0.0,0.0,,
63.23961710000003,mouse,move,877,1055,0,-1,1.0,62.98458767152949,,
63.24761889999991,mouse,move,876,1054,-1,-1,1.4142135623730951,176.7369294902743,,
63.255624400000215,mouse,move,875,1053,-1,-1,1.4142135623730951,176.65524480901777,,
63.26360419999992,mouse,move,874,1052,-1,-1,1.4142135623730951,177.22418637381767,,
63.27163490000021,mouse,move,872,1048,-2,-4,4.47213595499958,556.8799674795314,,
63.279597900000226,mouse,move,872,1046,0,-2,2.0,251.1616225035159,,
63.2876067000002,mouse,move,870,1043,-2,-3,3.605551275463989,450.19869087469624,,
63.29570109999986,mouse,move,868,1039,-2,-4,4.47213595499958,552.4975236194813,,
63.30367789999991,mouse,move,867,1036,-1,-3,3.1622776601683795,396.4343671833371,,
63.31163259999994,mouse,move,866,1030,-1,-6,6.082762530298219,764.6752901149232,,
63.31967230000009,mouse,move,866,1023,0,-7,7.0,870.6792541843528,,
63.32761160000018,mouse,move,866,1018,0,-5,5.0,629.7784439363503,,
63.33575950000022,mouse,move,865,1013,-1,-5,5.0990195135927845,625.8078171759325,,
63.34372639999992,mouse,move,865,1008,0,-5,5.0,627.5966812922933,,
63.35179500000004,mouse,move,863,1003,-2,-5,5.385164807134504,667.422453344778,,
63.35957379999991,mouse,move,863,997,0,-6,6.0,771.3271970099479,,
63.36773630000016,mouse,move,863,988,0,-9,9.0,1102.6033690316467,,
63.3756456000001,mouse,move,864,981,1,-7,7.0710678118654755,894.0194216835055,,
63.383702300000095,mouse,move,868,974,4,-7,8.06225774829855,1000.6898293719746,,
63.3918134999999,mouse,move,870,968,2,-6,6.324555320336759,779.7311520478386,,
63.399665899999945,mouse,move,875,961,5,-7,8.602325267042627,1095.5026828728896,,
63.407610000000204,mouse,move,880,953,5,-8,9.433981132056603,1187.5456164636814,,
63.41568610000013,mouse,move,883,947,3,-6,6.708203932499369,830.6241790667686,,
63.42372720000003,mouse,move,890,941,7,-6,9.219544457292887,1146.5526429726244,,
63.4316087000002,mouse,move,894,936,4,-5,6.4031242374328485,812.424568584317,,
63.43970219999983,mouse,move,895,936,1,0,1.0,123.55593995743715,,
63.519571599999836,mouse,move,895,938,0,2,2.0,25.04087923534956,,
63.527567799999815,mouse,move,895,942,0,4,4.0,500.2376128673888,,
63.53560000000016,mouse,move,891,950,-4,8,8.94427190999916,1113.5519421349973,,
63.54357019999998,mouse,move,886,956,-5,6,7.810249675906654,979.9314541774545,,
63.551582699999926,mouse,move,877,964,-9,8,12.041594578792296,1502.851117487394,,
63.55954470000006,mouse,move,860,970,-17,6,18.027756377319946,2264.2246140437355,,
63.56761719999986,mouse,move,836,976,-24,6,24.73863375370596,3064.556674428498,,
63.57558190000009,mouse,move,814,978,-22,2,22.090722034374522,2773.578670099011,,
63.58363670000017,mouse,move,790,978,-24,0,24.0,2979.589809772613,,
63.591565900000205,mouse,move,770,978,-20,0,20.0,2522.3225545971327,,
63.59963310000012,mouse,move,755,978,-15,0,15.0,1859.381197957146,,
63.60755960000006,mouse,move,742,978,-13,0,13.0,1640.0681259192759,,
63.615578899999946,mouse,move,733,978,-9,0,9.0,1122.292469433323,,
63.623567399999956,mouse,move,732,978,-1,0,1.0,125.17994617246033,,
63.63151640000024,mouse,move,731,978,-1,0,1.0,125.80198766696363,,
63.63955220000025,mouse,move,730,979,-1,1,1.4142135623730951,175.98914387743287,,
63.65556599999991,mouse,move,730,979,0,0,0.0,0.0,,
63.6635040000001,mouse,move,729,981,-1,2,2.23606797749979,281.69160713592026,,
63.67955699999993,mouse,move,729,983,0,2,2.0,124.58730455499389,,
63.82361189999983,mouse,move,728,983,-1,0,1.0,6.9417978840059416,,
63.831626700000015,mouse,move,728,984,0,1,1.0,124.76917701966372,,
63.83959259999983,mouse,move,728,986,0,2,2.0,251.07018667644093,,
63.84772049999992,mouse,move,728,989,0,3,3.0,369.0990292654456,,
63.85571909999999,mouse,move,727,994,-1,5,5.0990195135927845,637.4889997689202,,
63.86359270000003,mouse,move,727,997,0,3,3.0,381.0201178603356,,
63.87165490000007,mouse,move,727,999,0,2,2.0,248.0712460606283,,
63.87959769999998,mouse,move,727,1000,0,1,1.0,125.90018633370605,,
63.887597299999925,mouse,move,727,1001,0,1,1.0,125.00625031332416,,
63.91959309999993,mouse,move,727,1002,0,1,1.0,31.254102100896603,,
64.0156794999998,mouse,move,727,1002,0,0,0.0,0.0,,
64.03160830000024,mouse,move,727,1004,0,2,2.0,125.5587363734241,,
64.03954750000003,mouse,move,727,1004,0,0,0.0,0.0,,
64.0476263999999,mouse,move,727,1005,0,1,1.0,123.779227372007,,
64.05562490000011,mouse,move,727,1006,0,1,1.0,125.02344189203357,,
64.06355339999982,mouse,move,727,1008,0,2,2.0,252.25452482485693,,
64.07160220000014,mouse,move,727,1009,0,1,1.0,124.24212304439331,,
64.07199339999988,mouse,click_press,727,1009,,,,,,
64.07966660000011,mouse,move,727,1010,0,1,1.0,124.00178562622729,,
64.20760849999988,mouse,move,727,1011,0,1,1.0,7.816047752939475,,
64.2156602,mouse,move,727,1012,0,1,1.0,124.19737446559608,,
64.23157140000012,mouse,move,727,1012,0,0,0.0,0.0,,
64.23960560000023,mouse,move,728,1012,1,0,1.0,124.46789972694013,,
64.24759910000012,mouse,move,729,1012,1,0,1.0,125.1016450884471,,
64.24813619999986,mouse,click_release,729,1012,,,,,,
64.25558920000003,mouse,move,730,1012,1,0,1.0,125.15487916428931,,
64.26363690000017,mouse,move,732,1012,2,0,2.0,248.51821016771936,,
64.27164940000011,mouse,move,737,1012,5,0,5.0,624.0249610023499,,
64.2795887000002,mouse,move,747,1012,10,0,10.0,1259.5568878727006,,
64.2877625000001,mouse,move,755,1012,8,0,8.0,978.7369399915322,,
64.2955992000002,mouse,move,764,1010,9,-2,9.219544457292887,1176.4574957797952,,
64.30360340000016,mouse,move,771,1010,7,0,7.0,874.5408660497641,,
64.31168350000007,mouse,move,776,1009,5,-1,5.0990195135927845,631.0589613551911,,
64.31961390000015,mouse,move,777,1009,1,0,1.0,126.0970442840497,,
64.38363440000012,mouse,move,778,1009,1,0,1.0,15.619996719808102,,
64.40763749999996,mouse,move,778,1008,0,-1,1.0,41.66128541756879,,
65.23987269999998,keyboard,key_press,,,,,,,,9.919763699999748
65.4034373999998,keyboard,key_release,,,,,,,0.16356469999982437,
65.45691729999999,keyboard,key_press,,,,,,,,0.21704460000000836
65.60045089999994,keyboard,key_release,,,,,,,0.14353359999995519,
65.81643949999989,keyboard,key_press,,,,,,,,0.3595221999999012
65.95942920000016,keyboard,key_press,,,,,,,,0.1429897000002711
66.07664440000008,keyboard,key_release,,,,,,,0.2602049000001898,
66.17354840000007,keyboard,key_press,,,,,,,,0.2141191999999137
66.26732970000012,keyboard,key_release,,,,,,,0.3079004999999597,
66.32748570000012,keyboard,key_press,,,,,,,,0.15393730000005235
66.37214600000016,keyboard,key_release,,,,,,,0.19859760000008464,
66.50438170000007,keyboard,key_release,,,,,,,0.17689599999994243,
66.52934520000008,keyboard,key_press,,,,,,,,0.201859499999955
66.60076429999981,keyboard,key_press,,,,,,,,0.07141909999972995
66.72229400000015,keyboard,key_release,,,,,,,0.19294880000006742,
66.74414030000025,keyboard,key_release,,,,,,,0.14337600000044404,
66.7847984,keyboard,key_press,,,,,,,,0.18403410000018994
66.95532980000007,keyboard,key_press,,,,,,,,0.1705314000000726
66.99410840000019,keyboard,key_release,,,,,,,0.20931000000018685,
67.09879880000017,keyboard,key_release,,,,,,,0.14346900000009555,
67.41580750000003,keyboard,key_press,,,,,,,,0.4604776999999558
67.54194670000015,keyboard,key_press,,,,,,,,0.12613920000012513
67.59160120000024,keyboard,key_press,,,,,,,,0.049654500000087864
67.5949915000001,keyboard,key_release,,,,,,,0.1791840000000775,
67.73067739999988,keyboard,key_release,,,,,,,0.18873069999972358,
67.75077659999988,keyboard,key_press,,,,,,,,0.15917539999963992
67.7842727000002,keyboard,key_release,,,,,,,0.19267149999996036,
67.92628879999984,keyboard,key_press,,,,,,,,0.17551219999995737
67.95572820000007,keyboard,key_release,,,,,,,0.20495160000018586,
68.08105269999987,keyboard,key_release,,,,,,,0.15476390000003448,
68.8085602000001,keyboard,key_press,,,,,,,,0.8822714000002634
68.9512709999999,keyboard,key_press,,,,,,,,0.1427107999998043
69.01255979999996,keyboard,key_release,,,,,,,0.20399959999986095,
69.10501990000012,keyboard,key_release,,,,,,,0.1537489000002097,
69.44597199999998,keyboard,key_press,,,,,,,,0.49470100000007733
69.58914589999995,keyboard,key_release,,,,,,,0.14317389999996522,
69.91772189999983,keyboard,key_press,,,,,,,,0.47174989999984973
70.04578330000004,keyboard,key_release,,,,,,,0.12806140000020605,
70.15727800000013,keyboard,key_press,,,,,,,,0.23955610000029992
70.32149389999995,keyboard,key_release,,,,,,,0.16421589999981734,
70.40718229999993,keyboard,key_press,,,,,,,,0.24990429999979824
70.5222902999999,keyboard,key_press,,,,,,,,0.1151079999999638
70.59582060000002,keyboard,key_release,,,,,,,0.1886383000000933,
70.68757240000014,keyboard,key_press,,,,,,,,0.16528210000024046
70.71046030000025,keyboard,key_release,,,,,,,0.18817000000035478,
70.88561519999985,keyboard,key_press,,,,,,,,0.19804279999971186
70.93517659999998,keyboard,key_release,,,,,,,0.2476041999998415,
71.03849070000024,keyboard,key_press,,,,,,,,0.15287550000039118
71.10048499999994,keyboard,key_release,,,,,,,0.2148698000000877,
71.22047609999981,keyboard,key_release,,,,,,,0.18198539999957575,
71.45757860000003,keyboard,key_press,,,,,,,,0.4190878999997949
71.61276439999983,keyboard,key_release,,,,,,,0.1551857999997992,
71.7481372000002,keyboard,key_press,,,,,,,,0.29055860000016764
71.89846089999992,keyboard,key_release,,,,,,,0.15032369999971706,
72.24467219999997,keyboard,key_press,,,,,,,,0.496534999999767
72.37064980000014,keyboard,key_press,,,,,,,,0.12597760000016933
72.41032459999997,keyboard,key_release,,,,,,,0.16565239999999903,
72.49207530000012,keyboard,key_press,,,,,,,,0.12142549999998664
72.53583040000012,keyboard,key_release,,,,,,,0.16518059999998513,
72.65033970000013,keyboard,key_press,,,,,,,,0.1582644000000073
72.6835900000001,keyboard,key_release,,,,,,,0.19151469999997062,
72.8095542000001,keyboard,key_press,,,,,,,,0.15921449999996184
72.82666990000007,keyboard,key_release,,,,,,,0.1763301999999385,
72.95223420000002,keyboard,key_press,,,,,,,,0.14267999999992753
72.98678359999985,keyboard,key_release,,,,,,,0.17722939999976006,
73.09107380000023,keyboard,key_release,,,,,,,0.13883960000021034,
73.14210099999991,keyboard,key_press,,,,,,,,0.18986679999989065
73.25170669999989,keyboard,key_press,,,,,,,,0.1096056999999746
73.31303119999984,keyboard,key_release,,,,,,,0.17093019999992975,
73.37362859999985,keyboard,key_press,,,,,,,,0.12192189999996117
73.38988190000009,keyboard,key_release,,,,,,,0.13817520000020522,
73.52678030000015,keyboard,key_press,,,,,,,,0.15315170000030776
73.59768269999995,keyboard,key_press,,,,,,,,0.07090239999979531
73.6009955999998,keyboard,key_release,,,,,,,0.22736699999995835,
73.65946089999989,keyboard,key_release,,,,,,,0.13268059999973048,
73.7467114000001,keyboard,key_release,,,,,,,0.14902870000014445,
75.7349435000001,keyboard,key_press,,,,,,,,2.137260800000149
75.91980160000003,keyboard,key_press,,,,,,,,0.18485809999992853
75.93882750000012,keyboard,key_release,,,,,,,0.20388400000001639,
76.09675070000003,keyboard,key_release,,,,,,,0.17694910000000164,
76.18310909999991,keyboard,key_press,,,,,,,,0.26330749999988257
76.33026280000013,keyboard,key_press,,,,,,,,0.1471537000002172
76.35892439999998,keyboard,key_release,,,,,,,0.1758153000000675,
76.48985559999983,keyboard,key_press,,,,,,,,0.15959279999970022
76.51215610000008,keyboard,key_release,,,,,,,0.18189329999995607,
76.66059769999993,keyboard,key_release,,,,,,,0.1707421000000977,
76.86809649999987,keyboard,key_press,,,,,,,,0.3782409000000371
77.00686600000017,keyboard,key_release,,,,,,,0.13876950000030774,
77.03419819999999,keyboard,key_press,,,,,,,,0.16610170000012658
77.14389519999986,keyboard,key_release,,,,,,,0.10969699999986915,
77.21750750000001,keyboard,key_press,,,,,,,,0.183309300000019
77.33868979999988,keyboard,key_release,,,,,,,0.12118229999987307,
77.88762880000013,mouse,move,779,1007,1,-1,1.4142135623730951,0.1049120530495504,,
77.8957263000002,mouse,move,782,1001,3,-6,6.708203932499369,828.4290129590861,,
77.90360700000019,mouse,move,790,977,8,-24,25.298221281347036,3210.1490072441347,,
77.91174880000017,mouse,move,801,933,11,-44,45.35416188179427,5570.5325458656835,,
77.9196538000001,mouse,move,827,858,26,-75,79.37883848986453,10041.59879702685,,
77.92775979999988,mouse,move,865,766,38,-92,99.53893710503444,12279.661621990093,,
77.93567459999986,mouse,move,911,676,46,-90,101.07423014794622,12770.282274750563,,
77.94377020000002,mouse,move,954,599,43,-77,88.19297024139736,10893.93871234343,,
77.9518266,mouse,move,989,536,35,-63,72.069410986909,8945.609824118405,,
77.95976079999991,mouse,move,1010,490,21,-46,50.566787519082126,6373.268573978944,,
77.96768599999996,mouse,move,1017,463,7,-27,27.892651361962706,3519.4886390001257,,
77.97579210000004,mouse,move,1020,438,3,-25,25.179356624028344,3106.223291569103,,
77.9837507000002,mouse,move,1022,421,2,-17,17.11724276862369,2150.7856618334654,,
77.99170279999998,mouse,move,1022,404,0,-17,17.0,2137.800078024903,,
77.9996887000002,mouse,move,1022,389,0,-15,15.0,1878.310522243427,,
78.00769450000007,mouse,move,1022,376,0,-13,13.0,1623.822728549327,,
78.01573950000011,mouse,move,1022,364,0,-12,12.0,1491.6096954559246,,
78.02370930000006,mouse,move,1021,356,-1,-8,8.06225774829855,1011.6010123646495,,
78.03172089999998,mouse,move,1016,347,-5,-9,10.295630140987,1285.090386576018,,
78.03972650000014,mouse,move,1008,338,-8,-9,12.041594578792296,1504.1464198249855,,
78.04774170000019,mouse,move,997,329,-11,-9,14.212670403551895,1773.214692518162,,
78.05574999999999,mouse,move,981,319,-16,-10,18.867962264113206,2356.0508802843924,,
78.06369799999993,mouse,move,966,307,-15,-12,19.209372712298546,2416.881317619332,,
78.07167370000025,mouse,move,942,291,-24,-16,28.844410203711913,3616.5365049551383,,
78.07995149999988,mouse,move,911,268,-31,-23,38.600518131237564,4663.137323075177,,
78.08773229999997,mouse,move,884,248,-27,-20,33.60059523282288,4318.398523600165,,
78.09595249999984,mouse,move,863,232,-21,-16,26.40075756488817,3211.692849968322,,
78.10374779999984,mouse,move,841,214,-22,-18,28.42534080710379,3646.4716953948227,,
78.11176979999982,mouse,move,825,200,-16,-14,21.2602916254693,2650.2482704456834,,
78.11967589999995,mouse,move,813,191,-12,-9,15.0,1897.269197171568,,
78.12798370000019,mouse,move,798,176,-15,-15,21.213203435596427,2553.4080544773237,,
78.1357696,mouse,move,787,163,-11,-13,17.029386365926403,2187.2084622621096,,
78.14377430000013,mouse,move,775,149,-12,-14,18.439088914585774,2303.532788772774,,
78.15180229999987,mouse,move,761,128,-14,-21,25.238858928247925,3143.8538775616485,,
78.15978170000017,mouse,move,752,114,-9,-14,16.64331697709324,2085.785519773198,,
78.16767119999986,mouse,move,738,99,-14,-15,20.518284528683193,2600.7078432707335,,
78.17571110000017,mouse,move,732,94,-6,-5,7.810249675906654,971.4361715447899,,
78.18399769999996,mouse,move,728,92,-4,-2,4.47213595499958,539.6828560702563,,
78.3599491,mouse,move,725,93,-3,1,3.1622776601683795,17.972449552364033,,
78.36765259999993,mouse,move,721,97,-4,4,5.656854249492381,734.322613038326,,
78.37586749999991,mouse,move,717,102,-4,5,6.4031242374328485,779.4524872420777,,
78.3836153000002,mouse,move,716,103,-1,1,1.4142135623730951,182.5309845789065,,
78.39173750000009,mouse,move,715,103,-1,0,1.0,123.11935190141668,,
78.3996489000001,mouse,move,715,103,0,0,0.0,0.0,,
78.4077357000001,mouse,move,714,104,-1,1,1.4142135623730951,174.87925537578883,,
78.41563189999988,mouse,move,713,104,-1,0,1.0,126.64319546467951,,
78.42370560000018,mouse,move,712,104,-1,0,1.0,123.85894942385762,,
78.43175539999993,mouse,move,707,107,-5,3,5.830951894845301,724.3598468314738,,
78.43999040000017,mouse,move,706,107,-1,0,1.0,121.43290831460503,,
78.44781809999995,mouse,move,701,109,-5,2,5.385164807134504,687.9625953071841,,
78.45569079999996,mouse,move,693,112,-8,3,8.54400374531753,1085.2698242419688,,
78.46364119999998,mouse,move,688,113,-5,1,5.0990195135927845,641.3538329612933,,
78.47165369999993,mouse,move,685,113,-3,0,3.0,374.41497660140993,,
78.4796210999998,mouse,move,684,114,-1,1,1.4142135623730951,177.50000783142556,,
78.60777899999994,mouse,move,683,114,-1,0,1.0,7.802874422871806,,
78.82375300000012,mouse,move,682,115,-1,1,1.4142135623730951,6.548073204977762,,
78.83961970000018,mouse,move,682,116,0,1,1.0,63.02507767816785,,
78.84761960000014,mouse,move,682,116,0,0,0.0,0.0,,
78.86362420000023,mouse,move,683,117,1,1,1.4142135623730951,88.36294330163588,,
78.87964939999983,mouse,move,683,117,0,0,0.0,0.0,,
78.88761000000022,mouse,move,684,117,1,0,1.0,125.61867195328077,,
78.89570929999991,mouse,move,685,117,1,0,1.0,123.46746015567653,,
78.9037287000001,mouse,move,686,117,1,0,1.0,124.69760829685846,,
78.91165390000015,mouse,move,690,115,4,-2,4.47213595499958,564.2931351857494,,
78.91959989999987,mouse,move,691,115,1,0,1.0,125.84948402155355,,
78.9276034999998,mouse,move,692,114,1,-1,1.4142135623730951,176.69718156629793,,
78.94372699999985,mouse,move,692,114,0,0,0.0,0.0,,
79.31964010000002,mouse,move,693,114,1,0,1.0,2.6601892831071066,,
79.59163530000023,mouse,move,694,113,1,-1,1.4142135623730951,5.199406321773156,,
79.61589400000003,mouse,move,695,112,1,-1,1.4142135623730951,58.297170185758986,,
79.6237001999998,mouse,move,696,112,1,0,1.0,128.1033025067954,,
79.63163600000007,mouse,move,697,111,1,-1,1.4142135623730951,178.20680489997815,,
79.65566239999998,mouse,move,698,110,1,-1,1.4142135623730951,58.86081819907698,,
79.68772489999992,mouse,move,701,107,3,-3,4.242640687119285,132.3240760117729,,
79.70363439999983,mouse,move,705,106,4,-1,4.123105625617661,259.1599752124056,,
79.7116344000001,mouse,move,710,106,5,0,5.0,624.9999999792522,,
79.71972760000017,mouse,move,720,106,10,0,10.0,1235.6051994151157,,
79.72762280000006,mouse,move,732,108,12,2,12.165525060596439,1540.8761096312328,,
79.73563349999995,mouse,move,747,111,15,3,15.297058540778355,1909.5782567061308,,
79.74379660000022,mouse,move,763,118,16,7,17.46424919657298,2139.413849638724,,
79.75164350000023,mouse,move,778,125,15,7,16.55294535724685,2109.4885059371477,,
79.75962840000011,mouse,move,791,132,13,7,14.7648230602334,1849.0930456799263,,
79.76764409999987,mouse,move,803,138,12,6,13.416407864998739,1673.7662169742814,,
79.77564979999988,mouse,move,809,143,6,5,7.810249675906654,975.5861043874388,,
79.78364869999996,mouse,move,813,148,4,5,6.4031242374328485,800.5005985038874,,
79.79164960000026,mouse,move,817,154,4,6,7.211102550927978,901.2864241097789,,
79.79975300000024,mouse,move,821,158,4,4,5.656854249492381,698.0840449077058,,
79.80764290000025,mouse,move,824,161,3,3,4.242640687119285,537.7306033174473,,
79.8156985999999,mouse,move,827,164,3,3,4.242640687119285,526.6631934281277,,
79.82369419999986,mouse,move,828,168,1,4,4.123105625617661,515.6718227073808,,
79.83162410000023,mouse,move,831,171,3,3,4.242640687119285,535.0181826914696,,
79.83965660000013,mouse,move,831,173,0,2,2.0,248.98848428572336,,
79.8476541,mouse,move,832,177,1,4,4.123105625617661,515.5493123704445,,
79.8556795999998,mouse,move,833,183,1,6,6.082762530298219,757.9294162914852,,
79.86363389999997,mouse,move,833,184,0,1,1.0,125.71816501505637,,
79.87166660000003,mouse,move,833,188,0,4,4.0,497.96456981726436,,
79.87964090000014,mouse,move,833,191,0,3,3.0,376.2085700258257,,
79.88779109999996,mouse,move,834,194,1,3,3.1622776601683795,388.00000739109964,,
79.8956291999998,mouse,move,835,198,1,4,4.123105625617661,526.03381249276,,
79.90380249999998,mouse,move,836,201,1,3,3.1622776601683795,386.9034123424515,,
79.91165339999998,mouse,move,837,205,1,4,4.123105625617661,525.1761741482903,,
79.91977480000014,mouse,move,837,206,0,1,1.0,123.1314797916422,,
79.92763580000019,mouse,move,837,207,0,1,1.0,127.21027858973207,,
79.93565669999998,mouse,move,838,208,1,1,1.4142135623730951,176.31606956946726,,
79.94365299999981,mouse,move,838,209,0,1,1.0,125.05783925328812,,
79.95168520000016,mouse,move,838,210,0,1,1.0,124.4988919545383,,
79.95965969999997,mouse,move,838,212,0,2,2.0,250.79942316703924,,
79.97570570000016,mouse,move,838,213,0,1,1.0,62.32082761986206,,
79.98365520000016,mouse,move,838,214,0,1,1.0,125.79407509913928,,
80.00765820000015,mouse,move,838,215,0,1,1.0,41.6614589843052,,
80.12778740000022,mouse,move,839,215,1,0,1.0,8.324370760809694,,
80.13569280000002,mouse,move,840,216,1,1,1.4142135623730951,178.8920943164107,,
80.15962799999988,mouse,move,840,217,0,1,1.0,41.77947123924079,,
80.38362599999982,mouse,move,840,218,0,1,1.0,4.464325574336726,,
80.3996430000002,mouse,move,840,219,0,1,1.0,62.43366423029383,,
80.40763749999996,mouse,move,840,221,0,2,2.0,250.1719932526203,,
80.41582999999991,mouse,move,841,222,1,1,1.4142135623730951,172.62295543261658,,
80.42360680000002,mouse,move,841,223,0,1,1.0,128.5875938672652,,
80.4315703000002,mouse,move,841,225,0,2,2.0,251.1458529481995,,
80.43969580000021,mouse,move,841,225,0,0,0.0,0.0,,
80.4476608,mouse,move,841,226,0,1,1.0,125.54927809503198,,
80.45561610000004,mouse,move,842,228,1,2,2.23606797749979,281.07902624490475,,
80.46360499999992,mouse,move,842,230,0,2,2.0,250.34735696176008,,
80.47166090000019,mouse,move,843,232,1,2,2.23606797749979,277.5689839030061,,
80.47962800000005,mouse,move,844,233,1,1,1.4142135623730951,177.50669156882486,,
80.48771940000006,mouse,move,844,234,0,1,1.0,123.58800701961441,,
80.4956231000001,mouse,move,845,235,1,1,1.4142135623730951,178.93057205681825,,
80.5116495000002,mouse,move,845,236,0,1,1.0,62.397044875562635,,
80.5276130000002,mouse,move,845,237,0,1,1.0,62.642904125043,,
80.53570300000001,mouse,move,845,238,0,1,1.0,123.6093943168561,,
80.55164980000018,mouse,move,845,238,0,0,0.0,0.0,,
80.56763600000022,mouse,move,845,240,0,2,2.0,125.10790556821615,,
80.5755865000001,mouse,move,846,241,1,1,1.4142135623730951,177.877311162144,,
80.59164779999992,mouse,move,846,242,0,1,1.0,62.26146077909322,,
80.59959900000013,mouse,move,846,244,0,2,2.0,251.53435958697582,,
80.60760269999992,mouse,move,846,245,0,1,1.0,124.94221422919694,,
80.62361659999988,mouse,move,846,246,0,1,1.0,62.445750254615696,,
80.63961890000019,mouse,move,847,249,1,3,3.1622776601683795,197.6139467518576,,
80.65577540000004,mouse,move,848,249,1,0,1.0,61.89459350782487,,
80.67161940000005,mouse,move,848,250,0,1,1.0,63.11537490526514,,
80.68761910000012,mouse,move,849,253,1,3,3.1622776601683795,197.646059623329,,
80.70361529999991,mouse,move,849,254,0,1,1.0,62.514847277047224,,
80.71157910000011,mouse,move,850,255,1,1,1.4142135623730951,177.58024590496603,,
80.7196398000001,mouse,move,852,257,2,2,2.8284271247461903,350.8910050926916,,
80.72764779999989,mouse,move,852,258,0,1,1.0,124.8751248783898,,
80.73569409999982,mouse,move,853,260,1,2,2.23606797749979,277.90015007127505,,
80.74360720000004,mouse,move,856,263,3,3,4.242640687119285,536.1540593445625,,
80.75166130000025,mouse,move,858,265,2,2,2.8284271247461903,351.17854566903156,,
80.75961060000009,mouse,move,862,271,4,6,7.211102550927978,907.1367983440409,,
80.76759919999995,mouse,move,868,277,6,6,8.48528137423857,1062.1737694195208,,
80.7755960999998,mouse,move,875,288,7,11,13.038404810405298,1630.4323938833006,,
80.78357649999998,mouse,move,883,299,8,11,13.601470508735444,1704.359494314945,,
80.7916679,mouse,move,889,309,6,10,11.661903789690601,1441.2714474223499,,
80.79961880000019,mouse,move,894,320,5,11,12.083045973594572,1519.707954231131,,
80.80760360000022,mouse,move,898,327,4,7,8.06225774829855,1009.7006497679525,,
80.81560279999985,mouse,move,903,336,5,9,10.295630140987,1287.0824759303434,,
80.82359429999997,mouse,move,904,340,1,4,4.123105625617661,515.9363856043988,,
80.83156109999982,mouse,move,908,345,4,5,6.4031242374328485,803.7259925633972,,
80.83960100000013,mouse,move,911,349,3,4,5.0,621.898282292762,,
80.84765809999999,mouse,move,914,352,3,3,4.242640687119285,526.571680529352,,
80.85561569999982,mouse,move,916,354,2,2,2.8284271247461903,355.4372078023157,,
80.86362710000003,mouse,move,918,354,2,0,2.0,249.6442569271991,,
80.8716015,mouse,move,919,355,1,1,1.4142135623730951,177.34419672690765,,
81.0396740000001,mouse,move,920,355,1,0,1.0,5.9498133246031335,,
81.1518946000001,mouse,move,921,354,1,-1,1.4142135623730951,12.602085199803673,,
81.36771349999981,mouse,move,921,353,0,-1,1.0,4.633514488311139,,
81.61566350000021,mouse,move,922,353,1,0,1.0,4.033071183699872,,
81.63164999999981,mouse,move,923,353,1,0,1.0,62.55277890877243,,
81.6475888,mouse,move,924,353,1,0,1.0,62.739980424396165,,
81.66364199999998,mouse,move,925,353,1,0,1.0,62.29287618672758,,
81.68761309999991,mouse,move,925,354,0,1,1.0,41.71690076813678,,
81.73563710000008,mouse,move,925,355,0,1,1.0,20.82292187232403,,
81.7516128000002,mouse,move,927,355,2,0,2.0,125.19013251276492,,
81.75955149999982,mouse,move,928,355,1,0,1.0,125.96520841557533,,
81.76763119999987,mouse,move,929,355,1,0,1.0,123.76697154516167,,
81.77559470000006,mouse,move,931,355,2,0,2.0,251.1458529481995,,
81.7836186999998,mouse,move,932,356,1,1,1.4142135623730951,176.24795144779617,,
81.79159870000012,mouse,move,933,357,1,1,1.4142135623730951,177.21974465126337,,
81.79971299999988,mouse,move,934,357,1,0,1.0,123.23921965289128,,
81.8158168,mouse,move,934,357,0,0,0.0,0.0,,
81.82360569999992,mouse,move,935,357,1,0,1.0,128.3878339701197,,
81.8316364000002,mouse,move,936,357,1,0,1.0,124.52214625921043,,
81.83959610000011,mouse,move,936,357,0,0,0.0,0.0,,
81.84757739999986,mouse,move,938,357,2,0,2.0,250.58574418468334,,
81.85560080000005,mouse,move,939,357,1,0,1.0,124.6354413312433,,
81.88765550000016,mouse,move,939,358,0,1,1.0,31.196673186657485,,
81.90360790000022,mouse,move,939,359,0,1,1.0,62.68649231439967,,
81.91960969999991,mouse,move,939,360,0,1,1.0,62.4929695421556,,
81.99160799999981,mouse,move,939,361,0,1,1.0,13.889216828749062,,
81.99959930000023,mouse,move,939,362,0,1,1.0,125.1360854865128,,
82.03173389999984,mouse,move,937,363,-2,1,2.23606797749979,69.58443476897314,,
82.03959739999982,mouse,move,936,364,-1,1,1.4142135623730951,179.84530582766027,,
82.1757391000001,mouse,move,936,364,0,0,0.0,0.0,,
82.19160449999981,mouse,move,936,364,0,0,0.0,0.0,,
82.19960260000016,mouse,move,938,364,2,0,2.0,250.05938909397128,,
82.2076489000001,mouse,move,941,363,3,-1,3.1622776601683795,393.0101612163156,,
82.21568819999993,mouse,move,944,362,3,-1,3.1622776601683795,393.35236404072873,,
82.22365119999995,mouse,move,949,361,5,-1,5.0990195135927845,640.3390071055261,,
82.23177609999993,mouse,move,952,360,3,-1,3.1622776601683795,389.2081945838688,,
82.23963080000021,mouse,move,953,359,1,-1,1.4142135623730951,180.04679520830632,,
82.24822029999996,mouse,move,954,359,1,0,1.0,116.42121194829203,,
82.29564269999992,mouse,move,955,358,1,-1,1.4142135623730951,29.82163623887244,,
82.6078309999998,mouse,move,955,358,0,0,0.0,0.0,,
82.68764340000007,mouse,move,955,359,0,1,1.0,12.529381399340034,,
82.71165040000005,mouse,move,955,360,0,1,1.0,41.654517432444635,,
82.7356421999998,mouse,move,955,361,0,1,1.0,41.68090764388131,,
82.75161119999984,mouse,move,954,363,-1,2,2.23606797749979,140.02554809280807,,
82.75960420000001,mouse,move,953,365,-1,2,2.23606797749979,279.75328130268423,,
82.77562429999989,mouse,move,953,366,0,1,1.0,62.42158288697476,,
82.78362789999983,mouse,move,952,367,-1,1,1.4142135623730951,176.69718156629793,,
82.79980310000019,mouse,move,952,368,0,1,1.0,61.82303773539996,,
82.8156528999998,mouse,move,952,369,0,1,1.0,63.0922787684597,,
82.86361369999986,mouse,move,952,370,0,1,1.0,20.850361128230695,,
82.87965970000005,mouse,move,952,371,0,1,1.0,62.32082761986206,,
82.89572940000016,mouse,move,952,371,0,0,0.0,0.0,,
84.56765499999983,mouse,move,952,372,0,1,1.0,0.598112738988026,,
84.57565149999982,mouse,move,952,374,0,2,2.0,250.1094228728135,,
84.58370060000016,mouse,move,952,374,0,0,0.0,0.0,,
84.59184700000014,mouse,move,952,375,0,1,1.0,122.75360895630074,,
84.59974659999989,mouse,move,952,376,0,1,1.0,126.58868803890768,,
84.60767140000007,mouse,move,952,378,0,2,2.0,252.3722996105795,,
84.6156231,mouse,move,952,379,0,1,1.0,125.75927160354193,,
84.63963550000017,mouse,move,953,380,1,1,1.4142135623730951,58.89513594487987,,
84.6636112000001,mouse,move,954,381,1,1,1.4142135623730951,58.985287702832416,,
84.67968359999986,mouse,move,955,382,1,1,1.4142135623730951,87.99019203071482,,
84.68759899999986,mouse,move,955,384,0,2,2.0,252.67200646834968,,
84.6956067000001,mouse,move,956,384,1,0,1.0,124.87980318576905,,
84.70359910000025,mouse,move,956,385,0,1,1.0,125.11886291745162,,
84.71960549999994,mouse,move,956,386,0,1,1.0,62.475009997186426,,
84.72761070000024,mouse,move,957,386,1,0,1.0,124.91880277354524,,
84.73561030000019,mouse,move,957,387,0,1,1.0,125.00625031332416,,
84.74368060000006,mouse,move,958,389,1,2,2.23606797749979,277.07371194815977,,
84.75167469999997,mouse,move,958,389,0,0,0.0,0.0,,
84.75963850000016,mouse,move,958,390,0,1,1.0,125.56819608417611,,
84.78365759999997,mouse,move,958,391,0,1,1.0,41.63353331340987,,
84.79167490000009,mouse,move,960,393,2,2,2.8284271247461903,352.79048117246515,,
84.8156613000001,mouse,move,961,394,1,1,1.4142135623730951,58.95897518478628,,
84.83166900000015,mouse,move,961,395,0,1,1.0,62.469936342956956,,
84.84772750000002,mouse,move,962,396,1,1,1.4142135623730951,88.06635503841457,,
84.85581390000016,mouse,move,962,397,0,1,1.0,123.66442421632456,,
84.8636978999998,mouse,move,963,398,1,1,1.4142135623730951,179.37767154186525,,
84.8716672999999,mouse,move,964,398,1,0,1.0,125.47996084879233,,
84.89576709999983,mouse,move,964,399,0,1,1.0,41.49412028327496,,
84.91167769999993,mouse,move,964,400,0,1,1.0,62.851180973305446,,
84.91974260000006,mouse,move,964,401,0,1,1.0,123.99409787885267,,
84.92766759999995,mouse,move,965,401,1,0,1.0,126.18296530149179,,
84.93564000000015,mouse,move,966,402,1,1,1.4142135623730951,177.38868625982448,,
84.94366639999998,mouse,move,968,404,2,2,2.8284271247461903,352.3905019441209,,
84.95166659999995,mouse,move,969,404,1,0,1.0,124.99687507859987,,
84.9596461000001,mouse,move,970,405,1,1,1.4142135623730951,177.23084934483083,,
84.96767090000003,mouse,move,972,406,2,1,2.23606797749979,278.6446986241731,,
84.97566360000019,mouse,move,974,407,2,1,2.23606797749979,279.763781632655,,
84.98365509999985,mouse,move,979,411,5,4,6.4031242374328485,801.2418491777344,,
84.99167130000023,mouse,move,984,414,5,3,5.830951894845301,727.3960099007138,,
84.99965939999993,mouse,move,990,418,6,4,7.211102550927978,902.7306307138177,,
85.00763629999983,mouse,move,994,421,4,3,5.0,626.8099136331961,,
85.0156476000002,mouse,move,998,424,4,3,5.0,624.1184326855825,,
85.0236503000001,mouse,move,1000,426,2,2,2.8284271247461903,353.43410658643927,,
85.03166760000022,mouse,move,1003,430,3,4,5.0,623.6513539377878,,
85.03967139999986,mouse,move,1005,432,2,2,2.8284271247461903,353.3855324811562,,
85.0476819999999,mouse,move,1008,433,3,1,3.1622776601683795,394.76164833531686,,
85.05574419999994,mouse,move,1009,435,1,2,2.23606797749979,277.3520847273209,,
85.06372920000013,mouse,move,1011,437,2,2,2.8284271247461903,354.21754848828743,,
85.07180470000003,mouse,move,1013,437,2,0,2.0,247.6626834281061,,
85.07973029999994,mouse,move,1015,439,2,2,2.8284271247461903,356.87230301543394,,
85.08768869999994,mouse,move,1016,439,1,0,1.0,125.6533976677655,,
85.09566929999983,mouse,move,1018,440,2,1,2.23606797749979,280.18795297755804,,
85.10371429999987,mouse,move,1022,441,4,1,4.123105625617661,512.5053605466807,,
85.11176139999998,mouse,move,1025,442,3,1,3.1622776601683795,392.97109022183776,,
85.11973209999996,mouse,move,1026,444,1,2,2.23606797749979,280.53596014194534,,
85.12771220000013,mouse,move,1027,444,1,0,1.0,125.31171288316497,,
85.13591080000015,mouse,move,1028,445,1,1,1.4142135623730951,172.4945188654934,,
85.1520088000002,mouse,scroll,1028,445,0,-1,,,,
85.6077323999998,mouse,move,1028,445,0,0,0.0,0.0,,
85.61596809999992,mouse,scroll,1028,445,0,-1,,,,
85.73583210000015,mouse,move,1029,445,1,0,1.0,7.8064195310159405,,
86.16771569999992,mouse,move,1029,439,0,-6,6.0,13.892632181456465,,
86.17563819999987,mouse,move,1026,428,-3,-11,11.40175425099138,1439.1611550727473,,
86.18362470000011,mouse,move,1021,421,-5,-7,8.602325267042627,1077.1082785677193,,
86.19168530000024,mouse,move,1016,409,-5,-12,13.0,1612.783167479068,,
86.19967769999994,mouse,move,1013,400,-3,-9,9.486832980505138,1186.9817552761176,,
86.20763110000007,mouse,move,1008,388,-5,-12,13.0,1634.5210852946439,,
86.21562080000012,mouse,move,1004,380,-4,-8,8.94427190999916,1119.4753132082571,,
86.22363929999983,mouse,move,1002,375,-2,-5,5.385164807134504,671.5925431603288,,
86.23165590000008,mouse,move,998,369,-4,-6,7.211102550927978,899.5213121156522,,
86.23968760000025,mouse,move,997,365,-1,-4,4.123105625617661,513.3540378161847,,
86.24763070000017,mouse,move,995,361,-2,-4,4.47213595499958,563.0214846904116,,
86.25563180000017,mouse,move,994,358,-1,-3,3.1622776601683795,395.2303633460224,,
86.26367179999988,mouse,move,993,357,-1,-1,1.4142135623730951,175.89720925673313,,
86.27164919999996,mouse,move,993,356,0,-1,1.0,125.35412540312748,,
86.27970950000008,mouse,move,992,356,-1,0,1.0,124.06486110746862,,
86.45563619999984,mouse,move,990,356,-2,0,2.0,11.368371031814322,,
86.47162419999995,mouse,move,988,356,-2,0,2.0,125.09382036443915,,
86.4796150000002,mouse,move,985,357,-3,1,3.1622776601683795,395.7398082885426,,
86.48761659999991,mouse,move,985,357,0,0,0.0,0.0,,
86.49561600000015,mouse,move,984,358,-1,1,1.4142135623730951,176.7899545378274,,
86.50364450000006,mouse,move,982,360,-2,2,2.8284271247461903,352.2983278044602,,
86.51162160000013,mouse,move,981,360,-1,0,1.0,125.35883967760704,,
86.51968290000013,mouse,move,980,361,-1,1,1.4142135623730951,175.43244419282328,,
86.52786079999987,mouse,scroll,980,361,0,-1,,,,
86.53569860000016,mouse,move,979,362,-1,1,1.4142135623730951,88.30170160347991,,
86.5600485,mouse,move,979,363,0,1,1.0,41.067930464060574,,
86.56763450000017,mouse,move,978,364,-1,1,1.4142135623730951,186.4241447852183,,
86.5996825000002,mouse,move,978,365,0,1,1.0,31.203195207158444,,
87.01563540000006,mouse,move,977,365,-1,0,1.0,2.4041183509006023,,
90.63981610000019,mouse,scroll,977,365,0,-1,,,,
93.65582480000012,mouse,scroll,977,365,0,-1,,,,
94.0557732000002,mouse,scroll,977,365,0,-1,,,,
95.47981840000011,mouse,scroll,977,365,0,1,,,,
96.45577259999982,mouse,move,976,364,-1,-1,1.4142135623730951,0.14980858142327974,,
96.46364390000008,mouse,move,977,356,1,-8,8.06225774829855,1024.2600012744279,,
96.47160940000003,mouse,move,977,348,0,-8,8.0,1004.331178211716,,
96.47965179999983,mouse,move,979,338,2,-10,10.198039027185569,1268.0342966584433,,
96.48761909999985,mouse,move,980,324,1,-14,14.035668847618199,1761.6593886995236,,
96.49564989999999,mouse,move,980,304,0,-20,20.0,2490.411914086458,,
96.50361209999983,mouse,move,980,267,0,-37,37.0,4646.9568713110175,,
96.51165420000007,mouse,move,980,233,0,-34,34.0,4227.751457826955,,
96.51978099999997,mouse,move,982,198,2,-35,35.05709628591621,4313.7638783220655,,
96.52765439999985,mouse,move,985,175,3,-23,23.194827009486403,2945.9734053698394,,
96.53564860000006,mouse,move,985,161,0,-14,14.0,1751.2696704646773,,
96.54369730000008,mouse,move,986,152,1,-9,9.055385138137417,1125.0742527510852,,
96.55163949999996,mouse,move,989,146,3,-6,6.708203932499369,844.6279283565647,,
96.55964189999986,mouse,move,992,139,3,-7,7.615773105863909,951.6861324056727,,
96.56768659999989,mouse,move,999,131,7,-8,10.63014581273465,1321.384987966997,,
96.57568089999995,mouse,move,999,126,0,-5,5.0,625.4456300063792,,
96.58363700000018,mouse,move,999,124,0,-2,2.0,251.37944469558332,,
96.59170059999997,mouse,move,996,123,-3,-1,3.1622776601683795,392.16698004018536,,
96.59965430000011,mouse,move,992,121,-4,-2,4.47213595499958,562.2711385793739,,
96.6076008,mouse,move,986,117,-6,-4,7.211102550927978,907.4564337794822,,
96.61564720000024,mouse,move,972,107,-14,-10,17.204650534085253,2138.1798734307804,,
96.62364539999999,mouse,move,961,96,-11,-11,15.556349186104045,1944.9812691100271,,
96.63167079999994,mouse,move,947,77,-14,-19,23.600847442411894,2940.76898878,,
96.63972199999989,mouse,move,937,64,-10,-13,16.401219466856727,2037.114898021364,,
96.64775439999994,mouse,move,935,57,-2,-7,7.280109889280518,906.3430468150996,,
96.65563699999984,mouse,move,932,49,-3,-8,8.54400374531753,1083.906800474857,,
96.66367420000006,mouse,move,932,42,0,-7,7.0,870.9500820946217,,
96.67167180000024,mouse,move,932,33,0,-9,9.0,1125.3376012549604,,
96.67964369999981,mouse,move,932,27,0,-6,6.0,752.6436608989089,,
96.68756729999996,mouse,move,932,21,0,-6,6.0,757.2315613980868,,
96.69564290000017,mouse,move,932,15,0,-6,6.0,742.9788498493162,,
96.7035976000002,mouse,move,932,9,0,-6,6.0,754.271059873942,,
96.71163519999982,mouse,move,932,4,0,-5,5.0,622.076241693206,,
96.71960239999999,mouse,move,931,2,-1,-2,2.23606797749979,280.659199901228,,
96.72767639999984,mouse,move,931,-10,0,-12,12.0,1486.2521674784377,,
96.7356147999999,mouse,move,932,-23,1,-13,13.038404810405298,1642.4474466279335,,
96.74367949999987,mouse,move,932,-14,0,9,9.0,1115.974555783288,,
96.75169460000006,mouse,move,932,-5,0,9,9.0,1122.880562910369,,
96.75985029999993,mouse,move,932,0,0,5,5.0,613.0681609285722,,
96.77594899999986,mouse,move,932,-1,0,-1,1.0,62.11681688610744,,
96.8156269000001,mouse,move,933,-1,1,0,1.0,25.202946728377455,,
96.83962389999988,mouse,move,935,0,2,1,2.23606797749979,93.18114670667943,,
96.84762619999992,mouse,move,937,0,2,0,2.0,249.92814565675656,,
96.85564639999984,mouse,move,939,0,2,0,2.0,249.37033989429221,,
96.86369599999989,mouse,move,941,2,2,2,2.8284271247461903,351.37486641930457,,
96.87161789999982,mouse,move,942,3,1,1,1.4142135623730951,178.51949183729562,,
96.87963080000009,mouse,move,945,9,3,6,6.708203932499369,837.1755459665978,,
96.8876224999999,mouse,move,946,11,1,2,2.23606797749979,279.79878843675795,,
96.8956489000002,mouse,move,948,13,2,2,2.8284271247461903,352.3905019241557,,
96.90360420000025,mouse,move,949,16,1,3,3.1622776601683795,397.5057710141674,,
96.9116426999999,mouse,move,951,19,2,3,3.605551275463989,448.5353331614028,,
96.91959970000016,mouse,move,952,21,1,2,2.23606797749979,281.01897416445877,,
96.92764699999998,mouse,move,952,22,0,1,1.0,124.2652815258295,,
96.9356201999999,mouse,move,954,24,2,2,2.8284271247461903,354.74177554472027,,
96.95163559999992,mouse,move,954,25,0,1,1.0,62.43990159465747,,
96.9996728000001,mouse,move,954,25,0,0,0.0,0.0,,
97.00768599999992,mouse,move,954,26,0,1,1.0,124.79408975466629,,
97.01563960000021,mouse,move,954,28,0,2,2.0,251.45845905333832,,
97.03163540000014,mouse,move,954,28,0,0,0.0,0.0,,
97.16787780000004,mouse,click_press,954,28,,,,,,
97.28782619999993,mouse,click_release,954,28,,,,,,
97.45579899999984,mouse,move,954,29,0,1,1.0,2.357580895674932,,
98.00348829999984,keyboard,key_press,,,,,,,,20.785980799999834
98.11580550000008,keyboard,key_release,,,,,,,0.11231720000023415,
98.23029380000025,keyboard,key_press,,,,,,,,0.22680550000040967
98.35306290000017,keyboard,key_release,,,,,,,0.12276909999991403,
98.50023659999988,keyboard,key_press,,,,,,,,0.269942799999626
98.70383330000004,keyboard,key_release,,,,,,,0.20359670000016195,
98.89567660000012,mouse,move,956,30,2,1,2.23606797749979,1.552956985718346,,
98.90401710000015,mouse,move,965,27,9,-3,9.486832980505138,1137.4417577447016,,
98.9117013,mouse,move,972,21,7,-6,9.219544457292887,1199.805374334802,,
98.9196978,mouse,move,980,16,8,-5,9.433981132056603,1179.7637881658443,,
98.92766840000013,mouse,move,984,13,4,-3,5.0,627.3053471401414,,
98.93575079999982,mouse,move,988,11,4,-2,4.47213595499958,553.3178208414631,,
98.9437081000001,mouse,move,994,7,6,-4,7.211102550927978,906.2247936715137,,
98.95185660000016,mouse,move,996,6,2,-1,2.23606797749979,274.41467478468456,,
98.95962499999996,mouse,move,997,6,1,0,1.0,128.72663611878644,,
99.00752929999999,keyboard,key_press,,,,,,,,0.5072927000001073
99.13536460000023,keyboard,key_press,,,,,,,,0.12783530000024257
99.13995890000024,keyboard,key_release,,,,,,,0.1324296000002505,
99.27783580000005,keyboard,key_press,,,,,,,,0.14247119999981805
99.32850969999981,keyboard,key_release,,,,,,,0.19314509999958318,
99.40402339999991,keyboard,key_release,,,,,,,0.1261875999998665,
99.41428140000016,keyboard,key_press,,,,,,,,0.13644560000011552
99.5641171000002,keyboard,key_release,,,,,,,0.14983570000003965,
99.57885530000021,keyboard,key_press,,,,,,,,0.16457390000005034
99.78752149999991,keyboard,key_press,,,,,,,,0.2086661999996977
99.80549680000013,keyboard,key_release,,,,,,,0.22664149999991423,
99.94744579999997,keyboard,key_press,,,,,,,,0.15992430000005697
99.95845420000023,keyboard,key_release,,,,,,,0.17093270000032135,
100.09066680000024,keyboard,key_release,,,,,,,0.14322100000026694,
100.67982510000002,mouse,move,997,5,0,-1,1.0,0.5813277187926958,,
100.68777950000003,mouse,move,997,2,0,-3,3.0,377.14975359469287,,
100.69589140000016,mouse,move,997,1,0,-1,1.0,123.27568140434053,,
100.70390330000009,mouse,move,997,-2,0,-3,3.0,374.44301601701784,,
100.71184010000025,mouse,move,997,-1,0,1,1.0,125.9953633682104,,
100.71991329999992,mouse,move,997,-1,0,0,0.0,0.0,,
100.93581760000006,mouse,move,994,-1,-3,0,3.0,13.89504516583482,,
100.94381169999997,mouse,move,985,3,-9,4,9.848857801796104,1232.0158369188243,,
100.95185050000009,mouse,move,976,9,-9,6,10.816653826391969,1345.555782732202,,
100.96023969999987,mouse,move,958,19,-18,10,20.591260281974,2454.4962907674435,,
100.96785920000002,mouse,move,930,30,-28,11,30.083217912982647,3948.1879273450163,,
100.97569870000007,mouse,move,893,38,-37,8,37.8549864614954,4828.75010667461,,
100.98385409999992,mouse,move,852,51,-41,13,43.01162633521314,5274.005730681716,,
100.99172420000014,mouse,move,798,65,-54,14,55.78530272392541,7088.2584366625,,
100.9998015000001,mouse,move,750,81,-48,16,50.59644256269407,6264.029138808012,,
101.00778619999983,mouse,move,706,92,-44,11,45.35416188179427,5680.133490720969,,
101.01601149999988,mouse,move,664,110,-42,18,45.69463863518345,5555.376537622977,,
101.02377380000007,mouse,move,619,128,-45,18,48.46648326421054,6243.830213080308,,
101.03181429999995,mouse,move,591,139,-28,11,30.083217912982647,3741.461092399102,,
101.03970660000005,mouse,move,566,150,-25,11,27.313000567495326,3460.7149458547747,,
101.0478294999998,mouse,move,556,156,-10,6,11.661903789690601,1435.6823043534055,,
101.05608690000008,mouse,move,546,165,-10,9,13.45362404707371,1629.2808930929252,,
101.0637584000001,mouse,move,541,169,-5,4,6.4031242374328485,834.6639167594847,,
101.07171010000002,mouse,move,535,175,-6,6,8.48528137423857,1067.1028049753438,,
101.0797206000002,mouse,move,530,181,-5,6,7.810249675906654,975.0015199711617,,
101.08769870000015,mouse,move,526,186,-4,5,6.4031242374328485,802.5876132758966,,
101.09581600000001,mouse,move,521,192,-5,6,7.810249675906654,962.1733428645641,,
101.10379710000007,mouse,move,519,195,-2,3,3.605551275463989,451.76119525386014,,
101.11184309999999,mouse,move,518,195,-1,0,1.0,124.28535918589198,,
101.15170500000022,mouse,move,518,195,0,0,0.0,0.0,,
101.15969929999983,mouse,move,517,195,-1,0,1.0,125.0891260083914,,
101.18393300000025,mouse,move,514,195,-3,0,3.0,123.79455056172495,,
101.19169909999982,mouse,move,513,196,-1,1,1.4142135623730951,182.1008694777474,,
101.19973949999985,mouse,move,507,199,-6,3,6.708203932499369,834.3122148744739,,
101.20789439999999,mouse,move,502,202,-5,3,5.830951894845301,715.0243282870521,,
101.2157616999998,mouse,move,491,207,-11,5,12.083045973594572,1535.8567709222873,,
101.22372840000025,mouse,move,482,214,-9,7,11.40175425099138,1431.1765536978344,,
101.23174999999992,mouse,move,469,222,-13,8,15.264337522473747,1902.9043486474732,,
101.23985720000019,mouse,move,462,228,-7,6,9.219544457292887,1137.204516601093,,
101.24773110000024,mouse,move,453,236,-9,8,12.041594578792296,1529.3049922803716,,
101.25576869999986,mouse,move,444,247,-9,11,14.212670403551895,1768.2729178131651,,
101.26389659999995,mouse,move,438,256,-6,9,10.816653826391969,1330.8054757405478,,
101.27177720000009,mouse,move,435,265,-3,9,9.486832980505138,1203.8211532551582,,
101.28006920000007,mouse,move,431,274,-4,9,9.848857801796104,1187.7541970352374,,
101.28792950000025,mouse,move,429,284,-2,10,10.198039027185569,1297.4109164991983,,
101.29590989999997,mouse,move,428,291,-1,7,7.0710678118654755,886.0543095722179,,
101.30376410000008,mouse,move,424,302,-4,11,11.704699910719626,1490.2472448568437,,
101.31173470000022,mouse,move,421,312,-3,10,10.44030650891055,1309.8520197643222,,
101.31974940000009,mouse,move,417,323,-4,11,11.704699910719626,1460.4039965189804,,
101.32841730000018,mouse,move,412,335,-5,12,13.0,1499.786568818634,,
101.33580299999994,mouse,move,408,344,-4,9,9.848857801796104,1333.503635690286,,
101.34370149999995,mouse,move,403,356,-5,12,13.0,1645.8821295161283,,
101.35172700000021,mouse,move,397,365,-6,9,10.816653826391969,1347.7856614596217,,
101.35975150000013,mouse,move,395,371,-2,6,6.324555320336759,788.1556882547457,,
101.36770639999986,mouse,move,392,375,-3,4,5.0,628.543413514791,,
101.37583459999996,mouse,move,391,376,-1,1,1.4142135623730951,173.98852911536525,,
101.41586219999999,mouse,move,391,377,0,1,1.0,24.982761894273988,,
101.42372119999982,mouse,move,391,378,0,1,1.0,127.24265173968334,,
101.43182530000013,mouse,move,391,379,0,1,1.0,123.39433125970618,,
101.43977050000012,mouse,move,391,382,0,3,3.0,377.5864673012659,,
101.44779699999981,mouse,move,391,386,0,4,4.0,498.34921823409275,,
101.45576889999984,mouse,move,390,389,-1,3,3.1622776601683795,396.6780391320328,,
101.46413949999987,mouse,move,390,391,0,2,2.0,238.931498338434,,
101.4718026999999,mouse,move,389,394,-1,3,3.1622776601683795,412.6575921492669,,
101.47995100000026,mouse,move,388,396,-1,2,2.23606797749979,274.4214102821138,,
101.4877706000002,mouse,move,388,397,0,1,1.0,127.88377922229449,,
101.49578100000008,mouse,move,388,400,0,3,3.0,374.5131329330146,,
101.5038027999999,mouse,move,388,404,0,4,4.0,498.6412027335214,,
101.51182960000006,mouse,move,387,407,-1,3,3.1622776601683795,393.9649250147413,,
101.51979470000015,mouse,move,383,415,-4,8,8.94427190999916,1122.932783002802,,
101.52777409999999,mouse,move,379,425,-4,10,10.770329614269007,1349.7668514530965,,
101.53574650000019,mouse,move,372,437,-7,12,13.892443989449804,1742.5673560161715,,
101.54378769999994,mouse,move,363,448,-9,11,14.212670403551895,1767.4812719481838,,
101.55176759999995,mouse,move,355,461,-8,13,15.264337522473747,1912.848221463406,,
101.56001620000006,mouse,move,351,470,-4,9,9.848857801796104,1194.0035644422462,,
101.56769739999982,mouse,move,346,476,-5,6,7.810249675906654,1016.8007181376774,,
101.57592780000004,mouse,move,342,483,-4,7,8.06225774829855,979.5705856426995,,
101.58391230000007,mouse,move,340,487,-2,4,4.47213595499958,560.1021923712323,,
101.59172390000003,mouse,move,340,489,0,2,2.0,256.02949459882103,,
101.59971760000008,mouse,move,339,491,-1,2,2.23606797749979,279.7287836030668,,
101.6082593000001,mouse,move,339,492,0,1,1.0,117.07271386225918,,
101.62387769999987,mouse,move,339,493,0,1,1.0,64.02704502477508,,
101.66380019999997,mouse,move,339,493,0,0,0.0,0.0,,
101.67976670000007,mouse,move,341,493,2,0,2.0,125.26226787254289,,
101.68775259999984,mouse,move,342,493,1,0,1.0,125.22070149002568,,
101.6958665000002,mouse,move,346,491,4,-2,4.47213595499958,551.1697155258166,,
101.703712,mouse,move,352,485,6,-6,8.48528137423857,1081.547559040423,,
101.71188290000009,mouse,move,356,481,4,-4,5.656854249492381,692.3171559346234,,
101.71971859999985,mouse,move,359,478,3,-3,4.242640687119285,541.4501176984173,,
101.72778580000022,mouse,move,363,473,4,-5,6.4031242374328485,793.7232543063463,,
101.73582450000004,mouse,move,366,467,3,-6,6.708203932499369,834.4886527241204,,
101.74377850000019,mouse,move,372,460,6,-7,9.219544457292887,1159.1079277236602,,
101.7517527,mouse,move,379,451,7,-9,11.40175425099138,1429.8304847215095,,
101.75992150000002,mouse,move,388,441,9,-10,13.45362404707371,1646.9523120946335,,
101.76772660000006,mouse,move,393,435,5,-6,7.810249675906654,1000.6597834576374,,
101.77582250000023,mouse,move,401,429,8,-6,10.0,1235.193122418568,,
101.78375219999998,mouse,move,408,424,7,-5,8.602325267042627,1084.8235453187756,,
101.79187309999998,mouse,move,414,419,6,-5,7.810249675906654,961.7468108106251,,
101.79973830000017,mouse,move,419,417,5,-2,5.385164807134504,684.6825010171223,,
101.80771430000004,mouse,move,421,414,2,-3,3.605551275463989,452.0500596191216,,
101.81579310000006,mouse,move,423,412,2,-2,2.8284271247461903,350.10485774357414,,
101.82386429999997,mouse,move,424,412,1,0,1.0,123.89731390770953,,
101.83172300000024,mouse,move,428,409,4,-3,5.0,636.2375456281936,,
101.84004689999983,mouse,move,428,408,0,-1,1.0,120.13599395098252,,
101.86370960000022,mouse,move,429,407,1,-1,1.4142135623730951,59.76551967231136,,
101.99167119999993,mouse,move,431,406,2,-1,2.23606797749979,17.4745234312864,,
101.9997002,mouse,move,433,405,2,-1,2.23606797749979,278.49893853255463,,
102.00767020000012,mouse,move,436,405,3,0,3.0,376.4115432819462,,
102.01565669999991,mouse,move,439,404,3,-1,3.1622776601683795,395.9528780131842,,
102.02371900000026,mouse,move,441,403,2,-1,2.23606797749979,277.348644605577,,
102.03170050000017,mouse,move,445,402,4,-1,4.123105625617661,516.5828009348985,,
102.03967150000017,mouse,move,446,401,1,-1,1.4142135623730951,177.41984222475196,,
102.04804389999981,mouse,move,447,401,1,0,1.0,119.44006498047864,,
102.05567199999996,mouse,move,448,401,1,0,1.0,131.0942436492308,,
102.06379349999997,mouse,move,449,401,1,0,1.0,123.12996367642333,,
102.0799747000001,mouse,move,450,400,1,-1,1.4142135623730951,87.3985589673623,,
102.10369519999995,mouse,move,450,399,0,-1,1.0,42.1576273689913,,
102.17581090000022,mouse,move,453,398,3,-1,3.1622776601683795,43.85005844991648,,
102.6398494,mouse,move,453,398,0,0,0.0,0.0,,
102.79992559999982,mouse,click_press,453,398,,,,,,
102.83164910000005,mouse,move,454,397,1,-1,1.4142135623730951,7.373387770537438,,
102.85563140000022,mouse,move,455,396,1,-1,1.4142135623730951,58.969054776357225,,
102.87165300000015,mouse,move,456,396,1,0,1.0,62.41573875295302,,
102.96807480000007,mouse,click_release,456,396,,,,,,
103.11166249999997,mouse,move,456,396,0,0,0.0,0.0,,
104.29593010000008,mouse,move,456,396,0,0,0.0,0.0,,
104.3037161000002,mouse,move,456,396,0,0,0.0,0.0,,
104.31168780000007,mouse,move,455,396,-1,0,1.0,125.44375729344982,,
104.31973400000015,mouse,move,455,398,0,2,2.0,248.56453978026107,,
104.32769250000001,mouse,move,455,398,0,0,0.0,0.0,,
104.33567840000023,mouse,move,455,401,0,3,3.0,375.6621044486854,,
104.35172790000024,mouse,move,455,402,0,1,1.0,62.30723698554379,,
104.3600408000002,mouse,move,455,402,0,0,0.0,0.0,,
104.36776090000012,mouse,move,455,404,0,2,2.0,259.06400176448875,,
104.38374179999983,mouse,move,455,404,0,0,0.0,0.0,,
104.39169470000024,mouse,move,455,405,0,1,1.0,125.74029598603853,,
104.39971240000023,mouse,move,457,407,2,2,2.8284271247461903,352.7728805957432,,
104.4079056999999,mouse,move,460,409,3,2,3.605551275463989,440.06093705917186,,
104.4157224999999,mouse,move,463,411,3,2,3.605551275463989,461.25668757851713,,
104.42390979999982,mouse,move,470,414,7,3,7.615773105863909,930.1934833144535,,
104.43174829999998,mouse,move,479,417,9,3,9.486832980505138,1210.286787052293,,
104.43971890000012,mouse,move,488,420,9,3,9.486832980505138,1190.2282112192636,,
104.44773329999998,mouse,move,500,423,12,3,12.36931687685298,1543.386513907553,,
104.45568850000018,mouse,move,513,424,13,1,13.038404810405298,1638.978883005176,,
104.46368940000002,mouse,move,527,427,14,3,14.317821063276353,1789.526311234726,,
104.4717512000002,mouse,move,542,430,15,3,15.297058540778355,1897.4743283684872,,
104.4796839999999,mouse,move,555,431,13,1,13.038404810405298,1643.6068993149736,,
104.48783630000025,mouse,move,567,434,12,3,12.36931687685298,1517.2794029079193,,
104.49582220000002,mouse,move,581,435,14,1,14.035668847618199,1757.5562989804512,,
104.50368049999997,mouse,move,591,436,10,1,10.04987562112089,1278.8867339222907,,
104.51168580000012,mouse,move,599,436,8,0,8.0,999.3379385969578,,
104.51972660000001,mouse,move,604,436,5,0,5.0,621.8286737723334,,
104.52769540000008,mouse,move,607,436,3,0,3.0,376.468226078341,,
104.53568720000021,mouse,move,609,436,2,0,2.0,250.25651292176843,,
104.54369390000011,mouse,move,609,436,0,0,0.0,0.0,,
104.56770689999985,mouse,move,610,436,1,0,1.0,41.64410944116927,,
104.58370139999988,mouse,move,611,435,1,-1,1.4142135623730951,88.4187415905554,,
104.59169609999981,mouse,move,612,434,1,-1,1.4142135623730951,176.89388749872947,,
104.60782879999988,mouse,move,612,433,0,-1,1.0,61.98590440506522,,
104.63169689999995,mouse,move,612,432,0,-1,1.0,41.89692518453353,,
104.63969159999988,mouse,move,612,431,0,-1,1.0,125.08286740080185,,
104.64764419999983,mouse,move,612,431,0,0,0.0,0.0,,
104.67178550000017,mouse,move,613,429,1,-2,2.23606797749979,92.62417423537735,,
104.67991810000012,mouse,move,613,429,0,0,0.0,0.0,,
105.06368650000013,mouse,move,615,430,2,1,2.23606797749979,5.826607864273719,,
105.0717709999999,mouse,move,618,435,3,5,5.830951894845301,721.250775559728,,
105.07964470000024,mouse,move,621,441,3,6,6.708203932499369,851.9760636301656,,
105.087673,mouse,move,629,449,8,8,11.313708498984761,1409.2284168922463,,
105.09562219999998,mouse,move,637,457,8,8,11.313708498984761,1423.2512075437453,,
105.10373840000011,mouse,move,648,466,11,9,14.212670403551895,1751.1483703361018,,
105.11186120000002,mouse,move,657,474,9,8,12.041594578792296,1482.4438098839846,,
105.11974060000011,mouse,move,668,485,11,11,15.556349186104045,1974.3063159531534,,
105.12779790000013,mouse,move,676,496,8,11,13.601470508735444,1688.0928485601962,,
105.13579720000007,mouse,move,685,509,9,13,15.811388300841896,1976.5964898135014,,
105.14367829999992,mouse,move,689,519,4,10,10.770329614269007,1366.6023289229458,,
105.15171700000019,mouse,move,692,526,3,7,7.615773105863909,947.3886456277683,,
105.15978589999986,mouse,move,694,532,2,6,6.324555320336759,783.8187758671758,,
105.16838989999997,mouse,move,694,534,0,2,2.0,232.45002324216935,,
105.17575130000023,mouse,move,694,535,0,1,1.0,135.84372537346172,,
105.18413379999993,mouse,move,694,536,0,1,1.0,119.29615270337685,,
105.19170369999983,mouse,move,694,538,0,2,2.0,264.20428275464667,,
105.19995289999997,mouse,move,694,538,0,0,0.0,0.0,,
105.2158187,mouse,move,698,540,4,2,4.47213595499958,281.87270449592796,,
105.22371980000025,mouse,move,707,544,9,4,9.848857801796104,1246.5172952474654,,
105.23167460000013,mouse,move,719,547,12,3,12.36931687685298,1554.950077568311,,
105.23964260000002,mouse,move,731,548,12,1,12.041594578792296,1511.2442995677823,,
105.24766240000008,mouse,move,745,551,14,3,14.317821063276353,1785.3089931389343,,
105.25564480000003,mouse,move,755,553,10,2,10.198039027185569,1277.5655225564103,,
105.26364079999985,mouse,move,767,560,12,7,13.892443989449804,1737.4242108255296,,
105.27163920000021,mouse,move,776,568,9,8,12.041594578792296,1505.500422365657,,
105.27966640000022,mouse,move,787,575,11,7,13.038404810405298,1624.278055907531,,
105.28763849999996,mouse,move,798,581,11,6,12.529964086141668,1571.7269084131628,,
105.29570740000008,mouse,move,809,588,11,7,13.038404810405298,1615.8838020302824,,
105.30366129999993,mouse,move,815,592,6,4,7.211102550927978,906.6121715216577,,
105.31163960000003,mouse,move,822,594,7,2,7.280109889280518,912.4888621868438,,
105.31974330000003,mouse,move,824,594,2,0,2.0,246.80084405911856,,
105.32780760000014,mouse,move,827,596,3,2,3.605551275463989,447.10034044030505,,
105.33568809999997,mouse,move,828,596,1,0,1.0,126.89550155723443,,
105.36780920000001,mouse,move,829,596,1,0,1.0,31.13218414060368,,
105.37570940000023,mouse,move,829,596,0,0,0.0,0.0,,
105.38386410000021,mouse,move,832,596,3,0,3.0,367.8860043911299,,
105.39165600000024,mouse,move,836,596,4,0,4.0,513.3536107990315,,
105.39972070000022,mouse,move,838,596,2,0,2.0,247.99434572961957,,
105.40763070000003,mouse,move,844,594,6,-2,6.324555320336759,799.5645158644921,,
105.41562440000007,mouse,move,848,589,4,-5,6.4031242374328485,801.0213339753326,,
105.4236449,mouse,move,853,583,5,-6,7.810249675906654,973.7858831712749,,
105.43166710000014,mouse,move,856,577,3,-6,6.708203932499369,836.205022609908,,
105.43967569999995,mouse,move,862,564,6,-13,14.317821063276353,1787.8057417791786,,
105.44765159999997,mouse,move,863,553,1,-11,11.045361017187261,1384.8419635602636,,
105.4556861000001,mouse,move,866,541,3,-12,12.36931687685298,1539.5254062686834,,
105.46361139999999,mouse,move,867,533,1,-8,8.06225774829855,1017.2810806408869,,
105.47167690000015,mouse,move,868,521,1,-12,12.041594578792296,1492.9755847198355,,
105.47967259999996,mouse,move,868,514,0,-7,7.0,875.4705654496873,,
105.48764979999987,mouse,move,868,507,0,-7,7.0,877.5008775103526,,
105.49576269999989,mouse,move,868,504,0,-3,3.0,369.78145915697087,,
105.50364810000019,mouse,move,868,501,0,-3,3.0,380.4499454541354,,
105.51167010000017,mouse,move,866,498,-2,-3,3.605551275463989,449.4579002084001,,
105.51969689999987,mouse,move,864,497,-2,-1,2.23606797749979,278.5752700433556,,
105.52765959999988,mouse,move,859,497,-5,0,5.0,627.9277129611069,,
105.53565990000016,mouse,move,854,497,-5,0,5.0,624.976563357298,,
105.54371279999987,mouse,move,843,505,-11,8,13.601470508735444,1689.0152006386447,,
105.5517490000002,mouse,move,830,511,-13,6,14.317821063276353,1781.6655960133467,,
105.55969480000022,mouse,move,817,518,-13,7,14.7648230602334,1858.1921342349283,,
105.56775789999983,mouse,move,800,530,-17,12,20.808652046684813,2580.7260294021135,,
105.5756781,mouse,move,787,540,-13,10,16.401219466856727,2070.808750599942,,
105.58368440000004,mouse,move,770,553,-17,13,21.400934559032695,2673.011823057182,,
105.5917516999998,mouse,move,758,563,-12,10,15.620499351813308,1936.2735180626064,,
105.59975570000006,mouse,move,747,576,-11,13,17.029386365926403,2127.6094909273934,,
105.60763829999996,mouse,move,737,587,-10,11,14.866068747318506,1885.9346849392593,,
105.6156863000001,mouse,move,729,599,-8,12,14.422205101855956,1792.023496719336,,
105.62379379999993,mouse,move,724,610,-5,11,12.083045973594572,1490.3541133342492,,
105.63166159999992,mouse,move,718,620,-6,10,11.661903789690601,1482.2318551198796,,
105.63967760000014,mouse,move,716,624,-2,4,4.47213595499958,557.9011919752936,,
105.64763579999999,mouse,move,715,631,-1,7,7.0710678118654755,888.5260249805735,,
105.65568900000017,mouse,move,715,637,0,6,6.0,745.0454477559639,,
105.66364609999982,mouse,move,715,639,0,2,2.0,251.34785287178082,,
105.671652,mouse,move,715,641,0,2,2.0,249.81576087101482,,
105.67963580000014,mouse,move,715,645,0,4,4.0,501.01455446356306,,
105.68787890000021,mouse,move,715,645,0,0,0.0,0.0,,
105.6956995999999,mouse,move,715,646,0,1,1.0,127.86579206982016,,
105.71167779999996,mouse,move,715,648,0,2,2.0,125.17054486688652,,
105.72764659999984,mouse,move,714,648,-1,0,1.0,62.62211312104662,,
105.79965940000011,mouse,move,715,648,1,0,1.0,13.88642019191458,,
105.80765380000003,mouse,move,717,644,2,-4,4.47213595499958,559.4085803870983,,
105.81570879999981,mouse,move,718,638,1,-6,6.082762530298219,755.153635066429,,
105.82370549999996,mouse,move,718,631,0,-7,7.0,875.361086431866,,
105.83169230000021,mouse,move,718,623,0,-8,8.0,1001.6527269677664,,
105.83966120000014,mouse,move,718,616,0,-7,7.0,878.4148376899248,,
105.84768339999982,mouse,move,718,608,0,-8,8.0,997.2326793538642,,
105.85569829999986,mouse,move,718,602,0,-6,6.0,748.6057218398275,,
105.86370170000009,mouse,move,717,600,-1,-2,2.23606797749979,279.3897565327664,,
105.87169059999997,mouse,move,716,596,-1,-4,4.123105625617661,516.1042979237728,,
105.87976879999997,mouse,move,716,594,0,-2,2.0,247.5799064147977,,
105.88766829999986,mouse,move,715,594,-1,0,1.0,126.59029052641489,,
105.9036930000002,mouse,move,715,592,0,-2,2.0,124.80732868366336,,
105.96780769999987,mouse,move,715,591,0,-1,1.0,15.59704716711218,,
105.97572949999994,mouse,move,713,590,-2,-1,2.23606797749979,282.2676635964306,,
105.99179559999993,mouse,move,712,587,-1,-3,3.1622776601683795,196.82920311528787,,
105.99980180000011,mouse,move,711,585,-1,-2,2.23606797749979,279.2920458455997,,
106.00782530000015,mouse,move,710,583,-1,-2,2.23606797749979,278.6898457642971,,
106.01576109999996,mouse,move,709,581,-1,-2,2.23606797749979,281.7696990287392,,
106.03172129999984,mouse,move,708,578,-1,-3,3.1622776601683795,198.13521510957875,,
106.03970470000013,mouse,move,707,577,-1,-1,1.4142135623730951,177.1442696498552,,
106.04769940000006,mouse,move,707,577,0,0,0.0,0.0,,
106.0557131999999,mouse,move,705,576,-2,-1,2.23606797749979,279.0271753154887,,
106.06368299999986,mouse,move,703,573,-2,-3,3.605551275463989,452.4017259509923,,
106.07178909999993,mouse,move,699,569,-4,-4,5.656854249492381,697.8515253251815,,
106.07967150000013,mouse,move,698,567,-1,-2,2.23606797749979,283.67857219164557,,
106.0876674000001,mouse,move,695,565,-3,-2,3.605551275463989,450.9250085016048,,
106.09580390000019,mouse,move,691,562,-4,-3,5.0,614.5148405264903,,
106.1036723000002,mouse,move,688,559,-3,-3,4.242640687119285,539.1999246499536,,
106.11172080000006,mouse,move,684,557,-4,-2,4.47213595499958,555.6483761046131,,
106.1197258000002,mouse,move,679,554,-5,-3,5.830951894845301,728.4137282628183,,
106.1277398000002,mouse,move,676,552,-3,-2,3.605551275463989,449.90657293021036,,
106.13568290000012,mouse,move,672,549,-4,-3,5.0,629.4771562803087,,
106.1436748000001,mouse,move,671,547,-1,-2,2.23606797749979,279.79178637190734,,
106.15165900000011,mouse,move,665,545,-6,-2,6.324555320336759,792.1338794530366,,
106.15963860000011,mouse,move,661,542,-4,-3,5.0,626.5978244524513,,
106.16765450000003,mouse,move,655,538,-6,-4,7.211102550927978,899.5998641451763,,
106.17576289999988,mouse,move,651,536,-4,-2,4.47213595499958,551.5435788909399,,
106.1836615000002,mouse,move,647,535,-4,-1,4.123105625617661,522.0046116339875,,
106.19163889999982,mouse,move,640,531,-7,-4,8.06225774829855,1010.6372688701634,,
106.19979569999987,mouse,move,631,529,-9,-2,9.219544457292887,1130.2893852043173,,
106.20775159999994,mouse,move,619,523,-12,-6,13.416407864998739,1686.346970786556,,
106.21566819999998,mouse,move,603,518,-16,-5,16.76305461424021,2117.456308787456,,
106.2236954,mouse,move,586,510,-17,-8,18.788294228055936,2340.5788105467445,,
106.2317192999999,mouse,move,563,500,-23,-10,25.079872407968907,3125.6461830639537,,
106.23967949999997,mouse,move,538,489,-25,-11,27.313000567495326,3431.1952673618152,,
106.24777640000002,mouse,move,519,480,-19,-9,21.02379604162864,2596.5241069404037,,
106.25567039999987,mouse,move,505,474,-14,-6,15.231546211727817,1929.5092743875307,,
106.26380860000017,mouse,move,487,467,-18,-7,19.313207915827967,2373.1547412337445,,
106.27172090000022,mouse,move,472,460,-15,-7,16.55294535724685,2092.0522929054264,,
106.27982340000017,mouse,move,457,453,-15,-7,16.55294535724685,2042.9429629557685,,
106.28768369999989,mouse,move,443,446,-14,-7,15.652475842498529,1991.333135256389,,
106.29583649999995,mouse,move,432,439,-11,-7,13.038404810405298,1599.2548339597001,,
106.3036975,mouse,move,423,434,-9,-5,10.295630140987,1309.709978491799,,
106.31165939999983,mouse,move,415,429,-8,-5,9.433981132056603,1184.8906834123854,,
106.3197783999999,mouse,move,410,427,-5,-2,5.385164807134504,663.2793209856175,,
106.3276820000001,mouse,move,405,423,-5,-4,6.4031242374328485,810.1528717645635,,
106.33567889999995,mouse,move,400,421,-5,-2,5.385164807134504,673.4065459407592,,
106.34367710000015,mouse,move,395,418,-5,-3,5.830951894845301,729.0330192665981,,
106.35172039999998,mouse,move,388,412,-7,-6,9.219544457292887,1146.2390383911693,,
106.3596935999999,mouse,move,382,407,-6,-5,7.810249675906654,979.5627446923615,,
106.36769390000018,mouse,move,373,400,-9,-7,11.40175425099138,1425.1658376058112,,
106.37565369999993,mouse,move,364,396,-9,-4,9.848857801796104,1237.3247822937167,,
106.38366450000012,mouse,move,359,390,-5,-6,7.810249675906654,974.9650067057786,,
106.39182250000022,mouse,move,352,381,-7,-9,11.40175425099138,1397.616358281436,,
106.3997287000002,mouse,move,350,378,-2,-3,3.605551275463989,456.0409900424183,,
106.40769829999999,mouse,move,349,376,-1,-2,2.23606797749979,280.57468098233926,,
106.42365040000004,mouse,move,349,375,0,-1,1.0,62.68767121550733,,
106.57569400000011,mouse,move,349,374,0,-1,1.0,6.577060790454446,,
107.27989079999998,keyboard,key_press,,,,,,,,7.332445000000007
107.4282248999998,keyboard,key_press,,,,,,,,0.14833409999982905
107.4394926,keyboard,key_release,,,,,,,0.15960180000001856,
107.64239249999991,keyboard,key_press,,,,,,,,0.21416760000010981
107.64395990000003,keyboard,key_release,,,,,,,0.2157350000002225,
107.79003479999983,keyboard,key_press,,,,,,,,0.14764229999991585
107.90147879999995,keyboard,key_release,,,,,,,0.2590863000000354,
107.99483559999999,keyboard,key_release,,,,,,,0.20480080000015732,
109.59842059999983,keyboard,key_press,,,,,,,,1.8083857999999964
109.74243340000021,keyboard,key_release,,,,,,,0.1440128000003824,
109.78868199999988,keyboard,key_press,,,,,,,,0.19026140000005398
109.9366927000001,keyboard,key_press,,,,,,,,0.14801070000021355
109.95920579999984,keyboard,key_release,,,,,,,0.17052379999995537,
110.05875329999981,keyboard,key_press,,,,,,,,0.1220605999997133
110.12454509999998,keyboard,key_release,,,,,,,0.18785239999988335,
110.21650069999987,keyboard,key_press,,,,,,,,0.15774740000006204
110.25664869999991,keyboard,key_release,,,,,,,0.19789540000010675,
110.3921921000001,keyboard,key_press,,,,,,,,0.17569140000023253
110.43703159999995,keyboard,key_release,,,,,,,0.22053090000008524,
110.56309749999991,keyboard,key_release,,,,,,,0.17090539999981047,
110.71359630000006,keyboard,key_press,,,,,,,,0.32140419999996084
110.80732480000006,keyboard,key_press,,,,,,,,0.09372849999999744
110.88508610000008,keyboard,key_release,,,,,,,0.17148980000001757,
110.93328310000015,keyboard,key_press,,,,,,,,0.125958300000093
110.97319759999982,keyboard,key_release,,,,,,,0.1658727999997609,
111.08255379999991,keyboard,key_release,,,,,,,0.14927069999976084,
111.37623650000023,keyboard,key_press,,,,,,,,0.44295340000007855
111.4759681999999,keyboard,key_release,,,,,,,0.09973169999966558,
111.56563689999984,keyboard,key_press,,,,,,,,0.189400399999613
111.69279689999985,keyboard,key_release,,,,,,,0.1271600000000035,
111.7288394000002,keyboard,key_press,,,,,,,,0.1632025000003523
111.86060570000018,keyboard,key_press,,,,,,,,0.13176629999998113
111.8785170000001,keyboard,key_release,,,,,,,0.1496775999999045,
112.00358940000024,keyboard,key_press,,,,,,,,0.1429837000000589
112.01607180000019,keyboard,key_press,,,,,,,,0.012482399999953486
112.02103020000004,keyboard,key_release,,,,,,,0.16042449999986275,
112.1903726999999,keyboard,key_release,,,,,,,0.1867832999996608,
112.1915425000002,keyboard,key_release,,,,,,,0.1754707000000053,
112.46455379999998,keyboard,key_press,,,,,,,,0.44848199999978533
112.5959028000002,keyboard,key_press,,,,,,,,0.13134900000022753
112.62908659999994,keyboard,key_release,,,,,,,0.16453279999996084,
112.79353170000013,keyboard,key_release,,,,,,,0.19762889999992694,
112.8566595000002,keyboard,key_press,,,,,,,,0.26075670000000173
112.9766709999999,keyboard,key_press,,,,,,,,0.1200114999996913
113.03290539999989,keyboard,key_release,,,,,,,0.1762458999996852,
113.12455910000017,keyboard,key_press,,,,,,,,0.14788810000027297
113.16364490000024,keyboard,key_release,,,,,,,0.1869739000003392,
113.25724429999991,keyboard,key_press,,,,,,,,0.1326851999997416
113.29106640000009,keyboard,key_release,,,,,,,0.1665072999999211,
113.45992549999983,keyboard,key_press,,,,,,,,0.2026811999999154
113.54380140000012,keyboard,key_release,,,,,,,0.2865571000002092,
113.55859620000001,keyboard,key_press,,,,,,,,0.0986707000001843
113.63142779999998,keyboard,key_release,,,,,,,0.17150230000015654,
113.66285240000025,keyboard,key_press,,,,,,,,0.10425620000023628
113.72406150000006,keyboard,key_release,,,,,,,0.16546530000005077,
113.81816449999997,keyboard,key_release,,,,,,,0.15531209999971907,
114.05788910000001,keyboard,key_press,,,,,,,,0.3950366999997641
114.18582300000025,keyboard,key_release,,,,,,,0.12793390000024374,
114.2167714000002,keyboard,key_press,,,,,,,,0.15888230000018666
114.3723230999999,keyboard,key_release,,,,,,,0.1555516999997053,
114.38167250000015,keyboard,key_press,,,,,,,,0.16490109999995184
114.57590310000023,keyboard,key_release,,,,,,,0.19423060000008263,
114.57997819999991,keyboard,key_press,,,,,,,,0.19830569999976433
114.7605051999999,keyboard,key_press,,,,,,,,0.18052699999998367
114.77772989999994,keyboard,key_release,,,,,,,0.19775170000002618,
114.91474430000017,keyboard,key_release,,,,,,,0.15423910000026808,
115.05625550000013,keyboard,key_press,,,,,,,,0.29575030000023617
115.22649580000007,keyboard,key_press,,,,,,,,0.17024029999993218
115.22980529999995,keyboard,key_release,,,,,,,0.1735497999998188,
115.37550069999998,keyboard,key_press,,,,,,,,0.14900489999990896
115.38224769999988,keyboard,key_release,,,,,,,0.15575189999981376,
115.41306380000015,keyboard,key_press,,,,,,,,0.03756310000017038
115.56753280000021,keyboard,key_release,,,,,,,0.19203210000023319,
115.59001249999983,keyboard,key_release,,,,,,,0.17694869999968432,
115.66983049999999,keyboard,key_press,,,,,,,,0.2567666999998437
115.77629560000014,keyboard,key_release,,,,,,,0.10646510000015041,
116.21766449999996,keyboard,key_press,,,,,,,,0.5478339999999662
116.36573899999985,keyboard,key_release,,,,,,,0.1480744999998933,
116.40883200000007,keyboard,key_press,,,,,,,,0.19116750000011962
116.53954130000011,keyboard,key_press,,,,,,,,0.130709300000035
116.54473700000017,keyboard,key_release,,,,,,,0.13590500000009342,
116.73340629999984,keyboard,key_release,,,,,,,0.1938649999997324,
116.74287270000013,keyboard,key_press,,,,,,,,0.2033314000000246
116.8703703000001,keyboard,key_press,,,,,,,,0.12749759999996968
116.90266100000008,keyboard,key_release,,,,,,,0.1597882999999456,
117.0183307000002,keyboard,key_release,,,,,,,0.1479604000001018,
117.51471230000016,keyboard,key_press,,,,,,,,0.6443420000000515
117.66431419999981,keyboard,key_release,,,,,,,0.14960189999965223,
117.73760529999981,keyboard,key_press,,,,,,,,0.22289299999965806
117.85259709999991,keyboard,key_press,,,,,,,,0.11499180000009801
117.86010380000016,keyboard,key_release,,,,,,,0.12249850000034712,
117.9954174999998,keyboard,key_press,,,,,,,,0.14282039999989138
118.04101149999997,keyboard,key_release,,,,,,,0.18841440000005605,
118.13800850000007,keyboard,key_press,,,,,,,,0.14259100000026592
118.17740289999983,keyboard,key_release,,,,,,,0.1819854000000305,
118.2812987000002,keyboard,key_press,,,,,,,,0.1432902000001377
118.28822300000002,keyboard,key_release,,,,,,,0.1502144999999473,
118.4629804000001,keyboard,key_release,,,,,,,0.18168169999989914,
118.47328449999986,keyboard,key_press,,,,,,,,0.1919857999996566
118.60571729999992,keyboard,key_release,,,,,,,0.13243280000006052,
118.75210259999994,keyboard,key_press,,,,,,,,0.27881810000008045
118.93355980000024,keyboard,key_release,,,,,,,0.18145720000029542,
119.52662830000008,keyboard,key_press,,,,,,,,0.7745257000001402
119.66985340000019,keyboard,key_release,,,,,,,0.1432251000001088,
120.01480889999993,keyboard,key_press,,,,,,,,0.48818059999985053
120.17939979999983,keyboard,key_press,,,,,,,,0.16459089999989374
120.19678740000018,keyboard,key_release,,,,,,,0.18197850000024118,
120.33873440000025,keyboard,key_press,,,,,,,,0.15933460000042032
120.37274370000023,keyboard,key_release,,,,,,,0.19334390000040003,
120.4926532999998,keyboard,key_press,,,,,,,,0.1539188999995531
120.50457000000006,keyboard,key_release,,,,,,,0.16583559999980935,
120.62512539999989,keyboard,key_release,,,,,,,0.13247210000008636,
120.64125809999996,keyboard,key_press,,,,,,,,0.1486048000001574
120.74574819999998,keyboard,key_press,,,,,,,,0.1044901000000209
120.8181755999999,keyboard,key_release,,,,,,,0.176917499999945,
120.88330270000006,keyboard,key_release,,,,,,,0.1375545000000784,
121.02905120000014,keyboard,key_press,,,,,,,,0.28330300000015995
121.13802859999987,keyboard,key_press,,,,,,,,0.10897739999973055
121.19479619999993,keyboard,key_release,,,,,,,0.16574499999978798,
121.25335380000024,keyboard,key_press,,,,,,,,0.11532520000037039
121.27130119999993,keyboard,key_release,,,,,,,0.1332726000000548,
121.40175099999988,keyboard,key_press,,,,,,,,0.14839719999963563
121.46257830000013,keyboard,key_release,,,,,,,0.20922449999989112,
121.5828806999998,keyboard,key_press,,,,,,,,0.18112969999992856
121.62297679999983,keyboard,key_release,,,,,,,0.2212257999999565,
121.77102909999985,keyboard,key_release,,,,,,,0.1881484000000455,
121.7961862000002,keyboard,key_press,,,,,,,,0.21330550000038784
121.9391728999999,keyboard,key_press,,,,,,,,0.14298669999971025
121.96705629999997,keyboard,key_release,,,,,,,0.17087009999977454,
122.05980600000021,keyboard,key_release,,,,,,,0.1206331000003047,
122.07953399999997,keyboard,key_press,,,,,,,,0.14036110000006374
122.25049560000025,keyboard,key_release,,,,,,,0.1709616000002825,
122.6750563999999,keyboard,key_press,,,,,,,,0.5955223999999362
122.80348069999991,keyboard,key_release,,,,,,,0.12842430000000604,
122.89614369999981,keyboard,key_press,,,,,,,,0.22108729999990828
123.00577759999987,keyboard,key_press,,,,,,,,0.10963390000006257
123.01839250000012,keyboard,key_release,,,,,,,0.1222488000003068,
123.1165762999999,keyboard,key_press,,,,,,,,0.11079870000003211
123.18374709999989,keyboard,key_release,,,,,,,0.17796950000001743,
123.24179540000023,keyboard,key_press,,,,,,,,0.12521910000032221
123.2929764999999,keyboard,key_release,,,,,,,0.17640019999998913,
123.42907509999986,keyboard,key_release,,,,,,,0.18727969999963534,
123.50404909999997,keyboard,key_press,,,,,,,,0.26225369999974646
123.59639130000005,keyboard,key_press,,,,,,,,0.09234220000007554
123.66312620000008,keyboard,key_release,,,,,,,0.1590771000001041,
123.728838,keyboard,key_release,,,,,,,0.13244669999994585,
123.73889820000022,keyboard,key_press,,,,,,,,0.1425069000001713
123.8663833999999,keyboard,key_press,,,,,,,,0.12748519999968266
123.9152681999999,keyboard,key_release,,,,,,,0.17636999999967884,
124.01922100000002,keyboard,key_press,,,,,,,,0.1528376000001117
124.0574058000002,keyboard,key_press,,,,,,,,0.038184800000180985
124.06464830000004,keyboard,key_release,,,,,,,0.1982649000001402,
124.20097870000018,keyboard,key_release,,,,,,,0.181757700000162,
124.23851749999994,keyboard,key_press,,,,,,,,0.18111169999974663
124.27839780000022,keyboard,key_release,,,,,,,0.22099200000002384,
124.39907910000011,keyboard,key_release,,,,,,,0.16056160000016462,
124.41688979999981,keyboard,key_press,,,,,,,,0.17837229999986448
124.54750430000013,keyboard,key_press,,,,,,,,0.13061450000031982
124.55449080000017,keyboard,key_release,,,,,,,0.1376010000003589,
124.72855609999988,keyboard,key_press,,,,,,,,0.18105179999975007
124.7515758999998,keyboard,key_release,,,,,,,0.20407159999967917,
124.80579249999982,keyboard,key_press,,,,,,,,0.07723639999994703
124.92164980000007,keyboard,key_release,,,,,,,0.19309370000019044,
124.99213640000016,keyboard,key_press,,,,,,,,0.18634390000033818
125.03106930000013,keyboard,key_release,,,,,,,0.2252768000003016,
125.13519929999984,keyboard,key_press,,,,,,,,0.14306289999967703
125.19621629999983,keyboard,key_release,,,,,,,0.20407989999966958,
125.22824480000008,keyboard,key_press,,,,,,,,0.09304550000024392
125.30134260000023,keyboard,key_release,,,,,,,0.16614330000038535,
125.42065330000014,keyboard,key_press,,,,,,,,0.19240850000005594
125.43786110000019,keyboard,key_release,,,,,,,0.209616300000107,
125.48083350000024,keyboard,key_press,,,,,,,,0.06018020000010438
125.60823690000007,keyboard,key_release,,,,,,,0.18758359999992535,
125.63042469999982,keyboard,key_press,,,,,,,,0.14959119999957693
125.6734292000001,keyboard,key_release,,,,,,,0.19259569999985615,
125.76739679999991,keyboard,key_release,,,,,,,0.13697210000009363,
125.85477249999985,keyboard,key_press,,,,,,,,0.2243478000000323
125.94858509999995,keyboard,key_release,,,,,,,0.09381260000009206,
125.97119090000024,keyboard,key_press,,,,,,,,0.11641840000038428
126.08734760000016,keyboard,key_release,,,,,,,0.11615669999991951,
126.11710059999996,keyboard,key_press,,,,,,,,0.14590969999972003
126.16091430000006,keyboard,key_press,,,,,,,,0.04381370000010065
126.29355829999986,keyboard,key_release,,,,,,,0.1764576999999008,
126.34192170000006,keyboard,key_press,,,,,,,,0.1810073999999986
126.37016730000005,keyboard,key_release,,,,,,,0.2092529999999897,
126.50775310000017,keyboard,key_release,,,,,,,0.16583140000011554,
126.61374789999991,keyboard,key_press,,,,,,,,0.27182619999985036
126.73986560000003,keyboard,key_release,,,,,,,0.12611770000012257,
126.77699910000001,keyboard,key_press,,,,,,,,0.1632512000001043
126.93678339999997,keyboard,key_release,,,,,,,0.1597842999999557,
127.00210440000001,keyboard,key_press,,,,,,,,0.22510529999999562
127.1305682000002,keyboard,key_release,,,,,,,0.12846380000019053,
128.08784550000018,mouse,move,342,365,-7,-9,11.40175425099138,0.5300145943557222,,
128.09570050000002,mouse,move,322,315,-20,-50,53.85164807134504,6855.71585900323,,
128.10375620000013,mouse,move,291,242,-31,-73,79.30952023559341,9845.143219642645,,
128.11172910000005,mouse,move,262,189,-29,-53,60.41522986797286,7577.57276130761,,
128.11967430000004,mouse,move,233,162,-29,-27,39.6232255123179,4987.064581425836,,
128.12828560000025,mouse,move,208,134,-25,-28,37.53664875824692,4358.999077645077,,
128.1362082999999,mouse,move,175,89,-33,-45,55.80322571321482,7043.460653016644,,
128.1437520999998,mouse,move,137,55,-38,-34,50.99019513592785,6759.218846820511,,
128.15172630000006,mouse,move,96,28,-41,-27,49.09175083453431,6156.322995776163,,
128.1597759000001,mouse,move,67,14,-29,-14,32.202484376209235,4000.5074011145434,,
128.1677377000001,mouse,move,30,4,-37,-10,38.3275357934736,4813.928482703864,,
128.17603370000006,mouse,move,-4,-4,-34,-8,34.92849839314596,4210.2818699686195,,
128.18382169999995,mouse,move,-30,-7,-26,-3,26.1725046566048,3360.6194988405255,,
128.19206299999996,mouse,move,-18,-2,12,5,13.0,1577.4210379413628,,
128.19968580000022,mouse,move,-15,0,3,2,3.605551275463989,472.99565452846974,,
128.20790119999992,mouse,move,-13,0,2,0,2.0,243.44523700285762,,
128.21571959999983,mouse,move,-11,0,2,0,2.0,255.80681469663458,,
128.22378479999998,mouse,move,-10,7,1,7,7.0710678118654755,876.7380612678039,,
128.23173099999985,mouse,move,-8,11,2,4,4.47213595499958,562.8018367355454,,
128.23979280000003,mouse,move,-7,17,1,6,6.082762530298219,754.5166749564738,,
128.24771379999993,mouse,move,-10,28,-3,11,11.40175425099138,1439.4336890721154,,
128.2557241999998,mouse,move,-8,36,2,8,8.246211251235321,1029.4381368425384,,
128.26371310000013,mouse,move,-11,45,-3,9,9.486832980505138,1187.5017812359636,,
128.27169080000021,mouse,move,-9,55,2,10,10.198039027185569,1278.3181903404866,,
128.27969200000007,mouse,move,-8,61,1,6,6.082762530298219,760.2312816089797,,
128.287734,mouse,move,-6,66,2,5,5.385164807134504,669.6300431708446,,
128.2958681,mouse,move,-2,68,4,2,4.47213595499958,549.8009558520255,,
128.30372720000014,mouse,move,-1,70,1,2,2.23606797749979,284.51959861334035,,
128.31170870000005,mouse,move,-2,72,-1,2,2.23606797749979,280.1563587701281,,
128.3196452000002,mouse,move,-2,75,0,3,3.0,378.0003779936302,,
128.3277294999998,mouse,move,-5,83,-3,8,8.54400374531753,1056.863766279132,,
128.33571280000024,mouse,move,-7,99,-2,16,16.1245154965971,2019.7807292376528,,
128.34377799999993,mouse,move,-7,119,0,20,20.0,2479.789713927064,,
128.35171919999993,mouse,move,-3,138,4,19,19.4164878389476,2445.0319648083378,,
128.35985440000013,mouse,move,-3,145,0,7,7.0,860.4582554615039,,
128.36768140000004,mouse,move,0,152,3,7,7.615773105863909,973.0130453500497,,
128.3757254000002,mouse,move,0,162,0,10,10.0,1243.1626056449468,,
128.3837011999999,mouse,move,1,172,1,10,10.04987562112089,1260.0460921139977,,
128.39172589999998,mouse,move,11,188,10,16,18.867962264113206,2351.235842327993,,
128.3997158000002,mouse,move,22,205,11,17,20.248456731316587,2534.2565902928213,,
128.40782209999998,mouse,move,31,219,9,14,16.64331697709324,2053.133609358461,,
128.41574919999994,mouse,move,40,233,9,14,16.64331697709324,2099.5467418318926,,
128.42375399999992,mouse,move,47,249,7,16,17.46424919657298,2181.722116307127,,
128.43177060000016,mouse,move,56,265,9,16,18.35755975068582,2289.9433363422872,,
128.4398369999999,mouse,move,63,280,7,15,16.55294535724685,2052.085857110041,,
128.4479322000002,mouse,move,71,294,8,14,16.1245154965971,1991.8612876770674,,
128.45586619999995,mouse,move,81,307,10,13,16.401219466856727,2067.2068902663664,,
128.46368140000004,mouse,move,90,316,9,9,12.727922061357855,1628.6111758115367,,
128.47176149999996,mouse,move,99,324,9,8,12.041594578792296,1490.277914743401,,
128.47971030000008,mouse,move,108,336,9,12,15.0,1887.0772946570291,,
128.48779419999983,mouse,move,116,347,8,11,13.601470508735444,1682.5381943321265,,
128.49570949999998,mouse,move,125,357,9,10,13.45362404707371,1699.6985644030192,,
128.50387390000014,mouse,move,132,367,7,10,12.206555615733702,1495.0952446574508,,
128.5117755000001,mouse,move,138,374,6,7,9.219544457292887,1166.7946311291207,,
128.51982260000023,mouse,move,144,381,6,7,9.219544457292887,1145.6977615742242,,
128.52769560000024,mouse,move,150,386,6,5,7.810249675906654,992.0296806667106,,
128.53579070000023,mouse,move,158,391,8,5,9.433981132056603,1165.3940200944608,,
128.54372130000002,mouse,move,161,392,3,1,3.1622776601683795,398.74381008442515,,
128.55172810000022,mouse,move,167,393,6,1,6.082762530298219,759.6995716321195,,
128.55973129999984,mouse,move,172,393,5,0,5.0,624.7500999896137,,
128.56771119999985,mouse,move,181,393,9,0,9.0,1127.8336821250186,,
128.57577170000013,mouse,move,192,393,11,0,11.0,1364.679610398029,,
128.58377960000007,mouse,move,201,390,9,-3,9.486832980505138,1184.6842468784316,,
128.59172369999987,mouse,move,210,384,9,-6,10.816653826391969,1361.595879540617,,
128.59970160000012,mouse,move,217,373,7,-11,13.038404810405298,1634.3153975369632,,
128.60821970000006,mouse,move,223,361,6,-12,13.416407864998739,1575.0470016885095,,
128.61569240000017,mouse,move,227,347,4,-14,14.560219778561036,1948.4550133621613,,
128.62380040000016,mouse,move,233,325,6,-22,22.80350850198276,2812.470214849868,,
128.63169620000008,mouse,move,243,288,10,-37,38.3275357934736,4854.167506001602,,
128.6397280000001,mouse,move,253,257,10,-31,32.57299494980466,4055.5037413405107,,
128.64772859999994,mouse,move,269,212,16,-45,47.75981574503821,5969.529253561083,,
128.6557289000002,mouse,move,292,160,23,-52,56.859475903318,7107.167968870557,,
128.6636942,mouse,move,318,116,26,-44,51.10772935672255,6416.296857372696,,
128.6720194999998,mouse,move,336,86,18,-30,34.9857113690718,4202.336416696833,,
128.67972199999986,mouse,move,350,63,14,-23,26.92582403567252,3495.725288607142,,
128.68789960000004,mouse,move,357,49,7,-14,15.652475842498529,1914.0671886803136,,
128.6957441999998,mouse,move,357,48,0,-1,1.0,127.4762256876286,,
128.70379890000004,mouse,move,357,47,0,-1,1.0,124.15111673575326,,
128.71991000000025,mouse,move,357,45,0,-2,2.0,124.13801664523957,,
128.72786769999993,mouse,move,357,41,0,-4,4.0,502.65780315435535,,
128.73571219999985,mouse,move,359,39,2,-2,2.8284271247461903,360.56181079422794,,
128.74388880000015,mouse,move,360,36,1,-3,3.1622776601683795,386.7472617045525,,
128.75168609999992,mouse,move,360,35,0,-1,1.0,128.24952227438612,,
128.76773439999988,mouse,move,361,34,1,-1,1.4142135623730951,88.12232836974054,,
128.7837688999998,mouse,move,362,34,1,0,1.0,62.365524338408605,,
128.79971870000008,mouse,move,363,33,1,-1,1.4142135623730951,88.66653891265315,,
128.80801729999985,mouse,move,363,32,0,-1,1.0,120.50225339559742,,
128.82395270000006,mouse,move,364,32,1,0,1.0,62.75336671727083,,
128.83166960000017,mouse,move,366,32,2,0,2.0,259.171428938149,,
128.83973359999982,mouse,move,369,31,3,-1,3.1622776601683795,392.14752731968366,,
128.84766489999993,mouse,move,378,29,9,-2,9.219544457292887,1162.4253851406197,,
128.85575259999996,mouse,move,384,25,6,-4,7.211102550927978,891.6135058049567,,
128.86392590000014,mouse,move,393,23,9,-2,9.219544457292887,1128.0075926601648,,
128.8720831999999,mouse,move,402,18,9,-5,10.295630140987,1262.1369989190298,,
128.87972600000012,mouse,move,412,16,10,-2,10.198039027185569,1334.3328396532809,,
128.88801330000024,mouse,move,420,16,8,0,8.0,965.3324966978568,,
128.89567810000017,mouse,move,426,16,6,0,6.0,782.7992902691741,,
128.90399059999982,mouse,move,429,16,3,0,3.0,360.90225565441887,,
128.91171309999982,mouse,move,430,16,1,0,1.0,129.49174490126498,,
128.99179570000024,mouse,move,431,16,1,0,1.0,12.487107061892484,,
128.99976530000004,mouse,move,431,17,0,1,1.0,125.47681188836559,,
129.00778260000016,mouse,move,429,19,-2,2,2.8284271247461903,352.79048117246515,,
129.01576190000014,mouse,move,427,21,-2,2,2.8284271247461903,354.47058322790133,,
129.0238119999999,mouse,move,423,24,-4,3,5.0,621.110296784715,,
129.0317758000001,mouse,move,419,27,-4,3,5.0,627.8409804208806,,
129.03974729999982,mouse,move,413,31,-6,4,7.211102550927978,904.6104937826356,,
129.04785820000006,mouse,move,407,34,-6,3,6.708203932499369,827.0603671966168,,
129.0557776999999,mouse,move,403,36,-4,2,4.47213595499958,564.6992809000484,,
129.06377669999983,mouse,move,397,40,-6,4,7.211102550927978,901.500506437524,,
129.07176179999988,mouse,move,395,40,-2,0,2.0,250.46649384347756,,
129.07975609999994,mouse,move,393,41,-2,1,2.23606797749979,279.70778898488925,,
129.11981019999985,mouse,move,391,41,-2,0,2.0,49.93246633939255,,
129.12772029999996,mouse,move,389,40,-2,-1,2.23606797749979,282.6851718014447,,
129.135722,mouse,move,382,38,-7,-2,7.280109889280518,909.8203993226455,,
129.14379099999996,mouse,move,378,37,-4,-1,4.123105625617661,510.9809921463709,,
129.1518418999999,mouse,move,369,32,-9,-5,10.295630140987,1278.8172926081404,,
129.15971390000004,mouse,move,359,28,-10,-4,10.770329614269007,1368.1821156104775,,
129.16777189999993,mouse,move,350,24,-9,-4,9.848857801796104,1222.2459421603867,,
129.1757318,mouse,move,342,20,-8,-4,8.94427190999916,1123.6663664030825,,
129.1840361999998,mouse,move,332,18,-10,-2,10.198039027185569,1228.028397886941,,
129.1917566000002,mouse,move,323,15,-9,-3,9.486832980505138,1228.8007072221383,,
129.19973789999995,mouse,move,316,13,-7,-2,7.280109889280518,912.1458771758156,,
129.2080372999999,mouse,move,313,13,-3,0,3.0,361.47191363485126,,
129.2157301000002,mouse,move,313,13,0,0,0.0,0.0,,
129.22392420000006,mouse,move,311,13,-2,0,2.0,244.07805616667693,,
129.23982669999987,mouse,move,310,13,-1,0,1.0,62.883194467026364,,
129.24777410000024,mouse,move,310,13,0,0,0.0,0.0,,
129.2557729,mouse,move,307,13,-3,0,3.0,375.0562584496263,,
129.2637807000001,mouse,move,304,14,-3,1,3.1622776601683795,394.8996803284466,,
129.27184249999982,mouse,move,303,14,-1,0,1.0,124.04177727484664,,
129.2797618999998,mouse,move,301,14,-2,0,2.0,252.54438467587514,,
129.28801380000004,mouse,move,297,15,-4,1,4.123105625617661,499.65530671744415,,
129.29588169999988,mouse,move,296,15,-1,0,1.0,127.09871757656647,,
129.30407509999986,mouse,move,293,15,-3,0,3.0,366.14836331762393,,
129.32780309999998,mouse,move,292,15,-1,0,1.0,42.14430209014565,,
129.3442626000001,mouse,move,290,15,-2,0,2.0,121.51037394736389,,
129.3518365,mouse,move,288,15,-2,0,2.0,264.0647486799474,,
129.3600446999999,mouse,move,283,15,-5,0,5.0,609.1469506178547,,
129.36787659999982,mouse,move,272,15,-11,0,11.0,1404.5123150322052,,
129.37603720000016,mouse,move,257,15,-15,0,15.0,1838.1001396195736,,
129.3838099999998,mouse,move,242,15,-15,0,15.0,1929.8065048196538,,
129.3919867999998,mouse,move,224,15,-18,0,18.0,2201.3501614320508,,
129.39975120000008,mouse,move,210,15,-14,0,14.0,1803.101334232464,,
129.4077529000001,mouse,move,200,15,-10,0,10.0,1249.7344314298005,,
129.41575820000025,mouse,move,192,15,-8,0,8.0,999.3379385969578,,
129.4238166,mouse,move,188,15,-4,0,4.0,496.3764519162545,,
129.43178549999993,mouse,move,187,16,-1,1,1.4142135623730951,177.46659669297895,,
129.4397712,mouse,move,184,18,-3,2,3.605551275463989,451.5009674086898,,
129.44775570000002,mouse,move,183,19,-1,1,1.4142135623730951,177.11986503468796,,
129.4558109999998,mouse,move,182,19,-1,0,1.0,124.1418693314082,,
129.46376569999984,mouse,move,182,20,0,1,1.0,125.71184331232367,,
129.4797696999999,mouse,move,182,21,0,1,1.0,62.484378905014836,,
129.4877818,mouse,move,182,22,0,1,1.0,124.81122302381557,,
129.49576519999982,mouse,move,182,22,0,0,0.0,0.0,,
129.5197588000001,mouse,move,182,23,0,1,1.0,41.677780741066975,,
129.55979500000012,mouse,move,182,25,0,2,2.0,49.95479091418347,,
129.57581429999982,mouse,move,182,25,0,0,0.0,0.0,,
129.75173069999983,mouse,move,182,26,0,1,1.0,5.684518328023815,,
129.78376630000002,mouse,move,182,27,0,1,1.0,31.2152730085835,,
129.79173170000013,mouse,move,188,27,6,0,6.0,753.2578401489632,,
129.79980860000023,mouse,move,202,27,14,0,14.0,1733.3382857057893,,
129.80778199999986,mouse,move,215,27,13,0,13.0,1630.4211504009236,,
129.81581730000016,mouse,move,233,27,18,0,18.0,2240.1154903145616,,
129.8237712,mouse,move,251,27,18,0,18.0,2263.040772494601,,
129.8317551,mouse,move,277,27,26,0,26.0,3256.5538145520845,,
129.83972840000024,mouse,move,311,27,34,0,34.0,4264.231873755708,,
129.84774509999988,mouse,move,335,27,24,0,24.0,2993.750545868868,,
129.8558112999999,mouse,move,356,28,21,1,21.02379604162864,2606.4064914767637,,
129.86395959999982,mouse,move,370,31,14,3,14.317821063276353,1757.1543835459718,,
129.87184620000016,mouse,move,375,32,5,1,5.0990195135927845,646.542174494494,,
129.8797113999999,mouse,move,379,32,4,0,4.0,508.569394310541,,
129.88790359999985,mouse,move,380,32,1,0,1.0,122.06733234142087,,
129.9197779000001,mouse,move,380,32,0,0,0.0,0.0,,
129.92765289999988,mouse,move,383,32,3,0,3.0,380.95238096276415,,
129.9357728,mouse,move,384,32,1,0,1.0,123.1542260355883,,
129.94370979999985,mouse,move,391,32,7,0,7.0,881.9453194061768,,
129.9521737,mouse,move,398,32,7,0,7.0,827.0419073801203,,
129.95969659999992,mouse,move,401,31,3,-1,3.1622776601683795,420.35354187947576,,
129.96799790000023,mouse,move,404,31,3,0,3.0,361.3891799943662,,
129.99984459999996,mouse,move,405,30,1,-1,1.4142135623730951,44.40691068101143,,
130.10372259999986,mouse,move,406,30,1,0,1.0,9.62667744855513,,
130.11173710000003,mouse,move,406,30,0,0,0.0,0.0,,
130.1519530999999,mouse,click_press,406,30,,,,,,
130.1757775000001,mouse,move,407,30,1,0,1.0,15.615142941002105,,
130.28055480000012,mouse,click_release,407,30,,,,,,
130.39986529999987,mouse,move,408,29,1,-1,1.4142135623730951,6.31097972479755,,
130.43974340000022,mouse,move,408,28,0,-1,1.0,25.076420390921307,,
130.4478153,mouse,move,409,27,1,-1,1.4142135623730951,175.2020667268115,,
130.4638884000001,mouse,move,410,27,1,0,1.0,62.215751783707255,,
130.50374580000016,mouse,move,411,27,1,0,1.0,25.089443867340943,,
130.68804120000004,mouse,move,416,27,5,0,5.0,27.130357024663578,,
130.6959955000002,mouse,move,424,32,8,5,9.433981132056603,1186.0227967088204,,
130.70411109999986,mouse,move,436,37,12,5,13.0,1601.8532210251883,,
130.71206949999987,mouse,move,450,41,14,4,14.560219778561036,1829.5410859655944,,
130.72020710000015,mouse,move,463,44,13,3,13.341664064126334,1639.5084624046467,,
130.7279997999999,mouse,move,477,49,14,5,14.866068747318506,1907.691653443226,,
130.7357895,mouse,move,490,52,13,3,13.341664064126334,1712.7314356072577,,
130.74389400000018,mouse,move,506,56,16,4,16.492422502470642,2034.9710040249352,,
130.75230090000014,mouse,move,523,62,17,6,18.027756377319946,2144.400002071818,,
130.75998190000018,mouse,move,535,62,12,0,12.0,1562.2965759569508,,
130.76787539999987,mouse,move,548,62,13,0,13.0,1646.9246849336846,,
130.77588449999985,mouse,move,560,62,12,0,12.0,1498.2956886576883,,
130.78389460000017,mouse,move,570,59,10,-3,10.44030650891055,1303.3927801767666,,
130.79207619999988,mouse,move,580,57,10,-2,10.198039027185569,1246.4602311943147,,
130.79996100000017,mouse,move,589,54,9,-3,9.486832980505138,1203.1799132716042,,
130.80778520000013,mouse,move,598,54,9,0,9.0,1150.2773446546682,,
130.81595560000005,mouse,move,603,53,5,-1,5.0990195135927845,624.0844406196487,,
130.82391000000007,mouse,move,608,53,5,0,5.0,628.5829226578214,,
130.83217079999986,mouse,move,613,53,5,0,5.0,605.2682549060264,,
130.8397586000001,mouse,move,616,53,3,0,3.0,395.3715174235024,,
130.8483084999998,mouse,move,618,53,2,0,2.0,233.92086457952843,,
130.8798910999999,mouse,move,618,53,0,0,0.0,0.0,,
130.95191310000018,mouse,move,619,52,1,-1,1.4142135623730951,19.635855188240193,,
130.9599204000001,mouse,move,617,51,-2,-1,2.23606797749979,279.2536782089896,,
130.9681928,mouse,move,607,51,-10,0,10.0,1208.839031009808,,
130.97590309999987,mouse,move,593,51,-14,0,14.0,1815.7529538712286,,
130.9841953,mouse,move,577,51,-16,0,16.0,1929.5241310781814,,
130.9919103000002,mouse,move,554,51,-23,0,23.0,2981.2054438672194,,
130.99993459999996,mouse,move,523,51,-31,0,31.0,3863.265331670542,,
131.0078583999998,mouse,move,482,49,-41,-2,41.048751503547585,5180.437606243908,,
131.01614770000015,mouse,move,430,45,-52,-4,52.15361924162119,6291.679543443634,,
131.02394809999987,mouse,move,374,38,-56,-7,56.43580423808985,7234.988492909291,,
131.03218670000024,mouse,move,315,28,-59,-10,59.841457201508724,7263.546864617237,,
131.03978540000026,mouse,move,262,21,-53,-7,53.46026561849464,7035.448908152211,,
131.04795890000014,mouse,move,210,17,-52,-4,52.15361924162119,6380.818406112315,,
131.05585280000014,mouse,move,172,13,-38,-4,38.2099463490856,4840.4396241515415,,
131.06394469999987,mouse,move,148,8,-24,-5,24.515301344262525,3029.6100229971753,,
131.07181450000007,mouse,move,132,6,-16,-2,16.1245154965971,2048.9104546712006,,
131.08003659999986,mouse,move,120,6,-12,0,12.0,1459.4811544878628,,
131.08787900000016,mouse,move,113,6,-7,0,7.0,892.5839028527637,,
131.09589790000018,mouse,move,108,6,-5,0,5.0,623.5269176551235,,
131.10382459999983,mouse,move,106,6,-2,0,2.0,252.3118069423542,,
131.11182640000015,mouse,move,104,6,-2,0,2.0,249.94376264311887,,
131.11990359999982,mouse,move,103,6,-1,0,1.0,123.80527906228915,,
131.13583329999983,mouse,move,102,6,-1,0,1.0,62.77582126462201,,
131.1438309,mouse,move,100,7,-2,1,2.23606797749979,279.59237489362715,,
131.15977969999994,mouse,move,99,7,-1,0,1.0,62.70064205483876,,
131.16798280000012,mouse,move,97,7,-2,0,2.0,243.81026684518227,,
131.2398745999999,mouse,move,96,7,-1,0,1.0,13.909792215567286,,
131.29590529999996,mouse,move,96,7,0,0,0.0,0.0,,
131.31185319999986,mouse,move,97,7,1,0,1.0,62.70418048810243,,
131.3197838000001,mouse,move,97,7,0,0,0.0,0.0,,
131.32779230000006,mouse,move,98,7,1,0,1.0,124.86732846413284,,
131.33576470000025,mouse,move,99,7,1,0,1.0,125.43274296009483,,
131.3438544999999,mouse,move,99,7,0,0,0.0,0.0,,
131.35219020000022,mouse,click_press,99,7,,,,,,
131.46383090000018,mouse,move,100,7,1,0,1.0,8.334972544581767,,
131.47189059999982,mouse,move,103,7,3,0,3.0,372.22229116849894,,
131.47254179999982,mouse,click_release,103,7,,,,,,
131.4804334999999,mouse,move,104,7,1,0,1.0,117.05626894758116,,
131.4877464000001,mouse,move,108,8,4,1,4.123105625617661,563.8126633067849,,
131.49598809999998,mouse,move,110,9,2,1,2.23606797749979,271.31149854213277,,
131.50383890000012,mouse,move,115,11,5,2,5.385164807134504,685.9383511281742,,
131.51193730000023,mouse,move,118,12,3,1,3.1622776601683795,390.48178160206635,,
131.51980009999988,mouse,move,120,13,2,1,2.23606797749979,284.3857121632668,,
131.52797850000024,mouse,move,125,16,5,3,5.830951894845301,712.969761149861,,
131.53579750000017,mouse,move,128,18,3,2,3.605551275463989,461.12690567819016,,
131.54392210000015,mouse,move,132,21,4,3,5.0,615.4149127361557,,
131.55183309999984,mouse,move,134,23,2,2,2.8284271247461903,357.53092211546294,,
131.55995269999994,mouse,move,139,26,5,3,5.830951894845301,718.1328999918053,,
131.5677857999999,mouse,move,140,27,1,1,1.4142135623730951,180.54327946513897,,
131.5757395999999,mouse,move,141,28,1,1,1.4142135623730951,177.80351057027622,,
131.58375350000006,mouse,move,143,30,2,2,2.8284271247461903,352.94015706371835,,
131.59178999999995,mouse,move,144,31,1,1,1.4142135623730951,175.97381476918966,,
131.6158587,mouse,move,144,32,0,1,1.0,41.54773627151422,,
131.6477503000001,mouse,move,144,32,0,0,0.0,0.0,,
131.65573799999993,mouse,move,145,32,1,0,1.0,125.19248344595049,,
131.66376679999985,mouse,move,148,35,3,3,4.242640687119285,528.4277460095598,,
131.6717478999999,mouse,move,152,37,4,2,4.47213595499958,560.3407995101612,,
131.67978959999982,mouse,move,159,42,7,5,8.602325267042627,1069.7147701514043,,
131.68775050000022,mouse,move,170,47,11,5,12.083045973594572,1517.7989891833695,,
131.6958427999998,mouse,move,179,52,9,5,10.295630140987,1272.274896075245,,
131.7039405999999,mouse,move,193,61,14,9,16.64331697709324,2055.288717542383,,
131.7118519999999,mouse,move,205,68,12,7,13.892443989449804,1756.003234500735,,
131.71989639999993,mouse,move,219,76,14,8,16.1245154965971,2004.4397962014475,,
131.7278755000002,mouse,move,230,86,11,10,14.866068747318506,1863.1260100498732,,
131.73583300000018,mouse,move,250,102,20,16,25.612496949731394,3218.6612566524605,,
131.74411710000004,mouse,move,269,121,19,19,26.870057685088806,3243.5699334337264,,
131.75181010000006,mouse,move,285,142,16,21,26.40075756488817,3431.7896223616463,,
131.75976750000018,mouse,move,302,166,17,24,29.410882339705484,3696.041714536257,,
131.76778190000005,mouse,move,321,191,19,25,31.400636936215164,3918.0271681900654,,
131.7758174999999,mouse,move,336,212,15,21,25.80697580112788,3211.5804422303195,,
131.78399170000012,mouse,move,357,234,21,22,30.4138126514911,3720.708161129066,,
131.79182579999997,mouse,move,374,253,17,19,25.495097567963924,3254.3747933313825,,
131.7998348000001,mouse,move,393,270,19,17,25.495097567963924,3183.3059767202844,,
131.80773379999982,mouse,move,417,289,24,19,30.610455730027933,3875.231767450884,,
131.81610630000023,mouse,move,442,308,25,19,31.400636936215164,3750.44932035781,,
131.82380270000021,mouse,move,466,325,24,17,29.410882339705484,3821.381729088708,,
131.83186430000023,mouse,move,487,340,21,15,25.80697580112788,3201.2225614104823,,
131.83979360000012,mouse,move,514,358,27,18,32.449961479175904,4092.4118748992114,,
131.8478181999999,mouse,move,532,371,18,13,22.20360331117452,2766.9420671194694,,
131.8558521,mouse,move,550,388,18,17,24.758836806279895,3081.7954923474867,,
131.86379480000005,mouse,move,574,404,24,16,28.844410203711913,3631.562340703031,,
131.87176839999984,mouse,move,593,421,19,17,25.495097567963924,3197.438743935799,,
131.87979919999998,mouse,move,610,432,17,11,20.248456731316587,2521.3498942767483,,
131.88774469999998,mouse,move,625,444,15,12,19.209372712298546,2417.641773618502,,
131.89584700000023,mouse,move,633,458,8,14,16.1245154965971,1990.1158308267363,,
131.90373910000017,mouse,move,639,472,6,14,15.231546211727817,1929.9737980831958,,
131.91182789999993,mouse,move,644,486,5,14,14.866068747318506,1837.8583656097226,,
131.91977170000018,mouse,move,650,503,6,17,18.027756377319946,2269.4121675717474,,
131.92793840000013,mouse,move,656,517,6,14,15.231546211727817,1865.0796786739616,,
131.93576960000019,mouse,move,660,534,4,17,17.46424919657298,2230.0859633836562,,
131.9440936000001,mouse,move,664,550,4,16,16.492422502470642,1981.3097672590366,,
131.9517592000002,mouse,move,665,565,1,15,15.033296378372908,1961.1375989039796,,
131.95981059999986,mouse,move,667,582,2,17,17.11724276862369,2125.9958230059506,,
131.96773660000008,mouse,move,671,601,4,19,19.4164878389476,2449.720898107032,,
131.9758385,mouse,move,673,616,2,15,15.132745950421556,1867.8021143873284,,
131.98375990000022,mouse,move,674,630,1,14,14.035668847618199,1771.8672011562583,,
131.99188400000003,mouse,move,678,642,4,12,12.649110640673518,1556.9860835019233,,
131.99995350000017,mouse,move,680,651,2,9,9.219544457292887,1142.5174369074912,,
132.00791770000023,mouse,move,683,659,3,8,8.54400374531753,1072.8012537672034,,
132.01577720000023,mouse,move,684,665,1,6,6.082762530298219,773.9375953053084,,
132.0239075999998,mouse,move,686,670,2,5,5.385164807134504,662.3493072195251,,
132.0320044,mouse,move,689,678,3,8,8.54400374531753,1055.2321590138374,,
132.03982940000014,mouse,move,691,682,2,4,4.47213595499958,571.5189718747802,,
132.04785450000008,mouse,move,695,692,4,10,10.770329614269007,1342.0804244618216,,
132.05580790000022,mouse,move,699,704,4,12,12.649110640673518,1590.4029271081313,,
132.06377629999997,mouse,move,708,714,9,10,13.45362404707371,1688.3720756348503,,
132.07177090000005,mouse,move,710,715,2,1,2.23606797749979,279.69729285754545,,
132.07996400000002,mouse,move,715,718,5,3,5.830951894845301,711.6905560612856,,
132.08774940000012,mouse,move,721,720,6,2,6.324555320336759,812.360998825169,,
132.09593829999994,mouse,move,725,725,4,5,6.4031242374328485,781.9272719866458,,
132.10377819999985,mouse,move,733,731,8,6,10.0,1275.526473566913,,
132.11177850000013,mouse,move,739,737,6,6,8.48528137423857,1060.6203984782626,,
132.1198177000001,mouse,move,744,743,5,6,7.810249675906654,971.5207577770817,,
132.12776729999996,mouse,move,749,749,5,6,7.810249675906654,982.4707753920765,,
132.13578020000023,mouse,move,754,755,5,6,7.810249675906654,974.7094904025134,,
132.14383640000005,mouse,move,758,760,4,5,6.4031242374328485,794.8070104477893,,
132.15180779999992,mouse,move,761,764,3,4,5.0,627.2423915607834,,
132.15999980000015,mouse,move,762,768,1,4,4.123105625617661,503.3087921751829,,
132.16786520000005,mouse,move,763,773,1,5,5.0990195135927845,648.284831497096,,
132.1760846000002,mouse,move,767,781,4,8,8.94427190999916,1088.1903678909457,,
132.1838928000002,mouse,move,768,788,1,7,7.0710678118654755,905.595119472598,,
132.19184649999988,mouse,move,772,798,4,10,10.770329614269007,1354.1282189031733,,
132.19982500000015,mouse,move,775,807,3,9,9.486832980505138,1189.0496935755348,,
132.20782809999992,mouse,move,780,819,5,12,13.0,1624.3705564562988,,
132.21597530000008,mouse,move,786,831,6,12,13.416407864998739,1646.75076894198,,
132.22414879999997,mouse,move,790,842,4,11,11.704699910719626,1432.030331055877,,
132.23195350000015,mouse,move,795,854,5,12,13.0,1665.6629978989697,,
132.23985760000005,mouse,move,802,870,7,16,17.46424919657298,2209.517743548606,,
132.2477902999999,mouse,move,809,882,7,12,13.892443989449804,1751.288210786055,,
132.25585809999984,mouse,move,814,896,5,14,14.866068747318506,1842.6422007781366,,
132.26382520000016,mouse,move,817,909,3,13,13.341664064126334,1674.5947789785018,,
132.27185629999985,mouse,move,821,921,4,12,12.649110640673518,1575.0159556161495,,
132.27988700000014,mouse,move,824,933,3,12,12.36931687685298,1540.2538852660068,,
132.28785359999983,mouse,move,824,940,0,7,7.0,878.6684407742241,,
132.2959095000001,mouse,move,826,949,2,9,9.219544457292887,1144.4462390274623,,
132.303813,mouse,move,827,954,1,5,5.0990195135927845,645.1596778221883,,
132.31187869999985,mouse,move,830,963,3,9,9.486832980505138,1176.1946242320796,,
132.31979499999989,mouse,move,832,970,2,7,7.280109889280518,919.6354217563377,,
132.32785009999998,mouse,move,836,976,4,6,7.211102550927978,895.2219774857299,,
132.33576360000006,mouse,move,839,982,3,6,6.708203932499369,847.6911521357702,,
132.34389079999983,mouse,move,841,987,2,5,5.385164807134504,662.6101003164506,,
132.35189459999992,mouse,move,848,995,7,8,10.63014581273465,1328.1373613291266,,
132.36004009999988,mouse,move,851,999,3,4,5.0,613.8358602943446,,
132.36799070000006,mouse,move,856,1007,5,8,9.433981132056603,1186.5747405021389,,
132.3759140000002,mouse,move,860,1013,4,6,7.211102550927978,910.113532342596,,
132.38380619999998,mouse,move,866,1019,6,6,8.48528137423857,1075.14778825513,,
132.39213130000007,mouse,move,872,1027,6,8,10.0,1201.186772517873,,
132.39982740000005,mouse,move,877,1030,5,3,5.830951894845301,757.6502247714841,,
132.40794039999992,mouse,move,881,1033,4,3,5.0,616.2948354594134,,
132.41598669999985,mouse,move,888,1038,7,5,8.602325267042627,1069.1032234834158,,
132.4239533,mouse,move,896,1043,8,5,9.433981132056603,1184.1916415892078,,
132.4320416999999,mouse,move,903,1044,7,1,7.0710678118654755,874.2233089297869,,
132.44021010000006,mouse,move,912,1050,9,6,10.816653826391969,1324.2071673989744,,
132.44795090000025,mouse,move,926,1055,14,5,14.866068747318506,1920.482217206105,,
132.45589120000022,mouse,move,938,1058,12,3,12.36931687685298,1557.7896146109294,,
132.4639648000002,mouse,move,950,1062,12,4,12.649110640673518,1566.7249604502408,,
132.47181550000005,mouse,move,960,1064,10,2,10.198039027185569,1298.9974177333816,,
132.47980670000015,mouse,move,972,1070,12,6,13.416407864998739,1678.8977706503351,,
132.48785129999987,mouse,move,981,1074,9,4,9.848857801796104,1224.2818539315479,,
132.49586399999998,mouse,move,984,1075,3,1,3.1622776601683795,394.65818764281426,,
132.50386310000022,mouse,move,985,1075,1,0,1.0,125.01406407855626,,
132.55992830000014,mouse,move,985,1076,0,1,1.0,17.836376219141485,,
132.5837749000002,mouse,move,985,1078,0,2,2.0,83.86939857229706,,
132.59187509999992,mouse,move,985,1078,0,0,0.0,0.0,,
132.6078846999999,mouse,move,985,1079,0,1,1.0,62.46252248665944,,
132.6158193000001,mouse,move,985,1080,0,1,1.0,126.03029767997255,,
132.62387769999987,mouse,move,985,1081,0,1,1.0,124.09411297906362,,
132.63184850000016,mouse,move,985,1081,0,0,0.0,0.0,,
132.63979569999992,mouse,move,985,1081,0,0,0.0,0.0,,
132.64789759999985,mouse,move,985,1080,0,-1,1.0,123.42783791564918,,
132.65579380000008,mouse,move,984,1082,-1,2,2.23606797749979,283.1827939305078,,
132.66388210000014,mouse,move,982,1084,-2,2,2.8284271247461903,349.69364696256383,,
132.6719234000002,mouse,move,979,1082,-3,-2,3.605551275463989,448.3791520571976,,
132.67992270000013,mouse,move,977,1083,-2,1,2.23606797749979,279.5329563233307,,
132.68793300000016,mouse,move,973,1086,-4,3,5.0,624.19634720114,,
132.69589099999985,mouse,move,970,1085,-3,-1,3.1622776601683795,397.3709047866005,,
132.7038037000002,mouse,move,967,1083,-3,-2,3.605551275463989,455.6663686604479,,
132.71194509999987,mouse,move,964,1085,-3,2,3.605551275463989,442.8662485095002,,
132.71987949999993,mouse,move,961,1085,-3,0,3.0,378.1004234692625,,
132.72803490000024,mouse,move,960,1084,-1,-1,1.4142135623730951,173.4082402236757,,
132.73581950000016,mouse,move,959,1086,-1,2,2.23606797749979,287.24250154433224,,
132.74391960000003,mouse,move,959,1083,0,-3,3.0,370.365797959282,,
132.75181840000005,mouse,move,959,1084,0,1,1.0,126.60150908965407,,
132.75996750000013,mouse,move,959,1083,0,-1,1.0,122.712937623773,,
132.7678123999999,mouse,move,959,1080,0,-3,3.0,382.41405245235154,,
132.77598420000004,mouse,move,959,1081,0,1,1.0,122.37206000935035,,
132.83988499999987,mouse,move,959,1080,0,-1,1.0,15.649256347380387,,
132.85594420000007,mouse,move,959,1079,0,-1,1.0,62.26960247008318,,
132.86486460000015,mouse,move,959,1082,0,3,3.0,336.30778888540857,,
132.87186800000018,mouse,move,959,1080,0,-2,2.0,285.57557757536097,,
132.88072490000013,mouse,move,959,1080,0,0,0.0,0.0,,
132.8878193999999,mouse,move,959,1081,0,1,1.0,140.9542603471598,,
132.8958908999998,mouse,move,959,1079,0,-2,2.0,247.7854178307849,,
132.90383819999988,mouse,move,959,1080,0,1,1.0,125.82889786359216,,
132.92794809999987,mouse,move,959,1080,0,0,0.0,0.0,,
132.96780320000016,mouse,move,959,1079,0,-1,1.0,25.090891755197937,,
132.9838436,mouse,move,959,1079,0,0,0.0,0.0,,
132.99189119999983,mouse,move,960,1079,1,0,1.0,124.26064914030124,,
133.00794110000015,mouse,move,960,1079,0,0,0.0,0.0,,
133.01580839999997,mouse,move,960,1078,0,-1,1.0,127.1084107665103,,
133.0239034000001,mouse,move,960,1078,0,0,0.0,0.0,,
133.0478763000001,mouse,move,960,1077,0,-1,1.0,41.7137684635746,,
133.06394069999988,mouse,move,961,1075,1,-2,2.23606797749979,139.1939927747552,,
133.07182000000012,mouse,move,961,1075,0,0,0.0,0.0,,
133.07983689999992,mouse,move,962,1074,1,-1,1.4142135623730951,176.40404176277323,,
133.1037798000002,mouse,move,962,1073,0,-1,1.0,41.766035024486094,,
133.11184790000016,mouse,move,963,1071,1,-2,2.23606797749979,277.14926407887845,,
133.1199462999998,mouse,move,966,1069,3,-2,3.605551275463989,445.2177313566049,,
133.12793790000023,mouse,move,970,1066,4,-3,5.0,625.6569397536438,,
133.1358436999999,mouse,move,970,1065,0,-1,1.0,126.48941284155151,,
133.14390600000024,mouse,move,972,1064,2,-1,2.23606797749979,277.348644605577,,
133.22388460000002,mouse,move,973,1064,1,0,1.0,12.503344644727376,,
133.23181840000007,mouse,move,973,1063,0,-1,1.0,126.04300587287048,,
133.2477346999999,mouse,move,974,1061,1,-2,2.23606797749979,140.48918263174596,,
133.25576760000013,mouse,move,976,1061,2,0,2.0,248.97608584024056,,
133.35184209999989,mouse,move,976,1061,0,0,0.0,0.0,,
133.3600593000001,mouse,move,974,1061,-2,0,2.0,243.39190964648327,,
133.3678119000001,mouse,move,970,1061,-4,0,4.0,515.9559373627203,,
133.37586150000016,mouse,move,968,1061,-2,0,2.0,248.45955078360754,,
133.38384619999988,mouse,move,966,1061,-2,0,2.0,250.47904117487602,,
133.39187889999994,mouse,move,963,1061,-3,0,3.0,373.47342736294826,,
133.39976819999993,mouse,move,959,1061,-4,0,4.0,507.0158315701121,,
133.4079044,mouse,move,957,1061,-2,0,2.0,245.81499962883444,,
133.41577340000003,mouse,move,956,1061,-1,0,1.0,127.08095056505995,,
133.4958590000001,mouse,move,958,1061,2,0,2.0,24.973278591883297,,
133.50382100000024,mouse,move,966,1060,8,-1,8.06225774829855,1012.5920306660036,,
133.51194440000017,mouse,move,976,1060,10,0,10.0,1231.011645380579,,
133.5197893999998,mouse,move,989,1060,13,0,13.0,1657.106437298528,,
133.52788640000017,mouse,move,1006,1056,17,-4,17.46424919657298,2156.8789916997366,,
133.53585040000007,mouse,move,1024,1055,18,-1,18.027756377319946,2263.6559991891545,,
133.5438653000001,mouse,move,1043,1052,19,-3,19.235384061671343,2399.953095058965,,
133.5517832999999,mouse,move,1060,1052,17,0,17.0,2147.006819960828,,
133.5601517,mouse,move,1076,1052,16,0,16.0,1911.9544954582132,,
133.56784479999988,mouse,move,1097,1052,21,0,21.0,2729.7188390059114,,
133.57583149999982,mouse,move,1111,1052,14,0,14.0,1752.9142199022613,,
133.58376320000025,mouse,move,1125,1052,14,0,14.0,1765.0692788742567,,
133.59185660000003,mouse,move,1138,1052,13,0,13.0,1606.2470655539005,,
133.5998427999998,mouse,move,1148,1052,10,0,10.0,1252.1599759934215,,
133.6079104999999,mouse,move,1155,1052,7,0,7.0,867.6574488302421,,
133.6158747999998,mouse,move,1156,1052,1,0,1.0,125.56031289768192,,
133.62380829999984,mouse,move,1159,1052,3,0,3.0,378.14331631518894,,
133.63188480000008,mouse,move,1160,1052,1,0,1.0,123.81600940629205,,
133.6399064000002,mouse,move,1160,1052,0,0,0.0,0.0,,
133.64788260000023,mouse,move,1162,1052,2,0,2.0,250.7459692575987,,
133.65586859999985,mouse,move,1164,1052,2,0,2.0,250.43826697914696,,
133.6638323000002,mouse,move,1164,1052,0,0,0.0,0.0,,
133.67199870000013,mouse,move,1168,1052,4,0,4.0,489.81191222951986,,
133.6798732000002,mouse,move,1171,1056,3,4,5.0,634.960949895869,,
133.6878353000002,mouse,move,1175,1059,4,3,5.0,627.9750317138358,,
133.69587910000018,mouse,move,1181,1063,6,4,7.211102550927978,896.4795930942738,,
133.70387429999982,mouse,move,1190,1066,9,3,9.486832980505138,1186.566062253735,,
133.71189120000008,mouse,move,1199,1070,9,4,9.848857801796104,1228.5119935985686,,
133.71997620000002,mouse,move,1209,1074,10,4,10.770329614269007,1332.1372435810213,,
133.72786350000024,mouse,move,1218,1078,9,4,9.848857801796104,1248.6982619554049,,
133.73583409999992,mouse,move,1230,1081,12,3,12.36931687685298,1551.8677235526725,,
133.74388390000013,mouse,move,1244,1080,14,-1,14.035668847618199,1743.6046668557528,,
133.75180480000017,mouse,move,1257,1083,13,3,13.341664064126334,1684.362138652318,,
133.75984689999996,mouse,move,1267,1079,10,-4,10.770329614269007,1339.2434332522764,,
133.76788320000014,mouse,move,1273,1079,6,0,6.0,746.6122469123426,,
133.77594050000016,mouse,move,1275,1079,2,0,2.0,248.22210914268882,,
133.7838072999998,mouse,move,1277,1079,2,0,2.0,254.2329791134603,,
133.79983760000005,mouse,move,1278,1079,1,0,1.0,62.38186434346913,,
133.8078776000002,mouse,move,1278,1079,0,0,0.0,0.0,,
133.81583890000002,mouse,move,1278,1078,0,-1,1.0,125.60762689816247,,
133.8239349999999,mouse,move,1278,1076,0,-2,2.0,247.0325218353086,,
133.83194790000016,mouse,move,1278,1074,0,-2,2.0,249.5975239842417,,
133.8399128000001,mouse,move,1279,1071,1,-3,3.1622776601683795,397.0266620038873,,
133.8477880999999,mouse,move,1279,1071,0,0,0.0,0.0,,
133.85593569999992,mouse,move,1282,1068,3,-3,4.242640687119285,520.7227511296585,,
133.86389719999988,mouse,move,1286,1065,4,-3,5.0,628.0223575987014,,
133.87183830000004,mouse,move,1291,1064,5,-1,5.0990195135927845,642.1049367839053,,
133.87987509999994,mouse,move,1299,1061,8,-3,8.54400374531753,1063.1101614354022,,
133.8878880000002,mouse,move,1306,1060,7,-1,7.0710678118654755,882.4605088831462,,
133.89584060000016,mouse,move,1313,1059,7,-1,7.0710678118654755,889.151700312735,,
133.90385749999996,mouse,move,1323,1058,10,-1,10.04987562112089,1253.5862517143498,,
133.91182960000015,mouse,move,1335,1055,12,-3,12.36931687685298,1551.5757299282427,,
133.91996010000003,mouse,move,1345,1054,10,-1,10.04987562112089,1236.0710437574746,,
133.92783950000012,mouse,move,1357,1052,12,-2,12.165525060596439,1543.9659187823322,,
133.9357954000002,mouse,move,1367,1051,10,-1,10.04987562112089,1263.1978306706364,,
133.9437922000002,mouse,move,1374,1051,7,0,7.0,875.3501400559345,,
133.95181589999993,mouse,move,1381,1049,7,-2,7.280109889280518,907.3257835558119,,
133.95978060000016,mouse,move,1385,1049,4,0,4.0,502.21602821006076,,
133.96775990000015,mouse,move,1390,1049,5,0,5.0,626.6213828289988,,
133.97576010000012,mouse,move,1391,1049,1,0,1.0,124.99687507859987,,
134.02377609999985,mouse,move,1392,1049,1,0,1.0,20.82639120304771,,
134.03998390000015,mouse,move,1393,1049,1,0,1.0,61.69868828473708,,
134.04785979999997,mouse,move,1394,1049,1,0,1.0,126.9696161737974,,
134.05589139999984,mouse,move,1394,1050,0,1,1.0,124.50819264113022,,
134.1039326,mouse,move,1397,1050,3,0,3.0,62.44640017296287,,
134.1118231999999,mouse,move,1402,1052,5,2,5.385164807134504,682.4784943115561,,
134.11984489999986,mouse,move,1410,1052,8,0,8.0,997.2948377560718,,
134.1278338000002,mouse,move,1424,1053,14,1,14.035668847618199,1756.8962994958579,,
134.13582880000013,mouse,move,1434,1055,10,2,10.198039027185569,1275.552098469763,,
134.1438877999999,mouse,move,1443,1056,9,1,9.055385138137417,1123.6363244062063,,
134.15180370000007,mouse,move,1448,1059,5,3,5.830951894845301,736.6126270821229,,
134.15978899999982,mouse,move,1453,1061,5,2,5.385164807134504,674.3847829519308,,
134.21588060000022,mouse,move,1452,1061,-1,0,1.0,17.82798137319795,,
134.2239727000001,mouse,move,1450,1061,-2,0,2.0,247.15463229920059,,
134.23196099999996,mouse,move,1449,1061,-1,0,1.0,125.18308025719621,,
134.2401761000001,mouse,move,1446,1061,-3,0,3.0,365.18119072777307,,
134.24782920000007,mouse,move,1443,1063,-3,2,3.605551275463989,471.122979639351,,
134.25589309999987,mouse,move,1441,1064,-2,1,2.23606797749979,277.29361444908807,,
134.2638919000001,mouse,move,1437,1065,-4,1,4.123105625617661,515.4655230162832,,
134.27193609999995,mouse,move,1436,1065,-1,0,1.0,124.31316973939033,,
134.49606790000007,mouse,click_press,1436,1065,,,,,,
134.65625690000024,mouse,click_release,1436,1065,,,,,,
134.66390649999994,mouse,move,1435,1065,-1,0,1.0,2.5512130507814437,,
134.80790019999995,mouse,move,1435,1065,0,0,0.0,0.0,,
134.8238750999999,mouse,move,1434,1065,-1,0,1.0,62.598200927914974,,
134.83980520000023,mouse,move,1434,1065,0,0,0.0,0.0,,
134.84784549999995,mouse,move,1434,1064,0,-1,1.0,124.37346865599157,,
134.85580389999996,mouse,move,1434,1063,0,-1,1.0,125.6533976677655,,
134.86380009999993,mouse,move,1433,1061,-1,-2,2.23606797749979,279.64132681842625,,
134.87186090000023,mouse,move,1432,1060,-1,-1,1.4142135623730951,175.44332601249513,,
134.91982529999996,mouse,move,1432,1059,0,-1,1.0,20.848796190626235,,
134.96779960000003,mouse,move,1432,1058,0,-1,1.0,20.844493822700333,,
135.00780880000002,mouse,move,1432,1057,0,-1,1.0,24.994251322204725,,
135.07179069999984,mouse,move,1432,1057,0,0,0.0,0.0,,
135.07977889999984,mouse,move,1432,1056,0,-1,1.0,125.18464735485186,,
135.0878561999998,mouse,move,1432,1054,0,-2,2.0,247.60749260370434,,
135.09583040000007,mouse,move,1432,1054,0,0,0.0,0.0,,
135.10382119999986,mouse,move,1432,1052,0,-2,2.0,250.28783101227867,,
135.11180079999986,mouse,move,1431,1050,-1,-2,2.23606797749979,280.2230660058322,,
135.12008689999993,mouse,move,1431,1049,0,-1,1.0,120.68403712128007,,
135.12787549999985,mouse,move,1430,1046,-1,-3,3.1622776601683795,406.01361736433836,,
135.13625460000003,mouse,move,1430,1044,0,-2,2.0,238.68911935125763,,
135.14385159999983,mouse,move,1430,1041,0,-3,3.0,394.89272082097625,,
135.15183260000003,mouse,move,1430,1036,0,-5,5.0,626.4879087676723,,
135.15988470000002,mouse,move,1430,1032,0,-4,4.0,496.76481911635915,,
135.16797270000006,mouse,move,1430,1027,0,-5,5.0,618.1998021727466,,
135.17577919999985,mouse,move,1431,1023,1,-4,4.123105625617661,528.1631493921411,,
135.1837876999998,mouse,move,1433,1019,2,-4,4.47213595499958,558.4236692291909,,
135.19175899999982,mouse,move,1434,1016,1,-3,3.1622776601683795,396.7078971014854,,
135.19994380000026,mouse,move,1435,1014,1,-2,2.23606797749979,273.1976318762551,,
135.20782450000024,mouse,move,1436,1011,1,-3,3.1622776601683795,401.26862590551684,,
135.21574740000005,mouse,move,1438,1010,2,-1,2.23606797749979,282.228474113366,,
135.2237653000002,mouse,move,1441,1008,3,-2,3.605551275463989,449.6877331222232,,
135.23176909999984,mouse,move,1445,1005,4,-3,5.0,624.7032659766112,,
135.23976630000016,mouse,move,1451,1001,6,-4,7.211102550927978,901.7034150254003,,
135.24775920000002,mouse,move,1454,999,3,-2,3.605551275463989,451.0942555925701,,
135.2557852,mouse,move,1462,996,8,-3,8.54400374531753,1064.5407108580546,,
135.26377020000018,mouse,move,1470,989,8,-7,10.63014581273465,1331.2643472112752,,
135.27176240000017,mouse,move,1477,986,7,-3,7.615773105863909,952.9007164327397,,
135.2797602999999,mouse,move,1480,984,3,-2,3.605551275463989,450.8122476628562,,
135.28775459999997,mouse,move,1483,983,3,-1,3.1622776601683795,395.5665486838222,,
135.29588479999984,mouse,move,1485,982,2,-1,2.23606797749979,275.03234576466986,,
135.3117987999999,mouse,move,1486,982,1,0,1.0,62.8377529216943,,
135.31980680000015,mouse,move,1487,981,1,-1,1.4142135623730951,176.60009519602423,,
135.46394210000017,mouse,move,1487,981,0,0,0.0,0.0,,
135.4717909000001,mouse,move,1487,979,0,-2,2.0,254.81602283412198,,
135.48777150000024,mouse,move,1487,978,0,-1,1.0,62.575873245731174,,
135.49574220000022,mouse,move,1487,977,0,-1,1.0,125.45949540211225,,
135.50383909999982,mouse,move,1487,976,0,-1,1.0,123.504057114373,,
135.51173860000017,mouse,move,1486,976,-1,0,1.0,126.59029051912752,,
135.51974070000006,mouse,move,1486,975,0,-1,1.0,124.96719611281516,,
135.53579309999986,mouse,move,1485,974,-1,-1,1.4142135623730951,88.0998207364655,,
135.54375299999992,mouse,move,1485,973,0,-1,1.0,125.6297189653739,,
135.55179829999997,mouse,move,1484,972,-1,-1,1.4142135623730951,175.78133349464935,,
135.57573349999984,mouse,move,1482,969,-2,-3,3.605551275463989,150.63802581485567,,
135.58403320000025,mouse,move,1482,968,0,-1,1.0,120.486282630813,,
135.60001939999984,mouse,move,1482,967,0,-1,1.0,62.553952785887496,,
135.6078176000001,mouse,move,1480,965,-2,-2,2.8284271247461903,362.7025627266228,,
135.6157788999999,mouse,move,1480,964,0,-1,1.0,125.60762689816247,,
135.62377500000002,mouse,move,1477,962,-3,-2,3.605551275463989,450.9137298691163,,
135.63177369999994,mouse,move,1475,960,-2,-2,2.8284271247461903,353.6108523604765,,
135.63978499999985,mouse,move,1474,959,-1,-1,1.4142135623730951,176.52735041621838,,
135.64777379999987,mouse,move,1473,958,-1,-1,1.4142135623730951,177.0245296376649,,
135.65580529999988,mouse,move,1472,958,-1,0,1.0,124.50974288714046,,
135.66381420000016,mouse,move,1472,957,0,-1,1.0,124.86109203078918,,
136.05578349999996,mouse,move,1472,956,0,-1,1.0,2.551220210359609,,
136.4957773000001,mouse,move,1472,956,0,0,0.0,0.0,,
136.51186280000002,mouse,move,1472,957,0,1,1.0,62.167790867870856,,
136.52035479999995,mouse,click_press,1472,957,,,,,,
136.53577059999998,mouse,move,1472,958,0,1,1.0,41.82735341610846,,
136.67219169999998,mouse,click_release,1472,958,,,,,,
136.68111409999983,mouse,move,1470,960,-2,2,2.8284271247461903,19.460293200239715,,
136.68819329999997,mouse,move,1463,962,-7,2,7.280109889280518,1028.3803098008195,,
136.69600530000025,mouse,move,1451,965,-12,3,12.36931687685298,1583.3738961086738,,
136.7040010999999,mouse,move,1436,966,-15,1,15.033296378372908,1880.1491256669622,,
136.71190100000013,mouse,move,1423,968,-13,2,13.152946437965905,1664.951004141068,,
136.72004629999992,mouse,move,1410,968,-13,0,13.0,1596.0124243827652,,
136.72801489999983,mouse,move,1396,968,-14,0,14.0,1756.8958160973234,,
136.7358690000001,mouse,move,1383,968,-13,0,13.0,1655.1864630666391,,
136.74387990000014,mouse,move,1371,968,-12,0,12.0,1497.9590308121328,,
136.75223229999983,mouse,move,1358,968,-13,0,13.0,1556.438867927303,,
136.76030300000002,mouse,move,1345,968,-13,0,13.0,1610.764865463335,,
136.7679008,mouse,move,1331,968,-14,0,14.0,1842.6386585626944,,
136.77588190000006,mouse,move,1318,966,-13,-2,13.152946437965905,1648.0117324529854,,
136.78391980000015,mouse,move,1304,965,-14,-1,14.035668847618199,1746.1860495229491,,
136.79189739999993,mouse,move,1291,962,-13,-3,13.341664064126334,1672.3907020282077,,
136.80000120000022,mouse,move,1277,956,-14,-6,15.231546211727817,1879.5560368179945,,
136.8078958000001,mouse,move,1265,952,-12,-4,12.649110640673518,1602.2484534844232,,
136.81589650000024,mouse,move,1255,950,-10,-2,10.198039027185569,1274.6433470832194,,
136.82391959999995,mouse,move,1243,946,-12,-4,12.649110640673518,1576.5864368034163,,
136.83185390000017,mouse,move,1232,943,-11,-3,11.40175425099138,1437.0208147765754,,
136.8397789999999,mouse,move,1224,942,-8,-1,8.06225774829855,1017.3067530459712,,
136.84799520000024,mouse,move,1213,939,-11,-3,11.40175425099138,1387.7162496687515,,
136.85588469999993,mouse,move,1208,939,-5,0,5.0,633.7537233278731,,
136.86394100000007,mouse,move,1200,938,-8,-1,8.06225774829855,1000.7395141893489,,
136.87182660000008,mouse,move,1193,938,-7,0,7.0,887.6940245501002,,
136.87992309999981,mouse,move,1184,938,-9,0,9.0,1111.5914284309952,,
136.88776289999987,mouse,move,1176,938,-8,0,8.0,1020.4341947425602,,
136.8956760000001,mouse,move,1164,938,-12,0,12.0,1516.4726844929392,,
136.9038089999999,mouse,move,1148,938,-16,0,16.0,1967.29374159127,,
136.91174850000016,mouse,move,1124,942,-24,4,24.331050121192877,3064.55697719422,,
136.92048419999992,mouse,move,1094,947,-30,5,30.4138126514911,3481.5541573455193,,
136.92771029999994,mouse,move,1057,947,-37,0,37.0,5120.3277009549165,,
136.93574420000004,mouse,move,1022,949,-35,2,35.05709628591621,4363.646085397888,,
136.9436952000001,mouse,move,991,951,-31,2,31.064449134018133,3906.9864336347277,,
136.95176649999985,mouse,move,963,953,-28,2,28.071337695236398,3477.920247802148,,
136.95979859999989,mouse,move,942,953,-21,0,21.0,2614.5092814959917,,
136.96789380000018,mouse,move,916,958,-26,5,26.476404589747453,3270.6300756957944,,
136.9757568,mouse,move,889,965,-27,7,27.892651361962706,3547.329436934584,,
136.98382979999997,mouse,move,869,970,-20,5,20.615528128088304,2553.6390596025144,,
136.99178040000015,mouse,move,848,976,-21,6,21.840329667841555,2747.0039578562055,,
136.99973839999984,mouse,move,830,982,-18,6,18.973665961010276,2384.225428719603,,
137.0077529,mouse,move,815,985,-15,3,15.297058540778355,1908.6728480191946,,
137.0158081999998,mouse,move,801,990,-14,5,14.866068747318506,1845.5015639013452,,
137.02371459999995,mouse,move,789,994,-12,4,12.649110640673518,1599.8571588147058,,
137.03170980000004,mouse,move,777,997,-12,3,12.36931687685298,1547.092865307282,,
137.03968309999982,mouse,move,767,1001,-10,4,10.770329614269007,1350.7994951364801,,
137.04772219999995,mouse,move,758,1002,-9,1,9.055385138137417,1126.4177753713584,,
137.05571420000024,mouse,move,749,1003,-9,1,9.055385138137417,1133.056198425128,,
137.06382470000017,mouse,move,739,1005,-10,2,10.198039027185569,1257.3872174679623,,
137.0717106000002,mouse,move,736,1005,-3,0,3.0,380.42582330395396,,
137.07992509999985,mouse,move,732,1005,-4,0,4.0,486.94381887662917,,
137.0877214000002,mouse,move,729,1007,-3,2,3.605551275463989,462.4695400777772,,
137.9117600999998,mouse,move,729,1007,0,0,0.0,0.0,,
138.07183080000004,mouse,move,729,1007,0,0,0.0,0.0,,
138.12775109999984,mouse,move,730,1007,1,0,1.0,17.88259361991289,,
138.14375860000018,mouse,move,731,1007,1,0,1.0,62.47071685014244,,
138.1757090000001,mouse,move,731,1006,0,-1,1.0,31.298512694760774,,
138.18372039999986,mouse,move,732,1005,1,-1,1.4142135623730951,176.52514696751925,,
138.19973260000006,mouse,move,733,1005,1,0,1.0,62.45238005940548,,
138.21572229999992,mouse,move,733,1004,0,-1,1.0,62.5402602930966,,
138.5144865000002,keyboard,key_press,,,,,,,,11.512382100000195
138.6077565999999,mouse,move,734,1003,1,-1,1.4142135623730951,3.607372014064015,,
138.67999869999994,keyboard,key_release,,,,,,,0.1655121999997391,
